[DEBUG] SharpEmu starting with 1 args
[INFO][SharpEmu.Diagnostics] DiagnosticEngine.cs:83 DiagnosticEngine initialized: /home/z/my-project/github-push/sharpemuT24/work/sharpemuT24/SharpEmu/diagnostics/sessions/eboot-20260804_175651
[DIAG-HOOKS] Diagnostics activated in DirectExecutionBackend
[DIAG] Intelligence Engine activated: profile=Compatibility
[DIAG] Subsystems: CPU Trace, Crash Writer, Memory Map, GPU State, Thread Debug, Syscall, File IO, HLE Quality
[DIAGNOSTICS] Engine initialized: /home/z/my-project/github-push/sharpemuT24/work/sharpemuT24/SharpEmu/diagnostics/sessions/eboot-20260804_175651
[DIAGNOSTICS] Live session: /home/z/my-project/github-push/sharpemuT24/work/sharpemuT24/SharpEmu/diagnostics/live/session.json
[INFO][SharpEmu.CLI] Program.cs:281 SharpEmu UNOFFICIAL — https://github.com/sharpemu/sharpemu

Local build (not produced by CI).
[INFO][SharpEmu.CLI] Program.cs:282 Host hardware: CPU: 2 logical processors; GPU: unknown; RAM: unknown.
[DEBUG] Full path: /tmp/my-project/upload/PPSA02929/PPSA02929-app0/eboot.bin
[DEBUG] Creating runtime...
[LOADER][INFO] Kernel TSC frequency: 3200002255 Hz (calibrated-rdtsc)
[HLE] Warmed 3632 type initializers (1 threw) + JIT-compiled 21602 methods (113 skipped) across 13 HLE assemblies, plus 3165 framework type initializers.
[INFO][Aerolib] Aerolib.cs:150 Loaded 154457 NID entries from binary resource
[DEBUG] Running: /tmp/my-project/upload/PPSA02929/PPSA02929-app0/eboot.bin
[RUNTIME] Loading: /tmp/my-project/upload/PPSA02929/PPSA02929-app0/eboot.bin

========== Boot Dependency Report ==========
App0 root       : /tmp/my-project/upload/PPSA02929/PPSA02929-app0
Engine          : Native C/C++
Engine detail   : Native C/C++
Coverage        : 75.0% (3/4 required files present)
Critical miss   : 0
Critical encrypt: 0
Can boot        : YES

Required files:

  [★★★★★] eboot.bin
      Path       : eboot.bin
      Description: Main executable
      Exists     : YES
      Size       : 7.4 MB
      Magic      : 0x4F153D1D
      Format     : SELF(fSELF)
      Encrypted  : NO
      Loadable   : YES
      Priority   : Critical
      Status     : OK (7.4 MB)

  [★★☆☆☆] sce_sys/about/right.sprx
      Path       : sce_sys/about/right.sprx
      Description: About page module
      Exists     : YES
      Size       : 12.2 KB
      Magic      : 0x4F153D1D
      Format     : SELF(fSELF)
      Encrypted  : NO
      Loadable   : YES
      Priority   : Low
      Status     : OK (0.0 MB)

  [★★☆☆☆] sce_module/libc.prx
      Path       : sce_module/libc.prx
      Description: C runtime (OPTIONAL — SharpEmu has built-in HLE for libc)
      Exists     : YES
      Size       : 1.2 MB
      Magic      : 0x4F153D1D
      Format     : SELF(fSELF)
      Encrypted  : NO
      Loadable   : YES
      Priority   : Low
      Status     : OK (1.2 MB)

  [★★☆☆☆] sce_module/libSceNpCppWebApi.prx
      Path       : sce_module/libSceNpCppWebApi.prx
      Description: PlayStation Network WebApi (if game uses PSN)
      Exists     : NO
      Priority   : Low
      Status     : MISSING


Recommendations:
  • 1 non-critical file(s) missing — game may boot but be incomplete. Upload 'sce_module/libSceNpCppWebApi.prx' to improve coverage.

Next required file to upload: sce_module/libSceNpCppWebApi.prx
============================================

[FORMAT] eboot.bin magic=0x4F153D1D SELF(fSELF) Decrypted Ready (fSELF)
[LOADER] Loading param.json at /tmp/my-project/upload/PPSA02929/PPSA02929-app0/sce_sys/param.json
[LOADER] Title: Dreaming Sarah, TitleId: PPSA02929, Version: 01.000.000
[LOADER][TLS] load_start clear=True next=1 assigned=1 has_pt_tls=True
Total image size needed: 0x790E70 (7933552 bytes)
[LOADER] Segment 0: VAddr=0x0000000800000000, FileSize=0x2E70BC, MemSize=0x2E70BC, Align=0x4000
[LOADER] Segment 1: VAddr=0x00000008002E8000, FileSize=0x8B1C1, MemSize=0x8B1C1, Align=0x4000
[LOADER] Segment 2: VAddr=0x0000000800374000, FileSize=0x121380, MemSize=0x121380, Align=0x4000
[LOADER] Segment 4: VAddr=0x0000000800498000, FileSize=0x8200, MemSize=0x2EE48, Align=0x4000
[LOADER] Segment 9: VAddr=0x00000008004C6E50, FileSize=0x2CA020, MemSize=0x2CA020, Align=0x4000
[LOADER][TLS] Module 1 TLS template: memsz=0x1868 filesz=0x0 align=0x10 static_offset=0x1870 total_static=0x1870
[LOADER] TryLoadTableBytes: trying location=0x790790, size=0x6E0, imageBase=0x800000000
[LOADER] TryLoadTableBytes: trying guest address 0x800790790
[LOADER] TryLoadTableBytes: loaded from guest memory at 0x800790790
[LOADER] Dynamic Info: StrTab=0x4C6E50, StrTabSize=0x2189
[LOADER] Dynamic Info: SymTab=0x4C8FE0, SymTabSize=0x2D90
[LOADER] Dynamic Info: Rela=0x4CE6F8, RelaSize=0x2C1138
[LOADER] Dynamic Info: JmpRel=0x4CBD70, JmpRelSize=0x2988
[LOADER] Dynamic Info: PltGot=0x4943C8
[LOADER] TLS module id: 1
[LOADER] HasImportMetadata: True
[LOADER] TryLoadTableBytes: trying location=0x4CE6F8, size=0x2C1138, imageBase=0x800000000
[LOADER] TryLoadTableBytes: trying guest address 0x8004CE6F8
[LOADER] TryLoadTableBytes: loaded from guest memory at 0x8004CE6F8
[LOADER] TryLoadTableBytes: trying location=0x4CBD70, size=0x2988, imageBase=0x800000000
[LOADER] TryLoadTableBytes: trying guest address 0x8004CBD70
[LOADER] TryLoadTableBytes: loaded from guest memory at 0x8004CBD70
[LOADER] ImageBase runtime: 0x0000000800000000
[LOADER] Processing 120776 relocations...
[LOADER] TryLoadTableBytes: trying location=0x4C6E50, size=0x2189, imageBase=0x800000000
[LOADER] TryLoadTableBytes: trying guest address 0x8004C6E50
[LOADER] TryLoadTableBytes: loaded from guest memory at 0x8004C6E50
[LOADER] TryLoadTableBytes: trying location=0x4C8FE0, size=0x2D90, imageBase=0x800000000
[LOADER] TryLoadTableBytes: trying guest address 0x8004C8FE0
[LOADER] TryLoadTableBytes: loaded from guest memory at 0x8004C8FE0
[LOADER] Found 484 unique NIDs, 120776 descriptors
[NID-COUNTS] 1D0H2KNjshE=0 hsi9drzHR2k=0
[LOADER] CreateImportStubMapping: nids=484, required=0x1E40, map_size=0x2000
[LOADER] Created 484 import stubs
[LOADER] TryLoadTableBytes: trying location=0x790790, size=0x6E0, imageBase=0x800000000
[LOADER] TryLoadTableBytes: trying guest address 0x800790790
[LOADER] TryLoadTableBytes: loaded from guest memory at 0x800790790
[LOADER] TryLoadTableBytes: trying location=0x4C6E50, size=0x2189, imageBase=0x800000000
[LOADER] TryLoadTableBytes: trying guest address 0x8004C6E50
[LOADER] TryLoadTableBytes: loaded from guest memory at 0x8004C6E50
[LOADER] TryLoadTableBytes: trying location=0x4C8FE0, size=0x2D90, imageBase=0x800000000
[LOADER] TryLoadTableBytes: trying guest address 0x8004C8FE0
[LOADER] TryLoadTableBytes: loaded from guest memory at 0x8004C8FE0
[LOADER] TryLoadTableBytes: trying location=0x790790, size=0x6E0, imageBase=0x800000000
[LOADER] TryLoadTableBytes: trying guest address 0x800790790
[LOADER] TryLoadTableBytes: loaded from guest memory at 0x800790790
[LOADER][TEST] ResolveMappedAddressOrFallback addr=0x10 imageBase=0x0000000800000000
[LOADER][TEST] -> resolved raw 0x0000000800000010
[LOADER][TEST] ResolveMappedAddressOrFallback addr=0x10 imageBase=0x0000000800000000
[LOADER][TEST] -> resolved raw 0x0000000800000010
[LOADER] Initializers discovered: preinit=0, init=1
[LOADER] ELF e_entry: 0x0000000000000070
[LOADER] Generation: Gen5 (PS5)
[LOADER] Using image base: 0x0000000800000000
[LOADER] Final entry point: 0x0000000800000070
[LOADER] ProcParam: 0x0000000800495318
[LOADER] PH[0]: type=Load, vaddr=0x0000000000000000 -> 0x0000000800000000, memsz=0x2E70BC
[LOADER] PH[1]: type=Load, vaddr=0x00000000002E8000 -> 0x00000008002E8000, memsz=0x8B1C1
[LOADER] PH[2]: type=Load, vaddr=0x0000000000374000 -> 0x0000000800374000, memsz=0x121380
[LOADER][TLS] load_done assigned=1 next=2
[RUNTIME] Registered module handle=1 name=eboot.bin base=0x0000000800000000 size=0x0000000000790E70
[RUNTIME] Entry: 0x0000000800000070
[RUNTIME] Module search directories: /tmp/my-project/upload/PPSA02929/PPSA02929-app0/sce_module
[RUNTIME] Loading 1 module(s)...
[FORMAT] libc.prx magic=0x4F153D1D SELF(fSELF) Decrypted Ready (fSELF)
[LOADER][TLS] load_start clear=False next=2 assigned=2 has_pt_tls=True
Total image size needed: 0x142208 (1319432 bytes)
[LOADER] Segment 0: VAddr=0x0000000804000000, FileSize=0xC8092, MemSize=0xC8092, Align=0x4000
[LOADER] Segment 1: VAddr=0x00000008040CC000, FileSize=0x3DF80, MemSize=0x3DF80, Align=0x4000
[LOADER] Segment 2: VAddr=0x000000080410C000, FileSize=0x3EA0, MemSize=0x3EA0, Align=0x4000
[LOADER] Segment 4: VAddr=0x0000000804110000, FileSize=0x3B78, MemSize=0x7808, Align=0x4000
[LOADER] Segment 9: VAddr=0x0000000804117810, FileSize=0x2A9F8, MemSize=0x2A9F8, Align=0x4000
[LOADER][TLS] Module 2 TLS template: memsz=0x468 filesz=0x180 align=0x10 static_offset=0x1CE0 total_static=0x1CE0
[LOADER] TryLoadTableBytes: trying location=0x141F48, size=0x2C0, imageBase=0x804000000
[LOADER] TryLoadTableBytes: trying guest address 0x804141F48
[LOADER] TryLoadTableBytes: loaded from guest memory at 0x804141F48
[LOADER] Dynamic Info: StrTab=0x117810, StrTabSize=0xA7A3
[LOADER] Dynamic Info: SymTab=0x121FB8, SymTabSize=0xFA38
[LOADER] Dynamic Info: Rela=0x132350, RelaSize=0xA860
[LOADER] Dynamic Info: JmpRel=0x1319F0, JmpRelSize=0x960
[LOADER] Dynamic Info: PltGot=0x10F870
[LOADER] TLS module id: 2
[LOADER] HasImportMetadata: True
[LOADER] TryLoadTableBytes: trying location=0x132350, size=0xA860, imageBase=0x804000000
[LOADER] TryLoadTableBytes: trying guest address 0x804132350
[LOADER] TryLoadTableBytes: loaded from guest memory at 0x804132350
[LOADER] TryLoadTableBytes: trying location=0x1319F0, size=0x960, imageBase=0x804000000
[LOADER] TryLoadTableBytes: trying guest address 0x8041319F0
[LOADER] TryLoadTableBytes: loaded from guest memory at 0x8041319F0
[LOADER] ImageBase runtime: 0x0000000804000000
[LOADER] Processing 1896 relocations...
[LOADER] TryLoadTableBytes: trying location=0x117810, size=0xA7A3, imageBase=0x804000000
[LOADER] TryLoadTableBytes: trying guest address 0x804117810
[LOADER] TryLoadTableBytes: loaded from guest memory at 0x804117810
[LOADER] TryLoadTableBytes: trying location=0x121FB8, size=0xFA38, imageBase=0x804000000
[LOADER] TryLoadTableBytes: trying guest address 0x804121FB8
[LOADER] TryLoadTableBytes: loaded from guest memory at 0x804121FB8
[LOADER] Found 102 unique NIDs, 1896 descriptors
[LOADER] CreateImportStubMapping: nids=102, required=0x660, map_size=0x1000
[LOADER] Created 102 import stubs
[LOADER][TLS] Patching DTPMOD64 at 0x80410F818 with module id 0x2
[LOADER][TLS] Patching DTPMOD64 at 0x80410F828 with module id 0x2
[LOADER][TLS] Patching DTPMOD64 at 0x80410F838 with module id 0x2
[LOADER] TryLoadTableBytes: trying location=0x141F48, size=0x2C0, imageBase=0x804000000
[LOADER] TryLoadTableBytes: trying guest address 0x804141F48
[LOADER] TryLoadTableBytes: loaded from guest memory at 0x804141F48
[LOADER] TryLoadTableBytes: trying location=0x117810, size=0xA7A3, imageBase=0x804000000
[LOADER] TryLoadTableBytes: trying guest address 0x804117810
[LOADER] TryLoadTableBytes: loaded from guest memory at 0x804117810
[LOADER] TryLoadTableBytes: trying location=0x121FB8, size=0xFA38, imageBase=0x804000000
[LOADER] TryLoadTableBytes: trying guest address 0x804121FB8
[LOADER] TryLoadTableBytes: loaded from guest memory at 0x804121FB8
[LOADER] Runtime symbol index populated: section=0, dynamic=2565, total=5130
[LOADER] TryLoadTableBytes: trying location=0x141F48, size=0x2C0, imageBase=0x804000000
[LOADER] TryLoadTableBytes: trying guest address 0x804141F48
[LOADER] TryLoadTableBytes: loaded from guest memory at 0x804141F48
[LOADER][TEST] ResolveMappedAddressOrFallback addr=0x10 imageBase=0x0000000804000000
[LOADER][TEST] -> resolved raw 0x0000000804000010
[LOADER] TryLoadTableBytes: trying location=0x10FCE0, size=0x8, imageBase=0x804000000
[LOADER] TryLoadTableBytes: trying guest address 0x80410FCE0
[LOADER] TryLoadTableBytes: loaded from guest memory at 0x80410FCE0
[LOADER][TEST] ResolveMappedAddressOrFallback addr=0x804000100 imageBase=0x0000000804000000
[LOADER][TEST] -> resolved raw 0x0000000804000100
[LOADER][TEST] ResolveMappedAddressOrFallback addr=0x10 imageBase=0x0000000804000000
[LOADER][TEST] -> resolved raw 0x0000000804000010
[LOADER] Initializers discovered: preinit=1, init=1
[LOADER] ELF e_entry: 0x0000000000000000
[LOADER] Generation: Gen5 (PS5)
[LOADER] Using image base: 0x0000000804000000
[LOADER] Final entry point: 0x0000000804000000
[LOADER] PH[0]: type=Load, vaddr=0x0000000000000000 -> 0x0000000804000000, memsz=0xC8092
[LOADER] PH[1]: type=Load, vaddr=0x00000000000CC000 -> 0x00000008040CC000, memsz=0x3DF80
[LOADER] PH[2]: type=Load, vaddr=0x000000000010C000 -> 0x000000080410C000, memsz=0x3EA0
[LOADER][TLS] load_done assigned=2 next=3
[RUNTIME] Registered module handle=2 name=libc.prx base=0x0000000804000000 size=0x0000000000142208
[RUNTIME] Loaded module libc.prx: entry=0x0000000804000000, imports=102, symbols=5130
[RUNTIME] Module preload summary: loaded=1, failed=0, merged_imports=102, merged_symbols=5129
[RUNTIME] Imported data rebind: rebound=357, unresolved=0
[RUNTIME] Starting module libc.prx: dt_init=0x0000000804000010
[DISPATCHER] === DispatchModuleInitializer START ===
[DISPATCHER] moduleInit=0x0000000804000010, generation=Gen5, module=libc.prx
[DISPATCHER] DispatchEntryCore STARTING...
[LOADER][INFO] POSIX signal exception bridge installed (SIGSEGV/SIGBUS/SIGILL)
[LOADER][INFO] === Execute START ===
[LOADER][INFO] EntryPoint: 0x0000000804000010, ImportStubs: 586
[LOADER][INFO] RuntimeSymbols: 5133
[LOADER][INFO] ExportCheck fputs: libc:fputs
[LOADER][INFO] ExportCheck map_direct: libKernel:sceKernelMapDirectMemory
[LOADER][INFO] Setting up 586 import stubs...
[LOADER][INFO] LLE redirect: 0x0000700000000010 XwLA5cTHjt4 -> XwLA5cTHjt4@0x0000000804035170
[LOADER][INFO] LLE redirect: 0x0000700000000020 pZ9WXcClPO8 -> pZ9WXcClPO8@0x000000080410D718
[LOADER][INFO] LLE redirect: 0x0000700000000030 byV+FWlAnB4 -> byV+FWlAnB4@0x000000080410D6C8
[LOADER][INFO] LLE redirect: 0x0000700000000040 zr094EQ39Ww -> zr094EQ39Ww@0x0000000804037C80
[LOADER][INFO] LLE redirect: 0x0000700000000050 7P1Wm-5KgAY -> 7P1Wm-5KgAY@0x0000000804014850
[LOADER][INFO] LLE redirect: 0x0000700000000060 5BIbzIuDxTQ -> 5BIbzIuDxTQ@0x000000080410C2D8
[LOADER][INFO] LLE redirect: 0x0000700000000070 oAidKrxuUv0 -> oAidKrxuUv0@0x000000080410C2A8
[LOADER][INFO] LLE redirect: 0x0000700000000080 udTM6Nxx-Ng -> udTM6Nxx-Ng@0x000000080410C230
[LOADER][INFO] LLE redirect: 0x0000700000000090 9ByRMdo7ywg -> 9ByRMdo7ywg@0x000000080410D780
[LOADER][INFO] LLE redirect: 0x00007000000000A0 N2f485TmJms -> N2f485TmJms@0x00000008040B3C60
[LOADER][INFO] LLE redirect: 0x00007000000000B0 tyHd3P7oDrU -> tyHd3P7oDrU@0x00000008040146B0
[LOADER][INFO] LLE redirect: 0x00007000000000C0 47RvLSo2HN8 -> 47RvLSo2HN8@0x0000000804082B60
[LOADER][INFO] LLE redirect: 0x00007000000000D0 oQDS9nX05Qg -> oQDS9nX05Qg@0x0000000804014850
[LOADER][INFO] LLE redirect: 0x00007000000000E0 Kcb+MNSzZcc -> Kcb+MNSzZcc@0x0000000804014850
[LOADER][INFO] LLE redirect: 0x00007000000000F0 H8AprKeZtNg -> H8AprKeZtNg@0x0000000804110480
[LOADER][INFO] LLE redirect: 0x0000700000000100 BJCgW9-OxLA -> BJCgW9-OxLA@0x000000080410F190
[LOADER][INFO] LLE redirect: 0x0000700000000110 Qoo175Ig+-k -> Qoo175Ig+-k@0x0000000804116C10
[LOADER][INFO] LLE redirect: 0x0000700000000120 sBCTjFk7Gi4 -> sBCTjFk7Gi4@0x000000080410F118
[LOADER][INFO] LLE redirect: 0x0000700000000130 yLE5H3058Ao -> yLE5H3058Ao@0x000000080410F130
[LOADER][INFO] LLE redirect: 0x0000700000000140 Bq8m04PN1zw -> Bq8m04PN1zw@0x000000080410C200
[LOADER][INFO] LLE redirect: 0x0000700000000150 bLPn1gfqSW8 -> bLPn1gfqSW8@0x000000080410C3C8
[LOADER][INFO] LLE redirect: 0x0000700000000160 -L+-8F0+gBc -> -L+-8F0+gBc@0x000000080410C278
[LOADER][INFO] LLE redirect: 0x0000700000000170 Cv+zC4EjGMA -> Cv+zC4EjGMA@0x00000008041163D0
[LOADER][INFO] LLE redirect: 0x0000700000000180 qOD-ksTkE08 -> qOD-ksTkE08@0x000000080410DE10
[LOADER][INFO] LLE redirect: 0x0000700000000190 H4fcpQOpc08 -> H4fcpQOpc08@0x00000008041163C8
[LOADER][INFO] LLE redirect: 0x00007000000001A0 tVHE+C8vGXk -> tVHE+C8vGXk@0x000000080410DE28
[LOADER][INFO] LLE redirect: 0x00007000000001B0 FQ9NFbBHb5Y -> FQ9NFbBHb5Y@0x00000008040E2618
[LOADER][INFO] LLE redirect: 0x00007000000001C0 wiR+rIcbnlc -> wiR+rIcbnlc@0x0000000804116CB8
[LOADER][INFO] LLE redirect: 0x00007000000001D0 XZzWt0ygWdw -> XZzWt0ygWdw@0x000000080410C320
[LOADER][INFO] LLE redirect: 0x00007000000001E0 keXoyW-rV-0 -> keXoyW-rV-0@0x000000080410C2F0
[LOADER][INFO] LLE redirect: 0x00007000000001F0 dKjhNUf9FBc -> dKjhNUf9FBc@0x000000080410C3B0
[LOADER][INFO] LLE redirect: 0x0000700000000200 n+aUKkC-3sI -> n+aUKkC-3sI@0x000000080410C380
[LOADER][INFO] LLE redirect: 0x0000700000000210 E14mW8pVpoE -> E14mW8pVpoE@0x0000000804116B68
[LOADER][INFO] LLE redirect: 0x0000700000000220 1kZFcktOm+s -> 1kZFcktOm+s@0x000000080410E828
[LOADER][INFO] LLE redirect: 0x0000700000000230 VmqsS6auJzo -> VmqsS6auJzo@0x00000008041163D8
[LOADER][INFO] LLE redirect: 0x0000700000000240 irGo1yaJ-vM -> irGo1yaJ-vM@0x0000000804116B80
[LOADER][INFO] LLE redirect: 0x0000700000000250 n2kx+OmFUis -> n2kx+OmFUis@0x000000080410C130
[LOADER][INFO] LLE redirect: 0x0000700000000260 dCzeFfg9WWI -> dCzeFfg9WWI@0x000000080410C178
[LOADER][INFO] LLE redirect: 0x0000700000000270 2sWzhYqFH4E -> 2sWzhYqFH4E@0x00000008041102B8
[LOADER][INFO] LLE redirect: 0x0000700000000540 Q3VBxCXhUHs -> Q3VBxCXhUHs@0x0000000804003890
[LOADER][INFO] LLE redirect: 0x0000700000000D60 8zTFvBIAIN8 -> 8zTFvBIAIN8@0x000000080400FDD0
[LOADER][INFO] LLE redirect: 0x0000700000000F90 DfivPArhucg -> DfivPArhucg@0x0000000804034FC0
[LOADER][INFO] LLE redirect: 0x0000700000000FC0 wuAQt-j+p4o -> wuAQt-j+p4o@0x0000000804049000
[LOADER][INFO] LLE redirect: 0x0000700000000FD0 DDHG1a6+3q0 -> DDHG1a6+3q0@0x000000080404E6E0
[LOADER][INFO] LLE redirect: 0x0000700000000FE0 nlaojL9hDtA -> nlaojL9hDtA@0x000000080404E640
[LOADER][INFO] LLE redirect: 0x0000700000000FF0 kn0yiYeExgA -> kn0yiYeExgA@0x000000080404C240
[LOADER][INFO] LLE redirect: 0x0000700000001000 +P6FRGH4LfA -> +P6FRGH4LfA@0x0000000804003850
[LOADER][INFO] LLE redirect: 0x0000700000001140 Ujf3KzMvRmI -> Ujf3KzMvRmI@0x0000000804005C20
[INTRINSIC-CHECK] strcmp stub at 0x0000700000001300 -> intrinsic 0x00007F897C021000
[LOADER][INFO] Setup 586/586 import stubs (direct bridge, lle_redirects=133)
[LOADER][INFO] TLS handler at 0x0000000805000000
[LOADER][INFO] Patched 0 TLS loads, 161 TLS stores, 0 stack-canary accesses, 0 SSE4a EXTRQ blends
[LOADER][INFO] ExecuteEntry starting at 0x0000000804000010
[LOADER][INFO] RSP=0x00006FFFF01FFFD8, RDI=0x0000000000000000
[LOADER][INFO] StackTop: 0x00006FFFF01FFFD8
[LOADER][INFO] Calling guest entry...
[LOADER][TRACE] Import#1: libKernel:_sceKernelSetThreadDtors (rNhWz+lvOMU)
[LOADER][TRACE] Import#2: libKernel:_sceKernelSetThreadAtexitCount (pB-yGZ2nQ9o)
[LOADER][TRACE] Import#3: libKernel:_sceKernelSetThreadAtexitReport (WhCc1w3EhSI)
[LOADER][TRACE] Import#4: libKernel:sceKernelGetProcParam (959qrazPIrg)
[LOADER][TRACE] Import#5: libKernel:_sceKernelRtldSetApplicationHeapAPI (p5EcQeEeJAE)
[LOADER][TRACE] Import#6: libKernel:sceKernelGetSanitizerNewReplaceExternal (bnZxYgAFeA0)
[LOADER][TRACE] Import#7: libKernel:sceKernelGetSanitizerNewReplaceExternal (bnZxYgAFeA0)
[LOADER][TRACE] Import#8: libKernel:sceKernelGetProcParam (959qrazPIrg)
[LOADER][TRACE] Import#9: LibcInternalExt:sceLibcHeapGetTraceInfo (NWtTN10cJzE)
[LOADER][TRACE] Import#10: libKernel:sceKernelGetDirectMemorySize (pO96TwzOm5E)
[LOADER][TRACE] Import#11: libKernel:sceKernelAllocateDirectMemory (rTXw65xmLIA)
[LOADER][TRACE] Import#12: libKernel:sceKernelMapDirectMemory (L-Q3LEjIbgA)
[LOADER][TRACE] Import#13: libKernel:scePthreadMutexInit (cmo1RIYva9o)
[LOADER][TRACE] Import#14: libKernel:sceKernelGetProcParam (959qrazPIrg)
[LOADER][TRACE] Import#15: libKernel:sceKernelGetProcParam (959qrazPIrg)
[LOADER][TRACE] Import#16: libKernel:sceKernelGetProcParam (959qrazPIrg)
[LOADER][TRACE] Import#17: libKernel:scePthreadMutexattrInit (F8bUHwAG284)
[LOADER][TRACE] Import#18: libKernel:scePthreadMutexattrSettype (iMp8QpE+XO4)
[LOADER][TRACE] Import#19: libKernel:scePthreadMutexInit (cmo1RIYva9o)
[LOADER][TRACE] Import#20: libKernel:scePthreadMutexattrDestroy (smWEktiyyG0)
[LOADER][TRACE] Import#21: libKernel:scePthreadMutexattrInit (F8bUHwAG284)
[LOADER][TRACE] Import#22: libKernel:scePthreadMutexattrSettype (iMp8QpE+XO4)
[LOADER][TRACE] Import#23: libKernel:scePthreadMutexInit (cmo1RIYva9o)
[LOADER][TRACE] Import#24: libKernel:scePthreadMutexattrDestroy (smWEktiyyG0)
[LOADER][TRACE] Import#25: libKernel:scePthreadMutexattrInit (F8bUHwAG284)
[LOADER][TRACE] Import#26: libKernel:scePthreadMutexattrSettype (iMp8QpE+XO4)
[LOADER][TRACE] Import#27: libKernel:scePthreadMutexInit (cmo1RIYva9o)
[LOADER][TRACE] Import#28: libKernel:scePthreadMutexattrDestroy (smWEktiyyG0)
[LOADER][TRACE] Import#29: libKernel:scePthreadMutexattrInit (F8bUHwAG284)
[LOADER][TRACE] Import#30: libKernel:scePthreadMutexattrSettype (iMp8QpE+XO4)
[LOADER][TRACE] Import#31: libKernel:scePthreadMutexInit (cmo1RIYva9o)
[LOADER][TRACE] Import#32: libKernel:scePthreadMutexattrDestroy (smWEktiyyG0)
[LOADER][TRACE] Import#33: libKernel:scePthreadMutexattrInit (F8bUHwAG284)
[LOADER][TRACE] Import#34: libKernel:scePthreadMutexattrSettype (iMp8QpE+XO4)
[LOADER][TRACE] Import#35: libKernel:scePthreadMutexInit (cmo1RIYva9o)
[LOADER][TRACE] Import#36: libKernel:scePthreadMutexattrDestroy (smWEktiyyG0)
[LOADER][TRACE] Import#37: libKernel:scePthreadMutexattrInit (F8bUHwAG284)
[LOADER][TRACE] Import#38: libKernel:scePthreadMutexattrSettype (iMp8QpE+XO4)
[LOADER][TRACE] Import#39: libKernel:scePthreadMutexInit (cmo1RIYva9o)
[LOADER][TRACE] Import#40: libKernel:scePthreadMutexattrDestroy (smWEktiyyG0)
[LOADER][TRACE] Import#41: libKernel:scePthreadMutexattrInit (F8bUHwAG284)
[LOADER][TRACE] Import#42: libKernel:scePthreadMutexattrSettype (iMp8QpE+XO4)
[LOADER][TRACE] Import#43: libKernel:scePthreadMutexInit (cmo1RIYva9o)
[LOADER][TRACE] Import#44: libKernel:scePthreadMutexattrDestroy (smWEktiyyG0)
[LOADER][TRACE] Import#45: libKernel:scePthreadMutexattrInit (F8bUHwAG284)
[LOADER][TRACE] Import#46: libKernel:scePthreadMutexattrSettype (iMp8QpE+XO4)
[LOADER][TRACE] Import#47: libKernel:scePthreadMutexInit (cmo1RIYva9o)
[LOADER][TRACE] Import#48: libKernel:scePthreadMutexattrDestroy (smWEktiyyG0)
[LOADER][TRACE] Import#49: libKernel:scePthreadMutexattrInit (F8bUHwAG284)
[LOADER][TRACE] Import#50: libKernel:scePthreadMutexattrSettype (iMp8QpE+XO4)
[LOADER][TRACE] Import#51: libKernel:scePthreadMutexInit (cmo1RIYva9o)
[LOADER][TRACE] Import#52: libKernel:scePthreadMutexattrDestroy (smWEktiyyG0)
[LOADER][TRACE] Import#53: libKernel:scePthreadMutexattrInit (F8bUHwAG284)
[LOADER][TRACE] Import#54: libKernel:scePthreadMutexattrSettype (iMp8QpE+XO4)
[LOADER][TRACE] Import#55: libKernel:scePthreadMutexInit (cmo1RIYva9o)
[LOADER][TRACE] Import#56: libKernel:scePthreadMutexattrDestroy (smWEktiyyG0)
[LOADER][TRACE] Import#57: libKernel:scePthreadMutexattrInit (F8bUHwAG284)
[LOADER][TRACE] Import#58: libKernel:scePthreadMutexattrSettype (iMp8QpE+XO4)
[LOADER][TRACE] Import#59: libKernel:scePthreadMutexInit (cmo1RIYva9o)
[LOADER][TRACE] Import#60: libKernel:scePthreadMutexattrDestroy (smWEktiyyG0)
[LOADER][TRACE] Import#61: libKernel:scePthreadMutexLock (9UK1vLZQft4)
[LOADER][TRACE] Import#62: libKernel:pthread_mutex_lock (7H0iTOciTLo)
[LOADER][TRACE] Import#64: libKernel:pthread_mutex_lock (7H0iTOciTLo)
[LOADER][TRACE] Import#66: libKernel:pthread_cond_broadcast (mkx2fVhNMsg)
[LOADER][TRACE] Import#67: libKernel:scePthreadMutexLock (9UK1vLZQft4)
[LOADER][TRACE] Import#69: libKernel:scePthreadMutexLock (9UK1vLZQft4)
[LOADER][TRACE] Import#71: libKernel:scePthreadMutexLock (9UK1vLZQft4)
[LOADER][TRACE] Import#73: libKernel:scePthreadMutexLock (9UK1vLZQft4)
[LOADER][TRACE] Import#75: libKernel:scePthreadMutexLock (9UK1vLZQft4)
[LOADER][TRACE] Import#77: libKernel:scePthreadMutexLock (9UK1vLZQft4)
[LOADER][TRACE] Import#79: libKernel:scePthreadMutexLock (9UK1vLZQft4)
[LOADER][TRACE] Import#81: libKernel:scePthreadMutexLock (9UK1vLZQft4)
[LOADER][TRACE] Import#83: libKernel:scePthreadMutexLock (9UK1vLZQft4)
[LOADER][TRACE] Import#85: libKernel:scePthreadMutexLock (9UK1vLZQft4)
[LOADER][TRACE] Import#87: libKernel:scePthreadMutexLock (9UK1vLZQft4)
[LOADER][TRACE] Import#89: libKernel:scePthreadMutexLock (9UK1vLZQft4)
[LOADER][TRACE] Import#91: libKernel:scePthreadMutexLock (9UK1vLZQft4)
[LOADER][TRACE] Import#93: libKernel:scePthreadMutexLock (9UK1vLZQft4)
[LOADER][TRACE] Import#95: libKernel:scePthreadMutexLock (9UK1vLZQft4)
[LOADER][TRACE] Import#97: libKernel:scePthreadMutexLock (9UK1vLZQft4)
[LOADER][TRACE] Import#99: libKernel:scePthreadMutexLock (9UK1vLZQft4)
[LOADER][TRACE] Import#101: libKernel:scePthreadMutexLock (9UK1vLZQft4)
[LOADER][TRACE] Import#103: libKernel:scePthreadMutexLock (9UK1vLZQft4)
[LOADER][TRACE] Import#105: libKernel:scePthreadMutexLock (9UK1vLZQft4)
[LOADER][TRACE] Import#107: libKernel:scePthreadMutexLock (9UK1vLZQft4)
[LOADER][TRACE] Import#109: libKernel:scePthreadMutexLock (9UK1vLZQft4)
[LOADER][TRACE] Import#111: libKernel:scePthreadMutexLock (9UK1vLZQft4)
[LOADER][TRACE] Import#113: libKernel:scePthreadMutexLock (9UK1vLZQft4)
[LOADER][TRACE] Import#115: libKernel:scePthreadMutexLock (9UK1vLZQft4)
[LOADER][TRACE] Import#117: libKernel:scePthreadMutexLock (9UK1vLZQft4)
[LOADER][TRACE] Import#119: libKernel:scePthreadMutexLock (9UK1vLZQft4)
[LOADER][TRACE] Import#121: libKernel:scePthreadMutexLock (9UK1vLZQft4)
[LOADER][TRACE] Import#123: libKernel:scePthreadMutexLock (9UK1vLZQft4)
[LOADER][TRACE] Import#125: libKernel:scePthreadMutexLock (9UK1vLZQft4)
[LOADER][TRACE] Import#127: libKernel:scePthreadMutexLock (9UK1vLZQft4)
[LOADER][INFO] Guest returned: 0
[LOADER][INFO] === Execute END (LastError: null) ===
[RUNTIME] Dispatching, gen: Gen5
[RUNTIME] About to call DispatchEntry with entryPoint=0x0000000800000070
[DISPATCHER] === DispatchEntry START ===
[DISPATCHER] entryPoint=0x0000000800000070, generation=Gen5
[DISPATCHER] DispatchEntryCore STARTING...
[LOADER][INFO] === Execute START ===
[LOADER][INFO] EntryPoint: 0x0000000800000070, ImportStubs: 586
[LOADER][INFO] RuntimeSymbols: 5133
[LOADER][INFO] ExportCheck fputs: libc:fputs
[LOADER][INFO] ExportCheck map_direct: libKernel:sceKernelMapDirectMemory
[LOADER][INFO] Setting up 586 import stubs...
[LOADER][INFO] LLE redirect: 0x0000700000000010 XwLA5cTHjt4 -> XwLA5cTHjt4@0x0000000804035170
[LOADER][INFO] LLE redirect: 0x0000700000000020 pZ9WXcClPO8 -> pZ9WXcClPO8@0x000000080410D718
[LOADER][INFO] LLE redirect: 0x0000700000000030 byV+FWlAnB4 -> byV+FWlAnB4@0x000000080410D6C8
[LOADER][INFO] LLE redirect: 0x0000700000000040 zr094EQ39Ww -> zr094EQ39Ww@0x0000000804037C80
[LOADER][INFO] LLE redirect: 0x0000700000000050 7P1Wm-5KgAY -> 7P1Wm-5KgAY@0x0000000804014850
[LOADER][INFO] LLE redirect: 0x0000700000000060 5BIbzIuDxTQ -> 5BIbzIuDxTQ@0x000000080410C2D8
[LOADER][INFO] LLE redirect: 0x0000700000000070 oAidKrxuUv0 -> oAidKrxuUv0@0x000000080410C2A8
[LOADER][INFO] LLE redirect: 0x0000700000000080 udTM6Nxx-Ng -> udTM6Nxx-Ng@0x000000080410C230
[LOADER][INFO] LLE redirect: 0x0000700000000090 9ByRMdo7ywg -> 9ByRMdo7ywg@0x000000080410D780
[LOADER][INFO] LLE redirect: 0x00007000000000A0 N2f485TmJms -> N2f485TmJms@0x00000008040B3C60
[LOADER][INFO] LLE redirect: 0x00007000000000B0 tyHd3P7oDrU -> tyHd3P7oDrU@0x00000008040146B0
[LOADER][INFO] LLE redirect: 0x00007000000000C0 47RvLSo2HN8 -> 47RvLSo2HN8@0x0000000804082B60
[LOADER][INFO] LLE redirect: 0x00007000000000D0 oQDS9nX05Qg -> oQDS9nX05Qg@0x0000000804014850
[LOADER][INFO] LLE redirect: 0x00007000000000E0 Kcb+MNSzZcc -> Kcb+MNSzZcc@0x0000000804014850
[LOADER][INFO] LLE redirect: 0x00007000000000F0 H8AprKeZtNg -> H8AprKeZtNg@0x0000000804110480
[LOADER][INFO] LLE redirect: 0x0000700000000100 BJCgW9-OxLA -> BJCgW9-OxLA@0x000000080410F190
[LOADER][INFO] LLE redirect: 0x0000700000000110 Qoo175Ig+-k -> Qoo175Ig+-k@0x0000000804116C10
[LOADER][INFO] LLE redirect: 0x0000700000000120 sBCTjFk7Gi4 -> sBCTjFk7Gi4@0x000000080410F118
[LOADER][INFO] LLE redirect: 0x0000700000000130 yLE5H3058Ao -> yLE5H3058Ao@0x000000080410F130
[LOADER][INFO] LLE redirect: 0x0000700000000140 Bq8m04PN1zw -> Bq8m04PN1zw@0x000000080410C200
[LOADER][INFO] LLE redirect: 0x0000700000000150 bLPn1gfqSW8 -> bLPn1gfqSW8@0x000000080410C3C8
[LOADER][INFO] LLE redirect: 0x0000700000000160 -L+-8F0+gBc -> -L+-8F0+gBc@0x000000080410C278
[LOADER][INFO] LLE redirect: 0x0000700000000170 Cv+zC4EjGMA -> Cv+zC4EjGMA@0x00000008041163D0
[LOADER][INFO] LLE redirect: 0x0000700000000180 qOD-ksTkE08 -> qOD-ksTkE08@0x000000080410DE10
[LOADER][INFO] LLE redirect: 0x0000700000000190 H4fcpQOpc08 -> H4fcpQOpc08@0x00000008041163C8
[LOADER][INFO] LLE redirect: 0x00007000000001A0 tVHE+C8vGXk -> tVHE+C8vGXk@0x000000080410DE28
[LOADER][INFO] LLE redirect: 0x00007000000001B0 FQ9NFbBHb5Y -> FQ9NFbBHb5Y@0x00000008040E2618
[LOADER][INFO] LLE redirect: 0x00007000000001C0 wiR+rIcbnlc -> wiR+rIcbnlc@0x0000000804116CB8
[LOADER][INFO] LLE redirect: 0x00007000000001D0 XZzWt0ygWdw -> XZzWt0ygWdw@0x000000080410C320
[LOADER][INFO] LLE redirect: 0x00007000000001E0 keXoyW-rV-0 -> keXoyW-rV-0@0x000000080410C2F0
[LOADER][INFO] LLE redirect: 0x00007000000001F0 dKjhNUf9FBc -> dKjhNUf9FBc@0x000000080410C3B0
[LOADER][INFO] LLE redirect: 0x0000700000000200 n+aUKkC-3sI -> n+aUKkC-3sI@0x000000080410C380
[LOADER][INFO] LLE redirect: 0x0000700000000210 E14mW8pVpoE -> E14mW8pVpoE@0x0000000804116B68
[LOADER][INFO] LLE redirect: 0x0000700000000220 1kZFcktOm+s -> 1kZFcktOm+s@0x000000080410E828
[LOADER][INFO] LLE redirect: 0x0000700000000230 VmqsS6auJzo -> VmqsS6auJzo@0x00000008041163D8
[LOADER][INFO] LLE redirect: 0x0000700000000240 irGo1yaJ-vM -> irGo1yaJ-vM@0x0000000804116B80
[LOADER][INFO] LLE redirect: 0x0000700000000250 n2kx+OmFUis -> n2kx+OmFUis@0x000000080410C130
[LOADER][INFO] LLE redirect: 0x0000700000000260 dCzeFfg9WWI -> dCzeFfg9WWI@0x000000080410C178
[LOADER][INFO] LLE redirect: 0x0000700000000270 2sWzhYqFH4E -> 2sWzhYqFH4E@0x00000008041102B8
[LOADER][INFO] LLE redirect: 0x0000700000000540 Q3VBxCXhUHs -> Q3VBxCXhUHs@0x0000000804003890
[LOADER][INFO] LLE redirect: 0x0000700000000D60 8zTFvBIAIN8 -> 8zTFvBIAIN8@0x000000080400FDD0
[LOADER][INFO] LLE redirect: 0x0000700000000F90 DfivPArhucg -> DfivPArhucg@0x0000000804034FC0
[LOADER][INFO] LLE redirect: 0x0000700000000FC0 wuAQt-j+p4o -> wuAQt-j+p4o@0x0000000804049000
[LOADER][INFO] LLE redirect: 0x0000700000000FD0 DDHG1a6+3q0 -> DDHG1a6+3q0@0x000000080404E6E0
[LOADER][INFO] LLE redirect: 0x0000700000000FE0 nlaojL9hDtA -> nlaojL9hDtA@0x000000080404E640
[LOADER][INFO] LLE redirect: 0x0000700000000FF0 kn0yiYeExgA -> kn0yiYeExgA@0x000000080404C240
[LOADER][INFO] LLE redirect: 0x0000700000001000 +P6FRGH4LfA -> +P6FRGH4LfA@0x0000000804003850
[LOADER][INFO] LLE redirect: 0x0000700000001140 Ujf3KzMvRmI -> Ujf3KzMvRmI@0x0000000804005C20
[INTRINSIC-CHECK] strcmp stub at 0x0000700000001300 -> intrinsic 0x00007F897C023000
[LOADER][INFO] Setup 586/586 import stubs (direct bridge, lle_redirects=133)
[LOADER][INFO] TLS handler at 0x0000000801000000
[LOADER][INFO] Patched 730 TLS loads, 0 TLS stores, 0 stack-canary accesses, 0 SSE4a EXTRQ blends
[LOADER][INFO] ExecuteEntry starting at 0x0000000800000070
[LOADER][INFO] RSP=0x00006FFFF01FFF98, RDI=0x00006FFFF01FFFA0
[LOADER][INFO] StackTop: 0x00006FFFF01FFF98
[LOADER][INFO] Calling guest entry...
[LOADER][TRACE] Import#240: libc:_init_env (bzQExy189ZI)
[LOADER][TRACE] bzQExy189ZI#240: rdi=0x00006FFFF01FFFA0 rsi=0x00006FFDD0000000 rdx=0x0000000000000000 ret=0x0000000800000089
[LOADER][TRACE] Import#241: libc:atexit (8G2LB+A3rzg)
[LOADER][TRACE] 8G2LB+A3rzg#241: rdi=0x00006FFDD0000000 rsi=0x00006FFDD0000000 rdx=0x0000000000000000 ret=0x0000000800000091
[LOADER][TRACE] Import#242: libc:atexit (8G2LB+A3rzg)
[LOADER][TRACE] 8G2LB+A3rzg#242: rdi=0x00000008002E7070 rsi=0x00006FFDD0000000 rdx=0x0000000000000000 ret=0x000000080000009D
[LOADER][TRACE] Import#243: libc:__cxa_atexit (tsvEmnenz48)
[LOADER][TRACE] Import#244: libc:__cxa_atexit (tsvEmnenz48)
[LOADER][TRACE] Import#245: libc:__cxa_atexit (tsvEmnenz48)
[LOADER][TRACE] Import#246: libc:__cxa_atexit (tsvEmnenz48)
[LOADER][TRACE] Import#247: libc:__cxa_atexit (tsvEmnenz48)
[LOADER][TRACE] Import#248: libc:__cxa_atexit (tsvEmnenz48)
[LOADER][TRACE] Import#249: libc:__cxa_atexit (tsvEmnenz48)
[LOADER][TRACE] Import#250: libc:__cxa_atexit (tsvEmnenz48)
[LOADER][TRACE] Import#251: libc:__cxa_atexit (tsvEmnenz48)
[LOADER][TRACE] Import#252: libc:__cxa_atexit (tsvEmnenz48)
[LOADER][TRACE] Import#253: libKernel:sceKernelGetDirectMemorySize (pO96TwzOm5E)
[LOADER][TRACE] Import#254: libKernel:sceKernelAllocateDirectMemory (rTXw65xmLIA)
[LOADER][TRACE] Import#255: libKernel:sceKernelMapDirectMemory (L-Q3LEjIbgA)
[LOADER][TRACE] Import#256: libc:__cxa_atexit (tsvEmnenz48)
[LOADER][TRACE] Import#257: libc:__cxa_atexit (tsvEmnenz48)
[LOADER][TRACE] Import#258: libc:__cxa_atexit (tsvEmnenz48)
[LOADER][TRACE] Import#259: libc:__cxa_atexit (tsvEmnenz48)
[LOADER][TRACE] Import#260: libc:__cxa_atexit (tsvEmnenz48)
[LOADER][TRACE] Import#261: libKernel:sceKernelGetDirectMemorySize (pO96TwzOm5E)
[LOADER][TRACE] Import#262: libKernel:sceKernelAllocateDirectMemory (rTXw65xmLIA)
[LOADER][TRACE] Import#263: libKernel:sceKernelMapDirectMemory (L-Q3LEjIbgA)
[LOADER][TRACE] Import#264: libKernel:sceKernelGetDirectMemorySize (pO96TwzOm5E)
[LOADER][TRACE] Import#265: libKernel:sceKernelAllocateDirectMemory (rTXw65xmLIA)
[LOADER][TRACE] Import#266: libKernel:sceKernelMapDirectMemory (L-Q3LEjIbgA)
[LOADER][TRACE] Import#267: libc:__cxa_atexit (tsvEmnenz48)
[LOADER][TRACE] Import#268: libc:__cxa_atexit (tsvEmnenz48)
[LOADER][TRACE] Import#269: libc:__cxa_atexit (tsvEmnenz48)
[LOADER][TRACE] Import#270: libc:__cxa_atexit (tsvEmnenz48)
[LOADER][TRACE] Import#271: libKernel:sceKernelGetDirectMemorySize (pO96TwzOm5E)
[LOADER][TRACE] Import#272: libKernel:sceKernelAllocateDirectMemory (rTXw65xmLIA)
[LOADER][TRACE] Import#273: libKernel:sceKernelMapDirectMemory (L-Q3LEjIbgA)
[LOADER][TRACE] Import#274: libc:__cxa_atexit (tsvEmnenz48)
[LOADER][TRACE] Import#275: libc:__cxa_atexit (tsvEmnenz48)
[LOADER][TRACE] Import#276: libc:__cxa_atexit (tsvEmnenz48)
[LOADER][TRACE] Import#277: libc:__cxa_atexit (tsvEmnenz48)
[LOADER][TRACE] Import#278: libc:__cxa_atexit (tsvEmnenz48)
[LOADER][TRACE] Import#279: libc:__cxa_atexit (tsvEmnenz48)
[LOADER][TRACE] Import#280: libKernel:sceKernelGetDirectMemorySize (pO96TwzOm5E)
[LOADER][TRACE] Import#281: libKernel:sceKernelAllocateDirectMemory (rTXw65xmLIA)
[LOADER][TRACE] Import#282: libKernel:sceKernelMapDirectMemory (L-Q3LEjIbgA)
[LOADER][TRACE] Import#283: libc:__cxa_atexit (tsvEmnenz48)
[LOADER][TRACE] Import#284: libKernel:sceKernelGetDirectMemorySize (pO96TwzOm5E)
[LOADER][TRACE] Import#285: libKernel:sceKernelAllocateDirectMemory (rTXw65xmLIA)
[LOADER][TRACE] Import#286: libKernel:sceKernelMapDirectMemory (L-Q3LEjIbgA)
[LOADER][TRACE] Import#287: libc:__cxa_atexit (tsvEmnenz48)
[LOADER][TRACE] Import#288: libc:__cxa_atexit (tsvEmnenz48)
[LOADER][TRACE] Import#289: libKernel:sceKernelGetDirectMemorySize (pO96TwzOm5E)
[LOADER][TRACE] Import#290: libKernel:sceKernelAllocateDirectMemory (rTXw65xmLIA)
[LOADER][TRACE] Import#291: libKernel:sceKernelMapDirectMemory (L-Q3LEjIbgA)
[LOADER][TRACE] Import#292: libc:__cxa_atexit (tsvEmnenz48)
[LOADER][TRACE] Import#293: libc:__cxa_atexit (tsvEmnenz48)
[LOADER][TRACE] Import#294: libc:__cxa_atexit (tsvEmnenz48)
[LOADER][TRACE] Import#295: libc:__cxa_atexit (tsvEmnenz48)
[LOADER][TRACE] Import#296: libc:__cxa_atexit (tsvEmnenz48)
[LOADER][TRACE] Import#297: libc:__cxa_atexit (tsvEmnenz48)
[LOADER][TRACE] Import#298: libc:__cxa_atexit (tsvEmnenz48)
[LOADER][TRACE] Import#299: libc:__cxa_atexit (tsvEmnenz48)
[LOADER][TRACE] Import#300: libKernel:sceKernelGetDirectMemorySize (pO96TwzOm5E)
[LOADER][TRACE] Import#301: libKernel:sceKernelAllocateDirectMemory (rTXw65xmLIA)
[LOADER][TRACE] Import#302: libKernel:sceKernelMapDirectMemory (L-Q3LEjIbgA)
[LOADER][TRACE] Import#303: libc:__cxa_atexit (tsvEmnenz48)
[LOADER][TRACE] Import#304: libc:__cxa_atexit (tsvEmnenz48)
[LOADER][TRACE] Import#305: libc:__cxa_atexit (tsvEmnenz48)
[LOADER][TRACE] Import#306: libc:__cxa_atexit (tsvEmnenz48)
[LOADER][TRACE] Import#307: libc:__cxa_atexit (tsvEmnenz48)
[LOADER][TRACE] Import#308: libc:__cxa_atexit (tsvEmnenz48)
[LOADER][TRACE] Import#309: libc:__cxa_atexit (tsvEmnenz48)
[LOADER][TRACE] Import#310: libc:__cxa_atexit (tsvEmnenz48)
[LOADER][TRACE] Import#311: libKernel:sceKernelGetDirectMemorySize (pO96TwzOm5E)
[LOADER][TRACE] Import#312: libKernel:sceKernelAllocateDirectMemory (rTXw65xmLIA)
[LOADER][TRACE] Import#313: libKernel:sceKernelMapDirectMemory (L-Q3LEjIbgA)
[LOADER][TRACE] Import#314: libc:__cxa_atexit (tsvEmnenz48)
[LOADER][TRACE] Import#315: libc:__cxa_atexit (tsvEmnenz48)
[LOADER][TRACE] Import#316: libc:__cxa_atexit (tsvEmnenz48)
[LOADER][TRACE] Import#317: libKernel:sceKernelGetDirectMemorySize (pO96TwzOm5E)
[LOADER][TRACE] Import#318: libKernel:sceKernelAllocateDirectMemory (rTXw65xmLIA)
[LOADER][TRACE] Import#319: libKernel:sceKernelMapDirectMemory (L-Q3LEjIbgA)
[LOADER][TRACE] Import#320: libc:__cxa_atexit (tsvEmnenz48)
[LOADER][TRACE] Import#321: libKernel:sceKernelGetDirectMemorySize (pO96TwzOm5E)
[LOADER][TRACE] Import#322: libKernel:sceKernelAllocateDirectMemory (rTXw65xmLIA)
[LOADER][TRACE] Import#323: libKernel:sceKernelMapDirectMemory (L-Q3LEjIbgA)
[LOADER][TRACE] Import#324: libc:__cxa_atexit (tsvEmnenz48)
[LOADER][TRACE] Import#325: libc:__cxa_atexit (tsvEmnenz48)
[LOADER][TRACE] Import#326: libc:__cxa_atexit (tsvEmnenz48)
[LOADER][TRACE] Import#327: libc:__cxa_atexit (tsvEmnenz48)
[LOADER][TRACE] Import#328: libc:__cxa_atexit (tsvEmnenz48)
[LOADER][TRACE] Import#329: libc:__cxa_atexit (tsvEmnenz48)
[LOADER][TRACE] Import#330: libc:__cxa_atexit (tsvEmnenz48)
[LOADER][TRACE] Import#331: libc:__cxa_atexit (tsvEmnenz48)
[LOADER][TRACE] Import#332: libc:__cxa_atexit (tsvEmnenz48)
[LOADER][TRACE] Import#333: libc:__cxa_guard_acquire (3GPpjQdAMTw)
[LOADER][TRACE] Import#334: libc:__cxa_guard_acquire (3GPpjQdAMTw)
[LOADER][TRACE] Import#335: libKernel:sceKernelGetDirectMemorySize (pO96TwzOm5E)
[LOADER][TRACE] Import#336: libKernel:sceKernelAllocateDirectMemory (rTXw65xmLIA)
[LOADER][TRACE] Import#337: libKernel:sceKernelMapDirectMemory (L-Q3LEjIbgA)
[LOADER][TRACE] Import#338: libKernel:sceKernelGetDirectMemorySize (pO96TwzOm5E)
[LOADER][TRACE] Import#339: libKernel:sceKernelAllocateDirectMemory (rTXw65xmLIA)
[LOADER][TRACE] Import#340: libKernel:sceKernelMapDirectMemory (L-Q3LEjIbgA)
[LOADER][TRACE] Import#341: libc:__cxa_atexit (tsvEmnenz48)
[LOADER][TRACE] Import#342: libc:__cxa_guard_release (9rAeANT2tyE)
[LOADER][TRACE] Import#343: libc:__cxa_guard_acquire (3GPpjQdAMTw)
[LOADER][TRACE] Import#344: libc:__cxa_guard_release (9rAeANT2tyE)
[LOADER][TRACE] Import#345: libc:__cxa_guard_acquire (3GPpjQdAMTw)
[LOADER][TRACE] Import#346: libc:__cxa_guard_release (9rAeANT2tyE)
[LOADER][TRACE] Import#347: libc:__cxa_atexit (tsvEmnenz48)
[LOADER][TRACE] Import#348: libc:__cxa_guard_release (9rAeANT2tyE)
[LOADER][TRACE] Import#349: libKernel:sceKernelGetDirectMemorySize (pO96TwzOm5E)
[LOADER][TRACE] Import#350: libKernel:sceKernelAllocateDirectMemory (rTXw65xmLIA)
[LOADER][TRACE] Import#351: libKernel:sceKernelMapDirectMemory (L-Q3LEjIbgA)
[LOADER][TRACE] Import#352: libc:__cxa_atexit (tsvEmnenz48)
[LOADER][TRACE] Import#353: libc:__cxa_atexit (tsvEmnenz48)
[LOADER][TRACE] Import#354: libc:__cxa_atexit (tsvEmnenz48)
[LOADER][TRACE] Import#355: libc:__cxa_atexit (tsvEmnenz48)
[LOADER][TRACE] Import#356: libc:__cxa_atexit (tsvEmnenz48)
[LOADER][TRACE] Import#357: libc:__cxa_atexit (tsvEmnenz48)
[LOADER][TRACE] Import#358: libc:__cxa_atexit (tsvEmnenz48)
[LOADER][TRACE] Import#359: libc:__cxa_atexit (tsvEmnenz48)
[LOADER][TRACE] Import#360: libc:__cxa_atexit (tsvEmnenz48)
[LOADER][TRACE] Import#361: libc:__cxa_atexit (tsvEmnenz48)
[LOADER][TRACE] Import#362: libc:__cxa_atexit (tsvEmnenz48)
[LOADER][TRACE] Import#363: libc:__cxa_atexit (tsvEmnenz48)
[LOADER][TRACE] Import#364: libc:__cxa_atexit (tsvEmnenz48)
[LOADER][TRACE] Import#365: libc:__cxa_atexit (tsvEmnenz48)
[LOADER][TRACE] Import#366: libc:__cxa_atexit (tsvEmnenz48)
[LOADER][TRACE] Import#367: libc:__cxa_atexit (tsvEmnenz48)
[LOADER][TRACE] Import#368: libKernel:sceKernelGetDirectMemorySize (pO96TwzOm5E)
[LOADER][TRACE] Import#369: libKernel:sceKernelAllocateDirectMemory (rTXw65xmLIA)
[LOADER][TRACE] Import#370: libKernel:sceKernelMapDirectMemory (L-Q3LEjIbgA)
[LOADER][TRACE] Import#371: libc:__cxa_atexit (tsvEmnenz48)
[LOADER][TRACE] Import#372: libc:__cxa_atexit (tsvEmnenz48)
[LOADER][TRACE] Import#373: libc:__cxa_guard_acquire (3GPpjQdAMTw)
[LOADER][TRACE] Import#374: libc:__cxa_atexit (tsvEmnenz48)
[LOADER][TRACE] Import#375: libc:__cxa_guard_release (9rAeANT2tyE)
[LOADER][TRACE] Import#376: libc:__cxa_guard_acquire (3GPpjQdAMTw)
[LOADER][TRACE] Import#377: libc:__cxa_atexit (tsvEmnenz48)
[LOADER][TRACE] Import#378: libc:__cxa_guard_release (9rAeANT2tyE)
[LOADER][TRACE] Import#379: libc:__cxa_guard_acquire (3GPpjQdAMTw)
[LOADER][TRACE] Import#380: libc:__cxa_atexit (tsvEmnenz48)
[LOADER][TRACE] Import#381: libc:__cxa_guard_release (9rAeANT2tyE)
[LOADER][TRACE] Import#382: libc:__cxa_guard_acquire (3GPpjQdAMTw)
[LOADER][TRACE] Import#383: libc:__cxa_atexit (tsvEmnenz48)
[LOADER][TRACE] Import#384: libc:__cxa_guard_release (9rAeANT2tyE)
[LOADER][TRACE] Import#385: libc:__cxa_guard_acquire (3GPpjQdAMTw)
[LOADER][TRACE] Import#386: libc:__cxa_atexit (tsvEmnenz48)
[LOADER][TRACE] Import#387: libc:__cxa_guard_release (9rAeANT2tyE)
[LOADER][TRACE] Import#388: libc:__cxa_guard_acquire (3GPpjQdAMTw)
[LOADER][TRACE] Import#389: libc:__cxa_atexit (tsvEmnenz48)
[LOADER][TRACE] Import#390: libc:__cxa_guard_release (9rAeANT2tyE)
[LOADER][TRACE] Import#391: libc:__cxa_guard_acquire (3GPpjQdAMTw)
[LOADER][TRACE] Import#392: libc:__cxa_atexit (tsvEmnenz48)
[LOADER][TRACE] Import#393: libc:__cxa_guard_release (9rAeANT2tyE)
[LOADER][TRACE] Import#394: libc:__cxa_guard_acquire (3GPpjQdAMTw)
[LOADER][TRACE] Import#395: libc:__cxa_atexit (tsvEmnenz48)
[LOADER][TRACE] Import#396: libc:__cxa_guard_release (9rAeANT2tyE)
[LOADER][TRACE] Import#397: libc:__cxa_guard_acquire (3GPpjQdAMTw)
[LOADER][TRACE] Import#398: libc:__cxa_atexit (tsvEmnenz48)
[LOADER][TRACE] Import#399: libc:__cxa_guard_release (9rAeANT2tyE)
[LOADER][TRACE] Import#400: libc:__cxa_guard_acquire (3GPpjQdAMTw)
[LOADER][INFO] Scheduled guest thread 'spi_main_thread' handle=0x00007F8970F43DE0 entry=0x00000008002E53F0 arg=0x00000000001A00D0 priority=701 host_priority=Normal affinity=0x7F
[LOADER][INFO] Keyboard controls: Arrow keys = D-pad, WASD = left stick, IJKL = right stick, Z/Enter = Cross, X/Esc = Circle, C = Square, V = Triangle, Q = L1, E = R1, R = L2, F = R2, Tab/Backspace = Options. A DualSense or Xbox controller will be used automatically when plugged in.
Mount requested: 0
UnMount requested: 0

[VIDEOOUT] ============================================
[VIDEOOUT] Backend Selection:
[VIDEOOUT] ============================================
[VIDEOOUT]     GPU Available: True
[VIDEOOUT]     Forced Headless: False
[VIDEOOUT]     Reason: GPU detected, using Vulkan

[VIDEOOUT] Using:
[VIDEOOUT]   VulkanVideoPresenter (default)
[VIDEOOUT] ============================================

[INFO][SharpEmu.VideoOutManager] VideoOutManager.cs:139 Backend selected: VulkanVideoPresenter (default) (reason: GPU detected, using Vulkan)
[LOADER][INFO] Linux X11 session detected; requested GLFW X11 backend explicitly.
[LOADER][INFO] Scheduled guest thread 'AudioOutThread' handle=0x00007F895C00E340 entry=0x00000008002E2990 arg=0x00000008004C6B60 priority=700 host_priority=Normal affinity=0x7F
[LOADER][TRACE] Import#640: libKernel:sceKernelAllocateDirectMemory (rTXw65xmLIA)
Initializing Achievements
[LOADER][INFO] Scheduled guest thread 'TrophyManager thread' handle=0x00007F895C0119D0 entry=0x00000008002DA250 arg=0x00000000054C0400 priority=700 host_priority=Normal affinity=0x7F
ALSA lib confmisc.c:855:(parse_card) cannot find card '0'
ALSA lib conf.c:5205:(_snd_config_evaluate) function snd_func_card_inum returned error: No such file or directory
ALSA lib confmisc.c:422:(snd_func_concat) error evaluating strings
ALSA lib conf.c:5205:(_snd_config_evaluate) function snd_func_concat returned error: No such file or directory
ALSA lib confmisc.c:1342:(snd_func_refer) error evaluating name
ALSA lib conf.c:5205:(_snd_config_evaluate) function snd_func_refer returned error: No such file or directory
ALSA lib conf.c:5728:(snd_config_expand) Evaluate error: No such file or directory
ALSA lib pcm.c:2722:(snd_pcm_open_noupdate) Unknown PCM default
[LOADER][WARN] AudioOut host backend unavailable: snd_pcm_open("default") failed: No such file or directory (-2).
[LOADER][INFO] AudioOut port 1: 48000 Hz, 2 ch, float32, 256 frames, backend=silent
[DEBUG][PRINF] Audio out started (port#1,256[samples],48000[Hz],2[ch])
[DEBUG][PRINF]   Buffer[0] : 0x6FFFDF1FEF90
[DEBUG][PRINF]   Buffer[1] : 0x6FFFDF1FF790
[LOADER][INFO] Scheduled guest thread 'saveThreadProc' handle=0x00007F895C013A50 entry=0x00000008002E53F0 arg=0x00000000001A3040 priority=700 host_priority=Normal affinity=0x7F
[LOADER][TRACE] Import#1025: libKernel:sceKernelWaitSema (Zxa0VhQVTsk)
[LOADER][TRACE] ImportCtx#1025: nid=Zxa0VhQVTsk ret=0x00000008002DA2B3 rdi=0x0000000000000002 rsi=0x0000000000000001 rdx=0x0000000000000000 rcx=0x0000000000000000
[LOADER][TRACE] ImportNV#1025: rbx=0x00007F894CFF9CDC rbp=0x00006FFFDE1FFFC0 r12=0x0000000000000020 r13=0x00000000054C0428 r14=0x00000000054C0400 r15=0x00007F894C7F9000
[LOADER][TRACE] ImportStackHead#1025: rsp=0x00006FFFDE1FFEA8 [0]=0x00000008002DA2B3 [20]=0x0000000000000000 [40]=0x0000000000000000
[LOADER][TRACE] ImportStack#1025: rsp=0x00006FFFDE1FFEA8 [0]=0x00000008002DA2B3 [8]=0x0000000000000000 [10]=0x0000000000000000 [18]=0x0000000000000000 [20]=0x0000000000000000 [28]=0x0000000000000000 [30]=0x0000000000000000 [38]=0x0000000000000000 [40]=0x0000000000000000
[LOADER][TRACE] ImportRet#1025: nid=Zxa0VhQVTsk result=ORBIS_GEN2_OK rax=0x0000000000000000
[LOADER][TRACE] Import#1026: libKernel:scePthreadMutexLock (9UK1vLZQft4)
[LOADER][TRACE] ImportCtx#1026: nid=9UK1vLZQft4 ret=0x00000008002DA2C2 rdi=0x00000000054C0A30 rsi=0x0000000000000001 rdx=0x0000000000000000 rcx=0x0000000000000000
[LOADER][TRACE] ImportNV#1026: rbx=0x00007F894CFF9CDC rbp=0x00006FFFDE1FFFC0 r12=0x0000000000000020 r13=0x00000000054C0428 r14=0x00000000054C0400 r15=0x00000000054C0A30
[LOADER][TRACE] ImportStackHead#1026: rsp=0x00006FFFDE1FFEA8 [0]=0x00000008002DA2C2 [20]=0x0000000000000000 [40]=0x0000000000000000
[LOADER][TRACE] ImportStack#1026: rsp=0x00006FFFDE1FFEA8 [0]=0x00000008002DA2C2 [8]=0x0000000000000000 [10]=0x0000000000000000 [18]=0x0000000000000000 [20]=0x0000000000000000 [28]=0x0000000000000000 [30]=0x0000000000000000 [38]=0x0000000000000000 [40]=0x0000000000000000
[LOADER][TRACE] ImportRet#1026: nid=9UK1vLZQft4 result=ORBIS_GEN2_OK rax=0x0000000000000000
[LOADER][TRACE] Import#1028: libKernel:scePthreadMutexLock (9UK1vLZQft4)
[LOADER][TRACE] ImportCtx#1028: nid=9UK1vLZQft4 ret=0x00000008002DA33A rdi=0x00000000054C0420 rsi=0x0000000010000000 rdx=0x0000000000000000 rcx=0x00000008002F2D54
[LOADER][TRACE] ImportNV#1028: rbx=0x0000000000000001 rbp=0x00006FFFDE1FFFC0 r12=0x0000000000000020 r13=0x00000000054C0428 r14=0x00000000054C0400 r15=0x00000000054C0A30
[LOADER][TRACE] ImportStackHead#1028: rsp=0x00006FFFDE1FFEA8 [0]=0x00000008002DA33A [20]=0x0000000000000000 [40]=0x0000000000000000
[LOADER][TRACE] ImportStack#1028: rsp=0x00006FFFDE1FFEA8 [0]=0x00000008002DA33A [8]=0x0000000000000000 [10]=0x0000000000000000 [18]=0x0000000000000000 [20]=0x0000000000000000 [28]=0x0000000000000000 [30]=0x0000000000000000 [38]=0x0000000000000000 [40]=0x0000000000000000
[LOADER][TRACE] ImportRet#1028: nid=9UK1vLZQft4 result=ORBIS_GEN2_OK rax=0x0000000000000000
[LOADER][TRACE] Import#1029: libSceNpUniversalDataSystem:sceNpUniversalDataSystemCreateHandle (hT0IAEvN+M0)
[LOADER][TRACE] ImportCtx#1029: nid=hT0IAEvN+M0 ret=0x00000008002DA4EA rdi=0x00006FFFDE1FFEB0 rsi=0x0000000010000000 rdx=0x0000000000000000 rcx=0x00000008002F2D54
[LOADER][TRACE] ImportNV#1029: rbx=0x0000000000000000 rbp=0x00006FFFDE1FFFC0 r12=0x00000000054D0108 r13=0x00000000054D0110 r14=0x00000000054C0400 r15=0x0000000000000000
[LOADER][TRACE] ImportStackHead#1029: rsp=0x00006FFFDE1FFEA8 [0]=0x00000008002DA4EA [20]=0x0000000000000000 [40]=0x0000000000000000
[LOADER][TRACE] ImportStack#1029: rsp=0x00006FFFDE1FFEA8 [0]=0x00000008002DA4EA [8]=0x00000000FFFFFFFF [10]=0x0000000000000000 [18]=0x0000000000000000 [20]=0x0000000000000000 [28]=0x0000000000000000 [30]=0x0000000000000000 [38]=0x0000000000000000 [40]=0x0000000000000000
[LOADER][TRACE] ImportRet#1029: nid=hT0IAEvN+M0 result=ORBIS_GEN2_OK rax=0x0000000000000000
[LOADER][TRACE] Import#1030: libSceNpUniversalDataSystem:sceNpUniversalDataSystemCreateContext (5zBnau1uIEo)
[LOADER][TRACE] ImportCtx#1030: nid=5zBnau1uIEo ret=0x00000008002DA500 rdi=0x00000000054D0114 rsi=0x0000000010000000 rdx=0x0000000000000000 rcx=0x0000000000000000
[LOADER][TRACE] ImportNV#1030: rbx=0x0000000000000000 rbp=0x00006FFFDE1FFFC0 r12=0x00000000054D0108 r13=0x00000000054D0110 r14=0x00000000054C0400 r15=0x0000000000000000
[LOADER][TRACE] ImportStackHead#1030: rsp=0x00006FFFDE1FFEA8 [0]=0x00000008002DA500 [20]=0x0000000000000000 [40]=0x0000000000000000
[LOADER][TRACE] ImportStack#1030: rsp=0x00006FFFDE1FFEA8 [0]=0x00000008002DA500 [8]=0x0000000000000002 [10]=0x0000000000000000 [18]=0x0000000000000000 [20]=0x0000000000000000 [28]=0x0000000000000000 [30]=0x0000000000000000 [38]=0x0000000000000000 [40]=0x0000000000000000
[LOADER][TRACE] ImportRet#1030: nid=5zBnau1uIEo result=ORBIS_GEN2_OK rax=0x0000000000000000
[LOADER][TRACE] Import#1031: libSceNpUniversalDataSystem:sceNpUniversalDataSystemRegisterContext (tpFJ8LIKvPw)
[LOADER][TRACE] ImportCtx#1031: nid=tpFJ8LIKvPw ret=0x00000008002DA512 rdi=0x0000000000000001 rsi=0x0000000000000002 rdx=0x0000000000000000 rcx=0x0000000000000000
[LOADER][TRACE] ImportNV#1031: rbx=0x0000000000000000 rbp=0x00006FFFDE1FFFC0 r12=0x00000000054D0108 r13=0x00000000054D0110 r14=0x00000000054C0400 r15=0x0000000000000000
[LOADER][TRACE] ImportStackHead#1031: rsp=0x00006FFFDE1FFEA8 [0]=0x00000008002DA512 [20]=0x0000000000000000 [40]=0x0000000000000000
[LOADER][TRACE] ImportStack#1031: rsp=0x00006FFFDE1FFEA8 [0]=0x00000008002DA512 [8]=0x0000000000000002 [10]=0x0000000000000000 [18]=0x0000000000000000 [20]=0x0000000000000000 [28]=0x0000000000000000 [30]=0x0000000000000000 [38]=0x0000000000000000 [40]=0x0000000000000000
[LOADER][TRACE] ImportRet#1031: nid=tpFJ8LIKvPw result=ORBIS_GEN2_OK rax=0x0000000000000000
[LOADER][TRACE] Import#1032: libSceNpUniversalDataSystem:sceNpUniversalDataSystemDestroyHandle (AUIHb7jUX3I)
[LOADER][TRACE] ImportCtx#1032: nid=AUIHb7jUX3I ret=0x00000008002DA522 rdi=0x0000000000000002 rsi=0x0000000000000002 rdx=0x0000000000000000 rcx=0x0000000000000000
[LOADER][TRACE] ImportNV#1032: rbx=0x0000000000000000 rbp=0x00006FFFDE1FFFC0 r12=0x00000000054D0108 r13=0x00000000054D0110 r14=0x00000000054C0400 r15=0x0000000000000000
[LOADER][TRACE] ImportStackHead#1032: rsp=0x00006FFFDE1FFEA8 [0]=0x00000008002DA522 [20]=0x0000000000000000 [40]=0x0000000000000000
[LOADER][TRACE] ImportStack#1032: rsp=0x00006FFFDE1FFEA8 [0]=0x00000008002DA522 [8]=0x0000000000000002 [10]=0x0000000000000000 [18]=0x0000000000000000 [20]=0x0000000000000000 [28]=0x0000000000000000 [30]=0x0000000000000000 [38]=0x0000000000000000 [40]=0x0000000000000000
[LOADER][TRACE] ImportRet#1032: nid=AUIHb7jUX3I result=ORBIS_GEN2_OK rax=0x0000000000000000
[LOADER][TRACE] Import#1034: libSceNpTrophy2:sceNpTrophy2RegisterUnlockCallback (sUXGfNMalIo)
[LOADER][TRACE] ImportCtx#1034: nid=sUXGfNMalIo ret=0x00000008002DA551 rdi=0x00000008002D9D80 rsi=0x0000000000000000 rdx=0x0000000000000000 rcx=0x0000000000000000
[LOADER][TRACE] ImportNV#1034: rbx=0x00000000054D0108 rbp=0x00006FFFDE1FFFC0 r12=0x00000000054D0108 r13=0x00000000054C0428 r14=0x00000000054C0400 r15=0x0000000000000000
[LOADER][TRACE] ImportStackHead#1034: rsp=0x00006FFFDE1FFEA8 [0]=0x00000008002DA551 [20]=0x0000000000000000 [40]=0x0000000000000000
[LOADER][TRACE] ImportStack#1034: rsp=0x00006FFFDE1FFEA8 [0]=0x00000008002DA551 [8]=0x0000000000000002 [10]=0x0000000000000000 [18]=0x0000000000000000 [20]=0x0000000000000000 [28]=0x0000000000000000 [30]=0x0000000000000000 [38]=0x0000000000000000 [40]=0x0000000000000000
[LOADER][TRACE] ImportRet#1034: nid=sUXGfNMalIo result=ORBIS_GEN2_OK rax=0x0000000000000000
[LOADER][TRACE] Import#1035: libSceNpTrophy2:sceNpTrophy2CreateContext (Bagshr7OQ6Q)
[LOADER][TRACE] ImportCtx#1035: nid=Bagshr7OQ6Q ret=0x00000008002DA568 rdi=0x00000000054D0118 rsi=0x0000000010000000 rdx=0x0000000000000000 rcx=0x0000000000000000
[LOADER][TRACE] ImportNV#1035: rbx=0x00000000054D0108 rbp=0x00006FFFDE1FFFC0 r12=0x00000000054D0108 r13=0x00000000054C0428 r14=0x00000000054C0400 r15=0x0000000000000000
[LOADER][TRACE] ImportStackHead#1035: rsp=0x00006FFFDE1FFEA8 [0]=0x00000008002DA568 [20]=0x0000000000000000 [40]=0x0000000000000000
[LOADER][TRACE] ImportStack#1035: rsp=0x00006FFFDE1FFEA8 [0]=0x00000008002DA568 [8]=0x0000000000000002 [10]=0x0000000000000000 [18]=0x0000000000000000 [20]=0x0000000000000000 [28]=0x0000000000000000 [30]=0x0000000000000000 [38]=0x0000000000000000 [40]=0x0000000000000000
[LOADER][TRACE] ImportRet#1035: nid=Bagshr7OQ6Q result=ORBIS_GEN2_OK rax=0x0000000000000000
[LOADER][TRACE] Import#1036: libKernel:scePthreadMutexLock (9UK1vLZQft4)
[LOADER][TRACE] ImportCtx#1036: nid=9UK1vLZQft4 ret=0x00000008002DA576 rdi=0x00000000054D0120 rsi=0x0000000010000000 rdx=0x0000000000000000 rcx=0x0000000000000000
[LOADER][TRACE] ImportNV#1036: rbx=0x00000000054D0108 rbp=0x00006FFFDE1FFFC0 r12=0x00000000054D0108 r13=0x00000000054C0428 r14=0x00000000054C0400 r15=0x0000000000000000
[LOADER][TRACE] ImportStackHead#1036: rsp=0x00006FFFDE1FFEA8 [0]=0x00000008002DA576 [20]=0x0000000000000000 [40]=0x0000000000000000
[LOADER][TRACE] ImportStack#1036: rsp=0x00006FFFDE1FFEA8 [0]=0x00000008002DA576 [8]=0x0000000000000002 [10]=0x0000000000000000 [18]=0x0000000000000000 [20]=0x0000000000000000 [28]=0x0000000000000000 [30]=0x0000000000000000 [38]=0x0000000000000000 [40]=0x0000000000000000
[LOADER][TRACE] ImportRet#1036: nid=9UK1vLZQft4 result=ORBIS_GEN2_OK rax=0x0000000000000000
[LOADER][TRACE] Import#1037: libKernel:sceKernelGetDirectMemorySize (pO96TwzOm5E)
[LOADER][TRACE] ImportCtx#1037: nid=pO96TwzOm5E ret=0x00000008002E13F2 rdi=0x0000000000010000 rsi=0x0000000000010000 rdx=0x0000000000000001 rcx=0x0000000000000000
[LOADER][TRACE] ImportNV#1037: rbx=0x0000000000010000 rbp=0x00006FFFDE1FFD60 r12=0x0000000000010000 r13=0x00007F8970EDE8F0 r14=0x0000000000010000 r15=0x0000000000000001
[LOADER][TRACE] ImportStackHead#1037: rsp=0x00006FFFDE1FFD18 [0]=0x00000008002E13F2 [20]=0x00000008004C2290 [40]=0x00000000000008C0
[LOADER][TRACE] ImportStack#1037: rsp=0x00006FFFDE1FFD18 [0]=0x00000008002E13F2 [8]=0x0000000000000000 [10]=0x0000000000000000 [18]=0xC0DEC0DECAFEBA00 [20]=0x00000008004C2290 [28]=0x0000000000000000 [30]=0x00006FFDFCFFEAD8 [38]=0x00000008004C2280 [40]=0x00000000000008C0
[LOADER][TRACE] ImportRet#1037: nid=pO96TwzOm5E result=ORBIS_GEN2_OK rax=0x0000000400000000
[LOADER][TRACE] Import#1038: libKernel:sceKernelAllocateDirectMemory (rTXw65xmLIA)
[LOADER][TRACE] ImportCtx#1038: nid=rTXw65xmLIA ret=0x00000008002E140C rdi=0x0000000000000000 rsi=0x0000000400000000 rdx=0x0000000000010000 rcx=0x0000000000010000
[LOADER][TRACE] ImportNV#1038: rbx=0x0000000000010000 rbp=0x00006FFFDE1FFD60 r12=0x0000000000010000 r13=0x00007F8970EDE8F0 r14=0x0000000000010000 r15=0x0000000000000001
[LOADER][TRACE] ImportStackHead#1038: rsp=0x00006FFFDE1FFD18 [0]=0x00000008002E140C [20]=0x00000008004C2290 [40]=0x00000000000008C0
[LOADER][TRACE] ImportStack#1038: rsp=0x00006FFFDE1FFD18 [0]=0x00000008002E140C [8]=0x0000000000000000 [10]=0x0000000000000000 [18]=0xC0DEC0DECAFEBA00 [20]=0x00000008004C2290 [28]=0x0000000000000000 [30]=0x00006FFDFCFFEAD8 [38]=0x00000008004C2280 [40]=0x00000000000008C0
[LOADER][TRACE] ImportRet#1038: nid=rTXw65xmLIA result=ORBIS_GEN2_OK rax=0x0000000000000000
[LOADER][TRACE] Import#1039: libKernel:sceKernelMapDirectMemory (L-Q3LEjIbgA)
[LOADER][TRACE] ImportCtx#1039: nid=L-Q3LEjIbgA ret=0x00000008002E1435 rdi=0x00006FFFDE1FFD20 rsi=0x0000000000010000 rdx=0x0000000000000033 rcx=0x0000000000400000
[LOADER][TRACE] ImportNV#1039: rbx=0x0000000000010000 rbp=0x00006FFFDE1FFD60 r12=0x0000000000010000 r13=0x00007F8970EDE8F0 r14=0x0000000000010000 r15=0x0000000000000001
[LOADER][TRACE] ImportStackHead#1039: rsp=0x00006FFFDE1FFD18 [0]=0x00000008002E1435 [20]=0x00000008004C2290 [40]=0x00000000000008C0
[LOADER][TRACE] ImportStack#1039: rsp=0x00006FFFDE1FFD18 [0]=0x00000008002E1435 [8]=0x0000000000000000 [10]=0x00000000054E0000 [18]=0xC0DEC0DECAFEBA00 [20]=0x00000008004C2290 [28]=0x0000000000000000 [30]=0x00006FFDFCFFEAD8 [38]=0x00000008004C2280 [40]=0x00000000000008C0
[LOADER][TRACE] ImportRet#1039: nid=L-Q3LEjIbgA result=ORBIS_GEN2_OK rax=0x0000000000000000
[LOADER][TRACE] Import#1040: libKernel:sceKernelGetDirectMemorySize (pO96TwzOm5E)
[LOADER][TRACE] ImportCtx#1040: nid=pO96TwzOm5E ret=0x00000008002E13F2 rdi=0x0000000000010000 rsi=0x0000000000010000 rdx=0x0000000000000001 rcx=0x0000000000000000
[LOADER][TRACE] ImportNV#1040: rbx=0x0000000000010000 rbp=0x00006FFFDE1FFD60 r12=0x0000000000010000 r13=0x00007F8970EDE8F0 r14=0x0000000000010000 r15=0x0000000000000001
[LOADER][TRACE] ImportStackHead#1040: rsp=0x00006FFFDE1FFD18 [0]=0x00000008002E13F2 [20]=0x00000008004C23D0 [40]=0x0000000000000A00
[LOADER][TRACE] ImportStack#1040: rsp=0x00006FFFDE1FFD18 [0]=0x00000008002E13F2 [8]=0x00000000054E0000 [10]=0x0000000000000000 [18]=0xC0DEC0DECAFEBA00 [20]=0x00000008004C23D0 [28]=0x0000000000000000 [30]=0x00006FFDFCFFEB50 [38]=0x00000008004C23C0 [40]=0x0000000000000A00
[LOADER][TRACE] ImportRet#1040: nid=pO96TwzOm5E result=ORBIS_GEN2_OK rax=0x0000000400000000
[LOADER][TRACE] Import#1041: libKernel:sceKernelAllocateDirectMemory (rTXw65xmLIA)
[LOADER][TRACE] Import#1042: libKernel:sceKernelMapDirectMemory (L-Q3LEjIbgA)
[LOADER][TRACE] Import#1043: libKernel:sceKernelGetDirectMemorySize (pO96TwzOm5E)
[LOADER][TRACE] Import#1044: libKernel:sceKernelAllocateDirectMemory (rTXw65xmLIA)
[LOADER][TRACE] Import#1045: libKernel:sceKernelMapDirectMemory (L-Q3LEjIbgA)
[LOADER][TRACE] Import#1046: libKernel:sceKernelGetDirectMemorySize (pO96TwzOm5E)
[LOADER][TRACE] Import#1047: libKernel:sceKernelAllocateDirectMemory (rTXw65xmLIA)
[LOADER][TRACE] Import#1048: libKernel:sceKernelMapDirectMemory (L-Q3LEjIbgA)
[LOADER][TRACE] Import#1049: libKernel:sceKernelGetDirectMemorySize (pO96TwzOm5E)
[LOADER][TRACE] Import#1050: libKernel:sceKernelAllocateDirectMemory (rTXw65xmLIA)
[LOADER][TRACE] Import#1051: libKernel:sceKernelMapDirectMemory (L-Q3LEjIbgA)
[LOADER][TRACE] Import#1053: libKernel:sceKernelWaitSema (Zxa0VhQVTsk)
[EXP-018] sceKernelWaitSema handle=0x00000002 need=1 waiters=1 READY=0 RUNNING=4 BLOCKED=0 (after Pump)
[LOADER][TRACE] Import#1281: libKernel:scePthreadAttrInit (nsYoNRywwNg)
[LOADER][TRACE] Import#1282: libKernel:scePthreadAttrGet (x1X76arYMxU)
[LOADER][TRACE] Import#1283: libKernel:scePthreadAttrGetstack (-quPa4SEJUw)
[LOADER][TRACE] Import#1284: libKernel:scePthreadAttrDestroy (62KCwEMmzcM)
[LOADER][TRACE] Import#1285: libKernel:scePthreadMutexLock (9UK1vLZQft4)
[LOADER][TRACE] Import#1287: libKernel:scePthreadMutexLock (9UK1vLZQft4)
[LOADER][TRACE] Import#1289: libKernel:scePthreadMutexLock (9UK1vLZQft4)
[DIAG-VERIFY] Import #1000 OK: libc::libc:_Getptolower ret=0x00007F895C00B460
[LOADER][TRACE] Import#1291: libKernel:scePthreadMutexLock (9UK1vLZQft4)
[LOADER][TRACE] Import#1293: libKernel:scePthreadMutexLock (9UK1vLZQft4)
[LOADER][TRACE] Import#1295: libKernel:scePthreadMutexLock (9UK1vLZQft4)
[DIAG-VERIFY] Import #2000 OK: libc::libc:_Getptolower ret=0x00007F895C00B460
[LOADER][TRACE] Import#1297: libKernel:scePthreadMutexLock (9UK1vLZQft4)
[LOADER][TRACE] Import#1299: libKernel:scePthreadMutexLock (9UK1vLZQft4)
[DIAG-VERIFY] Import #3000 OK: libc::libc:_Getptolower ret=0x00007F895C00B460
[DIAG-VERIFY] Import #4000 OK: libc::libc:strcasecmp ret=0x000000000000000A
[DIAG-VERIFY] Import #5000 OK: libc::libc:_Getptolower ret=0x00007F895C00B460
[DIAG-VERIFY] Import #6000 OK: libc::libc:_Getptolower ret=0x00007F895C00B460
[DIAG-VERIFY] Import #7000 OK: libc::libc:_Getptolower ret=0x00007F895C00B460
[DIAG-VERIFY] Import #8000 OK: libc::libc:_Getptolower ret=0x00007F895C00B460
[DIAG-VERIFY] Import #9000 OK: libc::libc:_Getptolower ret=0x00007F895C00B460
[DIAG-VERIFY] Import #10000 OK: libc::libc:_Getptolower ret=0x00007F895C00B460
[DIAG-VERIFY] Import #11000 OK: libc::libc:_Getptolower ret=0x00007F895C00B460
[DIAG-VERIFY] Import #12000 OK: libc::libc:strcasecmp ret=0x0000000000000000
[DIAG-VERIFY] Import #13000 OK: libc::libc:_Getptolower ret=0x00007F895C00B460
[DIAG-VERIFY] Import #14000 OK: libc::libc:_Getptolower ret=0x00007F895C00B460
[DIAG-VERIFY] Import #15000 OK: libc::libc:_Getptolower ret=0x00007F895C00B460
[DIAG-VERIFY] Import #16000 OK: libc::libc:_Getptolower ret=0x00007F895C00B460
[DIAG-VERIFY] Import #17000 OK: libc::libc:_Getptolower ret=0x00007F895C00B460
[DIAG-VERIFY] Import #18000 OK: libc::libc:_Getptolower ret=0x00007F895C00B460
[DIAG-VERIFY] Import #19000 OK: libc::libc:_Getptolower ret=0x00007F895C00B460
[DIAG-VERIFY] Import #20000 OK: libc::libc:_Getptolower ret=0x00007F895C00B460
[DIAG-VERIFY] Import #21000 OK: libc::libc:_Getptolower ret=0x00007F895C00B460
[DIAG-VERIFY] Import #22000 OK: libc::libc:_Getptolower ret=0x00007F895C00B460
[DIAG-VERIFY] Import #23000 OK: libc::libc:_Getptolower ret=0x00007F895C00B460
[DIAG-VERIFY] Import #24000 OK: libc::libc:_Getptolower ret=0x00007F895C00B460
[DIAG-VERIFY] Import #25000 OK: libc::libc:_Getptolower ret=0x00007F895C00B460
[DIAG-VERIFY] Import #26000 OK: libc::libc:_Getptolower ret=0x00007F895C00B460
[LOADER][INFO] GLFW windowing platform in use: X11
[DIAG-VERIFY] Import #27000 OK: libc::libc:_Getptolower ret=0x00007F895C00B460
[DIAG-VERIFY] Import #28000 OK: libc::libc:strcasecmp ret=0x0000000000000000
[DIAG-VERIFY] Import #29000 OK: libc::libc:_Getptolower ret=0x00007F895C00B460
[DIAG-VERIFY] Import #30000 OK: libc::libc:_Getptolower ret=0x00007F895C00B460
[DIAG-VERIFY] Import #31000 OK: libc::libc:_Getptolower ret=0x00007F895C00B460
[LOADER][INFO] Window keyboard input attached for pad emulation.
[DIAG-VERIFY] Import #32000 OK: libc::libc:_Getptolower ret=0x00007F895C00B460
[DIAG-VERIFY] Import #33000 OK: libc::libc:_Getptolower ret=0x00007F895C00B460
[DIAG-VERIFY] Import #34000 OK: libc::libc:_Getptolower ret=0x00007F895C00B460
[DIAG-VERIFY] Import #35000 OK: libc::libc:_Getptolower ret=0x00007F895C00B460
[DIAG-VERIFY] Import #36000 OK: libc::libc:_Getptolower ret=0x00007F895C00B460
[DIAG-VERIFY] Import #37000 OK: libc::libc:_Getptolower ret=0x00007F895C00B460
[DIAG-VERIFY] Import #38000 OK: libc::libc:_Getptolower ret=0x00007F895C00B460
[DIAG-VERIFY] Import #39000 OK: libc::libc:_Getptolower ret=0x00007F895C00B460
[DIAG-VERIFY] Import #40000 OK: libc::libc:_Getptolower ret=0x00007F895C00B460
[DIAG-VERIFY] Import #41000 OK: libc::libc:_Getptolower ret=0x00007F895C00B460
[DIAG-VERIFY] Import #42000 OK: libc::libc:_Getptolower ret=0x00007F895C00B460
[DIAG-VERIFY] Import #43000 OK: libc::libc:_Getptolower ret=0x00007F895C00B460
[DIAG-VERIFY] Import #44000 OK: libc::libc:_Getptolower ret=0x00007F895C00B460
[DIAG-VERIFY] Import #45000 OK: libc::libc:_Getptolower ret=0x00007F895C00B460
[DIAG-VERIFY] Import #46000 OK: libc::libc:_Getptolower ret=0x00007F895C00B460
[DIAG-VERIFY] Import #47000 OK: libc::libc:_Getptolower ret=0x00007F895C00B460
[DIAG-VERIFY] Import #48000 OK: libc::libc:_Getptolower ret=0x00007F895C00B460
[DIAG-VERIFY] Import #49000 OK: libc::libc:_Getptolower ret=0x00007F895C00B460
[DIAG-VERIFY] Import #50000 OK: libc::libc:_Getptolower ret=0x00007F895C00B460
[DIAG-VERIFY] Import #51000 OK: libc::libc:_Getptolower ret=0x00007F895C00B460
[DIAG-VERIFY] Import #52000 OK: libc::libc:_Getptolower ret=0x00007F895C00B460
[DIAG-VERIFY] Import #53000 OK: libc::libc:_Getptolower ret=0x00007F895C00B460
[DIAG-VERIFY] Import #54000 OK: libc::libc:_Getptolower ret=0x00007F895C00B460
[DIAG-VERIFY] Import #55000 OK: libc::libc:_Getptolower ret=0x00007F895C00B460
[LOADER][INFO] Vulkan candidate: llvmpipe (LLVM 19.1.7, 256 bits) (Cpu) score=50
[LOADER][INFO] Vulkan compute limits groups=65535x65535x65535 local=1024x1024x1024 invocations=1024 storage_alignment=16
[DIAG-VERIFY] Import #56000 OK: libc::libc:_Getptolower ret=0x00007F895C00B460
[LOADER][INFO] Vulkan subgroup default=8 stages=FragmentBit, ComputeBit, ShaderStageTaskBitNV, MeshBitNV ops=BasicBit, VoteBit, ArithmeticBit, BallotBit, SubgroupFeatureShuffleBit, SubgroupFeatureShuffleRelativeBit, SubgroupFeatureClusteredBit, SubgroupFeatureQuadBit, RotateBit, RotateClusteredBit size_control=8-8 required_stages=FragmentBit, ComputeBit max_compute_subgroups=32
[LOADER][INFO] Vulkan device: llvmpipe (LLVM 19.1.7, 256 bits) (Cpu)
[DIAG-VERIFY] Import #57000 OK: libc::libc:_Getptolower ret=0x00007F895C00B460
[DIAG-VERIFY] Import #58000 OK: libc::libc:_Getptolower ret=0x00007F895C00B460
[DIAG-VERIFY] Import #59000 OK: libc::libc:_Getptolower ret=0x00007F895C00B460
[DIAG-VERIFY] Import #60000 OK: libc::libc:_Getptolower ret=0x00007F895C00B460
[DIAG-VERIFY] Import #61000 OK: libc::libc:_Getptolower ret=0x00007F895C00B460
[DIAG-VERIFY] Import #62000 OK: libc::libc:strcasecmp ret=0xFFFFFFFFFFFFFFEC
[LOADER][INFO] Vulkan debug labels enabled.
[DIAG-VERIFY] Import #63000 OK: libc::libc:_Getptolower ret=0x00007F895C00B460
[DIAG-VERIFY] Import #64000 OK: libc::libc:_Getptolower ret=0x00007F895C00B460
[LOADER][INFO] Vulkan pipeline cache ready: path=/home/z/.local/share/SharpEmu/vulkan-pipeline-cache.bin initial=0 bytes
[DIAG-VERIFY] Import #65000 OK: libc::libc:_Getptolower ret=0x00007F895C00B460
[DIAG-VERIFY] Import #66000 OK: libc::libc:_Getptolower ret=0x00007F895C00B460
[LOADER][INFO] Vulkan VideoOut ready: 1280x720, format=B8G8R8A8Unorm
[DIAG-VERIFY] Import #67000 OK: libc::libc:_Getptolower ret=0x00007F895C00B460
[DIAG-VERIFY] Import #68000 OK: libc::libc:strcasecmp ret=0x0000000000000000
[LOADER][TRACE] vk.present_taken addr=0x0000000000000000 version=0 drawKind=None hasPixels=True hasTranslatedDraw=False
[DIAG-VERIFY] Import #69000 OK: libc::libc:_Getptolower ret=0x00007F895C00B460
[DIAG-VERIFY] Import #70000 OK: libc::libc:_Getptolower ret=0x00007F895C00B460
[DIAG-VERIFY] Import #71000 OK: libc::libc:_Getptolower ret=0x00007F895C00B460
[DIAG-VERIFY] Import #72000 OK: libc::libc:_Getptolower ret=0x00007F895C00B460
[DIAG-VERIFY] Import #73000 OK: libc::libc:_Getptolower ret=0x00007F895C00B460
[DIAG-VERIFY] Import #74000 OK: libc::libc:_Getptolower ret=0x00007F895C00B460
[DIAG-VERIFY] Import #75000 OK: libc::libc:_Getptolower ret=0x00007F895C00B460
[LOADER][INFO] Vulkan VideoOut presented first frame: 3840x2160
[DIAG-VERIFY] Import #76000 OK: libc::libc:_Getptolower ret=0x00007F895C00B460
[DIAG-VERIFY] Import #77000 OK: libc::libc:_Getptolower ret=0x00007F895C00B460
[DIAG-VERIFY] Import #78000 OK: libc::libc:_Getptolower ret=0x00007F895C00B460
[DIAG-VERIFY] Import #79000 OK: libc::libc:_Getptolower ret=0x00007F895C00B460
[DIAG-VERIFY] Import #80000 OK: libc::libc:_Getptolower ret=0x00007F895C00B460
[DIAG-VERIFY] Import #81000 OK: libc::libc:_Getptolower ret=0x00007F895C00B460
[DIAG-VERIFY] Import #82000 OK: libc::libc:_Getptolower ret=0x00007F895C00B460
[DIAG-VERIFY] Import #83000 OK: libc::libc:_Getptolower ret=0x00007F895C00B460
[DIAG-VERIFY] Import #84000 OK: libc::libc:_Getptolower ret=0x00007F895C00B460
[DIAG-VERIFY] Import #85000 OK: libc::libc:_Getptolower ret=0x00007F895C00B460
[DIAG-VERIFY] Import #86000 OK: libc::libc:_Getptolower ret=0x00007F895C00B460
[DIAG-VERIFY] Import #87000 OK: libc::libc:_Getptolower ret=0x00007F895C00B460
[DIAG-VERIFY] Import #88000 OK: libc::libc:_Getptolower ret=0x00007F895C00B460
[DIAG-VERIFY] Import #89000 OK: libc::libc:_Getptolower ret=0x00007F895C00B460
[DIAG-VERIFY] Import #90000 OK: libc::libc:_Getptolower ret=0x00007F895C00B460
[DIAG-VERIFY] Import #91000 OK: libc::libc:_Getptolower ret=0x00007F895C00B460
[DIAG-VERIFY] Import #92000 OK: libc::libc:_Getptolower ret=0x00007F895C00B460
[DIAG-VERIFY] Import #93000 OK: libc::libc:_Getptolower ret=0x00007F895C00B460
[DIAG-VERIFY] Import #94000 OK: libc::libc:_Getptolower ret=0x00007F895C00B460
[DIAG-VERIFY] Import #95000 OK: libc::libc:_Getptolower ret=0x00007F895C00B460
[DIAG-VERIFY] Import #96000 OK: libc::libc:_Getptolower ret=0x00007F895C00B460
[DIAG-VERIFY] Import #97000 OK: libc::libc:_Getptolower ret=0x00007F895C00B460
[DIAG-VERIFY] Import #98000 OK: libc::libc:_Getptolower ret=0x00007F895C00B460
[LOADER][TRACE] Import#100000: libc:_Getptolower (1uJgoVq3bQU)
[DIAG-VERIFY] Import #99000 OK: libc::libc:_Getptolower ret=0x00007F895C00B460
[DIAG-VERIFY] Import #100000 OK: libc::libc:_Getptolower ret=0x00007F895C00B460
[DIAG-VERIFY] Import #101000 OK: libc::libc:_Getptolower ret=0x00007F895C00B460
[DIAG-VERIFY] Import #102000 OK: libc::libc:_Getptolower ret=0x00007F895C00B460
[DIAG-VERIFY] Import #103000 OK: libc::libc:_Getptolower ret=0x00007F895C00B460
[DIAG-VERIFY] Import #104000 OK: libc::libc:_Getptolower ret=0x00007F895C00B460
[DIAG-VERIFY] Import #105000 OK: libc::libc:_Getptolower ret=0x00007F895C00B460
[DIAG-VERIFY] Import #106000 OK: libc::libc:_Getptolower ret=0x00007F895C00B460
[DIAG-VERIFY] Import #107000 OK: libc::libc:_Getptolower ret=0x00007F895C00B460
[DIAG-VERIFY] Import #108000 OK: libc::libc:_Getptolower ret=0x00007F895C00B460
[DIAG-VERIFY] Import #109000 OK: libc::libc:_Getptolower ret=0x00007F895C00B460
[DIAG-VERIFY] Import #110000 OK: libc::libc:_Getptolower ret=0x00007F895C00B460
[DIAG-VERIFY] Import #111000 OK: libc::libc:_Getptolower ret=0x00007F895C00B460
[DIAG-VERIFY] Import #112000 OK: libc::libc:strcasecmp ret=0xFFFFFFFFFFFFFFFA
[DIAG-VERIFY] Import #113000 OK: libc::libc:_Getptolower ret=0x00007F895C00B460
[DIAG-VERIFY] Import #114000 OK: libc::libc:_Getptolower ret=0x00007F895C00B460
[DIAG-VERIFY] Import #115000 OK: libc::libc:_Getptolower ret=0x00007F895C00B460
[DIAG-VERIFY] Import #116000 OK: libc::libc:_Getptolower ret=0x00007F895C00B460
[DIAG-VERIFY] Import #117000 OK: libc::libc:_Getptolower ret=0x00007F895C00B460
[DIAG-VERIFY] Import #118000 OK: libc::libc:_Getptolower ret=0x00007F895C00B460
[DIAG-VERIFY] Import #119000 OK: libc::libc:_Getptolower ret=0x00007F895C00B460
[DIAG-VERIFY] Import #120000 OK: libc::libc:_Getptolower ret=0x00007F895C00B460
[DIAG-VERIFY] Import #121000 OK: libc::libc:_Getptolower ret=0x00007F895C00B460
[DIAG-VERIFY] Import #122000 OK: libc::libc:_Getptolower ret=0x00007F895C00B460
[DIAG-VERIFY] Import #123000 OK: libc::libc:_Getptolower ret=0x00007F895C00B460
[DIAG-VERIFY] Import #124000 OK: libc::libc:_Getptolower ret=0x00007F895C00B460
[DIAG-VERIFY] Import #125000 OK: libc::libc:_Getptolower ret=0x00007F895C00B460
[DIAG-VERIFY] Import #126000 OK: libc::libc:_Getptolower ret=0x00007F895C00B460
[DIAG-VERIFY] Import #127000 OK: libc::libc:_Getptolower ret=0x00007F895C00B460
[DIAG-VERIFY] Import #128000 OK: libc::libc:_Getptolower ret=0x00007F895C00B460
[DIAG-VERIFY] Import #129000 OK: libc::libc:_Getptolower ret=0x00007F895C00B460
[DIAG-VERIFY] Import #130000 OK: libc::libc:_Getptolower ret=0x00007F895C00B460
[DIAG-VERIFY] Import #131000 OK: libc::libc:_Getptolower ret=0x00007F895C00B460
[DIAG-VERIFY] Import #132000 OK: libc::libc:_Getptolower ret=0x00007F895C00B460
[DIAG-VERIFY] Import #133000 OK: libc::libc:_Getptolower ret=0x00007F895C00B460
[DIAG-VERIFY] Import #134000 OK: libc::libc:_Getptolower ret=0x00007F895C00B460
[DIAG-VERIFY] Import #135000 OK: libc::libc:_Getptolower ret=0x00007F895C00B460
[DIAG-VERIFY] Import #136000 OK: libc::libc:_Getptolower ret=0x00007F895C00B460
[DIAG-VERIFY] Import #137000 OK: libc::libc:_Getptolower ret=0x00007F895C00B460
[DIAG-VERIFY] Import #138000 OK: libc::libc:strcasecmp ret=0xFFFFFFFFFFFFFFFF
[DIAG-VERIFY] Import #139000 OK: libc::libc:_Getptolower ret=0x00007F895C00B460
[DIAG-VERIFY] Import #140000 OK: libc::libc:_Getptolower ret=0x00007F895C00B460
[DIAG-VERIFY] Import #141000 OK: libc::libc:_Getptolower ret=0x00007F895C00B460
[DIAG-VERIFY] Import #142000 OK: libc::libc:_Getptolower ret=0x00007F895C00B460
[DIAG-VERIFY] Import #143000 OK: libc::libc:_Getptolower ret=0x00007F895C00B460
[DIAG-VERIFY] Import #144000 OK: libc::libc:_Getptolower ret=0x00007F895C00B460
[DIAG-VERIFY] Import #145000 OK: libc::libc:_Getptolower ret=0x00007F895C00B460
[DIAG-VERIFY] Import #146000 OK: libc::libc:_Getptolower ret=0x00007F895C00B460
[DIAG-VERIFY] Import #147000 OK: libc::libc:_Getptolower ret=0x00007F895C00B460
[LOADER][INFO] Scheduled guest thread 'ratamedia streamer' handle=0x00007F895C01C8E0 entry=0x00000008002E53F0 arg=0x00000000001A3790 priority=690 host_priority=Normal affinity=0x7F
[LOADER][INFO] Scheduled guest thread 'ratamedia streamer' handle=0x00007F895C01ED60 entry=0x00000008002E53F0 arg=0x00000000001A4A80 priority=690 host_priority=Normal affinity=0x7F
[LOADER][TRACE] Import#1054: libKernel:scePthreadAttrInit (nsYoNRywwNg)
[LOADER][TRACE] Import#1055: libKernel:scePthreadAttrGet (x1X76arYMxU)
[LOADER][TRACE] Import#1056: libKernel:scePthreadAttrGetstack (-quPa4SEJUw)
[LOADER][TRACE] Import#1057: libKernel:scePthreadAttrDestroy (62KCwEMmzcM)
[LOADER][TRACE] Import#1058: libKernel:scePthreadMutexLock (9UK1vLZQft4)
[LOADER][TRACE] Import#1059: libKernel:scePthreadCondTimedwait (BmMjYxmew1w)
[LOADER][INFO] Scheduled guest thread 'ratamedia streamer' handle=0x00007F895C021B10 entry=0x00000008002E53F0 arg=0x00000000001A4AB0 priority=690 host_priority=Normal affinity=0x7F
[LOADER][INFO] Scheduled guest thread 'ratamedia streamer' handle=0x00007F895C024420 entry=0x00000008002E53F0 arg=0x00000000001A4AE0 priority=690 host_priority=Normal affinity=0x7F
[LOADER][TRACE] Import#1060: libKernel:scePthreadAttrInit (nsYoNRywwNg)
[LOADER][TRACE] Import#1061: libKernel:scePthreadAttrGet (x1X76arYMxU)
[LOADER][TRACE] Import#1062: libKernel:scePthreadAttrGetstack (-quPa4SEJUw)
[LOADER][TRACE] Import#1063: libKernel:scePthreadAttrDestroy (62KCwEMmzcM)
[LOADER][TRACE] Import#1064: libKernel:scePthreadMutexLock (9UK1vLZQft4)
[LOADER][TRACE] Import#1065: libKernel:scePthreadCondTimedwait (BmMjYxmew1w)
[LOADER][TRACE] Import#1066: libKernel:scePthreadAttrInit (nsYoNRywwNg)
[LOADER][TRACE] Import#1067: libKernel:scePthreadAttrGet (x1X76arYMxU)
[LOADER][TRACE] Import#1068: libKernel:scePthreadAttrGetstack (-quPa4SEJUw)
[LOADER][TRACE] Import#1069: libKernel:scePthreadAttrDestroy (62KCwEMmzcM)
[LOADER][TRACE] Import#1070: libKernel:scePthreadMutexLock (9UK1vLZQft4)
[LOADER][TRACE] Import#1071: libKernel:scePthreadCondTimedwait (BmMjYxmew1w)
[LOADER][INFO] Scheduled guest thread 'ratamedia streamer' handle=0x00007F895C026D30 entry=0x00000008002E53F0 arg=0x00000000001A4B10 priority=690 host_priority=Normal affinity=0x7F
[LOADER][TRACE] Import#1072: libKernel:scePthreadAttrInit (nsYoNRywwNg)
[LOADER][TRACE] Import#1073: libKernel:scePthreadAttrGet (x1X76arYMxU)
[LOADER][TRACE] Import#1074: libKernel:scePthreadAttrGetstack (-quPa4SEJUw)
[LOADER][TRACE] Import#1075: libKernel:scePthreadAttrDestroy (62KCwEMmzcM)
[LOADER][TRACE] Import#1076: libKernel:scePthreadMutexLock (9UK1vLZQft4)
[LOADER][TRACE] Import#1077: libKernel:scePthreadCondTimedwait (BmMjYxmew1w)
[LOADER][INFO] Scheduled guest thread 'ratamedia streamer' handle=0x00007F895C0297F0 entry=0x00000008002E53F0 arg=0x00000000001A4B40 priority=690 host_priority=Normal affinity=0x7F
[LOADER][TRACE] Import#1078: libKernel:scePthreadAttrInit (nsYoNRywwNg)
[LOADER][TRACE] Import#1079: libKernel:scePthreadAttrGet (x1X76arYMxU)
[LOADER][TRACE] Import#1080: libKernel:scePthreadAttrGetstack (-quPa4SEJUw)
[LOADER][TRACE] Import#1081: libKernel:scePthreadAttrDestroy (62KCwEMmzcM)
[LOADER][TRACE] Import#1082: libKernel:scePthreadMutexLock (9UK1vLZQft4)
[LOADER][TRACE] Import#1083: libKernel:scePthreadCondTimedwait (BmMjYxmew1w)
[LOADER][TRACE] Import#1084: libKernel:scePthreadAttrInit (nsYoNRywwNg)
[LOADER][TRACE] Import#1085: libKernel:scePthreadAttrGet (x1X76arYMxU)
[LOADER][TRACE] Import#1086: libKernel:scePthreadAttrGetstack (-quPa4SEJUw)
[LOADER][TRACE] Import#1087: libKernel:scePthreadAttrDestroy (62KCwEMmzcM)
[LOADER][TRACE] Import#1088: libKernel:scePthreadMutexLock (9UK1vLZQft4)
[LOADER][TRACE] Import#1089: libKernel:scePthreadCondTimedwait (BmMjYxmew1w)
[LOADER][INFO] Scheduled guest thread 'ratamedia streamer' handle=0x00007F895C02C2B0 entry=0x00000008002E53F0 arg=0x00000000001A4B70 priority=690 host_priority=Normal affinity=0x7F
[LOADER][INFO] Scheduled guest thread 'ratamedia streamer' handle=0x00007F895C02F9E0 entry=0x00000008002E53F0 arg=0x00000000001A4BA0 priority=690 host_priority=Normal affinity=0x7F
[LOADER][TRACE] Import#1090: libKernel:scePthreadAttrInit (nsYoNRywwNg)
[LOADER][TRACE] Import#1091: libKernel:scePthreadAttrGet (x1X76arYMxU)
[LOADER][TRACE] Import#1092: libKernel:scePthreadAttrGetstack (-quPa4SEJUw)
[LOADER][TRACE] Import#1093: libKernel:scePthreadAttrDestroy (62KCwEMmzcM)
[LOADER][TRACE] Import#1094: libKernel:scePthreadMutexLock (9UK1vLZQft4)
[LOADER][TRACE] Import#1095: libKernel:scePthreadCondTimedwait (BmMjYxmew1w)
[LOADER][INFO] Scheduled guest thread 'ratamedia streamer' handle=0x00007F895C032A50 entry=0x00000008002E53F0 arg=0x00000000001A4BD0 priority=690 host_priority=Normal affinity=0x7F
[LOADER][TRACE] Import#1096: libKernel:scePthreadAttrInit (nsYoNRywwNg)
[LOADER][TRACE] Import#1097: libKernel:scePthreadAttrGet (x1X76arYMxU)
[LOADER][TRACE] Import#1098: libKernel:scePthreadAttrGetstack (-quPa4SEJUw)
[LOADER][TRACE] Import#1099: libKernel:scePthreadAttrDestroy (62KCwEMmzcM)
[LOADER][TRACE] Import#1100: libKernel:scePthreadMutexLock (9UK1vLZQft4)
[LOADER][TRACE] Import#1101: libKernel:scePthreadCondTimedwait (BmMjYxmew1w)
[LOADER][INFO] Scheduled guest thread 'ratamedia streamer' handle=0x00007F895C035490 entry=0x00000008002E53F0 arg=0x00000000001A4C00 priority=690 host_priority=Normal affinity=0x7F
SpriteMachine LoadShader `shaders/SpriteMachine.vert` + `shaders/SpriteMachine.frag`
[LOADER][TRACE] Import#1102: libKernel:scePthreadAttrInit (nsYoNRywwNg)
[LOADER][TRACE] Import#1103: libKernel:scePthreadAttrGet (x1X76arYMxU)
[LOADER][TRACE] Import#1104: libKernel:scePthreadAttrGetstack (-quPa4SEJUw)
[LOADER][TRACE] Import#1105: libKernel:scePthreadAttrDestroy (62KCwEMmzcM)
[LOADER][TRACE] Import#1106: libKernel:scePthreadMutexLock (9UK1vLZQft4)
[LOADER][TRACE] Import#1107: libKernel:scePthreadCondTimedwait (BmMjYxmew1w)
[LOADER][TRACE] Import#1108: libKernel:scePthreadAttrInit (nsYoNRywwNg)
[LOADER][TRACE] Import#1109: libKernel:scePthreadAttrGet (x1X76arYMxU)
[LOADER][TRACE] Import#1110: libKernel:scePthreadAttrGetstack (-quPa4SEJUw)
[LOADER][TRACE] Import#1111: libKernel:scePthreadAttrDestroy (62KCwEMmzcM)
[LOADER][TRACE] Import#1112: libKernel:scePthreadMutexLock (9UK1vLZQft4)
[LOADER][TRACE] Import#1113: libKernel:scePthreadCondTimedwait (BmMjYxmew1w)
[LOADER][TRACE] Import#900: libSceAudioOut:sceAudioOutOutput (QOQtbeDqsT4)
[LOADER][TRACE] Import#901: libSceAudioOut:sceAudioOutOutput (QOQtbeDqsT4)
[LOADER][TRACE] Import#902: libSceAudioOut:sceAudioOutOutput (QOQtbeDqsT4)
[LOADER][TRACE] Import#903: libSceAudioOut:sceAudioOutOutput (QOQtbeDqsT4)
[LOADER][TRACE] Import#904: libSceAudioOut:sceAudioOutOutput (QOQtbeDqsT4)
[LOADER][TRACE] Import#905: libSceAudioOut:sceAudioOutOutput (QOQtbeDqsT4)
[LOADER][TRACE] Import#906: libSceAudioOut:sceAudioOutOutput (QOQtbeDqsT4)
[LOADER][TRACE] Import#907: libSceAudioOut:sceAudioOutOutput (QOQtbeDqsT4)
[LOADER][TRACE] Import#908: libSceAudioOut:sceAudioOutOutput (QOQtbeDqsT4)
[DIAG-VERIFY] Import #148000 OK: libc::libc:strcat ret=0x00006FFFE01EF170
[LOADER][TRACE] Import#909: libSceAudioOut:sceAudioOutOutput (QOQtbeDqsT4)
[LOADER][TRACE] Import#910: libSceAudioOut:sceAudioOutOutput (QOQtbeDqsT4)
[LOADER][TRACE] Import#911: libSceAudioOut:sceAudioOutOutput (QOQtbeDqsT4)
[LOADER][TRACE] Import#912: libSceAudioOut:sceAudioOutOutput (QOQtbeDqsT4)
[LOADER][TRACE] Import#913: libSceAudioOut:sceAudioOutOutput (QOQtbeDqsT4)
[LOADER][TRACE] Import#914: libSceAudioOut:sceAudioOutOutput (QOQtbeDqsT4)
[LOADER][TRACE] Import#915: libSceAudioOut:sceAudioOutOutput (QOQtbeDqsT4)
[LOADER][TRACE] Import#916: libSceAudioOut:sceAudioOutOutput (QOQtbeDqsT4)
[LOADER][TRACE] Import#917: libSceAudioOut:sceAudioOutOutput (QOQtbeDqsT4)
[LOADER][TRACE] Import#918: libSceAudioOut:sceAudioOutOutput (QOQtbeDqsT4)
[LOADER][TRACE] Import#919: libSceAudioOut:sceAudioOutOutput (QOQtbeDqsT4)
[LOADER][TRACE] Import#920: libSceAudioOut:sceAudioOutOutput (QOQtbeDqsT4)
[LOADER][TRACE] Import#921: libSceAudioOut:sceAudioOutOutput (QOQtbeDqsT4)
[LOADER][TRACE] Import#922: libSceAudioOut:sceAudioOutOutput (QOQtbeDqsT4)
[LOADER][TRACE] Import#923: libSceAudioOut:sceAudioOutOutput (QOQtbeDqsT4)
[LOADER][TRACE] Import#924: libSceAudioOut:sceAudioOutOutput (QOQtbeDqsT4)
[LOADER][TRACE] Import#925: libSceAudioOut:sceAudioOutOutput (QOQtbeDqsT4)
[LOADER][TRACE] Import#926: libSceAudioOut:sceAudioOutOutput (QOQtbeDqsT4)
[LOADER][TRACE] Import#927: libSceAudioOut:sceAudioOutOutput (QOQtbeDqsT4)
[LOADER][TRACE] Import#928: libSceAudioOut:sceAudioOutOutput (QOQtbeDqsT4)
[LOADER][TRACE] Import#929: libSceAudioOut:sceAudioOutOutput (QOQtbeDqsT4)
[LOADER][TRACE] Import#930: libSceAudioOut:sceAudioOutOutput (QOQtbeDqsT4)
[LOADER][TRACE] Import#931: libSceAudioOut:sceAudioOutOutput (QOQtbeDqsT4)
[LOADER][TRACE] Import#932: libSceAudioOut:sceAudioOutOutput (QOQtbeDqsT4)
[LOADER][TRACE] Import#933: libSceAudioOut:sceAudioOutOutput (QOQtbeDqsT4)
[LOADER][TRACE] Import#934: libSceAudioOut:sceAudioOutOutput (QOQtbeDqsT4)
[LOADER][TRACE] Import#935: libSceAudioOut:sceAudioOutOutput (QOQtbeDqsT4)
[LOADER][TRACE] Import#936: libSceAudioOut:sceAudioOutOutput (QOQtbeDqsT4)
[LOADER][TRACE] Import#937: libSceAudioOut:sceAudioOutOutput (QOQtbeDqsT4)
[LOADER][TRACE] Import#938: libSceAudioOut:sceAudioOutOutput (QOQtbeDqsT4)
[LOADER][TRACE] Import#939: libSceAudioOut:sceAudioOutOutput (QOQtbeDqsT4)
[LOADER][TRACE] Import#940: libSceAudioOut:sceAudioOutOutput (QOQtbeDqsT4)
[LOADER][TRACE] Import#941: libSceAudioOut:sceAudioOutOutput (QOQtbeDqsT4)
[LOADER][TRACE] Import#942: libSceAudioOut:sceAudioOutOutput (QOQtbeDqsT4)
[LOADER][TRACE] Import#943: libSceAudioOut:sceAudioOutOutput (QOQtbeDqsT4)
[LOADER][TRACE] Import#944: libSceAudioOut:sceAudioOutOutput (QOQtbeDqsT4)
[LOADER][TRACE] Import#945: libSceAudioOut:sceAudioOutOutput (QOQtbeDqsT4)
[LOADER][TRACE] Import#946: libSceAudioOut:sceAudioOutOutput (QOQtbeDqsT4)
[LOADER][TRACE] Import#947: libSceAudioOut:sceAudioOutOutput (QOQtbeDqsT4)
[LOADER][TRACE] Import#948: libSceAudioOut:sceAudioOutOutput (QOQtbeDqsT4)
[LOADER][TRACE] Import#949: libSceAudioOut:sceAudioOutOutput (QOQtbeDqsT4)
[LOADER][TRACE] Import#950: libSceAudioOut:sceAudioOutOutput (QOQtbeDqsT4)
[LOADER][TRACE] Import#951: libSceAudioOut:sceAudioOutOutput (QOQtbeDqsT4)
[LOADER][TRACE] Import#952: libSceAudioOut:sceAudioOutOutput (QOQtbeDqsT4)
[LOADER][TRACE] Import#953: libSceAudioOut:sceAudioOutOutput (QOQtbeDqsT4)
[LOADER][TRACE] Import#954: libSceAudioOut:sceAudioOutOutput (QOQtbeDqsT4)
[LOADER][TRACE] Import#955: libSceAudioOut:sceAudioOutOutput (QOQtbeDqsT4)
[NID-COUNTS] 1D0H2KNjshE=0 hsi9drzHR2k=0
[LOADER][TRACE] Import#956: libSceAudioOut:sceAudioOutOutput (QOQtbeDqsT4)
[LOADER][TRACE] Import#957: libSceAudioOut:sceAudioOutOutput (QOQtbeDqsT4)
[LOADER][TRACE] Import#958: libSceAudioOut:sceAudioOutOutput (QOQtbeDqsT4)
[LOADER][TRACE] Import#959: libSceAudioOut:sceAudioOutOutput (QOQtbeDqsT4)
[LOADER][TRACE] Import#960: libSceAudioOut:sceAudioOutOutput (QOQtbeDqsT4)
[LOADER][TRACE] Import#961: libSceAudioOut:sceAudioOutOutput (QOQtbeDqsT4)
[LOADER][TRACE] Import#962: libSceAudioOut:sceAudioOutOutput (QOQtbeDqsT4)
[LOADER][TRACE] Import#963: libSceAudioOut:sceAudioOutOutput (QOQtbeDqsT4)
[LOADER][TRACE] Import#964: libSceAudioOut:sceAudioOutOutput (QOQtbeDqsT4)
[LOADER][TRACE] Import#965: libSceAudioOut:sceAudioOutOutput (QOQtbeDqsT4)
[LOADER][TRACE] Import#966: libSceAudioOut:sceAudioOutOutput (QOQtbeDqsT4)
[LOADER][TRACE] Import#967: libSceAudioOut:sceAudioOutOutput (QOQtbeDqsT4)
[LOADER][TRACE] Import#968: libSceAudioOut:sceAudioOutOutput (QOQtbeDqsT4)
[LOADER][TRACE] Import#969: libSceAudioOut:sceAudioOutOutput (QOQtbeDqsT4)
[LOADER][TRACE] Import#970: libSceAudioOut:sceAudioOutOutput (QOQtbeDqsT4)
[LOADER][TRACE] Import#971: libSceAudioOut:sceAudioOutOutput (QOQtbeDqsT4)
[LOADER][TRACE] Import#972: libSceAudioOut:sceAudioOutOutput (QOQtbeDqsT4)
[LOADER][TRACE] Import#973: libSceAudioOut:sceAudioOutOutput (QOQtbeDqsT4)
[LOADER][TRACE] vk.render_work_enter #0 sequence=1 queue=dcb.graphics submission=1 queued_ms=2.896 VulkanOffscreenGuestDraw
[LOADER][TRACE] Import#974: libSceAudioOut:sceAudioOutOutput (QOQtbeDqsT4)
[LOADER][TRACE] Import#975: libSceAudioOut:sceAudioOutOutput (QOQtbeDqsT4)
[LOADER][TRACE] Import#976: libSceAudioOut:sceAudioOutOutput (QOQtbeDqsT4)
[LOADER][TRACE] Import#977: libSceAudioOut:sceAudioOutOutput (QOQtbeDqsT4)
[LOADER][TRACE] Import#978: libSceAudioOut:sceAudioOutOutput (QOQtbeDqsT4)
[LOADER][TRACE] Import#979: libSceAudioOut:sceAudioOutOutput (QOQtbeDqsT4)
[LOADER][TRACE] Import#980: libSceAudioOut:sceAudioOutOutput (QOQtbeDqsT4)
[LOADER][TRACE] Import#981: libSceAudioOut:sceAudioOutOutput (QOQtbeDqsT4)
[LOADER][TRACE] Import#982: libSceAudioOut:sceAudioOutOutput (QOQtbeDqsT4)
[LOADER][TRACE] Import#983: libSceAudioOut:sceAudioOutOutput (QOQtbeDqsT4)
[LOADER][TRACE] Import#984: libSceAudioOut:sceAudioOutOutput (QOQtbeDqsT4)
[LOADER][TRACE] Import#985: libSceAudioOut:sceAudioOutOutput (QOQtbeDqsT4)
[LOADER][TRACE] Import#986: libSceAudioOut:sceAudioOutOutput (QOQtbeDqsT4)
[LOADER][TRACE] Import#987: libSceAudioOut:sceAudioOutOutput (QOQtbeDqsT4)
[LOADER][TRACE] Import#988: libSceAudioOut:sceAudioOutOutput (QOQtbeDqsT4)
[LOADER][TRACE] Import#989: libSceAudioOut:sceAudioOutOutput (QOQtbeDqsT4)
[LOADER][TRACE] Import#990: libSceAudioOut:sceAudioOutOutput (QOQtbeDqsT4)
[LOADER][TRACE] Import#991: libSceAudioOut:sceAudioOutOutput (QOQtbeDqsT4)
[LOADER][TRACE] Import#992: libSceAudioOut:sceAudioOutOutput (QOQtbeDqsT4)
[LOADER][TRACE] Import#993: libSceAudioOut:sceAudioOutOutput (QOQtbeDqsT4)
[LOADER][TRACE] Import#994: libSceAudioOut:sceAudioOutOutput (QOQtbeDqsT4)
[LOADER][TRACE] Import#995: libSceAudioOut:sceAudioOutOutput (QOQtbeDqsT4)
[LOADER][TRACE] Import#996: libSceAudioOut:sceAudioOutOutput (QOQtbeDqsT4)
[LOADER][TRACE] Import#997: libSceAudioOut:sceAudioOutOutput (QOQtbeDqsT4)
[LOADER][TRACE] Import#998: libSceAudioOut:sceAudioOutOutput (QOQtbeDqsT4)
[LOADER][TRACE] Import#999: libSceAudioOut:sceAudioOutOutput (QOQtbeDqsT4)
[LOADER][TRACE] Import#1000: libSceAudioOut:sceAudioOutOutput (QOQtbeDqsT4)
[LOADER][TRACE] Import#1001: libSceAudioOut:sceAudioOutOutput (QOQtbeDqsT4)
[LOADER][TRACE] Import#1002: libSceAudioOut:sceAudioOutOutput (QOQtbeDqsT4)
[LOADER][TRACE] vk.present_taken addr=0x0000000001260000 version=1 drawKind=None hasPixels=False hasTranslatedDraw=False
[LOADER][TRACE] vk.present_sample frame=1 addr=0x0000000001260000
[LOADER][TRACE] Import#1003: libSceAudioOut:sceAudioOutOutput (QOQtbeDqsT4)
[LOADER][TRACE] Import#1004: libSceAudioOut:sceAudioOutOutput (QOQtbeDqsT4)
[LOADER][TRACE] Import#1005: libSceAudioOut:sceAudioOutOutput (QOQtbeDqsT4)
[LOADER][TRACE] Import#1006: libSceAudioOut:sceAudioOutOutput (QOQtbeDqsT4)
[LOADER][TRACE] Import#1007: libSceAudioOut:sceAudioOutOutput (QOQtbeDqsT4)
[LOADER][TRACE] Import#1008: libSceAudioOut:sceAudioOutOutput (QOQtbeDqsT4)
[LOADER][TRACE] Import#1009: libSceAudioOut:sceAudioOutOutput (QOQtbeDqsT4)
[LOADER][TRACE] Import#1010: libSceAudioOut:sceAudioOutOutput (QOQtbeDqsT4)
[LOADER][TRACE] Import#1011: libSceAudioOut:sceAudioOutOutput (QOQtbeDqsT4)
[LOADER][TRACE] Import#1012: libSceAudioOut:sceAudioOutOutput (QOQtbeDqsT4)
[LOADER][TRACE] Import#1013: libSceAudioOut:sceAudioOutOutput (QOQtbeDqsT4)
[LOADER][TRACE] Import#1014: libSceAudioOut:sceAudioOutOutput (QOQtbeDqsT4)
[LOADER][TRACE] Import#1015: libSceAudioOut:sceAudioOutOutput (QOQtbeDqsT4)
[LOADER][TRACE] Import#1016: libSceAudioOut:sceAudioOutOutput (QOQtbeDqsT4)
[LOADER][TRACE] Import#1017: libSceAudioOut:sceAudioOutOutput (QOQtbeDqsT4)
[LOADER][TRACE] Import#1018: libSceAudioOut:sceAudioOutOutput (QOQtbeDqsT4)
[LOADER][TRACE] Import#1019: libSceAudioOut:sceAudioOutOutput (QOQtbeDqsT4)
[LOADER][TRACE] Import#1020: libSceAudioOut:sceAudioOutOutput (QOQtbeDqsT4)
[LOADER][TRACE] ImportCtx#1020: nid=QOQtbeDqsT4 ret=0x00000008002E2B3D rdi=0x0000000000000001 rsi=0x00006FFFDF1FEF90 rdx=0x0000000000000100 rcx=0x0000000000000000
[LOADER][TRACE] ImportNV#1020: rbx=0x0000000000000000 rbp=0x00006FFFDF1FFFC0 r12=0x00007F8970EDE8F0 r13=0x00006FFFDF1FEF90 r14=0x0000000000000001 r15=0x00000008004C6B60
[LOADER][TRACE] ImportStackHead#1020: rsp=0x00006FFFDF1FEF78 [0]=0x00000008002E2B3D [20]=0x0000000000000000 [40]=0x0000000000000000
[LOADER][TRACE] ImportStack#1020: rsp=0x00006FFFDF1FEF78 [0]=0x00000008002E2B3D [8]=0x0000000000000000 [10]=0x0000800000008000 [18]=0x0000000000000000 [20]=0x0000000000000000 [28]=0x0000000000000000 [30]=0x0000000000000000 [38]=0x0000000000000000 [40]=0x0000000000000000
[LOADER][TRACE] ImportRet#1020: nid=QOQtbeDqsT4 result=ORBIS_GEN2_OK rax=0x0000000000000000
[LOADER][TRACE] Import#1021: libSceAudioOut:sceAudioOutOutput (QOQtbeDqsT4)
[LOADER][TRACE] ImportCtx#1021: nid=QOQtbeDqsT4 ret=0x00000008002E2B3D rdi=0x0000000000000001 rsi=0x00006FFFDF1FF790 rdx=0x0000000000000100 rcx=0x0000000000000000
[LOADER][TRACE] ImportNV#1021: rbx=0x0000000000000001 rbp=0x00006FFFDF1FFFC0 r12=0x00007F8970EDE8F0 r13=0x00006FFFDF1FF790 r14=0x0000000000000001 r15=0x00000008004C6B60
[LOADER][TRACE] ImportStackHead#1021: rsp=0x00006FFFDF1FEF78 [0]=0x00000008002E2B3D [20]=0x0000000000000000 [40]=0x0000000000000000
[LOADER][TRACE] ImportStack#1021: rsp=0x00006FFFDF1FEF78 [0]=0x00000008002E2B3D [8]=0x0000000000000000 [10]=0x0000800000008000 [18]=0x0000000000000000 [20]=0x0000000000000000 [28]=0x0000000000000000 [30]=0x0000000000000000 [38]=0x0000000000000000 [40]=0x0000000000000000
[LOADER][TRACE] ImportRet#1021: nid=QOQtbeDqsT4 result=ORBIS_GEN2_OK rax=0x0000000000000000
[LOADER][TRACE] Import#1022: libSceAudioOut:sceAudioOutOutput (QOQtbeDqsT4)
[LOADER][TRACE] ImportCtx#1022: nid=QOQtbeDqsT4 ret=0x00000008002E2B3D rdi=0x0000000000000001 rsi=0x00006FFFDF1FEF90 rdx=0x0000000000000100 rcx=0x0000000000000000
[LOADER][TRACE] ImportNV#1022: rbx=0x0000000000000000 rbp=0x00006FFFDF1FFFC0 r12=0x00007F8970EDE8F0 r13=0x00006FFFDF1FEF90 r14=0x0000000000000001 r15=0x00000008004C6B60
[LOADER][TRACE] ImportStackHead#1022: rsp=0x00006FFFDF1FEF78 [0]=0x00000008002E2B3D [20]=0x0000000000000000 [40]=0x0000000000000000
[LOADER][TRACE] ImportStack#1022: rsp=0x00006FFFDF1FEF78 [0]=0x00000008002E2B3D [8]=0x0000000000000000 [10]=0x0000800000008000 [18]=0x0000000000000000 [20]=0x0000000000000000 [28]=0x0000000000000000 [30]=0x0000000000000000 [38]=0x0000000000000000 [40]=0x0000000000000000
[LOADER][TRACE] ImportRet#1022: nid=QOQtbeDqsT4 result=ORBIS_GEN2_OK rax=0x0000000000000000
[LOADER][TRACE] Import#1023: libSceAudioOut:sceAudioOutOutput (QOQtbeDqsT4)
[LOADER][TRACE] ImportCtx#1023: nid=QOQtbeDqsT4 ret=0x00000008002E2B3D rdi=0x0000000000000001 rsi=0x00006FFFDF1FF790 rdx=0x0000000000000100 rcx=0x0000000000000000
[LOADER][TRACE] ImportNV#1023: rbx=0x0000000000000001 rbp=0x00006FFFDF1FFFC0 r12=0x00007F8970EDE8F0 r13=0x00006FFFDF1FF790 r14=0x0000000000000001 r15=0x00000008004C6B60
[LOADER][TRACE] ImportStackHead#1023: rsp=0x00006FFFDF1FEF78 [0]=0x00000008002E2B3D [20]=0x0000000000000000 [40]=0x0000000000000000
[LOADER][TRACE] ImportStack#1023: rsp=0x00006FFFDF1FEF78 [0]=0x00000008002E2B3D [8]=0x0000000000000000 [10]=0x0000800000008000 [18]=0x0000000000000000 [20]=0x0000000000000000 [28]=0x0000000000000000 [30]=0x0000000000000000 [38]=0x0000000000000000 [40]=0x0000000000000000
[DIAG-VERIFY] Import #1000 OK: libKernel::libKernel:scePthreadMutexLock ret=0x0000000000000000
[LOADER][TRACE] ImportRet#1023: nid=QOQtbeDqsT4 result=ORBIS_GEN2_OK rax=0x0000000000000000
[LOADER][TRACE] Import#1024: libSceAudioOut:sceAudioOutOutput (QOQtbeDqsT4)
[LOADER][TRACE] ImportCtx#1024: nid=QOQtbeDqsT4 ret=0x00000008002E2B3D rdi=0x0000000000000001 rsi=0x00006FFFDF1FEF90 rdx=0x0000000000000100 rcx=0x0000000000000000
[LOADER][TRACE] ImportNV#1024: rbx=0x0000000000000000 rbp=0x00006FFFDF1FFFC0 r12=0x00007F8970EDE8F0 r13=0x00006FFFDF1FEF90 r14=0x0000000000000001 r15=0x00000008004C6B60
[LOADER][TRACE] ImportStackHead#1024: rsp=0x00006FFFDF1FEF78 [0]=0x00000008002E2B3D [20]=0x0000000000000000 [40]=0x0000000000000000
[LOADER][TRACE] ImportStack#1024: rsp=0x00006FFFDF1FEF78 [0]=0x00000008002E2B3D [8]=0x0000000000000000 [10]=0x0000800000008000 [18]=0x0000000000000000 [20]=0x0000000000000000 [28]=0x0000000000000000 [30]=0x0000000000000000 [38]=0x0000000000000000 [40]=0x0000000000000000
[LOADER][TRACE] ImportRet#1024: nid=QOQtbeDqsT4 result=ORBIS_GEN2_OK rax=0x0000000000000000
[LOADER][TRACE] vk.swapchain_image size=1280x720 format=B8G8R8A8Unorm nonzero_bytes=3686400/3686400 nonblack_pixels=921600/921600 hash=0xB1F0512AF7B446AD
[LOADER][TRACE] vk.swapchain_dump path=/tmp/ds-golden-exp139/present-0001-1280x720-B8G8R8A8Unorm.bgra
[LOADER][INFO] Vulkan VideoOut presented guest frame: image=0x0000000001260000 3840x2160
[LOADER][TRACE] vk.render_work_enter #0 sequence=5 queue=dcb.graphics submission=2 queued_ms=1.178 VulkanOffscreenGuestDraw
[LOADER][TRACE] vk.present_taken addr=0x0000000003240000 version=2 drawKind=None hasPixels=False hasTranslatedDraw=False
[LOADER][TRACE] vk.swapchain_image size=1280x720 format=B8G8R8A8Unorm nonzero_bytes=3686400/3686400 nonblack_pixels=921600/921600 hash=0xB1F0512AF7B446AD
[LOADER][TRACE] vk.swapchain_dump path=/tmp/ds-golden-exp139/present-0002-1280x720-B8G8R8A8Unorm.bgra
[LOADER][TRACE] vk.render_work_enter #0 sequence=9 queue=dcb.graphics submission=3 queued_ms=0.426 VulkanOffscreenGuestDraw
[LOADER][TRACE] vk.present_taken addr=0x0000000001260000 version=3 drawKind=None hasPixels=False hasTranslatedDraw=False
[LOADER][TRACE] vk.swapchain_image size=1280x720 format=B8G8R8A8Unorm nonzero_bytes=3686400/3686400 nonblack_pixels=921600/921600 hash=0xB1F0512AF7B446AD
[LOADER][TRACE] vk.swapchain_dump path=/tmp/ds-golden-exp139/present-0003-1280x720-B8G8R8A8Unorm.bgra
[LOADER][INFO] Scheduled guest thread 'run_c2init' handle=0x00007F8950009370 entry=0x00000008002E53F0 arg=0x00000000001A4C90 priority=700 host_priority=Normal affinity=0x7F
[LOADER][TRACE] vk.render_work_enter #0 sequence=13 queue=dcb.graphics submission=4 queued_ms=0.125 VulkanOffscreenGuestDraw
[LOADER][TRACE] vk.present_taken addr=0x0000000003240000 version=4 drawKind=None hasPixels=False hasTranslatedDraw=False
----BEGIN C2 BOOT---- (1785866216.48)
[LOADER][TRACE] Import#151040: libKernel:sceKernelAllocateDirectMemory (rTXw65xmLIA)
[LOADER][INFO] Scheduled guest thread '(BackgroundLoader) P.Worker 0' handle=0x00007F895C0492C0 entry=0x00000008002E53F0 arg=0x00000000001A8350 priority=710 host_priority=Normal affinity=0x7F
[LOADER][TRACE] Import#1114: libKernel:scePthreadAttrInit (nsYoNRywwNg)
[LOADER][TRACE] Import#1115: libKernel:scePthreadAttrGet (x1X76arYMxU)
[LOADER][TRACE] Import#1116: libKernel:scePthreadAttrGetstack (-quPa4SEJUw)
[LOADER][TRACE] Import#1117: libKernel:scePthreadAttrDestroy (62KCwEMmzcM)
[LOADER][TRACE] Import#1118: libKernel:scePthreadMutexLock (9UK1vLZQft4)
[LOADER][TRACE] Import#1119: libKernel:scePthreadCondTimedwait (BmMjYxmew1w)
[LOADER][INFO] Scheduled guest thread '(BackgroundLoader) P.Worker 1' handle=0x00007F895C050990 entry=0x00000008002E53F0 arg=0x00000000001A8380 priority=710 host_priority=Normal affinity=0x7F
[LOADER][TRACE] Import#1120: libKernel:scePthreadAttrInit (nsYoNRywwNg)
[LOADER][TRACE] Import#1121: libKernel:scePthreadAttrGet (x1X76arYMxU)
[LOADER][TRACE] Import#1122: libKernel:scePthreadAttrGetstack (-quPa4SEJUw)
[LOADER][TRACE] Import#1123: libKernel:scePthreadAttrDestroy (62KCwEMmzcM)
[LOADER][TRACE] Import#1124: libKernel:scePthreadMutexLock (9UK1vLZQft4)
[LOADER][TRACE] Import#1125: libKernel:scePthreadCondTimedwait (BmMjYxmew1w)
[LOADER][INFO] Scheduled guest thread '(BackgroundLoader) P.Worker 2' handle=0x00007F895C052650 entry=0x00000008002E53F0 arg=0x00000000001A83B0 priority=710 host_priority=Normal affinity=0x7F
[LOADER][TRACE] Import#1126: libKernel:scePthreadAttrInit (nsYoNRywwNg)
[LOADER][TRACE] Import#1127: libKernel:scePthreadAttrGet (x1X76arYMxU)
[LOADER][TRACE] Import#1128: libKernel:scePthreadAttrGetstack (-quPa4SEJUw)
[LOADER][TRACE] Import#1129: libKernel:scePthreadAttrDestroy (62KCwEMmzcM)
[LOADER][TRACE] Import#1130: libKernel:scePthreadMutexLock (9UK1vLZQft4)
[LOADER][TRACE] Import#1131: libKernel:scePthreadCondTimedwait (BmMjYxmew1w)
[LOADER][INFO] Scheduled guest thread '(BackgroundLoader) P.Worker 3' handle=0x00007F895C0543C0 entry=0x00000008002E53F0 arg=0x00000000001A83E0 priority=710 host_priority=Normal affinity=0x7F
[LOADER][INFO] Scheduled guest thread '(BackgroundLoader) P.Worker 4' handle=0x00007F895C056B00 entry=0x00000008002E53F0 arg=0x00000000001A8410 priority=710 host_priority=Normal affinity=0x7F
[LOADER][TRACE] Import#1132: libKernel:scePthreadAttrInit (nsYoNRywwNg)
[LOADER][TRACE] Import#1133: libKernel:scePthreadAttrGet (x1X76arYMxU)
[LOADER][TRACE] Import#1134: libKernel:scePthreadAttrGetstack (-quPa4SEJUw)
[LOADER][TRACE] Import#1135: libKernel:scePthreadAttrDestroy (62KCwEMmzcM)
[LOADER][TRACE] Import#1136: libKernel:scePthreadMutexLock (9UK1vLZQft4)
[LOADER][TRACE] Import#1137: libKernel:scePthreadCondTimedwait (BmMjYxmew1w)
[LOADER][INFO] Scheduled guest thread '(BackgroundLoader) P.Worker 5' handle=0x00007F895C059240 entry=0x00000008002E53F0 arg=0x00000000001A8440 priority=710 host_priority=Normal affinity=0x7F
[LOADER][TRACE] Import#1138: libKernel:scePthreadAttrInit (nsYoNRywwNg)
[LOADER][TRACE] Import#1139: libKernel:scePthreadAttrGet (x1X76arYMxU)
[LOADER][TRACE] Import#1140: libKernel:scePthreadAttrGetstack (-quPa4SEJUw)
[LOADER][TRACE] Import#1141: libKernel:scePthreadAttrDestroy (62KCwEMmzcM)
[LOADER][TRACE] Import#1142: libKernel:scePthreadMutexLock (9UK1vLZQft4)
[LOADER][TRACE] Import#1143: libKernel:scePthreadCondTimedwait (BmMjYxmew1w)
[LOADER][INFO] Scheduled guest thread '(BackgroundLoader) P.Worker 6' handle=0x00007F895C05B980 entry=0x00000008002E53F0 arg=0x00000000001A8470 priority=710 host_priority=Normal affinity=0x7F
[LOADER][TRACE] Import#1144: libKernel:scePthreadAttrInit (nsYoNRywwNg)
[LOADER][TRACE] Import#1145: libKernel:scePthreadAttrGet (x1X76arYMxU)
[LOADER][TRACE] Import#1146: libKernel:scePthreadAttrGetstack (-quPa4SEJUw)
[LOADER][TRACE] Import#1147: libKernel:scePthreadAttrDestroy (62KCwEMmzcM)
[LOADER][TRACE] Import#1148: libKernel:scePthreadMutexLock (9UK1vLZQft4)
[LOADER][TRACE] Import#1149: libKernel:scePthreadCondTimedwait (BmMjYxmew1w)
[LOADER][INFO] Scheduled guest thread '(BackgroundLoader) P.Worker 7' handle=0x00007F895C05E560 entry=0x00000008002E53F0 arg=0x00000000001A84A0 priority=710 host_priority=Normal affinity=0x7F
[LOADER][TRACE] Import#1150: libKernel:scePthreadAttrInit (nsYoNRywwNg)
[LOADER][TRACE] Import#1151: libKernel:scePthreadAttrGet (x1X76arYMxU)
[LOADER][TRACE] Import#1152: libKernel:scePthreadAttrGetstack (-quPa4SEJUw)
[LOADER][TRACE] Import#1153: libKernel:scePthreadAttrDestroy (62KCwEMmzcM)
[LOADER][TRACE] Import#1154: libKernel:scePthreadMutexLock (9UK1vLZQft4)
[LOADER][TRACE] Import#1155: libKernel:scePthreadCondTimedwait (BmMjYxmew1w)
[LOADER][TRACE] Import#1156: libKernel:scePthreadAttrInit (nsYoNRywwNg)
[LOADER][TRACE] Import#1157: libKernel:scePthreadAttrGet (x1X76arYMxU)
[LOADER][TRACE] Import#1158: libKernel:scePthreadAttrGetstack (-quPa4SEJUw)
[LOADER][TRACE] Import#1159: libKernel:scePthreadAttrDestroy (62KCwEMmzcM)
[LOADER][TRACE] Import#1160: libKernel:scePthreadMutexLock (9UK1vLZQft4)
[LOADER][TRACE] Import#1161: libKernel:scePthreadCondTimedwait (BmMjYxmew1w)
[LOADER][INFO] Scheduled guest thread '(BackgroundLoader) P.Worker 8' handle=0x00007F895C061040 entry=0x00000008002E53F0 arg=0x00000000001A84D0 priority=710 host_priority=Normal affinity=0x7F
[LOADER][INFO] Scheduled guest thread '(BackgroundLoader) P.Worker 9' handle=0x00007F895C04C980 entry=0x00000008002E53F0 arg=0x00000000001A8500 priority=710 host_priority=Normal affinity=0x7F
[LOADER][TRACE] Import#1162: libKernel:scePthreadAttrInit (nsYoNRywwNg)
[LOADER][TRACE] Import#1163: libKernel:scePthreadAttrGet (x1X76arYMxU)
[LOADER][TRACE] Import#1164: libKernel:scePthreadAttrGetstack (-quPa4SEJUw)
[LOADER][TRACE] Import#1165: libKernel:scePthreadAttrDestroy (62KCwEMmzcM)
[LOADER][TRACE] Import#1166: libKernel:scePthreadMutexLock (9UK1vLZQft4)
[LOADER][TRACE] Import#1167: libKernel:scePthreadCondTimedwait (BmMjYxmew1w)
[LOADER][INFO] Scheduled guest thread '(BackgroundLoader) P.Worker 10' handle=0x00007F895C04F420 entry=0x00000008002E53F0 arg=0x00000000001A8530 priority=710 host_priority=Normal affinity=0x7F
[LOADER][TRACE] Import#1168: libKernel:scePthreadAttrInit (nsYoNRywwNg)
[LOADER][TRACE] Import#1169: libKernel:scePthreadAttrGet (x1X76arYMxU)
[LOADER][TRACE] Import#1170: libKernel:scePthreadAttrGetstack (-quPa4SEJUw)
[LOADER][TRACE] Import#1171: libKernel:scePthreadAttrDestroy (62KCwEMmzcM)
[LOADER][TRACE] Import#1172: libKernel:scePthreadMutexLock (9UK1vLZQft4)
[LOADER][TRACE] Import#1173: libKernel:scePthreadCondTimedwait (BmMjYxmew1w)
[LOADER][INFO] Scheduled guest thread '(BackgroundLoader) P.Worker 11' handle=0x00007F895C065050 entry=0x00000008002E53F0 arg=0x00000000001A8560 priority=710 host_priority=Normal affinity=0x7F
[LOADER][TRACE] Import#1174: libKernel:scePthreadAttrInit (nsYoNRywwNg)
[LOADER][TRACE] Import#1175: libKernel:scePthreadAttrGet (x1X76arYMxU)
[LOADER][TRACE] Import#1176: libKernel:scePthreadAttrGetstack (-quPa4SEJUw)
[LOADER][TRACE] Import#1177: libKernel:scePthreadAttrDestroy (62KCwEMmzcM)
[LOADER][TRACE] Import#1178: libKernel:scePthreadMutexLock (9UK1vLZQft4)
[LOADER][TRACE] Import#1179: libKernel:scePthreadCondTimedwait (BmMjYxmew1w)
[LOADER][TRACE] vk.swapchain_image size=1280x720 format=B8G8R8A8Unorm nonzero_bytes=3686400/3686400 nonblack_pixels=921600/921600 hash=0xB1F0512AF7B446AD
[LOADER][INFO] Scheduled guest thread '(BackgroundLoader) P.Worker 12' handle=0x00007F895C067B10 entry=0x00000008002E53F0 arg=0x00000000001A8590 priority=710 host_priority=Normal affinity=0x7F
[LOADER][TRACE] vk.swapchain_dump path=/tmp/ds-golden-exp139/present-0004-1280x720-B8G8R8A8Unorm.bgra
[LOADER][INFO] Scheduled guest thread '(BackgroundLoader) P.Worker 13' handle=0x00007F895C06A5D0 entry=0x00000008002E53F0 arg=0x00000000001A85C0 priority=710 host_priority=Normal affinity=0x7F
[LOADER][INFO] Scheduled guest thread '(BackgroundLoader) P.Worker 14' handle=0x00007F895C06D090 entry=0x00000008002E53F0 arg=0x00000000001A85F0 priority=710 host_priority=Normal affinity=0x7F
[LOADER][INFO] Scheduled guest thread 'background loader' handle=0x00007F895C06FB50 entry=0x00000008002E53F0 arg=0x00000000001A8620 priority=690 host_priority=Normal affinity=0x7F
[DIAG-VERIFY] Import #149000 OK: libKernel::libKernel:__error ret=0x00006FFDF1000040
[DIAG-VERIFY] Import #150000 OK: libKernel::libKernel:__error ret=0x00006FFDF1000040
[DIAG-VERIFY] Import #151000 OK: libKernel::libKernel:__error ret=0x00006FFDF1000040
[LOADER][TRACE] vk.render_work_enter #2 sequence=17 queue=dcb.graphics submission=5 queued_ms=1.529 VulkanOffscreenGuestDraw
[LOADER][TRACE] vk.present_taken addr=0x0000000001260000 version=5 drawKind=None hasPixels=False hasTranslatedDraw=False
[DIAG-VERIFY] Import #152000 OK: libKernel::libKernel:__error ret=0x00006FFDF1000040
[DIAG-VERIFY] Import #153000 OK: libc::libc:memchr ret=0x0000000000000000
[DIAG-VERIFY] Import #154000 OK: libc::libc:memchr ret=0x0000000000000000
[DIAG-VERIFY] Import #155000 OK: libKernel::libKernel:__error ret=0x00006FFDF1000040
[DIAG-VERIFY] Import #156000 OK: libKernel::libKernel:__error ret=0x00006FFDF1000040
[DIAG-VERIFY] Import #157000 OK: libKernel::libKernel:__error ret=0x00006FFDF1000040
[DIAG-VERIFY] Import #158000 OK: libKernel::libKernel:__error ret=0x00006FFDF1000040
[DIAG-VERIFY] Import #159000 OK: libKernel::libKernel:__error ret=0x00006FFDF1000040
[DIAG-VERIFY] Import #160000 OK: libKernel::libKernel:__error ret=0x00006FFDF1000040
[DIAG-VERIFY] Import #161000 OK: libKernel::libKernel:__error ret=0x00006FFDF1000040
[DIAG-VERIFY] Import #162000 OK: libKernel::libKernel:__error ret=0x00006FFDF1000040
[DIAG-VERIFY] Import #163000 OK: libc::libc:memchr ret=0x0000000000000000
[DIAG-VERIFY] Import #164000 OK: libc::libc:memchr ret=0x0000000000000000
[DIAG-VERIFY] Import #165000 OK: libKernel::libKernel:__error ret=0x00006FFDF1000040
[DIAG-VERIFY] Import #166000 OK: libc::libc:memchr ret=0x0000000000000000
[LOADER][TRACE] vk.swapchain_image size=1280x720 format=B8G8R8A8Unorm nonzero_bytes=3686400/3686400 nonblack_pixels=921600/921600 hash=0xB1F0512AF7B446AD
[DIAG-VERIFY] Import #167000 OK: libKernel::libKernel:__error ret=0x00006FFDF1000040
[LOADER][TRACE] vk.swapchain_dump path=/tmp/ds-golden-exp139/present-0005-1280x720-B8G8R8A8Unorm.bgra
[DIAG-VERIFY] Import #168000 OK: libKernel::libKernel:__error ret=0x00006FFDF1000040
[DIAG-VERIFY] Import #169000 OK: libKernel::libKernel:__error ret=0x00006FFDF1000040
[DIAG-VERIFY] Import #170000 OK: libKernel::libKernel:__error ret=0x00006FFDF1000040
[DIAG-VERIFY] Import #171000 OK: libKernel::libKernel:__error ret=0x00006FFDF1000040
[LOADER][TRACE] vk.render_work_enter #0 sequence=21 queue=dcb.graphics submission=6 queued_ms=11.122 VulkanOffscreenGuestDraw
[LOADER][TRACE] vk.present_taken addr=0x0000000003240000 version=6 drawKind=None hasPixels=False hasTranslatedDraw=False
[DIAG-VERIFY] Import #172000 OK: libKernel::libKernel:__error ret=0x00006FFDF1000040
[DIAG-VERIFY] Import #173000 OK: libKernel::libKernel:__error ret=0x00006FFDF1000040
[DIAG-VERIFY] Import #174000 OK: libKernel::libKernel:__error ret=0x00006FFDF1000040
[DIAG-VERIFY] Import #175000 OK: libc::libc:memchr ret=0x0000000000000000
[DIAG-VERIFY] Import #176000 OK: libKernel::libKernel:__error ret=0x00006FFDF1000040
[DIAG-VERIFY] Import #177000 OK: libKernel::libKernel:__error ret=0x00006FFDF1000040
[DIAG-VERIFY] Import #178000 OK: libKernel::libKernel:__error ret=0x00006FFDF1000040
[DIAG-VERIFY] Import #179000 OK: libKernel::libKernel:__error ret=0x00006FFDF1000040
[DIAG-VERIFY] Import #180000 OK: libKernel::libKernel:__error ret=0x00006FFDF1000040
[DIAG-VERIFY] Import #181000 OK: libKernel::libKernel:__error ret=0x00006FFDF1000040
[LOADER][TRACE] vk.swapchain_image size=1280x720 format=B8G8R8A8Unorm nonzero_bytes=3686400/3686400 nonblack_pixels=921600/921600 hash=0xB1F0512AF7B446AD
[DIAG-VERIFY] Import #182000 OK: libKernel::libKernel:__error ret=0x00006FFDF1000040
[LOADER][TRACE] vk.swapchain_dump path=/tmp/ds-golden-exp139/present-0006-1280x720-B8G8R8A8Unorm.bgra
[DIAG-VERIFY] Import #183000 OK: libKernel::libKernel:__error ret=0x00006FFDF1000040
[DIAG-VERIFY] Import #184000 OK: libKernel::libKernel:__error ret=0x00006FFDF1000040
[DIAG-VERIFY] Import #185000 OK: libKernel::libKernel:__error ret=0x00006FFDF1000040
[DIAG-VERIFY] Import #186000 OK: libKernel::libKernel:__error ret=0x00006FFDF1000040
[DIAG-VERIFY] Import #187000 OK: libKernel::libKernel:__error ret=0x00006FFDF1000040
[DIAG-VERIFY] Import #188000 OK: libKernel::libKernel:__error ret=0x00006FFDF1000040
[DIAG-VERIFY] Import #189000 OK: libKernel::libKernel:__error ret=0x00006FFDF1000040
[DIAG-VERIFY] Import #190000 OK: libKernel::libKernel:__error ret=0x00006FFDF1000040
[DIAG-VERIFY] Import #191000 OK: libKernel::libKernel:__error ret=0x00006FFDF1000040
[DIAG-VERIFY] Import #192000 OK: libKernel::libKernel:__error ret=0x00006FFDF1000040
[DIAG-VERIFY] Import #193000 OK: libKernel::libKernel:__error ret=0x00006FFDF1000040
[DIAG-VERIFY] Import #194000 OK: libKernel::libKernel:__error ret=0x00006FFDF1000040
[LOADER][TRACE] Import#200000: libKernel:__error (9BcDykPmo1I)
[DIAG-VERIFY] Import #195000 OK: libKernel::libKernel:__error ret=0x00006FFDF1000040
[DIAG-VERIFY] Import #196000 OK: libKernel::libKernel:__error ret=0x00006FFDF1000040
[DIAG-VERIFY] Import #197000 OK: libKernel::libKernel:__error ret=0x00006FFDF1000040
[DIAG-VERIFY] Import #198000 OK: libKernel::libKernel:__error ret=0x00006FFDF1000040
[DIAG-VERIFY] Import #199000 OK: libKernel::libKernel:__error ret=0x00006FFDF1000040
[LOADER][TRACE] vk.render_work_enter #0 sequence=25 queue=dcb.graphics submission=7 queued_ms=2.077 VulkanOffscreenGuestDraw
[LOADER][TRACE] vk.present_taken addr=0x0000000001260000 version=7 drawKind=None hasPixels=False hasTranslatedDraw=False
[DIAG-VERIFY] Import #200000 OK: libKernel::libKernel:__error ret=0x00006FFDF1000040
[DIAG-VERIFY] Import #201000 OK: libKernel::libKernel:__error ret=0x00006FFDF1000040
[DIAG-VERIFY] Import #202000 OK: libKernel::libKernel:__error ret=0x00006FFDF1000040
[DIAG-VERIFY] Import #203000 OK: libKernel::libKernel:__error ret=0x00006FFDF1000040
[DIAG-VERIFY] Import #204000 OK: libKernel::libKernel:__error ret=0x00006FFDF1000040
[DIAG-VERIFY] Import #205000 OK: libKernel::libKernel:__error ret=0x00006FFDF1000040
[DIAG-VERIFY] Import #206000 OK: libKernel::libKernel:__error ret=0x00006FFDF1000040
[DIAG-VERIFY] Import #207000 OK: libc::libc:memchr ret=0x0000000000000000
[DIAG-VERIFY] Import #208000 OK: libKernel::libKernel:__error ret=0x00006FFDF1000040
[DIAG-VERIFY] Import #209000 OK: libKernel::libKernel:__error ret=0x00006FFDF1000040
[DIAG-VERIFY] Import #210000 OK: libKernel::libKernel:__error ret=0x00006FFDF1000040
[DIAG-VERIFY] Import #211000 OK: libKernel::libKernel:__error ret=0x00006FFDF1000040
[DIAG-VERIFY] Import #212000 OK: libKernel::libKernel:__error ret=0x00006FFDF1000040
[DIAG-VERIFY] Import #213000 OK: libKernel::libKernel:__error ret=0x00006FFDF1000040
[DIAG-VERIFY] Import #214000 OK: libKernel::libKernel:__error ret=0x00006FFDF1000040
[DIAG-VERIFY] Import #215000 OK: libKernel::libKernel:__error ret=0x00006FFDF1000040
[DIAG-VERIFY] Import #216000 OK: libKernel::libKernel:__error ret=0x00006FFDF1000040
[DIAG-VERIFY] Import #217000 OK: libKernel::libKernel:__error ret=0x00006FFDF1000040
[DIAG-VERIFY] Import #218000 OK: libKernel::libKernel:__error ret=0x00006FFDF1000040
[DIAG-VERIFY] Import #219000 OK: libKernel::libKernel:__error ret=0x00006FFDF1000040
[DIAG-VERIFY] Import #220000 OK: libKernel::libKernel:__error ret=0x00006FFDF1000040
[DIAG-VERIFY] Import #221000 OK: libKernel::libKernel:__error ret=0x00006FFDF1000040
[DIAG-VERIFY] Import #222000 OK: libKernel::libKernel:__error ret=0x00006FFDF1000040
[DIAG-VERIFY] Import #223000 OK: libKernel::libKernel:__error ret=0x00006FFDF1000040
[NID-COUNTS] 1D0H2KNjshE=0 hsi9drzHR2k=0
[DIAG-VERIFY] Import #224000 OK: libKernel::libKernel:__error ret=0x00006FFDF1000040
[LOADER][TRACE] vk.swapchain_image size=1280x720 format=B8G8R8A8Unorm nonzero_bytes=3686400/3686400 nonblack_pixels=921600/921600 hash=0xB1F0512AF7B446AD
[LOADER][TRACE] vk.swapchain_dump path=/tmp/ds-golden-exp139/present-0007-1280x720-B8G8R8A8Unorm.bgra
[DIAG-VERIFY] Import #225000 OK: libKernel::libKernel:__error ret=0x00006FFDF1000040
[DIAG-VERIFY] Import #226000 OK: libKernel::libKernel:__error ret=0x00006FFDF1000040
[DIAG-VERIFY] Import #227000 OK: libKernel::libKernel:__error ret=0x00006FFDF1000040
[DIAG-VERIFY] Import #228000 OK: libKernel::libKernel:__error ret=0x00006FFDF1000040
[DIAG-VERIFY] Import #229000 OK: libKernel::libKernel:__error ret=0x00006FFDF1000040
[DIAG-VERIFY] Import #230000 OK: libKernel::libKernel:__error ret=0x00006FFDF1000040
[DIAG-VERIFY] Import #231000 OK: libKernel::libKernel:__error ret=0x00006FFDF1000040
[DIAG-VERIFY] Import #232000 OK: libKernel::libKernel:__error ret=0x00006FFDF1000040
[DIAG-VERIFY] Import #233000 OK: libKernel::libKernel:__error ret=0x00006FFDF1000040
[DIAG-VERIFY] Import #234000 OK: libKernel::libKernel:__error ret=0x00006FFDF1000040
[DIAG-VERIFY] Import #235000 OK: libKernel::libKernel:__error ret=0x00006FFDF1000040
[DIAG-VERIFY] Import #236000 OK: libKernel::libKernel:__error ret=0x00006FFDF1000040
[DIAG-VERIFY] Import #237000 OK: libKernel::libKernel:__error ret=0x00006FFDF1000040
[LOADER][TRACE] vk.render_work_enter #0 sequence=29 queue=dcb.graphics submission=8 queued_ms=2.499 VulkanOffscreenGuestDraw
[DIAG-VERIFY] Import #238000 OK: libKernel::libKernel:__error ret=0x00006FFDF1000040
[DIAG-VERIFY] Import #239000 OK: libKernel::libKernel:__error ret=0x00006FFDF1000040
[DIAG-VERIFY] Import #240000 OK: libKernel::libKernel:__error ret=0x00006FFDF1000040
[LOADER][TRACE] vk.present_taken addr=0x0000000003240000 version=8 drawKind=None hasPixels=False hasTranslatedDraw=False
[DIAG-VERIFY] Import #241000 OK: libKernel::libKernel:__error ret=0x00006FFDF1000040
[DIAG-VERIFY] Import #242000 OK: libKernel::libKernel:__error ret=0x00006FFDF1000040
[DIAG-VERIFY] Import #243000 OK: libKernel::libKernel:__error ret=0x00006FFDF1000040
[DIAG-VERIFY] Import #244000 OK: libKernel::libKernel:__error ret=0x00006FFDF1000040
[DIAG-VERIFY] Import #245000 OK: libKernel::libKernel:__error ret=0x00006FFDF1000040
[DIAG-VERIFY] Import #246000 OK: libKernel::libKernel:__error ret=0x00006FFDF1000040
[DIAG-VERIFY] Import #247000 OK: libKernel::libKernel:__error ret=0x00006FFDF1000040
[DIAG-VERIFY] Import #248000 OK: libKernel::libKernel:__error ret=0x00006FFDF1000040
[DIAG-VERIFY] Import #249000 OK: libKernel::libKernel:__error ret=0x00006FFDF1000040
[DIAG-VERIFY] Import #250000 OK: libKernel::libKernel:__error ret=0x00006FFDF1000040
[DIAG-VERIFY] Import #251000 OK: libKernel::libKernel:__error ret=0x00006FFDF1000040
[DIAG-VERIFY] Import #252000 OK: libKernel::libKernel:__error ret=0x00006FFDF1000040
[DIAG-VERIFY] Import #253000 OK: libKernel::libKernel:__error ret=0x00006FFDF1000040
[DIAG-VERIFY] Import #254000 OK: libKernel::libKernel:__error ret=0x00006FFDF1000040
[DIAG-VERIFY] Import #255000 OK: libKernel::libKernel:__error ret=0x00006FFDF1000040
[DIAG-VERIFY] Import #256000 OK: libKernel::libKernel:__error ret=0x00006FFDF1000040
[DIAG-VERIFY] Import #257000 OK: libKernel::libKernel:__error ret=0x00006FFDF1000040
[DIAG-VERIFY] Import #258000 OK: libKernel::libKernel:__error ret=0x00006FFDF1000040
[DIAG-VERIFY] Import #259000 OK: libKernel::libKernel:__error ret=0x00006FFDF1000040
[DIAG-VERIFY] Import #260000 OK: libKernel::libKernel:__error ret=0x00006FFDF1000040
[DIAG-VERIFY] Import #2000 OK: libKernel::libKernel:scePthreadMutexLock ret=0x0000000000000000
[DIAG-VERIFY] Import #261000 OK: libKernel::libKernel:__error ret=0x00006FFDF1000040
[DIAG-VERIFY] Import #262000 OK: libc::libc:memchr ret=0x0000000000000000
[DIAG-VERIFY] Import #263000 OK: libKernel::libKernel:__error ret=0x00006FFDF1000040
[DIAG-VERIFY] Import #264000 OK: libKernel::libKernel:__error ret=0x00006FFDF1000040
[DIAG-VERIFY] Import #265000 OK: libKernel::libKernel:__error ret=0x00006FFDF1000040
[DIAG-VERIFY] Import #266000 OK: libKernel::libKernel:__error ret=0x00006FFDF1000040
[DIAG-VERIFY] Import #267000 OK: libKernel::libKernel:__error ret=0x00006FFDF1000040
[DIAG-VERIFY] Import #268000 OK: libKernel::libKernel:__error ret=0x00006FFDF1000040
[DIAG-VERIFY] Import #269000 OK: libKernel::libKernel:__error ret=0x00006FFDF1000040
[LOADER][TRACE] vk.swapchain_image size=1280x720 format=B8G8R8A8Unorm nonzero_bytes=3686400/3686400 nonblack_pixels=921600/921600 hash=0xB1F0512AF7B446AD
[LOADER][TRACE] vk.swapchain_dump path=/tmp/ds-golden-exp139/present-0008-1280x720-B8G8R8A8Unorm.bgra
[DIAG-VERIFY] Import #270000 OK: libKernel::libKernel:__error ret=0x00006FFDF1000040
[DIAG-VERIFY] Import #271000 OK: libKernel::libKernel:__error ret=0x00006FFDF1000040
[DIAG-VERIFY] Import #272000 OK: libKernel::libKernel:__error ret=0x00006FFDF1000040
[DIAG-VERIFY] Import #273000 OK: libKernel::libKernel:__error ret=0x00006FFDF1000040
[DIAG-VERIFY] Import #274000 OK: libKernel::libKernel:__error ret=0x00006FFDF1000040
[LOADER][TRACE] vk.render_work_enter #0 sequence=33 queue=dcb.graphics submission=9 queued_ms=1.016 VulkanOffscreenGuestDraw
[DIAG-VERIFY] Import #275000 OK: libKernel::libKernel:__error ret=0x00006FFDF1000040
[DIAG-VERIFY] Import #276000 OK: libKernel::libKernel:__error ret=0x00006FFDF1000040
[LOADER][TRACE] vk.present_taken addr=0x0000000001260000 version=9 drawKind=None hasPixels=False hasTranslatedDraw=False
[DIAG-VERIFY] Import #277000 OK: libKernel::libKernel:__error ret=0x00006FFDF1000040
[DIAG-VERIFY] Import #278000 OK: libKernel::libKernel:__error ret=0x00006FFDF1000040
[DIAG-VERIFY] Import #279000 OK: libKernel::libKernel:__error ret=0x00006FFDF1000040
[DIAG-VERIFY] Import #280000 OK: libKernel::libKernel:__error ret=0x00006FFDF1000040
[DIAG-VERIFY] Import #281000 OK: libKernel::libKernel:__error ret=0x00006FFDF1000040
[DIAG-VERIFY] Import #282000 OK: libKernel::libKernel:__error ret=0x00006FFDF1000040
[DIAG-VERIFY] Import #283000 OK: libKernel::libKernel:__error ret=0x00006FFDF1000040
[DIAG-VERIFY] Import #284000 OK: libc::libc:memchr ret=0x0000000000000000
[DIAG-VERIFY] Import #285000 OK: libKernel::libKernel:__error ret=0x00006FFDF1000040
[DIAG-VERIFY] Import #286000 OK: libKernel::libKernel:__error ret=0x00006FFDF1000040
[DIAG-VERIFY] Import #287000 OK: libKernel::libKernel:__error ret=0x00006FFDF1000040
[DIAG-VERIFY] Import #288000 OK: libKernel::libKernel:__error ret=0x00006FFDF1000040
[DIAG-VERIFY] Import #289000 OK: libKernel::libKernel:__error ret=0x00006FFDF1000040
[DIAG-VERIFY] Import #290000 OK: libKernel::libKernel:__error ret=0x00006FFDF1000040
[DIAG-VERIFY] Import #291000 OK: libKernel::libKernel:__error ret=0x00006FFDF1000040
[DIAG-VERIFY] Import #292000 OK: libKernel::libKernel:__error ret=0x00006FFDF1000040
[DIAG-VERIFY] Import #293000 OK: libKernel::libKernel:__error ret=0x00006FFDF1000040
[LOADER][TRACE] Import#300000: libKernel:__error (9BcDykPmo1I)
[DIAG-VERIFY] Import #294000 OK: libKernel::libKernel:__error ret=0x00006FFDF1000040
[DIAG-VERIFY] Import #295000 OK: libKernel::libKernel:__error ret=0x00006FFDF1000040
[DIAG-VERIFY] Import #296000 OK: libKernel::libKernel:__error ret=0x00006FFDF1000040
[DIAG-VERIFY] Import #297000 OK: libKernel::libKernel:__error ret=0x00006FFDF1000040
[DIAG-VERIFY] Import #298000 OK: libKernel::libKernel:__error ret=0x00006FFDF1000040
[DIAG-VERIFY] Import #299000 OK: libKernel::libKernel:__error ret=0x00006FFDF1000040
[DIAG-VERIFY] Import #300000 OK: libKernel::libKernel:__error ret=0x00006FFDF1000040
[DIAG-VERIFY] Import #301000 OK: libKernel::libKernel:__error ret=0x00006FFDF1000040
[DIAG-VERIFY] Import #302000 OK: libKernel::libKernel:__error ret=0x00006FFDF1000040
[DIAG-VERIFY] Import #303000 OK: libKernel::libKernel:__error ret=0x00006FFDF1000040
[DIAG-VERIFY] Import #304000 OK: libKernel::libKernel:__error ret=0x00006FFDF1000040
[LOADER][TRACE] vk.swapchain_image size=1280x720 format=B8G8R8A8Unorm nonzero_bytes=3686400/3686400 nonblack_pixels=921600/921600 hash=0xB1F0512AF7B446AD
[DIAG-VERIFY] Import #305000 OK: libKernel::libKernel:__error ret=0x00006FFDF1000040
[LOADER][TRACE] vk.swapchain_dump path=/tmp/ds-golden-exp139/present-0009-1280x720-B8G8R8A8Unorm.bgra
[DIAG-VERIFY] Import #306000 OK: libc::libc:memchr ret=0x0000000000000000
[DIAG-VERIFY] Import #307000 OK: libKernel::libKernel:__error ret=0x00006FFDF1000040
[DIAG-VERIFY] Import #308000 OK: libKernel::libKernel:__error ret=0x00006FFDF1000040
[DIAG-VERIFY] Import #309000 OK: libKernel::libKernel:__error ret=0x00006FFDF1000040
[DIAG-VERIFY] Import #310000 OK: libKernel::libKernel:__error ret=0x00006FFDF1000040
[DIAG-VERIFY] Import #311000 OK: libKernel::libKernel:__error ret=0x00006FFDF1000040
[DIAG-VERIFY] Import #312000 OK: libKernel::libKernel:__error ret=0x00006FFDF1000040
[DIAG-VERIFY] Import #313000 OK: libKernel::libKernel:__error ret=0x00006FFDF1000040
[DIAG-VERIFY] Import #314000 OK: libKernel::libKernel:__error ret=0x00006FFDF1000040
[DIAG-VERIFY] Import #315000 OK: libKernel::libKernel:__error ret=0x00006FFDF1000040
[LOADER][TRACE] vk.render_work_enter #0 sequence=37 queue=dcb.graphics submission=10 queued_ms=3.391 VulkanOffscreenGuestDraw
[LOADER][TRACE] vk.present_taken addr=0x0000000003240000 version=10 drawKind=None hasPixels=False hasTranslatedDraw=False
[DIAG-VERIFY] Import #316000 OK: libKernel::libKernel:__error ret=0x00006FFDF1000040
[DIAG-VERIFY] Import #317000 OK: libKernel::libKernel:__error ret=0x00006FFDF1000040
[DIAG-VERIFY] Import #318000 OK: libKernel::libKernel:__error ret=0x00006FFDF1000040
[DIAG-VERIFY] Import #319000 OK: libKernel::libKernel:__error ret=0x00006FFDF1000040
[DIAG-VERIFY] Import #320000 OK: libKernel::libKernel:__error ret=0x00006FFDF1000040
[DIAG-VERIFY] Import #321000 OK: libc::libc:memchr ret=0x0000000000000000
[DIAG-VERIFY] Import #322000 OK: libKernel::libKernel:__error ret=0x00006FFDF1000040
[DIAG-VERIFY] Import #323000 OK: libKernel::libKernel:__error ret=0x00006FFDF1000040
[DIAG-VERIFY] Import #324000 OK: libKernel::libKernel:__error ret=0x00006FFDF1000040
[DIAG-VERIFY] Import #325000 OK: libKernel::libKernel:__error ret=0x00006FFDF1000040
[DIAG-VERIFY] Import #326000 OK: libKernel::libKernel:__error ret=0x00006FFDF1000040
[DIAG-VERIFY] Import #327000 OK: libKernel::libKernel:__error ret=0x00006FFDF1000040
[DIAG-VERIFY] Import #328000 OK: libKernel::libKernel:__error ret=0x00006FFDF1000040
[DIAG-VERIFY] Import #329000 OK: libKernel::libKernel:__error ret=0x00006FFDF1000040
[DIAG-VERIFY] Import #330000 OK: libKernel::libKernel:__error ret=0x00006FFDF1000040
[DIAG-VERIFY] Import #331000 OK: libKernel::libKernel:__error ret=0x00006FFDF1000040
[DIAG-VERIFY] Import #332000 OK: libc::libc:memchr ret=0x0000000000000000
[DIAG-VERIFY] Import #333000 OK: libKernel::libKernel:__error ret=0x00006FFDF1000040
[DIAG-VERIFY] Import #334000 OK: libKernel::libKernel:__error ret=0x00006FFDF1000040
[DIAG-VERIFY] Import #335000 OK: libKernel::libKernel:__error ret=0x00006FFDF1000040
[DIAG-VERIFY] Import #336000 OK: libKernel::libKernel:__error ret=0x00006FFDF1000040
[DIAG-VERIFY] Import #337000 OK: libKernel::libKernel:__error ret=0x00006FFDF1000040
[LOADER][TRACE] vk.swapchain_image size=1280x720 format=B8G8R8A8Unorm nonzero_bytes=3686400/3686400 nonblack_pixels=921600/921600 hash=0xB1F0512AF7B446AD
[DIAG-VERIFY] Import #338000 OK: libKernel::libKernel:__error ret=0x00006FFDF1000040
[LOADER][TRACE] vk.swapchain_dump path=/tmp/ds-golden-exp139/present-0010-1280x720-B8G8R8A8Unorm.bgra
[DIAG-VERIFY] Import #339000 OK: libKernel::libKernel:__error ret=0x00006FFDF1000040
[DIAG-VERIFY] Import #340000 OK: libc::libc:memchr ret=0x0000000000000000
[DIAG-VERIFY] Import #341000 OK: libKernel::libKernel:__error ret=0x00006FFDF1000040
[LOADER][TRACE] vk.render_work_enter #2 sequence=41 queue=dcb.graphics submission=11 queued_ms=3.419 VulkanOffscreenGuestDraw
[LOADER][TRACE] vk.present_taken addr=0x0000000001260000 version=11 drawKind=None hasPixels=False hasTranslatedDraw=False
[DIAG-VERIFY] Import #342000 OK: libKernel::libKernel:__error ret=0x00006FFDF1000040
[DIAG-VERIFY] Import #343000 OK: libKernel::libKernel:__error ret=0x00006FFDF1000040
[DIAG-VERIFY] Import #344000 OK: libKernel::libKernel:__error ret=0x00006FFDF1000040
[DIAG-VERIFY] Import #345000 OK: libKernel::libKernel:__error ret=0x00006FFDF1000040
[DIAG-VERIFY] Import #346000 OK: libc::libc:memchr ret=0x0000000000000000
[DIAG-VERIFY] Import #347000 OK: libKernel::libKernel:__error ret=0x00006FFDF1000040
[DIAG-VERIFY] Import #348000 OK: libKernel::libKernel:__error ret=0x00006FFDF1000040
[DIAG-VERIFY] Import #349000 OK: libKernel::libKernel:__error ret=0x00006FFDF1000040
[DIAG-VERIFY] Import #350000 OK: libKernel::libKernel:__error ret=0x00006FFDF1000040
[DIAG-VERIFY] Import #351000 OK: libKernel::libKernel:__error ret=0x00006FFDF1000040
[DIAG-VERIFY] Import #352000 OK: libKernel::libKernel:__error ret=0x00006FFDF1000040
[DIAG-VERIFY] Import #353000 OK: libKernel::libKernel:__error ret=0x00006FFDF1000040
[DIAG-VERIFY] Import #354000 OK: libKernel::libKernel:__error ret=0x00006FFDF1000040
[DIAG-VERIFY] Import #355000 OK: libKernel::libKernel:__error ret=0x00006FFDF1000040
[DIAG-VERIFY] Import #356000 OK: libKernel::libKernel:__error ret=0x00006FFDF1000040
[DIAG-VERIFY] Import #357000 OK: libKernel::libKernel:__error ret=0x00006FFDF1000040
[DIAG-VERIFY] Import #358000 OK: libKernel::libKernel:__error ret=0x00006FFDF1000040
[DIAG-VERIFY] Import #359000 OK: libKernel::libKernel:__error ret=0x00006FFDF1000040
[DIAG-VERIFY] Import #360000 OK: libKernel::libKernel:__error ret=0x00006FFDF1000040
[DIAG-VERIFY] Import #361000 OK: libKernel::libKernel:__error ret=0x00006FFDF1000040
[DIAG-VERIFY] Import #362000 OK: libKernel::libKernel:__error ret=0x00006FFDF1000040
[DIAG-VERIFY] Import #363000 OK: libKernel::libKernel:__error ret=0x00006FFDF1000040
[DIAG-VERIFY] Import #364000 OK: libKernel::libKernel:__error ret=0x00006FFDF1000040
[DIAG-VERIFY] Import #365000 OK: libKernel::libKernel:__error ret=0x00006FFDF1000040
[DIAG-VERIFY] Import #366000 OK: libKernel::libKernel:__error ret=0x00006FFDF1000040
[DIAG-VERIFY] Import #367000 OK: libKernel::libKernel:__error ret=0x00006FFDF1000040
[DIAG-VERIFY] Import #368000 OK: libc::libc:memchr ret=0x0000000000000000
[DIAG-VERIFY] Import #369000 OK: libKernel::libKernel:__error ret=0x00006FFDF1000040
[DIAG-VERIFY] Import #370000 OK: libKernel::libKernel:__error ret=0x00006FFDF1000040
[DIAG-VERIFY] Import #371000 OK: libKernel::libKernel:__error ret=0x00006FFDF1000040
[DIAG-VERIFY] Import #372000 OK: libKernel::libKernel:__error ret=0x00006FFDF1000040
[LOADER][TRACE] vk.swapchain_image size=1280x720 format=B8G8R8A8Unorm nonzero_bytes=3686400/3686400 nonblack_pixels=921600/921600 hash=0xB1F0512AF7B446AD
[DIAG-VERIFY] Import #373000 OK: libKernel::libKernel:__error ret=0x00006FFDF1000040
[LOADER][TRACE] vk.swapchain_dump path=/tmp/ds-golden-exp139/present-0011-1280x720-B8G8R8A8Unorm.bgra
[DIAG-VERIFY] Import #374000 OK: libKernel::libKernel:__error ret=0x00006FFDF1000040
[DIAG-VERIFY] Import #375000 OK: libKernel::libKernel:__error ret=0x00006FFDF1000040
[DIAG-VERIFY] Import #376000 OK: libKernel::libKernel:__error ret=0x00006FFDF1000040
[DIAG-VERIFY] Import #377000 OK: libKernel::libKernel:__error ret=0x00006FFDF1000040
[DIAG-VERIFY] Import #378000 OK: libKernel::libKernel:__error ret=0x00006FFDF1000040
[DIAG-VERIFY] Import #379000 OK: libKernel::libKernel:__error ret=0x00006FFDF1000040
[DIAG-VERIFY] Import #380000 OK: libKernel::libKernel:__error ret=0x00006FFDF1000040
[DIAG-VERIFY] Import #381000 OK: libKernel::libKernel:__error ret=0x00006FFDF1000040
[LOADER][TRACE] vk.render_work_enter #0 sequence=45 queue=dcb.graphics submission=12 queued_ms=2.197 VulkanOffscreenGuestDraw
[DIAG-VERIFY] Import #382000 OK: libKernel::libKernel:__error ret=0x00006FFDF1000040
[LOADER][TRACE] vk.present_taken addr=0x0000000003240000 version=12 drawKind=None hasPixels=False hasTranslatedDraw=False
[DIAG-VERIFY] Import #383000 OK: libKernel::libKernel:__error ret=0x00006FFDF1000040
[DIAG-VERIFY] Import #384000 OK: libKernel::libKernel:__error ret=0x00006FFDF1000040
[DIAG-VERIFY] Import #385000 OK: libKernel::libKernel:__error ret=0x00006FFDF1000040
[DIAG-VERIFY] Import #386000 OK: libKernel::libKernel:__error ret=0x00006FFDF1000040
[DIAG-VERIFY] Import #387000 OK: libKernel::libKernel:__error ret=0x00006FFDF1000040
[DIAG-VERIFY] Import #388000 OK: libKernel::libKernel:__error ret=0x00006FFDF1000040
[DIAG-VERIFY] Import #389000 OK: libKernel::libKernel:__error ret=0x00006FFDF1000040
[DIAG-VERIFY] Import #390000 OK: libKernel::libKernel:__error ret=0x00006FFDF1000040
[DIAG-VERIFY] Import #391000 OK: libKernel::libKernel:__error ret=0x00006FFDF1000040
[DIAG-VERIFY] Import #392000 OK: libc::libc:memchr ret=0x0000000000000000
[LOADER][TRACE] Import#400000: libKernel:__error (9BcDykPmo1I)
[DIAG-VERIFY] Import #393000 OK: libKernel::libKernel:__error ret=0x00006FFDF1000040
[DIAG-VERIFY] Import #394000 OK: libKernel::libKernel:__error ret=0x00006FFDF1000040
[DIAG-VERIFY] Import #395000 OK: libKernel::libKernel:__error ret=0x00006FFDF1000040
[DIAG-VERIFY] Import #396000 OK: libKernel::libKernel:__error ret=0x00006FFDF1000040
[DIAG-VERIFY] Import #397000 OK: libKernel::libKernel:__error ret=0x00006FFDF1000040
[DIAG-VERIFY] Import #398000 OK: libKernel::libKernel:__error ret=0x00006FFDF1000040
[DIAG-VERIFY] Import #399000 OK: libc::libc:memchr ret=0x0000000000000000
[DIAG-VERIFY] Import #400000 OK: libKernel::libKernel:__error ret=0x00006FFDF1000040
[DIAG-VERIFY] Import #401000 OK: libKernel::libKernel:__error ret=0x00006FFDF1000040
[DIAG-VERIFY] Import #402000 OK: libKernel::libKernel:__error ret=0x00006FFDF1000040
[DIAG-VERIFY] Import #403000 OK: libKernel::libKernel:__error ret=0x00006FFDF1000040
[DIAG-VERIFY] Import #404000 OK: libKernel::libKernel:__error ret=0x00006FFDF1000040
[DIAG-VERIFY] Import #405000 OK: libKernel::libKernel:__error ret=0x00006FFDF1000040
[DIAG-VERIFY] Import #406000 OK: libc::libc:memchr ret=0x0000000000000000
[DIAG-VERIFY] Import #407000 OK: libKernel::libKernel:__error ret=0x00006FFDF1000040
[DIAG-VERIFY] Import #408000 OK: libKernel::libKernel:__error ret=0x00006FFDF1000040
[LOADER][TRACE] vk.swapchain_image size=1280x720 format=B8G8R8A8Unorm nonzero_bytes=3686400/3686400 nonblack_pixels=921600/921600 hash=0xB1F0512AF7B446AD
[LOADER][TRACE] vk.swapchain_dump path=/tmp/ds-golden-exp139/present-0012-1280x720-B8G8R8A8Unorm.bgra
[DIAG-VERIFY] Import #409000 OK: libc::libc:memchr ret=0x00000000062F6871
[DIAG-VERIFY] Import #410000 OK: libKernel::libKernel:__error ret=0x00006FFDF1000040
[DIAG-VERIFY] Import #411000 OK: libKernel::libKernel:__error ret=0x00006FFDF1000040
[DIAG-VERIFY] Import #412000 OK: libKernel::libKernel:__error ret=0x00006FFDF1000040
[DIAG-VERIFY] Import #413000 OK: libKernel::libKernel:__error ret=0x00006FFDF1000040
[DIAG-VERIFY] Import #414000 OK: libKernel::libKernel:__error ret=0x00006FFDF1000040
[DIAG-VERIFY] Import #415000 OK: libKernel::libKernel:__error ret=0x00006FFDF1000040
[DIAG-VERIFY] Import #416000 OK: libKernel::libKernel:__error ret=0x00006FFDF1000040
[DIAG-VERIFY] Import #417000 OK: libKernel::libKernel:__error ret=0x00006FFDF1000040
[DIAG-VERIFY] Import #418000 OK: libKernel::libKernel:__error ret=0x00006FFDF1000040
[DIAG-VERIFY] Import #419000 OK: libKernel::libKernel:__error ret=0x00006FFDF1000040
[DIAG-VERIFY] Import #420000 OK: libKernel::libKernel:__error ret=0x00006FFDF1000040
[DIAG-VERIFY] Import #421000 OK: libKernel::libKernel:__error ret=0x00006FFDF1000040
[DIAG-VERIFY] Import #422000 OK: libKernel::libKernel:__error ret=0x00006FFDF1000040
[DIAG-VERIFY] Import #423000 OK: libKernel::libKernel:__error ret=0x00006FFDF1000040
[DIAG-VERIFY] Import #424000 OK: libKernel::libKernel:__error ret=0x00006FFDF1000040
[DIAG-VERIFY] Import #425000 OK: libKernel::libKernel:__error ret=0x00006FFDF1000040
[DIAG-VERIFY] Import #426000 OK: libKernel::libKernel:__error ret=0x00006FFDF1000040
[DIAG-VERIFY] Import #427000 OK: libKernel::libKernel:__error ret=0x00006FFDF1000040
[DIAG-VERIFY] Import #428000 OK: libKernel::libKernel:__error ret=0x00006FFDF1000040
[DIAG-VERIFY] Import #429000 OK: libKernel::libKernel:__error ret=0x00006FFDF1000040
[LOADER][TRACE] vk.render_work_enter #0 sequence=49 queue=dcb.graphics submission=13 queued_ms=0.955 VulkanOffscreenGuestDraw
[LOADER][TRACE] vk.present_taken addr=0x0000000001260000 version=13 drawKind=None hasPixels=False hasTranslatedDraw=False
[DIAG-VERIFY] Import #430000 OK: libKernel::libKernel:__error ret=0x00006FFDF1000040
[DIAG-VERIFY] Import #431000 OK: libKernel::libKernel:__error ret=0x00006FFDF1000040
[DIAG-VERIFY] Import #432000 OK: libKernel::libKernel:__error ret=0x00006FFDF1000040
[DIAG-VERIFY] Import #433000 OK: libKernel::libKernel:__error ret=0x00006FFDF1000040
[DIAG-VERIFY] Import #434000 OK: libKernel::libKernel:__error ret=0x00006FFDF1000040
[DIAG-VERIFY] Import #435000 OK: libKernel::libKernel:__error ret=0x00006FFDF1000040
[DIAG-VERIFY] Import #436000 OK: libKernel::libKernel:__error ret=0x00006FFDF1000040
[DIAG-VERIFY] Import #437000 OK: libKernel::libKernel:__error ret=0x00006FFDF1000040
[DIAG-VERIFY] Import #438000 OK: libKernel::libKernel:__error ret=0x00006FFDF1000040
[DIAG-VERIFY] Import #439000 OK: libKernel::libKernel:__error ret=0x00006FFDF1000040
[DIAG-VERIFY] Import #440000 OK: libKernel::libKernel:__error ret=0x00006FFDF1000040
[DIAG-VERIFY] Import #441000 OK: libKernel::libKernel:__error ret=0x00006FFDF1000040
[DIAG-VERIFY] Import #442000 OK: libKernel::libKernel:__error ret=0x00006FFDF1000040
[DIAG-VERIFY] Import #443000 OK: libKernel::libKernel:__error ret=0x00006FFDF1000040
[DIAG-VERIFY] Import #444000 OK: libKernel::libKernel:__error ret=0x00006FFDF1000040
[DIAG-VERIFY] Import #445000 OK: libKernel::libKernel:__error ret=0x00006FFDF1000040
[DIAG-VERIFY] Import #446000 OK: libKernel::libKernel:__error ret=0x00006FFDF1000040
[DIAG-VERIFY] Import #447000 OK: libKernel::libKernel:__error ret=0x00006FFDF1000040
[DIAG-VERIFY] Import #448000 OK: libKernel::libKernel:__error ret=0x00006FFDF1000040
[DIAG-VERIFY] Import #449000 OK: libKernel::libKernel:__error ret=0x00006FFDF1000040
[DIAG-VERIFY] Import #450000 OK: libKernel::libKernel:__error ret=0x00006FFDF1000040
[DIAG-VERIFY] Import #451000 OK: libKernel::libKernel:__error ret=0x00006FFDF1000040
[DIAG-VERIFY] Import #452000 OK: libKernel::libKernel:__error ret=0x00006FFDF1000040
[DIAG-VERIFY] Import #453000 OK: libKernel::libKernel:__error ret=0x00006FFDF1000040
[DIAG-VERIFY] Import #454000 OK: libKernel::libKernel:__error ret=0x00006FFDF1000040
[DIAG-VERIFY] Import #455000 OK: libKernel::libKernel:__error ret=0x00006FFDF1000040
[DIAG-VERIFY] Import #456000 OK: libKernel::libKernel:__error ret=0x00006FFDF1000040
[DIAG-VERIFY] Import #457000 OK: libKernel::libKernel:__error ret=0x00006FFDF1000040
[DIAG-VERIFY] Import #458000 OK: libKernel::libKernel:__error ret=0x00006FFDF1000040
[DIAG-VERIFY] Import #459000 OK: libKernel::libKernel:__error ret=0x00006FFDF1000040
[DIAG-VERIFY] Import #460000 OK: libKernel::libKernel:__error ret=0x00006FFDF1000040
[DIAG-VERIFY] Import #461000 OK: libKernel::libKernel:__error ret=0x00006FFDF1000040
[DIAG-VERIFY] Import #462000 OK: libKernel::libKernel:__error ret=0x00006FFDF1000040
[DIAG-VERIFY] Import #463000 OK: libKernel::libKernel:__error ret=0x00006FFDF1000040
[DIAG-VERIFY] Import #464000 OK: libKernel::libKernel:__error ret=0x00006FFDF1000040
[DIAG-VERIFY] Import #465000 OK: libKernel::libKernel:__error ret=0x00006FFDF1000040
[DIAG-VERIFY] Import #466000 OK: libKernel::libKernel:__error ret=0x00006FFDF1000040
[DIAG-VERIFY] Import #467000 OK: libKernel::libKernel:__error ret=0x00006FFDF1000040
[DIAG-VERIFY] Import #468000 OK: libKernel::libKernel:__error ret=0x00006FFDF1000040
[DIAG-VERIFY] Import #469000 OK: libKernel::libKernel:__error ret=0x00006FFDF1000040
Done load & parse data payload: 1785866219.30
[LOADER][TRACE] Import#477824: libKernel:sceKernelAllocateDirectMemory (rTXw65xmLIA)
[LOADER][TRACE] vk.swapchain_image size=1280x720 format=B8G8R8A8Unorm nonzero_bytes=3686400/3686400 nonblack_pixels=921600/921600 hash=0xB1F0512AF7B446AD
[LOADER][TRACE] vk.swapchain_dump path=/tmp/ds-golden-exp139/present-0013-1280x720-B8G8R8A8Unorm.bgra
[LOADER][TRACE] vk.render_work_enter #0 sequence=53 queue=dcb.graphics submission=14 queued_ms=0.478 VulkanOffscreenGuestDraw
[LOADER][TRACE] vk.present_taken addr=0x0000000003240000 version=14 drawKind=None hasPixels=False hasTranslatedDraw=False
[LOADER][TRACE] Import#478464: libKernel:sceKernelAllocateDirectMemory (rTXw65xmLIA)
[DIAG-VERIFY] Import #470000 OK: libKernel::libKernel:sceKernelMapDirectMemory ret=0x0000000000000000
[NID-COUNTS] 1D0H2KNjshE=0 hsi9drzHR2k=0
[DIAG-VERIFY] Import #3000 OK: libKernel::libKernel:scePthreadMutexLock ret=0x0000000000000000
[DIAG-VERIFY] Import #471000 OK: libc::libc:_Getptolower ret=0x00007F895C00B460
[LOADER][TRACE] Import#480640: libKernel:sceKernelAllocateDirectMemory (rTXw65xmLIA)
[LOADER][TRACE] vk.swapchain_image size=1280x720 format=B8G8R8A8Unorm nonzero_bytes=3686400/3686400 nonblack_pixels=921600/921600 hash=0xB1F0512AF7B446AD
[DIAG-VERIFY] Import #472000 OK: libc::libc:_Getptolower ret=0x00007F895C00B460
[LOADER][TRACE] vk.swapchain_dump path=/tmp/ds-golden-exp139/present-0014-1280x720-B8G8R8A8Unorm.bgra
[DIAG-VERIFY] Import #473000 OK: libc::libc:_Getptolower ret=0x00007F895C00B460
[DIAG-VERIFY] Import #474000 OK: libc::libc:_Getptolower ret=0x00007F895C00B460
[DIAG-VERIFY] Import #475000 OK: libc::libc:_Getptolower ret=0x00007F895C00B460
[DIAG-VERIFY] Import #476000 OK: libc::libc:_Getptolower ret=0x00007F895C00B460
[DIAG-VERIFY] Import #477000 OK: libc::libc:_Getptolower ret=0x00007F895C00B460
[DIAG-VERIFY] Import #478000 OK: libc::libc:_Getptolower ret=0x00007F895C00B460
[DIAG-VERIFY] Import #479000 OK: libc::libc:_Getptolower ret=0x00007F895C00B460
[DIAG-VERIFY] Import #480000 OK: libc::libc:_Getptolower ret=0x00007F895C00B460
[DIAG-VERIFY] Import #481000 OK: libc::libc:_Getptolower ret=0x00007F895C00B460
[DIAG-VERIFY] Import #482000 OK: libc::libc:_Getptolower ret=0x00007F895C00B460
[DIAG-VERIFY] Import #483000 OK: libc::libc:_Getptolower ret=0x00007F895C00B460
Loading 19 event sheets and 58 layouts: 1785866219.67
[LOADER][TRACE] Import#492672: libKernel:sceKernelAllocateDirectMemory (rTXw65xmLIA)
[LOADER][TRACE] vk.render_work_enter #0 sequence=57 queue=dcb.graphics submission=15 queued_ms=1.232 VulkanOffscreenGuestDraw
[LOADER][TRACE] vk.present_taken addr=0x0000000001260000 version=15 drawKind=None hasPixels=False hasTranslatedDraw=False
[LOADER][TRACE] Import#498816: libKernel:sceKernelAllocateDirectMemory (rTXw65xmLIA)
[LOADER][TRACE] Import#500000: libKernel:scePthreadMutexUnlock (tn3VlD0hG60) rdi=0x00000008004A1F30 rsi=0x000000000875C960 rdx=0x0000000000200060 rcx=0xC0DEC0DECAFEBA00 ret=0x0000000800158F4B
[DIAG-VERIFY] Import #1000 OK: libKernel::libKernel:scePthreadMutexLock ret=0x0000000000000000
[LOADER][TRACE] vk.swapchain_image size=1280x720 format=B8G8R8A8Unorm nonzero_bytes=3686400/3686400 nonblack_pixels=921600/921600 hash=0xB1F0512AF7B446AD
[LOADER][TRACE] vk.swapchain_dump path=/tmp/ds-golden-exp139/present-0015-1280x720-B8G8R8A8Unorm.bgra
[LOADER][TRACE] vk.render_work_enter #2 sequence=61 queue=dcb.graphics submission=16 queued_ms=6.141 VulkanOffscreenGuestDraw
[LOADER][TRACE] vk.present_taken addr=0x0000000003240000 version=16 drawKind=None hasPixels=False hasTranslatedDraw=False
[LOADER][TRACE] Import#507264: libKernel:sceKernelAllocateDirectMemory (rTXw65xmLIA)
[DIAG-VERIFY] Import #1000 OK: libKernel::libKernel:scePthreadMutexLock ret=0x0000000000000000
[DIAG-VERIFY] Import #1000 OK: libKernel::libKernel:scePthreadMutexLock ret=0x0000000000000000
[DIAG-VERIFY] Import #1000 OK: libKernel::libKernel:scePthreadMutexLock ret=0x0000000000000000
[DIAG-VERIFY] Import #2000 OK: libKernel::libKernel:sceKernelMapDirectMemory ret=0x0000000000000000
[DIAG-VERIFY] Import #2000 OK: libKernel::libKernel:scePthreadMutexLock ret=0x0000000000000000
[DIAG-VERIFY] Import #3000 OK: libKernel::libKernel:scePthreadMutexLock ret=0x0000000000000000
[LOADER][TRACE] Import#514816: libKernel:sceKernelAllocateDirectMemory (rTXw65xmLIA)
Done loading event sheets & layouts: 1785866220.19
[DIAG-VERIFY] Import #1000 OK: libc::libc:_Getptolower ret=0x00007F895C00B460
[DIAG-VERIFY] Import #2000 OK: libc::libc:_Getptolower ret=0x00007F895C00B460
[DIAG-VERIFY] Import #3000 OK: libc::libc:_Getptolower ret=0x00007F895C00B460
[DIAG-VERIFY] Import #4000 OK: libc::libc:_Getptolower ret=0x00007F895C00B460
[DIAG-VERIFY] Import #5000 OK: libc::libc:_Getptolower ret=0x00007F895C00B460
[DIAG-VERIFY] Import #6000 OK: libc::libc:_Getptolower ret=0x00007F895C00B460
[DIAG-VERIFY] Import #7000 OK: libc::libc:_Getptolower ret=0x00007F895C00B460
[DIAG-VERIFY] Import #8000 OK: libc::libc:_Getptolower ret=0x00007F895C00B460
[DIAG-VERIFY] Import #9000 OK: libc::libc:_Getptolower ret=0x00007F895C00B460
[DIAG-VERIFY] Import #10000 OK: libc::libc:_Getptolower ret=0x00007F895C00B460
[DIAG-VERIFY] Import #11000 OK: libc::libc:_Getptolower ret=0x00007F895C00B460
[DIAG-VERIFY] Import #12000 OK: libc::libc:_Getptolower ret=0x00007F895C00B460
[DIAG-VERIFY] Import #13000 OK: libc::libc:_Getptolower ret=0x00007F895C00B460
[DIAG-VERIFY] Import #14000 OK: libc::libc:_Getptolower ret=0x00007F895C00B460
[DIAG-VERIFY] Import #15000 OK: libc::libc:_Getptolower ret=0x00007F895C00B460
[DIAG-VERIFY] Import #16000 OK: libc::libc:_Getptolower ret=0x00007F895C00B460
[DIAG-VERIFY] Import #17000 OK: libc::libc:_Getptolower ret=0x00007F895C00B460
[DIAG-VERIFY] Import #18000 OK: libc::libc:_Getptolower ret=0x00007F895C00B460
[DIAG-VERIFY] Import #19000 OK: libc::libc:_Getptolower ret=0x00007F895C00B460
[DIAG-VERIFY] Import #20000 OK: libc::libc:_Getptolower ret=0x00007F895C00B460
[DIAG-VERIFY] Import #21000 OK: libc::libc:_Getptolower ret=0x00007F895C00B460
[DIAG-VERIFY] Import #22000 OK: libc::libc:_Getptolower ret=0x00007F895C00B460
[DIAG-VERIFY] Import #23000 OK: libc::libc:_Getptolower ret=0x00007F895C00B460
[DIAG-VERIFY] Import #24000 OK: libc::libc:_Getptolower ret=0x00007F895C00B460
[DIAG-VERIFY] Import #25000 OK: libc::libc:_Getptolower ret=0x00007F895C00B460
[DIAG-VERIFY] Import #26000 OK: libc::libc:_Getptolower ret=0x00007F895C00B460
[DIAG-VERIFY] Import #27000 OK: libc::libc:_Getptolower ret=0x00007F895C00B460
[DIAG-VERIFY] Import #28000 OK: libc::libc:_Getptolower ret=0x00007F895C00B460
[DIAG-VERIFY] Import #29000 OK: libc::libc:_Getptolower ret=0x00007F895C00B460
[DIAG-VERIFY] Import #30000 OK: libc::libc:_Getptolower ret=0x00007F895C00B460
[DIAG-VERIFY] Import #31000 OK: libc::libc:_Getptolower ret=0x00007F895C00B460
[DIAG-VERIFY] Import #32000 OK: libc::libc:_Getptolower ret=0x00007F895C00B460
[DIAG-VERIFY] Import #33000 OK: libc::libc:_Getptolower ret=0x00007F895C00B460
[DIAG-VERIFY] Import #34000 OK: libc::libc:_Getptolower ret=0x00007F895C00B460
[DIAG-VERIFY] Import #35000 OK: libc::libc:_Getptolower ret=0x00007F895C00B460
[DIAG-VERIFY] Import #36000 OK: libc::libc:_Getptolower ret=0x00007F895C00B460
[DIAG-VERIFY] Import #37000 OK: libc::libc:_Getptolower ret=0x00007F895C00B460
[DIAG-VERIFY] Import #38000 OK: libc::libc:_Getptolower ret=0x00007F895C00B460
[DIAG-VERIFY] Import #39000 OK: libc::libc:_Getptolower ret=0x00007F895C00B460
[DIAG-VERIFY] Import #40000 OK: libc::libc:_Getptolower ret=0x00007F895C00B460
[DIAG-VERIFY] Import #41000 OK: libc::libc:_Getptolower ret=0x00007F895C00B460
[DIAG-VERIFY] Import #42000 OK: libc::libc:_Getptolower ret=0x00007F895C00B460
[DIAG-VERIFY] Import #43000 OK: libc::libc:_Getptolower ret=0x00007F895C00B460
BEGIN preloading sounds
------------------
[LOADER][TRACE] vk.swapchain_image size=1280x720 format=B8G8R8A8Unorm nonzero_bytes=3686400/3686400 nonblack_pixels=921600/921600 hash=0xB1F0512AF7B446AD
[START] Background loading resource media/elevatorcall.ogg
[START] Background loading resource media/elevatordone.ogg
[START] Background loading resource media/pianist.ogg
[START] Background loading resource media/forest.flac
[START] Background loading resource media/desert.ogg
[START] Background loading resource media/bus.ogg
[LOADER][TRACE] vk.swapchain_dump path=/tmp/ds-golden-exp139/present-0016-1280x720-B8G8R8A8Unorm.bgra
[START] Background loading resource media/crank.ogg
[START] Background loading resource media/elevator.ogg
[START] Background loading resource media/elevatordoor.ogg
[START] Background loading resource media/starbell.ogg
[DIAG-VERIFY] Import #44000 OK: libc::libc:_Getptolower ret=0x00007F895C00B460
[START] Background loading resource media/fall_01.flac
[START] Background loading resource media/m0puzzledone.ogg
[START] Background loading resource media/fall_02.flac
[START] Background loading resource media/fall_04.flac
[START] Background loading resource media/fall_03.flac
[DIAG-VERIFY] Import #45000 OK: libc::libc:_Getptolower ret=0x00007F895C00B460
[DIAG-VERIFY] Import #46000 OK: libc::libc:_Getptolower ret=0x00007F895C00B460
[NID-TRACE] 1D0H2KNjshE rdi=0x000000003F4D0800 rsi=0x000000000000000C rdx=0x0000000001000000 rcx=0x0000000040800000 r8=0x000000000908CBB8 r9=0x000000000908CBC0 thread=0x00007F895C05E560
[DONE]  Background loading resource media/fall_01.flac
[START] Background loading resource media/fall_05.flac
[DONE]  Background loading resource media/fall_02.flac
[DONE]  Background loading resource media/fall_04.flac
[START] Background loading resource media/fall_07.flac
[START] Background loading resource media/fall_06.flac
[DONE]  Background loading resource media/elevatordoor.ogg
[START] Background loading resource media/deselect_effect.flac
[DONE]  Background loading resource media/elevator.ogg
[DONE]  Background loading resource media/fall_05.flac
[START] Background loading resource media/error.flac
[DONE]  Background loading resource media/fall_07.flac
[START] Background loading resource media/itemget1.flac
[DONE]  Background loading resource media/fall_03.flac
[START] Background loading resource media/doorclosed.flac
[START] Background loading resource media/itemget2.flac
[LOADER][TRACE] Import#498688: libKernel:sceKernelAllocateDirectMemory (rTXw65xmLIA)
[DONE]  Background loading resource media/crank.ogg
[START] Background loading resource media/itemget3.flac
[DONE]  Background loading resource media/fall_06.flac
[START] Background loading resource media/jump_01.flac
[DONE]  Background loading resource media/pianist.ogg
[START] Background loading resource media/jump_02.flac
[DONE]  Background loading resource media/bus.ogg
[DONE]  Background loading resource media/doorclosed.flac
[DONE]  Background loading resource media/itemget2.flac
[START] Background loading resource media/notification.flac
[DONE]  Background loading resource media/elevatorcall.ogg
[LOADER][TRACE] vk.render_work_enter #0 sequence=65 queue=dcb.graphics submission=17 queued_ms=3.728 VulkanOffscreenGuestDraw
[START] Background loading resource media/scream_01.flac
[START] Background loading resource media/jump_03.flac
[START] Background loading resource media/scream_02.flac
[DONE]  Background loading resource media/error.flac
[START] Background loading resource media/scream_03.flac
[DONE]  Background loading resource media/itemget1.flac
[DONE]  Background loading resource media/m0puzzledone.ogg
[DONE]  Background loading resource media/forest.flac
[START] Background loading resource media/select_effect.flac
[START] Background loading resource media/select2.flac
[START] Background loading resource media/select.flac
[DONE]  Background loading resource media/scream_01.flac
[START] Background loading resource media/selectback.flac
[DONE]  Background loading resource media/jump_02.flac
[START] Background loading resource media/umbrella.flac
[DONE]  Background loading resource media/elevatordone.ogg
[START] Background loading resource media/water_splash.flac
[DONE]  Background loading resource media/starbell.ogg
[START] Background loading resource media/water_swim_01.flac
[DONE]  Background loading resource media/itemget3.flac
[START] Background loading resource media/water_swim_02.flac
[LOADER][TRACE] vk.present_taken addr=0x0000000001260000 version=17 drawKind=None hasPixels=False hasTranslatedDraw=False
[DONE]  Background loading resource media/desert.ogg
[DONE]  Background loading resource media/notification.flac
[START] Background loading resource media/water_swim_04.flac
[START] Background loading resource media/water_swim_03.flac
[DONE]  Background loading resource media/deselect_effect.flac
[START] Background loading resource media/water_swim_05.flac
[DONE]  Background loading resource media/select.flac
[START] Background loading resource media/hit_hurt44.ogg
[DONE]  Background loading resource media/umbrella.flac
[START] Background loading resource media/lavaswitch.flac
[DONE]  Background loading resource media/scream_03.flac
[START] Background loading resource media/speech_01.flac
[DONE]  Background loading resource media/water_splash.flac
[START] Background loading resource media/speech_02.flac
[DONE]  Background loading resource media/scream_02.flac
[START] Background loading resource media/speech_03.flac
[DONE]  Background loading resource media/water_swim_04.flac
[DONE]  Background loading resource media/select2.flac
[DONE]  Background loading resource media/water_swim_05.flac
[DONE]  Background loading resource media/selectback.flac
[DONE]  Background loading resource media/speech_01.flac
[DONE]  Background loading resource media/speech_02.flac
[DONE]  Background loading resource media/hit_hurt44.ogg
[DONE]  Background loading resource media/water_swim_03.flac
[DONE]  Background loading resource media/lavaswitch.flac
[DONE]  Background loading resource media/select_effect.flac
[DONE]  Background loading resource media/speech_03.flac
[DONE]  Background loading resource media/jump_01.flac
[DONE]  Background loading resource media/water_swim_02.flac
[DONE]  Background loading resource media/jump_03.flac
[DONE]  Background loading resource media/water_swim_01.flac
------------------
Allocating RT data up to 3 MiB
[START] Background loading resource images/launcherbg.png
[DONE]  Background loading resource images/launcherbg.png
[START] Background loading resource images/menutitle-sheet0.png
[DONE]  Background loading resource images/menutitle-sheet0.png
[START] Background loading resource images/spritefontmenu.png
[DONE]  Background loading resource images/spritefontmenu.png
[START] Background loading resource images/menupausatextdescsprite.png
[LOADER][TRACE] vk.swapchain_image size=1280x720 format=B8G8R8A8Unorm nonzero_bytes=3686400/3686400 nonblack_pixels=921600/921600 hash=0xB1F0512AF7B446AD
[LOADER][TRACE] vk.swapchain_dump path=/tmp/ds-golden-exp139/present-0017-1280x720-B8G8R8A8Unorm.bgra
[DONE]  Background loading resource images/menupausatextdescsprite.png
[START] Background loading resource images/spritefontmenujoystickmsg.png
[LOADER][TRACE] vk.render_work_enter #0 sequence=69 queue=dcb.graphics submission=18 queued_ms=2.293 VulkanOffscreenGuestDraw
[LOADER][TRACE] vk.present_taken addr=0x0000000003240000 version=18 drawKind=None hasPixels=False hasTranslatedDraw=False
[DONE]  Background loading resource images/spritefontmenujoystickmsg.png
[START] Background loading resource images/launcherblockcontrols-sheet0.png
[DONE]  Background loading resource images/launcherblockcontrols-sheet0.png
[START] Background loading resource images/fadein_white-sheet1.png
[START] Background loading resource images/fadein_white-sheet0.png
[DONE]  Background loading resource images/fadein_white-sheet0.png
[DONE]  Background loading resource images/fadein_white-sheet1.png
[START] Background loading resource images/fadein-sheet0.png
[START] Background loading resource images/fadein-sheet1.png
[DONE]  Background loading resource images/fadein-sheet1.png
[DONE]  Background loading resource images/fadein-sheet0.png
[DIAG-VERIFY] Import #47000 OK: libc::libc:_Getptolower ret=0x00007F895C00B460
----END C2 BOOT---- (1785866220.76)
[LOADER][TRACE] vk.swapchain_image size=1280x720 format=B8G8R8A8Unorm nonzero_bytes=3686400/3686400 nonblack_pixels=921600/921600 hash=0xB1F0512AF7B446AD
[LOADER][TRACE] vk.swapchain_dump path=/tmp/ds-golden-exp139/present-0018-1280x720-B8G8R8A8Unorm.bgra
[LOADER][TRACE] vk.render_work_enter #0 sequence=73 queue=dcb.graphics submission=19 queued_ms=0.063 VulkanOffscreenGuestDraw
[LOADER][TRACE] vk.present_taken addr=0x0000000001260000 version=19 drawKind=None hasPixels=False hasTranslatedDraw=False
[LOADER][TRACE] vk.swapchain_image size=1280x720 format=B8G8R8A8Unorm nonzero_bytes=3686400/3686400 nonblack_pixels=921600/921600 hash=0xB1F0512AF7B446AD
[LOADER][TRACE] vk.swapchain_dump path=/tmp/ds-golden-exp139/present-0019-1280x720-B8G8R8A8Unorm.bgra
[LOADER][TRACE] vk.render_work_enter #0 sequence=77 queue=dcb.graphics submission=20 queued_ms=0.084 VulkanOffscreenGuestDraw
[DIAG-VERIFY] Import #1000 OK: libSceAudioOut::libSceAudioOut:sceAudioOutOutput ret=0x0000000000000000
[DIAG-VERIFY] Import #4000 OK: libKernel::libKernel:scePthreadMutexLock ret=0x0000000000000000
[LOADER][TRACE] vk.present_taken addr=0x0000000003240000 version=20 drawKind=None hasPixels=False hasTranslatedDraw=False
[LOADER][TRACE] vk.swapchain_image size=1280x720 format=B8G8R8A8Unorm nonzero_bytes=3686400/3686400 nonblack_pixels=921600/921600 hash=0xB1F0512AF7B446AD
[LOADER][TRACE] vk.swapchain_dump path=/tmp/ds-golden-exp139/present-0020-1280x720-B8G8R8A8Unorm.bgra
[LOADER][TRACE] vk.render_work_enter #0 sequence=84 queue=dcb.graphics submission=21 queued_ms=0.619 VulkanOffscreenGuestDraw
[LOADER][TRACE] vk.present_taken addr=0x0000000001260000 version=21 drawKind=None hasPixels=False hasTranslatedDraw=False
[LOADER][TRACE] vk.swapchain_image size=1280x720 format=B8G8R8A8Unorm nonzero_bytes=3686400/3686400 nonblack_pixels=921600/921600 hash=0xB1F0512AF7B446AD
[LOADER][TRACE] vk.swapchain_dump path=/tmp/ds-golden-exp139/present-0021-1280x720-B8G8R8A8Unorm.bgra
[DIAG-VERIFY] Import #1000 OK: libSceVideoOut::libSceVideoOut:sceVideoOutAddFlipEvent ret=0x0000000000000000
[LOADER][TRACE] vk.render_work_enter #0 sequence=91 queue=dcb.graphics submission=22 queued_ms=8.564 VulkanOffscreenGuestDraw
[LOADER][TRACE] vk.present_taken addr=0x0000000003240000 version=22 drawKind=None hasPixels=False hasTranslatedDraw=False
[LOADER][TRACE] vk.swapchain_image size=1280x720 format=B8G8R8A8Unorm nonzero_bytes=3686400/3686400 nonblack_pixels=921600/921600 hash=0xB1F0512AF7B446AD
[LOADER][TRACE] vk.swapchain_dump path=/tmp/ds-golden-exp139/present-0022-1280x720-B8G8R8A8Unorm.bgra
[LOADER][TRACE] vk.render_work_enter #0 sequence=98 queue=dcb.graphics submission=23 queued_ms=0.051 VulkanOffscreenGuestDraw
[LOADER][TRACE] vk.present_taken addr=0x0000000001260000 version=23 drawKind=None hasPixels=False hasTranslatedDraw=False
[NID-COUNTS] 1D0H2KNjshE=143 hsi9drzHR2k=0
[LOADER][TRACE] vk.swapchain_image size=1280x720 format=B8G8R8A8Unorm nonzero_bytes=3686400/3686400 nonblack_pixels=921600/921600 hash=0xB1F0512AF7B446AD
[LOADER][TRACE] vk.swapchain_dump path=/tmp/ds-golden-exp139/present-0023-1280x720-B8G8R8A8Unorm.bgra
[LOADER][TRACE] vk.render_work_enter #2 sequence=105 queue=dcb.graphics submission=24 queued_ms=2.411 VulkanOffscreenGuestDraw
[LOADER][TRACE] vk.present_taken addr=0x0000000003240000 version=24 drawKind=None hasPixels=False hasTranslatedDraw=False
[LOADER][TRACE] vk.swapchain_image size=1280x720 format=B8G8R8A8Unorm nonzero_bytes=3686400/3686400 nonblack_pixels=921600/921600 hash=0xB1F0512AF7B446AD
[LOADER][TRACE] vk.swapchain_dump path=/tmp/ds-golden-exp139/present-0024-1280x720-B8G8R8A8Unorm.bgra
[LOADER][TRACE] vk.render_work_enter #0 sequence=112 queue=dcb.graphics submission=25 queued_ms=0.066 VulkanOffscreenGuestDraw
[LOADER][TRACE] vk.present_taken addr=0x0000000001260000 version=25 drawKind=None hasPixels=False hasTranslatedDraw=False
[LOADER][TRACE] vk.swapchain_image size=1280x720 format=B8G8R8A8Unorm nonzero_bytes=3686400/3686400 nonblack_pixels=921600/921600 hash=0xB1F0512AF7B446AD
[LOADER][TRACE] vk.swapchain_dump path=/tmp/ds-golden-exp139/present-0025-1280x720-B8G8R8A8Unorm.bgra
[LOADER][TRACE] vk.render_work_enter #0 sequence=119 queue=dcb.graphics submission=26 queued_ms=3.638 VulkanOffscreenGuestDraw
[LOADER][TRACE] vk.present_taken addr=0x0000000003240000 version=26 drawKind=None hasPixels=False hasTranslatedDraw=False
[LOADER][TRACE] vk.swapchain_image size=1280x720 format=B8G8R8A8Unorm nonzero_bytes=3686400/3686400 nonblack_pixels=921600/921600 hash=0xB1F0512AF7B446AD
[LOADER][TRACE] vk.swapchain_dump path=/tmp/ds-golden-exp139/present-0026-1280x720-B8G8R8A8Unorm.bgra
[LOADER][TRACE] vk.render_work_enter #0 sequence=126 queue=dcb.graphics submission=27 queued_ms=0.029 VulkanOffscreenGuestDraw
[LOADER][TRACE] vk.present_taken addr=0x0000000001260000 version=27 drawKind=None hasPixels=False hasTranslatedDraw=False
[LOADER][TRACE] vk.swapchain_image size=1280x720 format=B8G8R8A8Unorm nonzero_bytes=3686400/3686400 nonblack_pixels=921600/921600 hash=0xB1F0512AF7B446AD
[LOADER][TRACE] vk.swapchain_dump path=/tmp/ds-golden-exp139/present-0027-1280x720-B8G8R8A8Unorm.bgra
[LOADER][TRACE] vk.render_work_enter #0 sequence=133 queue=dcb.graphics submission=28 queued_ms=1.450 VulkanOffscreenGuestDraw
[LOADER][TRACE] vk.present_taken addr=0x0000000003240000 version=28 drawKind=None hasPixels=False hasTranslatedDraw=False
[LOADER][TRACE] vk.swapchain_image size=1280x720 format=B8G8R8A8Unorm nonzero_bytes=3686400/3686400 nonblack_pixels=921600/921600 hash=0xB1F0512AF7B446AD
[DIAG-VERIFY] Import #5000 OK: libKernel::libKernel:scePthreadMutexLock ret=0x0000000000000000
[LOADER][TRACE] vk.swapchain_dump path=/tmp/ds-golden-exp139/present-0028-1280x720-B8G8R8A8Unorm.bgra
[LOADER][TRACE] vk.render_work_enter #0 sequence=140 queue=dcb.graphics submission=29 queued_ms=0.060 VulkanOffscreenGuestDraw
[LOADER][TRACE] vk.present_taken addr=0x0000000001260000 version=29 drawKind=None hasPixels=False hasTranslatedDraw=False
[LOADER][TRACE] vk.swapchain_image size=1280x720 format=B8G8R8A8Unorm nonzero_bytes=3686400/3686400 nonblack_pixels=921600/921600 hash=0xB1F0512AF7B446AD
[LOADER][TRACE] vk.swapchain_dump path=/tmp/ds-golden-exp139/present-0029-1280x720-B8G8R8A8Unorm.bgra
[LOADER][TRACE] vk.render_work_enter #2 sequence=147 queue=dcb.graphics submission=30 queued_ms=3.482 VulkanOffscreenGuestDraw
[LOADER][TRACE] vk.present_taken addr=0x0000000003240000 version=30 drawKind=None hasPixels=False hasTranslatedDraw=False
[LOADER][TRACE] vk.present_sample frame=30 addr=0x0000000003240000
[LOADER][TRACE] vk.swapchain_image size=1280x720 format=B8G8R8A8Unorm nonzero_bytes=3686400/3686400 nonblack_pixels=921600/921600 hash=0xB1F0512AF7B446AD
[LOADER][TRACE] vk.swapchain_dump path=/tmp/ds-golden-exp139/present-0030-1280x720-B8G8R8A8Unorm.bgra
[LOADER][TRACE] vk.render_work_enter #1 sequence=154 queue=dcb.graphics submission=31 queued_ms=2.688 VulkanOffscreenGuestDraw
[LOADER][TRACE] vk.present_taken addr=0x0000000001260000 version=31 drawKind=None hasPixels=False hasTranslatedDraw=False
[LOADER][TRACE] vk.swapchain_image size=1280x720 format=B8G8R8A8Unorm nonzero_bytes=3686400/3686400 nonblack_pixels=921600/921600 hash=0xB1F0512AF7B446AD
[LOADER][TRACE] vk.swapchain_dump path=/tmp/ds-golden-exp139/present-0031-1280x720-B8G8R8A8Unorm.bgra
[LOADER][TRACE] vk.render_work_enter #0 sequence=161 queue=dcb.graphics submission=32 queued_ms=6.288 VulkanOffscreenGuestDraw
[LOADER][TRACE] vk.present_taken addr=0x0000000003240000 version=32 drawKind=None hasPixels=False hasTranslatedDraw=False
[LOADER][TRACE] vk.swapchain_image size=1280x720 format=B8G8R8A8Unorm nonzero_bytes=3686400/3686400 nonblack_pixels=921600/921600 hash=0xB1F0512AF7B446AD
[LOADER][TRACE] vk.swapchain_dump path=/tmp/ds-golden-exp139/present-0032-1280x720-B8G8R8A8Unorm.bgra
[LOADER][TRACE] vk.render_work_enter #0 sequence=168 queue=dcb.graphics submission=33 queued_ms=2.224 VulkanOffscreenGuestDraw
[LOADER][TRACE] vk.present_taken addr=0x0000000001260000 version=33 drawKind=None hasPixels=False hasTranslatedDraw=False
[LOADER][TRACE] vk.swapchain_image size=1280x720 format=B8G8R8A8Unorm nonzero_bytes=3686400/3686400 nonblack_pixels=921600/921600 hash=0xB1F0512AF7B446AD
[LOADER][TRACE] vk.swapchain_dump path=/tmp/ds-golden-exp139/present-0033-1280x720-B8G8R8A8Unorm.bgra
[LOADER][TRACE] vk.render_work_enter #0 sequence=175 queue=dcb.graphics submission=34 queued_ms=0.024 VulkanOffscreenGuestDraw
[LOADER][TRACE] vk.present_taken addr=0x0000000003240000 version=34 drawKind=None hasPixels=False hasTranslatedDraw=False
[LOADER][TRACE] vk.swapchain_image size=1280x720 format=B8G8R8A8Unorm nonzero_bytes=3686400/3686400 nonblack_pixels=921600/921600 hash=0xB1F0512AF7B446AD
[LOADER][TRACE] vk.swapchain_dump path=/tmp/ds-golden-exp139/present-0034-1280x720-B8G8R8A8Unorm.bgra
[LOADER][TRACE] vk.render_work_enter #0 sequence=182 queue=dcb.graphics submission=35 queued_ms=0.523 VulkanOffscreenGuestDraw
[LOADER][TRACE] vk.present_taken addr=0x0000000001260000 version=35 drawKind=None hasPixels=False hasTranslatedDraw=False
[LOADER][TRACE] vk.swapchain_image size=1280x720 format=B8G8R8A8Unorm nonzero_bytes=3686400/3686400 nonblack_pixels=921600/921600 hash=0xB1F0512AF7B446AD
[NID-COUNTS] 1D0H2KNjshE=143 hsi9drzHR2k=0
[LOADER][TRACE] vk.swapchain_dump path=/tmp/ds-golden-exp139/present-0035-1280x720-B8G8R8A8Unorm.bgra
[LOADER][TRACE] vk.render_work_enter #0 sequence=189 queue=dcb.graphics submission=36 queued_ms=0.028 VulkanOffscreenGuestDraw
[LOADER][TRACE] vk.present_taken addr=0x0000000003240000 version=36 drawKind=None hasPixels=False hasTranslatedDraw=False
[LOADER][TRACE] vk.swapchain_image size=1280x720 format=B8G8R8A8Unorm nonzero_bytes=3686400/3686400 nonblack_pixels=921600/921600 hash=0xB1F0512AF7B446AD
[LOADER][TRACE] vk.swapchain_dump path=/tmp/ds-golden-exp139/present-0036-1280x720-B8G8R8A8Unorm.bgra
[LOADER][TRACE] vk.render_work_enter #0 sequence=196 queue=dcb.graphics submission=37 queued_ms=1.525 VulkanOffscreenGuestDraw
[LOADER][TRACE] vk.present_taken addr=0x0000000001260000 version=37 drawKind=None hasPixels=False hasTranslatedDraw=False
[LOADER][TRACE] vk.swapchain_image size=1280x720 format=B8G8R8A8Unorm nonzero_bytes=3686400/3686400 nonblack_pixels=921600/921600 hash=0xB1F0512AF7B446AD
[LOADER][TRACE] vk.swapchain_dump path=/tmp/ds-golden-exp139/present-0037-1280x720-B8G8R8A8Unorm.bgra
[LOADER][TRACE] vk.render_work_enter #0 sequence=203 queue=dcb.graphics submission=38 queued_ms=0.080 VulkanOffscreenGuestDraw
[LOADER][TRACE] vk.present_taken addr=0x0000000003240000 version=38 drawKind=None hasPixels=False hasTranslatedDraw=False
[LOADER][TRACE] vk.swapchain_image size=1280x720 format=B8G8R8A8Unorm nonzero_bytes=3686400/3686400 nonblack_pixels=921600/921600 hash=0xB1F0512AF7B446AD
[LOADER][TRACE] vk.swapchain_dump path=/tmp/ds-golden-exp139/present-0038-1280x720-B8G8R8A8Unorm.bgra
[DIAG-VERIFY] Import #6000 OK: libKernel::libKernel:scePthreadMutexLock ret=0x0000000000000000
[LOADER][TRACE] vk.render_work_enter #0 sequence=210 queue=dcb.graphics submission=39 queued_ms=0.030 VulkanOffscreenGuestDraw
[LOADER][TRACE] vk.present_taken addr=0x0000000001260000 version=39 drawKind=None hasPixels=False hasTranslatedDraw=False
[LOADER][TRACE] vk.swapchain_image size=1280x720 format=B8G8R8A8Unorm nonzero_bytes=3686400/3686400 nonblack_pixels=921600/921600 hash=0xB1F0512AF7B446AD
[LOADER][TRACE] vk.swapchain_dump path=/tmp/ds-golden-exp139/present-0039-1280x720-B8G8R8A8Unorm.bgra
[LOADER][TRACE] vk.render_work_enter #0 sequence=217 queue=dcb.graphics submission=40 queued_ms=6.895 VulkanOffscreenGuestDraw
[LOADER][TRACE] vk.present_taken addr=0x0000000003240000 version=40 drawKind=None hasPixels=False hasTranslatedDraw=False
[LOADER][TRACE] vk.swapchain_image size=1280x720 format=B8G8R8A8Unorm nonzero_bytes=3686400/3686400 nonblack_pixels=921600/921600 hash=0xB1F0512AF7B446AD
[LOADER][TRACE] vk.swapchain_dump path=/tmp/ds-golden-exp139/present-0040-1280x720-B8G8R8A8Unorm.bgra
[LOADER][TRACE] vk.render_work_enter #0 sequence=224 queue=dcb.graphics submission=41 queued_ms=0.032 VulkanOffscreenGuestDraw
[LOADER][TRACE] vk.present_taken addr=0x0000000001260000 version=41 drawKind=None hasPixels=False hasTranslatedDraw=False
[LOADER][TRACE] vk.swapchain_image size=1280x720 format=B8G8R8A8Unorm nonzero_bytes=3686400/3686400 nonblack_pixels=921600/921600 hash=0xB1F0512AF7B446AD
[LOADER][TRACE] vk.swapchain_dump path=/tmp/ds-golden-exp139/present-0041-1280x720-B8G8R8A8Unorm.bgra
[LOADER][TRACE] vk.render_work_enter #0 sequence=231 queue=dcb.graphics submission=42 queued_ms=0.031 VulkanOffscreenGuestDraw
[LOADER][TRACE] vk.present_taken addr=0x0000000003240000 version=42 drawKind=None hasPixels=False hasTranslatedDraw=False
[LOADER][TRACE] vk.swapchain_image size=1280x720 format=B8G8R8A8Unorm nonzero_bytes=3686400/3686400 nonblack_pixels=921600/921600 hash=0xB1F0512AF7B446AD
[LOADER][TRACE] vk.swapchain_dump path=/tmp/ds-golden-exp139/present-0042-1280x720-B8G8R8A8Unorm.bgra
[LOADER][TRACE] vk.render_work_enter #0 sequence=238 queue=dcb.graphics submission=43 queued_ms=0.201 VulkanOffscreenGuestDraw
[LOADER][TRACE] vk.present_taken addr=0x0000000001260000 version=43 drawKind=None hasPixels=False hasTranslatedDraw=False
[LOADER][TRACE] vk.swapchain_image size=1280x720 format=B8G8R8A8Unorm nonzero_bytes=3686400/3686400 nonblack_pixels=921600/921600 hash=0xB1F0512AF7B446AD
[LOADER][TRACE] vk.swapchain_dump path=/tmp/ds-golden-exp139/present-0043-1280x720-B8G8R8A8Unorm.bgra
[LOADER][TRACE] vk.render_work_enter #0 sequence=245 queue=dcb.graphics submission=44 queued_ms=0.254 VulkanOffscreenGuestDraw
[LOADER][TRACE] vk.present_taken addr=0x0000000003240000 version=44 drawKind=None hasPixels=False hasTranslatedDraw=False
[LOADER][TRACE] vk.swapchain_image size=1280x720 format=B8G8R8A8Unorm nonzero_bytes=3686400/3686400 nonblack_pixels=921600/921600 hash=0xB1F0512AF7B446AD
[LOADER][TRACE] vk.swapchain_dump path=/tmp/ds-golden-exp139/present-0044-1280x720-B8G8R8A8Unorm.bgra
[DIAG-VERIFY] Import #2000 OK: libSceAgc::libSceAgc:sceAgcDcbSetUcRegistersIndirect ret=0x000000000026006C
[LOADER][TRACE] vk.render_work_enter #0 sequence=252 queue=dcb.graphics submission=45 queued_ms=4.710 VulkanOffscreenGuestDraw
[LOADER][TRACE] vk.present_taken addr=0x0000000001260000 version=45 drawKind=None hasPixels=False hasTranslatedDraw=False
[LOADER][TRACE] vk.swapchain_image size=1280x720 format=B8G8R8A8Unorm nonzero_bytes=3686400/3686400 nonblack_pixels=921600/921600 hash=0xB1F0512AF7B446AD
[LOADER][TRACE] vk.swapchain_dump path=/tmp/ds-golden-exp139/present-0045-1280x720-B8G8R8A8Unorm.bgra
[LOADER][TRACE] vk.render_work_enter #0 sequence=259 queue=dcb.graphics submission=46 queued_ms=0.024 VulkanOffscreenGuestDraw
[LOADER][TRACE] vk.present_taken addr=0x0000000003240000 version=46 drawKind=None hasPixels=False hasTranslatedDraw=False
[LOADER][TRACE] vk.swapchain_image size=1280x720 format=B8G8R8A8Unorm nonzero_bytes=3686400/3686400 nonblack_pixels=921600/921600 hash=0xB1F0512AF7B446AD
[LOADER][TRACE] vk.swapchain_dump path=/tmp/ds-golden-exp139/present-0046-1280x720-B8G8R8A8Unorm.bgra
[LOADER][TRACE] vk.render_work_enter #0 sequence=266 queue=dcb.graphics submission=47 queued_ms=0.025 VulkanOffscreenGuestDraw
[LOADER][TRACE] vk.present_taken addr=0x0000000001260000 version=47 drawKind=None hasPixels=False hasTranslatedDraw=False
[LOADER][TRACE] vk.swapchain_image size=1280x720 format=B8G8R8A8Unorm nonzero_bytes=3686400/3686400 nonblack_pixels=921600/921600 hash=0xB1F0512AF7B446AD
[LOADER][TRACE] vk.swapchain_dump path=/tmp/ds-golden-exp139/present-0047-1280x720-B8G8R8A8Unorm.bgra
[LOADER][TRACE] vk.render_work_enter #0 sequence=273 queue=dcb.graphics submission=48 queued_ms=0.025 VulkanOffscreenGuestDraw
[LOADER][TRACE] vk.present_taken addr=0x0000000003240000 version=48 drawKind=None hasPixels=False hasTranslatedDraw=False
[LOADER][TRACE] vk.swapchain_image size=1280x720 format=B8G8R8A8Unorm nonzero_bytes=3686400/3686400 nonblack_pixels=921600/921600 hash=0xB1F0512AF7B446AD
[LOADER][TRACE] vk.swapchain_dump path=/tmp/ds-golden-exp139/present-0048-1280x720-B8G8R8A8Unorm.bgra
[LOADER][TRACE] vk.render_work_enter #0 sequence=280 queue=dcb.graphics submission=49 queued_ms=0.034 VulkanOffscreenGuestDraw
[LOADER][TRACE] vk.present_taken addr=0x0000000001260000 version=49 drawKind=None hasPixels=False hasTranslatedDraw=False
[LOADER][TRACE] vk.swapchain_image size=1280x720 format=B8G8R8A8Unorm nonzero_bytes=3686400/3686400 nonblack_pixels=921600/921600 hash=0xB1F0512AF7B446AD
[LOADER][TRACE] vk.swapchain_dump path=/tmp/ds-golden-exp139/present-0049-1280x720-B8G8R8A8Unorm.bgra
[LOADER][TRACE] vk.render_work_enter #0 sequence=287 queue=dcb.graphics submission=50 queued_ms=0.023 VulkanOffscreenGuestDraw
[LOADER][TRACE] vk.present_taken addr=0x0000000003240000 version=50 drawKind=None hasPixels=False hasTranslatedDraw=False
[DIAG-VERIFY] Import #7000 OK: libKernel::libKernel:scePthreadMutexLock ret=0x0000000000000000
[LOADER][TRACE] vk.swapchain_image size=1280x720 format=B8G8R8A8Unorm nonzero_bytes=3686400/3686400 nonblack_pixels=921600/921600 hash=0xB1F0512AF7B446AD
[LOADER][TRACE] vk.swapchain_dump path=/tmp/ds-golden-exp139/present-0050-1280x720-B8G8R8A8Unorm.bgra
[NID-COUNTS] 1D0H2KNjshE=143 hsi9drzHR2k=0
[LOADER][TRACE] vk.render_work_enter #0 sequence=294 queue=dcb.graphics submission=51 queued_ms=0.025 VulkanOffscreenGuestDraw
[LOADER][TRACE] vk.present_taken addr=0x0000000001260000 version=51 drawKind=None hasPixels=False hasTranslatedDraw=False
[LOADER][TRACE] vk.swapchain_image size=1280x720 format=B8G8R8A8Unorm nonzero_bytes=3686400/3686400 nonblack_pixels=921600/921600 hash=0xB1F0512AF7B446AD
[LOADER][TRACE] vk.swapchain_dump path=/tmp/ds-golden-exp139/present-0051-1280x720-B8G8R8A8Unorm.bgra
[LOADER][TRACE] vk.render_work_enter #0 sequence=301 queue=dcb.graphics submission=52 queued_ms=0.026 VulkanOffscreenGuestDraw
[LOADER][TRACE] vk.present_taken addr=0x0000000003240000 version=52 drawKind=None hasPixels=False hasTranslatedDraw=False
[LOADER][TRACE] vk.swapchain_image size=1280x720 format=B8G8R8A8Unorm nonzero_bytes=3686400/3686400 nonblack_pixels=921600/921600 hash=0xB1F0512AF7B446AD
[LOADER][TRACE] vk.swapchain_dump path=/tmp/ds-golden-exp139/present-0052-1280x720-B8G8R8A8Unorm.bgra
[LOADER][TRACE] vk.render_work_enter #0 sequence=308 queue=dcb.graphics submission=53 queued_ms=0.024 VulkanOffscreenGuestDraw
[LOADER][TRACE] vk.present_taken addr=0x0000000001260000 version=53 drawKind=None hasPixels=False hasTranslatedDraw=False
[LOADER][TRACE] vk.swapchain_image size=1280x720 format=B8G8R8A8Unorm nonzero_bytes=3686400/3686400 nonblack_pixels=921600/921600 hash=0xB1F0512AF7B446AD
[LOADER][TRACE] vk.swapchain_dump path=/tmp/ds-golden-exp139/present-0053-1280x720-B8G8R8A8Unorm.bgra
[LOADER][TRACE] vk.render_work_enter #0 sequence=315 queue=dcb.graphics submission=54 queued_ms=1.430 VulkanOffscreenGuestDraw
[LOADER][TRACE] vk.present_taken addr=0x0000000003240000 version=54 drawKind=None hasPixels=False hasTranslatedDraw=False
[LOADER][TRACE] vk.swapchain_image size=1280x720 format=B8G8R8A8Unorm nonzero_bytes=3686400/3686400 nonblack_pixels=921600/921600 hash=0xB1F0512AF7B446AD
[LOADER][TRACE] vk.swapchain_dump path=/tmp/ds-golden-exp139/present-0054-1280x720-B8G8R8A8Unorm.bgra
[LOADER][TRACE] vk.render_work_enter #0 sequence=322 queue=dcb.graphics submission=55 queued_ms=0.024 VulkanOffscreenGuestDraw
[LOADER][TRACE] vk.present_taken addr=0x0000000001260000 version=55 drawKind=None hasPixels=False hasTranslatedDraw=False
[LOADER][TRACE] vk.swapchain_image size=1280x720 format=B8G8R8A8Unorm nonzero_bytes=3686400/3686400 nonblack_pixels=921600/921600 hash=0xB1F0512AF7B446AD
[LOADER][TRACE] vk.swapchain_dump path=/tmp/ds-golden-exp139/present-0055-1280x720-B8G8R8A8Unorm.bgra
[LOADER][TRACE] vk.render_work_enter #0 sequence=329 queue=dcb.graphics submission=56 queued_ms=0.029 VulkanOffscreenGuestDraw
[LOADER][TRACE] vk.present_taken addr=0x0000000003240000 version=56 drawKind=None hasPixels=False hasTranslatedDraw=False
[LOADER][TRACE] vk.swapchain_image size=1280x720 format=B8G8R8A8Unorm nonzero_bytes=3686400/3686400 nonblack_pixels=921600/921600 hash=0xB1F0512AF7B446AD
[LOADER][TRACE] vk.swapchain_dump path=/tmp/ds-golden-exp139/present-0056-1280x720-B8G8R8A8Unorm.bgra
[LOADER][TRACE] vk.render_work_enter #0 sequence=336 queue=dcb.graphics submission=57 queued_ms=0.027 VulkanOffscreenGuestDraw
[LOADER][TRACE] vk.present_taken addr=0x0000000001260000 version=57 drawKind=None hasPixels=False hasTranslatedDraw=False
[LOADER][TRACE] vk.swapchain_image size=1280x720 format=B8G8R8A8Unorm nonzero_bytes=3686400/3686400 nonblack_pixels=921600/921600 hash=0xB1F0512AF7B446AD
[LOADER][TRACE] vk.swapchain_dump path=/tmp/ds-golden-exp139/present-0057-1280x720-B8G8R8A8Unorm.bgra
[LOADER][TRACE] vk.render_work_enter #0 sequence=343 queue=dcb.graphics submission=58 queued_ms=0.036 VulkanOffscreenGuestDraw
[LOADER][TRACE] vk.present_taken addr=0x0000000003240000 version=58 drawKind=None hasPixels=False hasTranslatedDraw=False
[LOADER][TRACE] vk.swapchain_image size=1280x720 format=B8G8R8A8Unorm nonzero_bytes=3686400/3686400 nonblack_pixels=921600/921600 hash=0xB1F0512AF7B446AD
[LOADER][TRACE] vk.swapchain_dump path=/tmp/ds-golden-exp139/present-0058-1280x720-B8G8R8A8Unorm.bgra
[LOADER][TRACE] vk.render_work_enter #0 sequence=350 queue=dcb.graphics submission=59 queued_ms=0.174 VulkanOffscreenGuestDraw
[LOADER][TRACE] vk.present_taken addr=0x0000000001260000 version=59 drawKind=None hasPixels=False hasTranslatedDraw=False
[LOADER][TRACE] vk.swapchain_image size=1280x720 format=B8G8R8A8Unorm nonzero_bytes=3686400/3686400 nonblack_pixels=921600/921600 hash=0xB1F0512AF7B446AD
[LOADER][TRACE] vk.swapchain_dump path=/tmp/ds-golden-exp139/present-0059-1280x720-B8G8R8A8Unorm.bgra
[LOADER][TRACE] vk.render_work_enter #0 sequence=357 queue=dcb.graphics submission=60 queued_ms=3.083 VulkanOffscreenGuestDraw
[LOADER][TRACE] vk.present_taken addr=0x0000000003240000 version=60 drawKind=None hasPixels=False hasTranslatedDraw=False
[LOADER][TRACE] vk.swapchain_image size=1280x720 format=B8G8R8A8Unorm nonzero_bytes=3686400/3686400 nonblack_pixels=921600/921600 hash=0xB1F0512AF7B446AD
[LOADER][TRACE] vk.swapchain_dump path=/tmp/ds-golden-exp139/present-0060-1280x720-B8G8R8A8Unorm.bgra
[DIAG-VERIFY] Import #8000 OK: libKernel::libKernel:scePthreadMutexLock ret=0x0000000000000000
[LOADER][TRACE] vk.render_work_enter #0 sequence=364 queue=dcb.graphics submission=61 queued_ms=0.566 VulkanOffscreenGuestDraw
[LOADER][TRACE] vk.present_taken addr=0x0000000001260000 version=61 drawKind=None hasPixels=False hasTranslatedDraw=False
[LOADER][TRACE] vk.swapchain_image size=1280x720 format=B8G8R8A8Unorm nonzero_bytes=3686400/3686400 nonblack_pixels=921600/921600 hash=0xB1F0512AF7B446AD
[LOADER][TRACE] vk.swapchain_dump path=/tmp/ds-golden-exp139/present-0061-1280x720-B8G8R8A8Unorm.bgra
[LOADER][TRACE] vk.render_work_enter #0 sequence=371 queue=dcb.graphics submission=62 queued_ms=0.823 VulkanOffscreenGuestDraw
[LOADER][TRACE] vk.present_taken addr=0x0000000003240000 version=62 drawKind=None hasPixels=False hasTranslatedDraw=False
[LOADER][TRACE] vk.swapchain_image size=1280x720 format=B8G8R8A8Unorm nonzero_bytes=3686400/3686400 nonblack_pixels=921600/921600 hash=0xB1F0512AF7B446AD
[LOADER][TRACE] vk.swapchain_dump path=/tmp/ds-golden-exp139/present-0062-1280x720-B8G8R8A8Unorm.bgra
[LOADER][TRACE] vk.render_work_enter #0 sequence=378 queue=dcb.graphics submission=63 queued_ms=2.310 VulkanOffscreenGuestDraw
[DIAG-VERIFY] Import #2000 OK: libSceAudioOut::libSceAudioOut:sceAudioOutOutput ret=0x0000000000000000
[LOADER][TRACE] vk.present_taken addr=0x0000000001260000 version=63 drawKind=None hasPixels=False hasTranslatedDraw=False
[LOADER][TRACE] vk.swapchain_image size=1280x720 format=B8G8R8A8Unorm nonzero_bytes=3686400/3686400 nonblack_pixels=921600/921600 hash=0xB1F0512AF7B446AD
[LOADER][TRACE] vk.swapchain_dump path=/tmp/ds-golden-exp139/present-0063-1280x720-B8G8R8A8Unorm.bgra
[NID-COUNTS] 1D0H2KNjshE=143 hsi9drzHR2k=0
[LOADER][TRACE] vk.render_work_enter #0 sequence=385 queue=dcb.graphics submission=64 queued_ms=1.091 VulkanOffscreenGuestDraw
[LOADER][TRACE] vk.present_taken addr=0x0000000003240000 version=64 drawKind=None hasPixels=False hasTranslatedDraw=False
[LOADER][TRACE] vk.swapchain_image size=1280x720 format=B8G8R8A8Unorm nonzero_bytes=3686400/3686400 nonblack_pixels=921600/921600 hash=0xB1F0512AF7B446AD
[LOADER][TRACE] vk.swapchain_dump path=/tmp/ds-golden-exp139/present-0064-1280x720-B8G8R8A8Unorm.bgra
[LOADER][TRACE] vk.render_work_enter #0 sequence=392 queue=dcb.graphics submission=65 queued_ms=0.032 VulkanOffscreenGuestDraw
[LOADER][TRACE] vk.present_taken addr=0x0000000001260000 version=65 drawKind=None hasPixels=False hasTranslatedDraw=False
[LOADER][TRACE] vk.swapchain_image size=1280x720 format=B8G8R8A8Unorm nonzero_bytes=3686400/3686400 nonblack_pixels=921600/921600 hash=0xB1F0512AF7B446AD
[LOADER][TRACE] vk.swapchain_dump path=/tmp/ds-golden-exp139/present-0065-1280x720-B8G8R8A8Unorm.bgra
[LOADER][TRACE] vk.render_work_enter #0 sequence=399 queue=dcb.graphics submission=66 queued_ms=0.029 VulkanOffscreenGuestDraw
[LOADER][TRACE] vk.present_taken addr=0x0000000003240000 version=66 drawKind=None hasPixels=False hasTranslatedDraw=False
[LOADER][TRACE] vk.swapchain_image size=1280x720 format=B8G8R8A8Unorm nonzero_bytes=3686400/3686400 nonblack_pixels=921600/921600 hash=0xB1F0512AF7B446AD
[LOADER][TRACE] vk.swapchain_dump path=/tmp/ds-golden-exp139/present-0066-1280x720-B8G8R8A8Unorm.bgra
[LOADER][TRACE] vk.render_work_enter #0 sequence=406 queue=dcb.graphics submission=67 queued_ms=0.044 VulkanOffscreenGuestDraw
[LOADER][TRACE] vk.present_taken addr=0x0000000001260000 version=67 drawKind=None hasPixels=False hasTranslatedDraw=False
[LOADER][TRACE] vk.swapchain_image size=1280x720 format=B8G8R8A8Unorm nonzero_bytes=3686400/3686400 nonblack_pixels=921600/921600 hash=0xB1F0512AF7B446AD
[LOADER][TRACE] vk.swapchain_dump path=/tmp/ds-golden-exp139/present-0067-1280x720-B8G8R8A8Unorm.bgra
[DIAG-VERIFY] Import #3000 OK: libSceAgc::libSceAgc:sceAgcSetCxRegIndirectPatchAddRegisters ret=0x0000000000000000
[LOADER][TRACE] vk.render_work_enter #0 sequence=413 queue=dcb.graphics submission=68 queued_ms=0.025 VulkanOffscreenGuestDraw
[LOADER][TRACE] vk.present_taken addr=0x0000000003240000 version=68 drawKind=None hasPixels=False hasTranslatedDraw=False
[LOADER][TRACE] vk.swapchain_image size=1280x720 format=B8G8R8A8Unorm nonzero_bytes=3686400/3686400 nonblack_pixels=921600/921600 hash=0xB1F0512AF7B446AD
[LOADER][TRACE] vk.swapchain_dump path=/tmp/ds-golden-exp139/present-0068-1280x720-B8G8R8A8Unorm.bgra
[LOADER][TRACE] vk.render_work_enter #0 sequence=420 queue=dcb.graphics submission=69 queued_ms=0.024 VulkanOffscreenGuestDraw
[LOADER][TRACE] vk.present_taken addr=0x0000000001260000 version=69 drawKind=None hasPixels=False hasTranslatedDraw=False
[LOADER][TRACE] vk.swapchain_image size=1280x720 format=B8G8R8A8Unorm nonzero_bytes=3686400/3686400 nonblack_pixels=921600/921600 hash=0xB1F0512AF7B446AD
[LOADER][TRACE] vk.swapchain_dump path=/tmp/ds-golden-exp139/present-0069-1280x720-B8G8R8A8Unorm.bgra
[LOADER][TRACE] vk.render_work_enter #0 sequence=427 queue=dcb.graphics submission=70 queued_ms=0.027 VulkanOffscreenGuestDraw
[DIAG-VERIFY] Import #9000 OK: libKernel::libKernel:scePthreadMutexLock ret=0x0000000000000000
[LOADER][TRACE] vk.present_taken addr=0x0000000003240000 version=70 drawKind=None hasPixels=False hasTranslatedDraw=False
[LOADER][TRACE] vk.swapchain_image size=1280x720 format=B8G8R8A8Unorm nonzero_bytes=3686400/3686400 nonblack_pixels=921600/921600 hash=0xB1F0512AF7B446AD
[LOADER][TRACE] vk.swapchain_dump path=/tmp/ds-golden-exp139/present-0070-1280x720-B8G8R8A8Unorm.bgra
[LOADER][TRACE] vk.render_work_enter #0 sequence=434 queue=dcb.graphics submission=71 queued_ms=0.022 VulkanOffscreenGuestDraw
[LOADER][TRACE] vk.present_taken addr=0x0000000001260000 version=71 drawKind=None hasPixels=False hasTranslatedDraw=False
[LOADER][TRACE] vk.swapchain_image size=1280x720 format=B8G8R8A8Unorm nonzero_bytes=3686400/3686400 nonblack_pixels=921600/921600 hash=0xB1F0512AF7B446AD
[LOADER][TRACE] vk.swapchain_dump path=/tmp/ds-golden-exp139/present-0071-1280x720-B8G8R8A8Unorm.bgra
[LOADER][TRACE] vk.render_work_enter #0 sequence=441 queue=dcb.graphics submission=72 queued_ms=0.024 VulkanOffscreenGuestDraw
[LOADER][TRACE] vk.present_taken addr=0x0000000003240000 version=72 drawKind=None hasPixels=False hasTranslatedDraw=False
[LOADER][TRACE] vk.swapchain_image size=1280x720 format=B8G8R8A8Unorm nonzero_bytes=3686400/3686400 nonblack_pixels=921600/921600 hash=0xB1F0512AF7B446AD
[LOADER][TRACE] vk.swapchain_dump path=/tmp/ds-golden-exp139/present-0072-1280x720-B8G8R8A8Unorm.bgra
[LOADER][TRACE] vk.render_work_enter #0 sequence=448 queue=dcb.graphics submission=73 queued_ms=0.011 VulkanOffscreenGuestDraw
[LOADER][TRACE] vk.present_taken addr=0x0000000001260000 version=73 drawKind=None hasPixels=False hasTranslatedDraw=False
[LOADER][TRACE] vk.swapchain_image size=1280x720 format=B8G8R8A8Unorm nonzero_bytes=3686400/3686400 nonblack_pixels=921600/921600 hash=0xB1F0512AF7B446AD
[LOADER][TRACE] vk.swapchain_dump path=/tmp/ds-golden-exp139/present-0073-1280x720-B8G8R8A8Unorm.bgra
[LOADER][TRACE] vk.render_work_enter #0 sequence=455 queue=dcb.graphics submission=74 queued_ms=0.031 VulkanOffscreenGuestDraw
[LOADER][TRACE] vk.present_taken addr=0x0000000003240000 version=74 drawKind=None hasPixels=False hasTranslatedDraw=False
[LOADER][TRACE] vk.swapchain_image size=1280x720 format=B8G8R8A8Unorm nonzero_bytes=3686400/3686400 nonblack_pixels=921600/921600 hash=0xB1F0512AF7B446AD
[LOADER][TRACE] vk.swapchain_dump path=/tmp/ds-golden-exp139/present-0074-1280x720-B8G8R8A8Unorm.bgra
[LOADER][TRACE] vk.render_work_enter #0 sequence=462 queue=dcb.graphics submission=75 queued_ms=0.023 VulkanOffscreenGuestDraw
[LOADER][TRACE] vk.present_taken addr=0x0000000001260000 version=75 drawKind=None hasPixels=False hasTranslatedDraw=False
[LOADER][TRACE] vk.swapchain_image size=1280x720 format=B8G8R8A8Unorm nonzero_bytes=3686400/3686400 nonblack_pixels=921600/921600 hash=0xB1F0512AF7B446AD
[LOADER][TRACE] vk.swapchain_dump path=/tmp/ds-golden-exp139/present-0075-1280x720-B8G8R8A8Unorm.bgra
[LOADER][TRACE] vk.render_work_enter #0 sequence=469 queue=dcb.graphics submission=76 queued_ms=0.029 VulkanOffscreenGuestDraw
[LOADER][TRACE] vk.present_taken addr=0x0000000003240000 version=76 drawKind=None hasPixels=False hasTranslatedDraw=False
[LOADER][TRACE] vk.swapchain_image size=1280x720 format=B8G8R8A8Unorm nonzero_bytes=3686400/3686400 nonblack_pixels=921600/921600 hash=0xB1F0512AF7B446AD
[LOADER][TRACE] vk.swapchain_dump path=/tmp/ds-golden-exp139/present-0076-1280x720-B8G8R8A8Unorm.bgra
[LOADER][TRACE] vk.render_work_enter #0 sequence=476 queue=dcb.graphics submission=77 queued_ms=0.022 VulkanOffscreenGuestDraw
[LOADER][TRACE] vk.present_taken addr=0x0000000001260000 version=77 drawKind=None hasPixels=False hasTranslatedDraw=False
[LOADER][TRACE] vk.swapchain_image size=1280x720 format=B8G8R8A8Unorm nonzero_bytes=3686400/3686400 nonblack_pixels=921600/921600 hash=0xB1F0512AF7B446AD
[LOADER][TRACE] vk.swapchain_dump path=/tmp/ds-golden-exp139/present-0077-1280x720-B8G8R8A8Unorm.bgra
[LOADER][TRACE] vk.render_work_enter #0 sequence=483 queue=dcb.graphics submission=78 queued_ms=0.029 VulkanOffscreenGuestDraw
[NID-COUNTS] 1D0H2KNjshE=143 hsi9drzHR2k=0
[LOADER][TRACE] vk.present_taken addr=0x0000000003240000 version=78 drawKind=None hasPixels=False hasTranslatedDraw=False
[LOADER][TRACE] vk.swapchain_image size=1280x720 format=B8G8R8A8Unorm nonzero_bytes=3686400/3686400 nonblack_pixels=921600/921600 hash=0xB1F0512AF7B446AD
[LOADER][TRACE] vk.swapchain_dump path=/tmp/ds-golden-exp139/present-0078-1280x720-B8G8R8A8Unorm.bgra
[LOADER][TRACE] vk.render_work_enter #0 sequence=490 queue=dcb.graphics submission=79 queued_ms=4.780 VulkanOffscreenGuestDraw
[LOADER][TRACE] vk.present_taken addr=0x0000000001260000 version=79 drawKind=None hasPixels=False hasTranslatedDraw=False
[LOADER][TRACE] vk.swapchain_image size=1280x720 format=B8G8R8A8Unorm nonzero_bytes=3686400/3686400 nonblack_pixels=921600/921600 hash=0xB1F0512AF7B446AD
[LOADER][TRACE] vk.swapchain_dump path=/tmp/ds-golden-exp139/present-0079-1280x720-B8G8R8A8Unorm.bgra
Mount requested: 0
Could not open file /savedata0/-saveindex (0x80020002).
UnMount requested: 0
ConsoleLog won't have the exact same format as js due to use of json dump
"KEY NOT FOUND: music_atten"
"KEY NOT FOUND: master_atten"
[DIAG-VERIFY] Import #4000 OK: libc::libc:_Getptolower ret=0x00007F895C00B460
"ON SAVEGAME MISSING (langcode is us)"
Allocating RT data up to 7 MiB
Allocating RT data up to 10 MiB
Allocating RT data up to 14 MiB
[DIAG-VERIFY] Import #5000 OK: libSceAgc::libSceAgc:sceAgcSetShRegIndirectPatchAddRegisters ret=0x0000000000000000
[LOADER][TRACE] vk.render_work_enter #0 sequence=497 queue=dcb.graphics submission=80 queued_ms=4.279 VulkanOffscreenGuestDraw
[LOADER][TRACE] vk.render_work_enter #7 sequence=502 queue=dcb.graphics submission=80 queued_ms=9.236 VulkanOffscreenGuestDraw
[DIAG-VERIFY] Import #10000 OK: libKernel::libKernel:scePthreadMutexLock ret=0x0000000000000000
[LOADER][TRACE] vk.render_work_enter #0 sequence=505 queue=dcb.graphics submission=80 queued_ms=79.572 VulkanOffscreenGuestDraw
[LOADER][TRACE] vk.render_work_enter #4 sequence=508 queue=dcb.graphics submission=80 queued_ms=184.210 VulkanOffscreenGuestDraw
[LOADER][TRACE] vk.render_work_enter #2 sequence=511 queue=dcb.graphics submission=80 queued_ms=297.027 VulkanOffscreenGuestDraw
[LOADER][TRACE] vk.render_work_enter #3 sequence=512 queue=dcb.graphics submission=80 queued_ms=296.816 VulkanOffscreenGuestDraw
[LOADER][TRACE] vk.render_work_enter #7 sequence=515 queue=dcb.graphics submission=80 queued_ms=301.445 VulkanOffscreenGuestDraw
[LOADER][TRACE] vk.render_work_enter #2 sequence=518 queue=dcb.graphics submission=80 queued_ms=316.341 VulkanOffscreenGuestDraw
[LOADER][TRACE] vk.render_work_enter #3 sequence=519 queue=dcb.graphics submission=80 queued_ms=315.336 VulkanOffscreenGuestDraw
[LOADER][TRACE] vk.render_work_enter #7 sequence=522 queue=dcb.graphics submission=80 queued_ms=317.384 VulkanOffscreenGuestDraw
[LOADER][TRACE] vk.render_work_enter #11 sequence=525 queue=dcb.graphics submission=80 queued_ms=319.078 VulkanOffscreenGuestDraw
[LOADER][TRACE] vk.render_work_enter #15 sequence=528 queue=dcb.graphics submission=80 queued_ms=320.296 VulkanOffscreenGuestDraw
[LOADER][TRACE] vk.render_work_enter #2 sequence=531 queue=dcb.graphics submission=80 queued_ms=328.595 VulkanOffscreenGuestDraw
[LOADER][TRACE] vk.render_work_enter #3 sequence=532 queue=dcb.graphics submission=80 queued_ms=328.122 VulkanOffscreenGuestDraw
[LOADER][TRACE] vk.render_work_enter #7 sequence=535 queue=dcb.graphics submission=80 queued_ms=329.080 VulkanOffscreenGuestDraw
[LOADER][TRACE] vk.render_work_enter #8 sequence=536 queue=dcb.graphics submission=80 queued_ms=329.053 VulkanOffscreenGuestDraw
[LOADER][TRACE] vk.render_work_enter #12 sequence=539 queue=dcb.graphics submission=80 queued_ms=332.228 VulkanOffscreenGuestDraw
[LOADER][TRACE] vk.render_work_enter #0 sequence=542 queue=dcb.graphics submission=80 queued_ms=337.061 VulkanOffscreenGuestDraw
[LOADER][TRACE] vk.present_taken addr=0x0000000003240000 version=80 drawKind=None hasPixels=False hasTranslatedDraw=False
[DIAG-VERIFY] Import #6000 OK: libc::libc:_Getptolower ret=0x00007F895C00B460
[DIAG-VERIFY] Import #7000 OK: libSceAgc::libSceAgc:sceAgcCreateInterpolantMapping ret=0x0000000000000000
[LOADER][TRACE] vk.swapchain_image size=1280x720 format=B8G8R8A8Unorm nonzero_bytes=3686400/3686400 nonblack_pixels=921600/921600 hash=0x88AF07082C11E184
[LOADER][TRACE] vk.swapchain_dump path=/tmp/ds-golden-exp139/present-0080-1280x720-B8G8R8A8Unorm.bgra
[LOADER][TRACE] vk.render_work_enter #0 sequence=557 queue=dcb.graphics submission=81 queued_ms=22.054 VulkanOffscreenGuestDraw
[LOADER][TRACE] vk.render_work_enter #7 sequence=562 queue=dcb.graphics submission=81 queued_ms=165.047 VulkanOffscreenGuestDraw
[LOADER][TRACE] vk.render_work_enter #8 sequence=563 queue=dcb.graphics submission=81 queued_ms=165.164 VulkanOffscreenGuestDraw
[LOADER][TRACE] vk.render_work_enter #12 sequence=566 queue=dcb.graphics submission=81 queued_ms=169.672 VulkanOffscreenGuestDraw
[LOADER][TRACE] vk.render_work_enter #2 sequence=569 queue=dcb.graphics submission=81 queued_ms=191.982 VulkanOffscreenGuestDraw
[LOADER][TRACE] vk.render_work_enter #3 sequence=570 queue=dcb.graphics submission=81 queued_ms=192.111 VulkanOffscreenGuestDraw
[LOADER][TRACE] vk.render_work_enter #7 sequence=573 queue=dcb.graphics submission=81 queued_ms=196.533 VulkanOffscreenGuestDraw
[LOADER][TRACE] vk.render_work_enter #2 sequence=576 queue=dcb.graphics submission=81 queued_ms=242.644 VulkanOffscreenGuestDraw
[LOADER][TRACE] vk.render_work_enter #3 sequence=577 queue=dcb.graphics submission=81 queued_ms=242.772 VulkanOffscreenGuestDraw
[LOADER][TRACE] vk.render_work_enter #7 sequence=580 queue=dcb.graphics submission=81 queued_ms=243.942 VulkanOffscreenGuestDraw
[LOADER][TRACE] vk.render_work_enter #11 sequence=583 queue=dcb.graphics submission=81 queued_ms=246.852 VulkanOffscreenGuestDraw
[LOADER][TRACE] vk.render_work_enter #15 sequence=586 queue=dcb.graphics submission=81 queued_ms=249.007 VulkanOffscreenGuestDraw
[LOADER][TRACE] vk.render_work_enter #2 sequence=589 queue=dcb.graphics submission=81 queued_ms=264.257 VulkanOffscreenGuestDraw
[LOADER][TRACE] vk.render_work_enter #3 sequence=590 queue=dcb.graphics submission=81 queued_ms=264.370 VulkanOffscreenGuestDraw
[LOADER][TRACE] vk.render_work_enter #7 sequence=593 queue=dcb.graphics submission=81 queued_ms=265.518 VulkanOffscreenGuestDraw
[LOADER][TRACE] vk.render_work_enter #8 sequence=594 queue=dcb.graphics submission=81 queued_ms=265.592 VulkanOffscreenGuestDraw
[LOADER][TRACE] vk.render_work_enter #12 sequence=597 queue=dcb.graphics submission=81 queued_ms=272.733 VulkanOffscreenGuestDraw
[LOADER][TRACE] vk.render_work_enter #2 sequence=600 queue=dcb.graphics submission=81 queued_ms=278.337 VulkanOffscreenGuestDraw
[LOADER][TRACE] vk.present_taken addr=0x0000000001260000 version=81 drawKind=None hasPixels=False hasTranslatedDraw=False
[DIAG-VERIFY] Import #8000 OK: libSceAgc::libSceAgc:sceAgcSetCxRegIndirectPatchAddRegisters ret=0x0000000000000000
[LOADER][TRACE] vk.swapchain_image size=1280x720 format=B8G8R8A8Unorm nonzero_bytes=3686400/3686400 nonblack_pixels=921600/921600 hash=0x1C1FB5AE2B3609ED
[LOADER][TRACE] vk.swapchain_dump path=/tmp/ds-golden-exp139/present-0081-1280x720-B8G8R8A8Unorm.bgra
[LOADER][TRACE] vk.render_work_enter #0 sequence=617 queue=dcb.graphics submission=82 queued_ms=33.186 VulkanOffscreenGuestDraw
[LOADER][TRACE] vk.render_work_enter #7 sequence=622 queue=dcb.graphics submission=82 queued_ms=35.998 VulkanOffscreenGuestDraw
[LOADER][TRACE] vk.render_work_enter #8 sequence=623 queue=dcb.graphics submission=82 queued_ms=36.082 VulkanOffscreenGuestDraw
[LOADER][TRACE] vk.render_work_enter #12 sequence=626 queue=dcb.graphics submission=82 queued_ms=42.422 VulkanOffscreenGuestDraw
[LOADER][TRACE] vk.render_work_enter #2 sequence=629 queue=dcb.graphics submission=82 queued_ms=77.795 VulkanOffscreenGuestDraw
[LOADER][TRACE] vk.render_work_enter #3 sequence=630 queue=dcb.graphics submission=82 queued_ms=77.918 VulkanOffscreenGuestDraw
[LOADER][TRACE] vk.render_work_enter #7 sequence=633 queue=dcb.graphics submission=82 queued_ms=83.370 VulkanOffscreenGuestDraw
[LOADER][TRACE] vk.render_work_enter #2 sequence=636 queue=dcb.graphics submission=82 queued_ms=102.397 VulkanOffscreenGuestDraw
[LOADER][TRACE] vk.render_work_enter #3 sequence=637 queue=dcb.graphics submission=82 queued_ms=102.492 VulkanOffscreenGuestDraw
[LOADER][TRACE] vk.render_work_enter #7 sequence=640 queue=dcb.graphics submission=82 queued_ms=109.427 VulkanOffscreenGuestDraw
[LOADER][TRACE] vk.render_work_enter #11 sequence=643 queue=dcb.graphics submission=82 queued_ms=110.996 VulkanOffscreenGuestDraw
[LOADER][TRACE] vk.render_work_enter #15 sequence=646 queue=dcb.graphics submission=82 queued_ms=112.534 VulkanOffscreenGuestDraw
[LOADER][TRACE] vk.render_work_enter #2 sequence=649 queue=dcb.graphics submission=82 queued_ms=123.677 VulkanOffscreenGuestDraw
[LOADER][TRACE] vk.render_work_enter #3 sequence=650 queue=dcb.graphics submission=82 queued_ms=123.780 VulkanOffscreenGuestDraw
[LOADER][TRACE] vk.render_work_enter #7 sequence=653 queue=dcb.graphics submission=82 queued_ms=125.002 VulkanOffscreenGuestDraw
[LOADER][TRACE] vk.render_work_enter #8 sequence=654 queue=dcb.graphics submission=82 queued_ms=125.070 VulkanOffscreenGuestDraw
[LOADER][TRACE] vk.render_work_enter #13 sequence=657 queue=dcb.graphics submission=82 queued_ms=130.918 VulkanOffscreenGuestDraw
[LOADER][TRACE] vk.render_work_enter #17 sequence=660 queue=dcb.graphics submission=82 queued_ms=134.108 VulkanOffscreenGuestDraw
[LOADER][TRACE] vk.present_taken addr=0x0000000003240000 version=82 drawKind=None hasPixels=False hasTranslatedDraw=False
[DIAG-VERIFY] Import #9000 OK: libc::libc:_Getptolower ret=0x00007F895C00B460
[LOADER][TRACE] vk.swapchain_image size=1280x720 format=B8G8R8A8Unorm nonzero_bytes=3686400/3686400 nonblack_pixels=921600/921600 hash=0xFB0BCFDF083C882B
[LOADER][TRACE] vk.swapchain_dump path=/tmp/ds-golden-exp139/present-0082-1280x720-B8G8R8A8Unorm.bgra
[LOADER][TRACE] vk.render_work_enter #0 sequence=677 queue=dcb.graphics submission=83 queued_ms=19.549 VulkanOffscreenGuestDraw
[LOADER][TRACE] vk.render_work_enter #7 sequence=682 queue=dcb.graphics submission=83 queued_ms=22.665 VulkanOffscreenGuestDraw
[LOADER][TRACE] vk.render_work_enter #8 sequence=683 queue=dcb.graphics submission=83 queued_ms=22.760 VulkanOffscreenGuestDraw
[LOADER][TRACE] vk.render_work_enter #12 sequence=686 queue=dcb.graphics submission=83 queued_ms=28.522 VulkanOffscreenGuestDraw
[LOADER][TRACE] vk.render_work_enter #2 sequence=689 queue=dcb.graphics submission=83 queued_ms=68.249 VulkanOffscreenGuestDraw
[LOADER][TRACE] vk.render_work_enter #3 sequence=690 queue=dcb.graphics submission=83 queued_ms=68.362 VulkanOffscreenGuestDraw
[LOADER][TRACE] vk.render_work_enter #7 sequence=693 queue=dcb.graphics submission=83 queued_ms=73.180 VulkanOffscreenGuestDraw
[LOADER][TRACE] vk.render_work_enter #2 sequence=696 queue=dcb.graphics submission=83 queued_ms=90.083 VulkanOffscreenGuestDraw
[LOADER][TRACE] vk.render_work_enter #3 sequence=697 queue=dcb.graphics submission=83 queued_ms=90.147 VulkanOffscreenGuestDraw
[LOADER][TRACE] vk.render_work_enter #7 sequence=700 queue=dcb.graphics submission=83 queued_ms=91.578 VulkanOffscreenGuestDraw
[LOADER][TRACE] vk.render_work_enter #11 sequence=703 queue=dcb.graphics submission=83 queued_ms=94.452 VulkanOffscreenGuestDraw
[LOADER][TRACE] vk.render_work_enter #15 sequence=706 queue=dcb.graphics submission=83 queued_ms=96.379 VulkanOffscreenGuestDraw
[LOADER][TRACE] vk.render_work_enter #2 sequence=709 queue=dcb.graphics submission=83 queued_ms=111.321 VulkanOffscreenGuestDraw
[LOADER][TRACE] vk.render_work_enter #3 sequence=710 queue=dcb.graphics submission=83 queued_ms=107.256 VulkanOffscreenGuestDraw
[LOADER][TRACE] vk.render_work_enter #7 sequence=713 queue=dcb.graphics submission=83 queued_ms=115.499 VulkanOffscreenGuestDraw
[LOADER][TRACE] vk.render_work_enter #8 sequence=714 queue=dcb.graphics submission=83 queued_ms=115.563 VulkanOffscreenGuestDraw
[LOADER][TRACE] vk.render_work_enter #3 sequence=717 queue=dcb.graphics submission=83 queued_ms=127.939 VulkanOffscreenGuestDraw
[LOADER][TRACE] vk.render_work_enter #2 sequence=720 queue=dcb.graphics submission=83 queued_ms=155.880 VulkanOffscreenGuestDraw
[LOADER][TRACE] vk.present_taken addr=0x0000000001260000 version=83 drawKind=None hasPixels=False hasTranslatedDraw=False
[LOADER][TRACE] vk.swapchain_image size=1280x720 format=B8G8R8A8Unorm nonzero_bytes=3686400/3686400 nonblack_pixels=921600/921600 hash=0x1A82651DAEDBAA6B
[LOADER][TRACE] vk.swapchain_dump path=/tmp/ds-golden-exp139/present-0083-1280x720-B8G8R8A8Unorm.bgra
[DIAG-VERIFY] Import #10000 OK: libKernel::libKernel:scePthreadMutexLock ret=0x0000000000000000
[DIAG-VERIFY] Import #11000 OK: libSceAgc::libSceAgc:sceAgcSetUcRegIndirectPatchAddRegisters ret=0x0000000000000000
[LOADER][TRACE] vk.render_work_enter #0 sequence=737 queue=dcb.graphics submission=84 queued_ms=0.024 VulkanOffscreenGuestDraw
[LOADER][TRACE] vk.render_work_enter #5 sequence=742 queue=dcb.graphics submission=84 queued_ms=27.108 VulkanOffscreenGuestDraw
[LOADER][TRACE] vk.render_work_enter #6 sequence=743 queue=dcb.graphics submission=84 queued_ms=27.199 VulkanOffscreenGuestDraw
[LOADER][TRACE] vk.render_work_enter #10 sequence=746 queue=dcb.graphics submission=84 queued_ms=32.725 VulkanOffscreenGuestDraw
[LOADER][TRACE] vk.render_work_enter #2 sequence=749 queue=dcb.graphics submission=84 queued_ms=54.457 VulkanOffscreenGuestDraw
[LOADER][TRACE] vk.render_work_enter #3 sequence=750 queue=dcb.graphics submission=84 queued_ms=54.541 VulkanOffscreenGuestDraw
[LOADER][TRACE] vk.render_work_enter #7 sequence=753 queue=dcb.graphics submission=84 queued_ms=59.205 VulkanOffscreenGuestDraw
[DIAG-VERIFY] Import #11000 OK: libKernel::libKernel:scePthreadMutexLock ret=0x0000000000000000
[LOADER][TRACE] vk.render_work_enter #2 sequence=756 queue=dcb.graphics submission=84 queued_ms=78.960 VulkanOffscreenGuestDraw
[LOADER][TRACE] vk.render_work_enter #3 sequence=757 queue=dcb.graphics submission=84 queued_ms=79.039 VulkanOffscreenGuestDraw
[LOADER][TRACE] vk.render_work_enter #7 sequence=760 queue=dcb.graphics submission=84 queued_ms=80.627 VulkanOffscreenGuestDraw
[LOADER][TRACE] vk.render_work_enter #11 sequence=763 queue=dcb.graphics submission=84 queued_ms=88.920 VulkanOffscreenGuestDraw
[LOADER][TRACE] vk.render_work_enter #15 sequence=766 queue=dcb.graphics submission=84 queued_ms=89.694 VulkanOffscreenGuestDraw
[LOADER][TRACE] vk.render_work_enter #2 sequence=769 queue=dcb.graphics submission=84 queued_ms=127.631 VulkanOffscreenGuestDraw
[LOADER][TRACE] vk.render_work_enter #3 sequence=770 queue=dcb.graphics submission=84 queued_ms=127.724 VulkanOffscreenGuestDraw
[LOADER][TRACE] vk.render_work_enter #7 sequence=773 queue=dcb.graphics submission=84 queued_ms=130.588 VulkanOffscreenGuestDraw
[LOADER][TRACE] vk.render_work_enter #8 sequence=774 queue=dcb.graphics submission=84 queued_ms=130.675 VulkanOffscreenGuestDraw
[LOADER][TRACE] vk.render_work_enter #12 sequence=777 queue=dcb.graphics submission=84 queued_ms=139.395 VulkanOffscreenGuestDraw
[LOADER][TRACE] vk.render_work_enter #3 sequence=780 queue=dcb.graphics submission=84 queued_ms=145.369 VulkanOffscreenGuestDraw
[LOADER][TRACE] vk.present_taken addr=0x0000000003240000 version=84 drawKind=None hasPixels=False hasTranslatedDraw=False
[LOADER][TRACE] vk.swapchain_image size=1280x720 format=B8G8R8A8Unorm nonzero_bytes=3686400/3686400 nonblack_pixels=921600/921600 hash=0xEFBEA1430B2EEDDC
[LOADER][TRACE] vk.swapchain_dump path=/tmp/ds-golden-exp139/present-0084-1280x720-B8G8R8A8Unorm.bgra
[DIAG-VERIFY] Import #12000 OK: libc::libc:_Getptolower ret=0x00007F895C00B460
[LOADER][TRACE] vk.render_work_enter #0 sequence=797 queue=dcb.graphics submission=85 queued_ms=0.114 VulkanOffscreenGuestDraw
[LOADER][TRACE] vk.render_work_enter #7 sequence=802 queue=dcb.graphics submission=85 queued_ms=6.734 VulkanOffscreenGuestDraw
[LOADER][TRACE] vk.render_work_enter #8 sequence=803 queue=dcb.graphics submission=85 queued_ms=6.845 VulkanOffscreenGuestDraw
[LOADER][TRACE] vk.render_work_enter #2 sequence=806 queue=dcb.graphics submission=85 queued_ms=12.544 VulkanOffscreenGuestDraw
[LOADER][TRACE] vk.render_work_enter #2 sequence=809 queue=dcb.graphics submission=85 queued_ms=34.729 VulkanOffscreenGuestDraw
[LOADER][TRACE] vk.render_work_enter #3 sequence=810 queue=dcb.graphics submission=85 queued_ms=34.830 VulkanOffscreenGuestDraw
[LOADER][TRACE] vk.render_work_enter #7 sequence=813 queue=dcb.graphics submission=85 queued_ms=39.314 VulkanOffscreenGuestDraw
[LOADER][TRACE] vk.render_work_enter #2 sequence=816 queue=dcb.graphics submission=85 queued_ms=82.442 VulkanOffscreenGuestDraw
[LOADER][TRACE] vk.render_work_enter #3 sequence=817 queue=dcb.graphics submission=85 queued_ms=82.574 VulkanOffscreenGuestDraw
[LOADER][TRACE] vk.render_work_enter #7 sequence=820 queue=dcb.graphics submission=85 queued_ms=83.707 VulkanOffscreenGuestDraw
[LOADER][TRACE] vk.render_work_enter #11 sequence=823 queue=dcb.graphics submission=85 queued_ms=86.729 VulkanOffscreenGuestDraw
[LOADER][TRACE] vk.render_work_enter #15 sequence=826 queue=dcb.graphics submission=85 queued_ms=88.863 VulkanOffscreenGuestDraw
[NID-COUNTS] 1D0H2KNjshE=143 hsi9drzHR2k=0
[LOADER][TRACE] vk.render_work_enter #3 sequence=829 queue=dcb.graphics submission=85 queued_ms=103.342 VulkanOffscreenGuestDraw
[LOADER][TRACE] vk.render_work_enter #4 sequence=830 queue=dcb.graphics submission=85 queued_ms=103.422 VulkanOffscreenGuestDraw
[LOADER][TRACE] vk.render_work_enter #8 sequence=833 queue=dcb.graphics submission=85 queued_ms=104.110 VulkanOffscreenGuestDraw
[LOADER][TRACE] vk.render_work_enter #9 sequence=834 queue=dcb.graphics submission=85 queued_ms=104.173 VulkanOffscreenGuestDraw
[LOADER][TRACE] vk.render_work_enter #13 sequence=837 queue=dcb.graphics submission=85 queued_ms=108.314 VulkanOffscreenGuestDraw
[LOADER][TRACE] vk.render_work_enter #17 sequence=840 queue=dcb.graphics submission=85 queued_ms=111.445 VulkanOffscreenGuestDraw
[LOADER][TRACE] vk.present_taken addr=0x0000000001260000 version=85 drawKind=None hasPixels=False hasTranslatedDraw=False
[DIAG-VERIFY] Import #13000 OK: libc::libc:_Getptolower ret=0x00007F895C00B460
[DIAG-VERIFY] Import #14000 OK: libSceAgc::libSceAgc:sceAgcCreateInterpolantMapping ret=0x0000000000000000
[LOADER][TRACE] vk.swapchain_image size=1280x720 format=B8G8R8A8Unorm nonzero_bytes=3686400/3686400 nonblack_pixels=921600/921600 hash=0xDB42C376043B4B80
[LOADER][TRACE] vk.swapchain_dump path=/tmp/ds-golden-exp139/present-0085-1280x720-B8G8R8A8Unorm.bgra
[LOADER][TRACE] vk.render_work_enter #0 sequence=857 queue=dcb.graphics submission=86 queued_ms=23.716 VulkanOffscreenGuestDraw
[LOADER][TRACE] vk.render_work_enter #7 sequence=862 queue=dcb.graphics submission=86 queued_ms=26.974 VulkanOffscreenGuestDraw
[LOADER][TRACE] vk.render_work_enter #8 sequence=863 queue=dcb.graphics submission=86 queued_ms=27.059 VulkanOffscreenGuestDraw
[LOADER][TRACE] vk.render_work_enter #12 sequence=866 queue=dcb.graphics submission=86 queued_ms=32.598 VulkanOffscreenGuestDraw
[LOADER][TRACE] vk.render_work_enter #2 sequence=869 queue=dcb.graphics submission=86 queued_ms=48.403 VulkanOffscreenGuestDraw
[LOADER][TRACE] vk.render_work_enter #3 sequence=870 queue=dcb.graphics submission=86 queued_ms=48.483 VulkanOffscreenGuestDraw
[LOADER][TRACE] vk.render_work_enter #7 sequence=873 queue=dcb.graphics submission=86 queued_ms=52.923 VulkanOffscreenGuestDraw
[LOADER][TRACE] vk.render_work_enter #2 sequence=876 queue=dcb.graphics submission=86 queued_ms=82.206 VulkanOffscreenGuestDraw
[LOADER][TRACE] vk.render_work_enter #3 sequence=877 queue=dcb.graphics submission=86 queued_ms=82.265 VulkanOffscreenGuestDraw
[LOADER][TRACE] vk.render_work_enter #7 sequence=880 queue=dcb.graphics submission=86 queued_ms=89.943 VulkanOffscreenGuestDraw
[LOADER][TRACE] vk.render_work_enter #11 sequence=883 queue=dcb.graphics submission=86 queued_ms=92.966 VulkanOffscreenGuestDraw
[LOADER][TRACE] vk.render_work_enter #2 sequence=886 queue=dcb.graphics submission=86 queued_ms=95.037 VulkanOffscreenGuestDraw
[LOADER][TRACE] vk.render_work_enter #2 sequence=889 queue=dcb.graphics submission=86 queued_ms=110.332 VulkanOffscreenGuestDraw
[LOADER][TRACE] vk.render_work_enter #3 sequence=890 queue=dcb.graphics submission=86 queued_ms=110.419 VulkanOffscreenGuestDraw
[LOADER][TRACE] vk.render_work_enter #7 sequence=893 queue=dcb.graphics submission=86 queued_ms=111.416 VulkanOffscreenGuestDraw
[LOADER][TRACE] vk.render_work_enter #8 sequence=894 queue=dcb.graphics submission=86 queued_ms=111.467 VulkanOffscreenGuestDraw
[LOADER][TRACE] vk.render_work_enter #12 sequence=897 queue=dcb.graphics submission=86 queued_ms=118.601 VulkanOffscreenGuestDraw
[LOADER][TRACE] vk.render_work_enter #3 sequence=900 queue=dcb.graphics submission=86 queued_ms=122.474 VulkanOffscreenGuestDraw
[LOADER][TRACE] vk.present_taken addr=0x0000000003240000 version=86 drawKind=None hasPixels=False hasTranslatedDraw=False
[DIAG-VERIFY] Import #15000 OK: libc::libc:_Getptolower ret=0x00007F895C00B460
[LOADER][TRACE] vk.swapchain_image size=1280x720 format=B8G8R8A8Unorm nonzero_bytes=3686400/3686400 nonblack_pixels=921600/921600 hash=0xB189F1DBE7814C53
[LOADER][TRACE] vk.swapchain_dump path=/tmp/ds-golden-exp139/present-0086-1280x720-B8G8R8A8Unorm.bgra
[LOADER][TRACE] vk.render_work_enter #0 sequence=917 queue=dcb.graphics submission=87 queued_ms=20.488 VulkanOffscreenGuestDraw
[LOADER][TRACE] vk.render_work_enter #7 sequence=922 queue=dcb.graphics submission=87 queued_ms=23.514 VulkanOffscreenGuestDraw
[LOADER][TRACE] vk.render_work_enter #8 sequence=923 queue=dcb.graphics submission=87 queued_ms=23.619 VulkanOffscreenGuestDraw
[LOADER][TRACE] vk.render_work_enter #12 sequence=926 queue=dcb.graphics submission=87 queued_ms=29.379 VulkanOffscreenGuestDraw
[LOADER][TRACE] vk.render_work_enter #2 sequence=929 queue=dcb.graphics submission=87 queued_ms=52.056 VulkanOffscreenGuestDraw
[LOADER][TRACE] vk.render_work_enter #3 sequence=930 queue=dcb.graphics submission=87 queued_ms=52.176 VulkanOffscreenGuestDraw
[LOADER][TRACE] vk.render_work_enter #3 sequence=933 queue=dcb.graphics submission=87 queued_ms=77.931 VulkanOffscreenGuestDraw
[LOADER][TRACE] Import#600000: libKernel:scePthreadMutexUnlock (tn3VlD0hG60) rdi=0x0000000000100948 rsi=0x00000000001A3058 rdx=0x0000000000000000 rcx=0x00007F894BFF79C8 ret=0x00000008002B842E
[LOADER][TRACE] vk.render_work_enter #2 sequence=936 queue=dcb.graphics submission=87 queued_ms=97.516 VulkanOffscreenGuestDraw
[LOADER][TRACE] vk.render_work_enter #3 sequence=937 queue=dcb.graphics submission=87 queued_ms=97.622 VulkanOffscreenGuestDraw
[LOADER][TRACE] vk.render_work_enter #7 sequence=940 queue=dcb.graphics submission=87 queued_ms=98.808 VulkanOffscreenGuestDraw
[LOADER][TRACE] vk.render_work_enter #11 sequence=943 queue=dcb.graphics submission=87 queued_ms=101.867 VulkanOffscreenGuestDraw
[LOADER][TRACE] vk.render_work_enter #15 sequence=946 queue=dcb.graphics submission=87 queued_ms=103.967 VulkanOffscreenGuestDraw
[LOADER][TRACE] vk.render_work_enter #2 sequence=949 queue=dcb.graphics submission=87 queued_ms=119.117 VulkanOffscreenGuestDraw
[LOADER][TRACE] vk.render_work_enter #3 sequence=950 queue=dcb.graphics submission=87 queued_ms=119.196 VulkanOffscreenGuestDraw
[LOADER][TRACE] vk.render_work_enter #7 sequence=953 queue=dcb.graphics submission=87 queued_ms=120.334 VulkanOffscreenGuestDraw
[LOADER][TRACE] vk.render_work_enter #8 sequence=954 queue=dcb.graphics submission=87 queued_ms=120.395 VulkanOffscreenGuestDraw
[LOADER][TRACE] vk.render_work_enter #12 sequence=957 queue=dcb.graphics submission=87 queued_ms=127.909 VulkanOffscreenGuestDraw
[LOADER][TRACE] vk.render_work_enter #3 sequence=960 queue=dcb.graphics submission=87 queued_ms=131.278 VulkanOffscreenGuestDraw
[LOADER][TRACE] vk.present_taken addr=0x0000000001260000 version=87 drawKind=None hasPixels=False hasTranslatedDraw=False
[DIAG-VERIFY] Import #16000 OK: libc::libc:_Getptolower ret=0x00007F895C00B460
[DIAG-VERIFY] Import #17000 OK: libSceAgc::libSceAgc:sceAgcSetShRegIndirectPatchAddRegisters ret=0x0000000000000000
[LOADER][TRACE] vk.swapchain_image size=1280x720 format=B8G8R8A8Unorm nonzero_bytes=3686400/3686400 nonblack_pixels=921600/921600 hash=0x6D3E6CF63504CF92
[LOADER][TRACE] vk.swapchain_dump path=/tmp/ds-golden-exp139/present-0087-1280x720-B8G8R8A8Unorm.bgra
[LOADER][TRACE] vk.render_work_enter #0 sequence=977 queue=dcb.graphics submission=88 queued_ms=21.030 VulkanOffscreenGuestDraw
[LOADER][TRACE] vk.render_work_enter #7 sequence=982 queue=dcb.graphics submission=88 queued_ms=26.466 VulkanOffscreenGuestDraw
[LOADER][TRACE] vk.render_work_enter #8 sequence=983 queue=dcb.graphics submission=88 queued_ms=26.540 VulkanOffscreenGuestDraw
[LOADER][TRACE] vk.render_work_enter #12 sequence=986 queue=dcb.graphics submission=88 queued_ms=30.212 VulkanOffscreenGuestDraw
[LOADER][TRACE] vk.render_work_enter #2 sequence=989 queue=dcb.graphics submission=88 queued_ms=64.962 VulkanOffscreenGuestDraw
[LOADER][TRACE] vk.render_work_enter #3 sequence=990 queue=dcb.graphics submission=88 queued_ms=65.060 VulkanOffscreenGuestDraw
[LOADER][TRACE] vk.render_work_enter #7 sequence=993 queue=dcb.graphics submission=88 queued_ms=70.420 VulkanOffscreenGuestDraw
[LOADER][TRACE] vk.render_work_enter #2 sequence=996 queue=dcb.graphics submission=88 queued_ms=89.715 VulkanOffscreenGuestDraw
[LOADER][TRACE] vk.render_work_enter #3 sequence=997 queue=dcb.graphics submission=88 queued_ms=89.843 VulkanOffscreenGuestDraw
[LOADER][TRACE] vk.render_work_enter #7 sequence=1000 queue=dcb.graphics submission=88 queued_ms=91.015 VulkanOffscreenGuestDraw
[LOADER][TRACE] vk.render_work_enter #11 sequence=1003 queue=dcb.graphics submission=88 queued_ms=94.025 VulkanOffscreenGuestDraw
[LOADER][TRACE] vk.render_work_enter #15 sequence=1006 queue=dcb.graphics submission=88 queued_ms=96.178 VulkanOffscreenGuestDraw
[LOADER][TRACE] vk.render_work_enter #2 sequence=1009 queue=dcb.graphics submission=88 queued_ms=111.424 VulkanOffscreenGuestDraw
[LOADER][TRACE] vk.render_work_enter #3 sequence=1010 queue=dcb.graphics submission=88 queued_ms=111.514 VulkanOffscreenGuestDraw
[LOADER][TRACE] vk.render_work_enter #7 sequence=1013 queue=dcb.graphics submission=88 queued_ms=112.592 VulkanOffscreenGuestDraw
[LOADER][TRACE] vk.render_work_enter #8 sequence=1014 queue=dcb.graphics submission=88 queued_ms=112.648 VulkanOffscreenGuestDraw
[LOADER][TRACE] vk.render_work_enter #12 sequence=1017 queue=dcb.graphics submission=88 queued_ms=119.882 VulkanOffscreenGuestDraw
[LOADER][TRACE] vk.render_work_enter #3 sequence=1020 queue=dcb.graphics submission=88 queued_ms=124.056 VulkanOffscreenGuestDraw
[LOADER][TRACE] vk.present_taken addr=0x0000000003240000 version=88 drawKind=None hasPixels=False hasTranslatedDraw=False
[DIAG-VERIFY] Import #18000 OK: libc::libc:_Getptolower ret=0x00007F895C00B460
[LOADER][TRACE] vk.swapchain_image size=1280x720 format=B8G8R8A8Unorm nonzero_bytes=3686400/3686400 nonblack_pixels=921600/921600 hash=0xDFC1DDE18BF871FB
[LOADER][TRACE] vk.swapchain_dump path=/tmp/ds-golden-exp139/present-0088-1280x720-B8G8R8A8Unorm.bgra
[LOADER][TRACE] vk.render_work_enter #0 sequence=1037 queue=dcb.graphics submission=89 queued_ms=31.754 VulkanOffscreenGuestDraw
[LOADER][TRACE] vk.render_work_enter #7 sequence=1042 queue=dcb.graphics submission=89 queued_ms=34.685 VulkanOffscreenGuestDraw
[LOADER][TRACE] vk.render_work_enter #8 sequence=1043 queue=dcb.graphics submission=89 queued_ms=34.748 VulkanOffscreenGuestDraw
[LOADER][TRACE] vk.render_work_enter #2 sequence=1046 queue=dcb.graphics submission=89 queued_ms=53.860 VulkanOffscreenGuestDraw
[LOADER][TRACE] vk.render_work_enter #2 sequence=1049 queue=dcb.graphics submission=89 queued_ms=75.568 VulkanOffscreenGuestDraw
[LOADER][TRACE] vk.render_work_enter #3 sequence=1050 queue=dcb.graphics submission=89 queued_ms=75.658 VulkanOffscreenGuestDraw
[LOADER][TRACE] vk.render_work_enter #7 sequence=1053 queue=dcb.graphics submission=89 queued_ms=80.373 VulkanOffscreenGuestDraw
[LOADER][TRACE] vk.render_work_enter #2 sequence=1056 queue=dcb.graphics submission=89 queued_ms=99.152 VulkanOffscreenGuestDraw
[LOADER][TRACE] vk.render_work_enter #3 sequence=1057 queue=dcb.graphics submission=89 queued_ms=99.217 VulkanOffscreenGuestDraw
[LOADER][TRACE] vk.render_work_enter #7 sequence=1060 queue=dcb.graphics submission=89 queued_ms=100.274 VulkanOffscreenGuestDraw
[LOADER][TRACE] vk.render_work_enter #11 sequence=1063 queue=dcb.graphics submission=89 queued_ms=103.211 VulkanOffscreenGuestDraw
[LOADER][TRACE] vk.render_work_enter #16 sequence=1066 queue=dcb.graphics submission=89 queued_ms=105.082 VulkanOffscreenGuestDraw
[LOADER][TRACE] vk.render_work_enter #2 sequence=1069 queue=dcb.graphics submission=89 queued_ms=113.172 VulkanOffscreenGuestDraw
[LOADER][TRACE] vk.render_work_enter #3 sequence=1070 queue=dcb.graphics submission=89 queued_ms=113.258 VulkanOffscreenGuestDraw
[LOADER][TRACE] vk.render_work_enter #7 sequence=1073 queue=dcb.graphics submission=89 queued_ms=114.182 VulkanOffscreenGuestDraw
[LOADER][TRACE] vk.render_work_enter #8 sequence=1074 queue=dcb.graphics submission=89 queued_ms=114.250 VulkanOffscreenGuestDraw
[LOADER][TRACE] vk.render_work_enter #12 sequence=1077 queue=dcb.graphics submission=89 queued_ms=118.508 VulkanOffscreenGuestDraw
[LOADER][TRACE] vk.render_work_enter #16 sequence=1080 queue=dcb.graphics submission=89 queued_ms=124.010 VulkanOffscreenGuestDraw
[LOADER][TRACE] vk.present_taken addr=0x0000000001260000 version=89 drawKind=None hasPixels=False hasTranslatedDraw=False
[DIAG-VERIFY] Import #19000 OK: libc::libc:_Getptolower ret=0x00007F895C00B460
[DIAG-VERIFY] Import #20000 OK: libSceAgc::libSceAgc:sceAgcCbSetShRegisterRangeDirect ret=0x0000000000260A94
[LOADER][TRACE] vk.swapchain_image size=1280x720 format=B8G8R8A8Unorm nonzero_bytes=3686400/3686400 nonblack_pixels=921600/921600 hash=0xDD8AD9E7E5FA3FA8
[LOADER][TRACE] vk.swapchain_dump path=/tmp/ds-golden-exp139/present-0089-1280x720-B8G8R8A8Unorm.bgra
[LOADER][TRACE] vk.render_work_enter #0 sequence=1097 queue=dcb.graphics submission=90 queued_ms=24.370 VulkanOffscreenGuestDraw
[LOADER][TRACE] vk.render_work_enter #7 sequence=1102 queue=dcb.graphics submission=90 queued_ms=27.260 VulkanOffscreenGuestDraw
[LOADER][TRACE] vk.render_work_enter #8 sequence=1103 queue=dcb.graphics submission=90 queued_ms=27.340 VulkanOffscreenGuestDraw
[LOADER][TRACE] vk.render_work_enter #2 sequence=1106 queue=dcb.graphics submission=90 queued_ms=38.133 VulkanOffscreenGuestDraw
[LOADER][TRACE] vk.render_work_enter #2 sequence=1109 queue=dcb.graphics submission=90 queued_ms=70.363 VulkanOffscreenGuestDraw
[LOADER][TRACE] vk.render_work_enter #3 sequence=1110 queue=dcb.graphics submission=90 queued_ms=70.450 VulkanOffscreenGuestDraw
[LOADER][TRACE] vk.render_work_enter #7 sequence=1113 queue=dcb.graphics submission=90 queued_ms=75.004 VulkanOffscreenGuestDraw
[LOADER][TRACE] vk.render_work_enter #2 sequence=1116 queue=dcb.graphics submission=90 queued_ms=93.983 VulkanOffscreenGuestDraw
[LOADER][TRACE] vk.render_work_enter #3 sequence=1117 queue=dcb.graphics submission=90 queued_ms=94.072 VulkanOffscreenGuestDraw
[LOADER][TRACE] vk.render_work_enter #7 sequence=1120 queue=dcb.graphics submission=90 queued_ms=95.168 VulkanOffscreenGuestDraw
[LOADER][TRACE] vk.render_work_enter #11 sequence=1123 queue=dcb.graphics submission=90 queued_ms=98.153 VulkanOffscreenGuestDraw
[LOADER][TRACE] vk.render_work_enter #15 sequence=1126 queue=dcb.graphics submission=90 queued_ms=100.179 VulkanOffscreenGuestDraw
[LOADER][TRACE] vk.render_work_enter #3 sequence=1129 queue=dcb.graphics submission=90 queued_ms=111.707 VulkanOffscreenGuestDraw
[LOADER][TRACE] vk.render_work_enter #4 sequence=1130 queue=dcb.graphics submission=90 queued_ms=111.809 VulkanOffscreenGuestDraw
[LOADER][TRACE] vk.render_work_enter #8 sequence=1133 queue=dcb.graphics submission=90 queued_ms=112.670 VulkanOffscreenGuestDraw
[LOADER][TRACE] vk.render_work_enter #9 sequence=1134 queue=dcb.graphics submission=90 queued_ms=112.729 VulkanOffscreenGuestDraw
[LOADER][TRACE] vk.render_work_enter #13 sequence=1137 queue=dcb.graphics submission=90 queued_ms=116.846 VulkanOffscreenGuestDraw
[LOADER][TRACE] vk.render_work_enter #17 sequence=1140 queue=dcb.graphics submission=90 queued_ms=120.059 VulkanOffscreenGuestDraw
[DIAG-VERIFY] Import #12000 OK: libKernel::libKernel:scePthreadMutexLock ret=0x0000000000000000
[LOADER][TRACE] vk.present_taken addr=0x0000000003240000 version=90 drawKind=None hasPixels=False hasTranslatedDraw=False
[DIAG-VERIFY] Import #21000 OK: libc::libc:_Getptolower ret=0x00007F895C00B460
[LOADER][TRACE] vk.swapchain_image size=1280x720 format=B8G8R8A8Unorm nonzero_bytes=3686400/3686400 nonblack_pixels=921600/921600 hash=0xB0903F2BD3109999
[LOADER][TRACE] vk.swapchain_dump path=/tmp/ds-golden-exp139/present-0090-1280x720-B8G8R8A8Unorm.bgra
[LOADER][TRACE] vk.render_work_enter #0 sequence=1157 queue=dcb.graphics submission=91 queued_ms=24.547 VulkanOffscreenGuestDraw
[LOADER][TRACE] vk.render_work_enter #7 sequence=1162 queue=dcb.graphics submission=91 queued_ms=26.183 VulkanOffscreenGuestDraw
[LOADER][TRACE] vk.render_work_enter #8 sequence=1163 queue=dcb.graphics submission=91 queued_ms=26.252 VulkanOffscreenGuestDraw
[LOADER][TRACE] vk.render_work_enter #12 sequence=1166 queue=dcb.graphics submission=91 queued_ms=29.410 VulkanOffscreenGuestDraw
[LOADER][TRACE] vk.render_work_enter #2 sequence=1169 queue=dcb.graphics submission=91 queued_ms=59.989 VulkanOffscreenGuestDraw
[LOADER][TRACE] vk.render_work_enter #3 sequence=1170 queue=dcb.graphics submission=91 queued_ms=60.098 VulkanOffscreenGuestDraw
[LOADER][TRACE] vk.render_work_enter #7 sequence=1173 queue=dcb.graphics submission=91 queued_ms=64.686 VulkanOffscreenGuestDraw
[LOADER][TRACE] vk.render_work_enter #2 sequence=1176 queue=dcb.graphics submission=91 queued_ms=83.733 VulkanOffscreenGuestDraw
[LOADER][TRACE] vk.render_work_enter #3 sequence=1177 queue=dcb.graphics submission=91 queued_ms=83.831 VulkanOffscreenGuestDraw
[LOADER][TRACE] vk.render_work_enter #7 sequence=1180 queue=dcb.graphics submission=91 queued_ms=84.890 VulkanOffscreenGuestDraw
[LOADER][TRACE] vk.render_work_enter #11 sequence=1183 queue=dcb.graphics submission=91 queued_ms=87.790 VulkanOffscreenGuestDraw
[LOADER][TRACE] vk.render_work_enter #15 sequence=1186 queue=dcb.graphics submission=91 queued_ms=89.795 VulkanOffscreenGuestDraw
[LOADER][TRACE] vk.render_work_enter #2 sequence=1189 queue=dcb.graphics submission=91 queued_ms=105.045 VulkanOffscreenGuestDraw
[LOADER][TRACE] vk.render_work_enter #3 sequence=1190 queue=dcb.graphics submission=91 queued_ms=105.146 VulkanOffscreenGuestDraw
[LOADER][TRACE] vk.render_work_enter #7 sequence=1193 queue=dcb.graphics submission=91 queued_ms=106.282 VulkanOffscreenGuestDraw
[LOADER][TRACE] vk.render_work_enter #8 sequence=1194 queue=dcb.graphics submission=91 queued_ms=106.362 VulkanOffscreenGuestDraw
[LOADER][TRACE] vk.render_work_enter #12 sequence=1197 queue=dcb.graphics submission=91 queued_ms=113.642 VulkanOffscreenGuestDraw
[LOADER][TRACE] vk.render_work_enter #2 sequence=1200 queue=dcb.graphics submission=91 queued_ms=119.093 VulkanOffscreenGuestDraw
[LOADER][TRACE] vk.present_taken addr=0x0000000001260000 version=91 drawKind=None hasPixels=False hasTranslatedDraw=False
[LOADER][TRACE] vk.swapchain_image size=1280x720 format=B8G8R8A8Unorm nonzero_bytes=3686400/3686400 nonblack_pixels=921600/921600 hash=0xD2753795A7557E11
[LOADER][TRACE] vk.swapchain_dump path=/tmp/ds-golden-exp139/present-0091-1280x720-B8G8R8A8Unorm.bgra
[DIAG-VERIFY] Import #22000 OK: libc::libc:_Getptolower ret=0x00007F895C00B460
[DIAG-VERIFY] Import #23000 OK: libSceAgc::libSceAgc:sceAgcDcbDrawIndexOffset ret=0x0000000000260BE0
[LOADER][TRACE] vk.render_work_enter #0 sequence=1217 queue=dcb.graphics submission=92 queued_ms=0.023 VulkanOffscreenGuestDraw
[LOADER][TRACE] vk.render_work_enter #7 sequence=1222 queue=dcb.graphics submission=92 queued_ms=4.837 VulkanOffscreenGuestDraw
[LOADER][TRACE] vk.render_work_enter #8 sequence=1223 queue=dcb.graphics submission=92 queued_ms=4.905 VulkanOffscreenGuestDraw
[LOADER][TRACE] vk.render_work_enter #12 sequence=1226 queue=dcb.graphics submission=92 queued_ms=10.295 VulkanOffscreenGuestDraw
[LOADER][TRACE] vk.render_work_enter #2 sequence=1229 queue=dcb.graphics submission=92 queued_ms=42.221 VulkanOffscreenGuestDraw
[LOADER][TRACE] vk.render_work_enter #3 sequence=1230 queue=dcb.graphics submission=92 queued_ms=42.295 VulkanOffscreenGuestDraw
[LOADER][TRACE] vk.render_work_enter #7 sequence=1233 queue=dcb.graphics submission=92 queued_ms=47.662 VulkanOffscreenGuestDraw
[LOADER][TRACE] vk.render_work_enter #2 sequence=1236 queue=dcb.graphics submission=92 queued_ms=66.743 VulkanOffscreenGuestDraw
[LOADER][TRACE] vk.render_work_enter #3 sequence=1237 queue=dcb.graphics submission=92 queued_ms=66.849 VulkanOffscreenGuestDraw
[LOADER][TRACE] vk.render_work_enter #7 sequence=1240 queue=dcb.graphics submission=92 queued_ms=67.958 VulkanOffscreenGuestDraw
[LOADER][TRACE] vk.render_work_enter #11 sequence=1243 queue=dcb.graphics submission=92 queued_ms=70.833 VulkanOffscreenGuestDraw
[LOADER][TRACE] vk.render_work_enter #15 sequence=1246 queue=dcb.graphics submission=92 queued_ms=72.805 VulkanOffscreenGuestDraw
[LOADER][TRACE] vk.render_work_enter #2 sequence=1249 queue=dcb.graphics submission=92 queued_ms=86.572 VulkanOffscreenGuestDraw
[LOADER][TRACE] vk.render_work_enter #3 sequence=1250 queue=dcb.graphics submission=92 queued_ms=86.661 VulkanOffscreenGuestDraw
[LOADER][TRACE] vk.render_work_enter #7 sequence=1253 queue=dcb.graphics submission=92 queued_ms=89.729 VulkanOffscreenGuestDraw
[LOADER][TRACE] vk.render_work_enter #8 sequence=1254 queue=dcb.graphics submission=92 queued_ms=89.802 VulkanOffscreenGuestDraw
[LOADER][TRACE] vk.render_work_enter #12 sequence=1257 queue=dcb.graphics submission=92 queued_ms=97.328 VulkanOffscreenGuestDraw
[LOADER][TRACE] vk.render_work_enter #2 sequence=1260 queue=dcb.graphics submission=92 queued_ms=126.107 VulkanOffscreenGuestDraw
[LOADER][TRACE] vk.present_taken addr=0x0000000003240000 version=92 drawKind=None hasPixels=False hasTranslatedDraw=False
[LOADER][TRACE] vk.swapchain_image size=1280x720 format=B8G8R8A8Unorm nonzero_bytes=3686400/3686400 nonblack_pixels=921600/921600 hash=0x58FF8EBFDF0A395A
[LOADER][TRACE] vk.swapchain_dump path=/tmp/ds-golden-exp139/present-0092-1280x720-B8G8R8A8Unorm.bgra
[DIAG-VERIFY] Import #24000 OK: libSceAgc::libSceAgc:sceAgcSetCxRegIndirectPatchAddRegisters ret=0x0000000000000000
[LOADER][TRACE] vk.render_work_enter #2 sequence=1277 queue=dcb.graphics submission=93 queued_ms=4.370 VulkanOffscreenGuestDraw
[LOADER][TRACE] vk.render_work_enter #9 sequence=1282 queue=dcb.graphics submission=93 queued_ms=5.911 VulkanOffscreenGuestDraw
[LOADER][TRACE] vk.render_work_enter #10 sequence=1283 queue=dcb.graphics submission=93 queued_ms=5.977 VulkanOffscreenGuestDraw
[LOADER][TRACE] vk.render_work_enter #2 sequence=1286 queue=dcb.graphics submission=93 queued_ms=27.680 VulkanOffscreenGuestDraw
[LOADER][TRACE] vk.render_work_enter #2 sequence=1289 queue=dcb.graphics submission=93 queued_ms=50.151 VulkanOffscreenGuestDraw
[LOADER][TRACE] vk.render_work_enter #3 sequence=1290 queue=dcb.graphics submission=93 queued_ms=50.224 VulkanOffscreenGuestDraw
[LOADER][TRACE] vk.render_work_enter #7 sequence=1293 queue=dcb.graphics submission=93 queued_ms=54.880 VulkanOffscreenGuestDraw
[LOADER][TRACE] vk.render_work_enter #2 sequence=1296 queue=dcb.graphics submission=93 queued_ms=74.008 VulkanOffscreenGuestDraw
[LOADER][TRACE] vk.render_work_enter #3 sequence=1297 queue=dcb.graphics submission=93 queued_ms=74.062 VulkanOffscreenGuestDraw
[LOADER][TRACE] vk.render_work_enter #7 sequence=1300 queue=dcb.graphics submission=93 queued_ms=75.141 VulkanOffscreenGuestDraw
[LOADER][TRACE] vk.render_work_enter #11 sequence=1303 queue=dcb.graphics submission=93 queued_ms=78.079 VulkanOffscreenGuestDraw
[LOADER][TRACE] vk.render_work_enter #15 sequence=1306 queue=dcb.graphics submission=93 queued_ms=80.175 VulkanOffscreenGuestDraw
[LOADER][TRACE] vk.render_work_enter #2 sequence=1309 queue=dcb.graphics submission=93 queued_ms=95.384 VulkanOffscreenGuestDraw
[LOADER][TRACE] vk.render_work_enter #3 sequence=1310 queue=dcb.graphics submission=93 queued_ms=95.443 VulkanOffscreenGuestDraw
[LOADER][TRACE] vk.render_work_enter #7 sequence=1313 queue=dcb.graphics submission=93 queued_ms=96.517 VulkanOffscreenGuestDraw
[LOADER][TRACE] vk.render_work_enter #8 sequence=1314 queue=dcb.graphics submission=93 queued_ms=96.535 VulkanOffscreenGuestDraw
[LOADER][TRACE] vk.render_work_enter #2 sequence=1317 queue=dcb.graphics submission=93 queued_ms=128.469 VulkanOffscreenGuestDraw
[LOADER][TRACE] vk.render_work_enter #7 sequence=1320 queue=dcb.graphics submission=93 queued_ms=132.317 VulkanOffscreenGuestDraw
[LOADER][TRACE] vk.present_taken addr=0x0000000001260000 version=93 drawKind=None hasPixels=False hasTranslatedDraw=False
[DIAG-VERIFY] Import #25000 OK: libc::libc:_Getptolower ret=0x00007F895C00B460
[DIAG-VERIFY] Import #26000 OK: libSceAgc::libSceAgc:sceAgcCbSetShRegisterRangeDirect ret=0x0000000000260D24
[LOADER][TRACE] vk.swapchain_image size=1280x720 format=B8G8R8A8Unorm nonzero_bytes=3686400/3686400 nonblack_pixels=921600/921600 hash=0xF429E11CE2080234
[LOADER][TRACE] vk.swapchain_dump path=/tmp/ds-golden-exp139/present-0093-1280x720-B8G8R8A8Unorm.bgra
[LOADER][TRACE] vk.render_work_enter #0 sequence=1337 queue=dcb.graphics submission=94 queued_ms=42.439 VulkanOffscreenGuestDraw
[LOADER][TRACE] vk.render_work_enter #7 sequence=1342 queue=dcb.graphics submission=94 queued_ms=49.955 VulkanOffscreenGuestDraw
[LOADER][TRACE] vk.render_work_enter #8 sequence=1343 queue=dcb.graphics submission=94 queued_ms=50.033 VulkanOffscreenGuestDraw
[LOADER][TRACE] vk.render_work_enter #3 sequence=1346 queue=dcb.graphics submission=94 queued_ms=61.481 VulkanOffscreenGuestDraw
[LOADER][TRACE] vk.render_work_enter #2 sequence=1349 queue=dcb.graphics submission=94 queued_ms=81.741 VulkanOffscreenGuestDraw
[LOADER][TRACE] vk.render_work_enter #3 sequence=1350 queue=dcb.graphics submission=94 queued_ms=81.836 VulkanOffscreenGuestDraw
[LOADER][TRACE] vk.render_work_enter #7 sequence=1353 queue=dcb.graphics submission=94 queued_ms=90.221 VulkanOffscreenGuestDraw
[LOADER][TRACE] vk.render_work_enter #2 sequence=1356 queue=dcb.graphics submission=94 queued_ms=109.395 VulkanOffscreenGuestDraw
[LOADER][TRACE] vk.render_work_enter #3 sequence=1357 queue=dcb.graphics submission=94 queued_ms=109.495 VulkanOffscreenGuestDraw
[LOADER][TRACE] vk.render_work_enter #7 sequence=1360 queue=dcb.graphics submission=94 queued_ms=110.679 VulkanOffscreenGuestDraw
[LOADER][TRACE] vk.render_work_enter #11 sequence=1363 queue=dcb.graphics submission=94 queued_ms=113.819 VulkanOffscreenGuestDraw
[LOADER][TRACE] vk.render_work_enter #15 sequence=1366 queue=dcb.graphics submission=94 queued_ms=115.846 VulkanOffscreenGuestDraw
[LOADER][TRACE] vk.render_work_enter #3 sequence=1369 queue=dcb.graphics submission=94 queued_ms=150.756 VulkanOffscreenGuestDraw
[LOADER][TRACE] vk.render_work_enter #4 sequence=1370 queue=dcb.graphics submission=94 queued_ms=150.862 VulkanOffscreenGuestDraw
[LOADER][TRACE] vk.render_work_enter #8 sequence=1373 queue=dcb.graphics submission=94 queued_ms=151.735 VulkanOffscreenGuestDraw
[LOADER][TRACE] vk.render_work_enter #9 sequence=1374 queue=dcb.graphics submission=94 queued_ms=151.825 VulkanOffscreenGuestDraw
[LOADER][TRACE] vk.render_work_enter #13 sequence=1377 queue=dcb.graphics submission=94 queued_ms=156.000 VulkanOffscreenGuestDraw
[LOADER][TRACE] vk.render_work_enter #17 sequence=1380 queue=dcb.graphics submission=94 queued_ms=159.232 VulkanOffscreenGuestDraw
[LOADER][TRACE] vk.present_taken addr=0x0000000003240000 version=94 drawKind=None hasPixels=False hasTranslatedDraw=False
[DIAG-VERIFY] Import #27000 OK: libSceAgc::libSceAgc:sceAgcSetUcRegIndirectPatchAddRegisters ret=0x0000000000000000
[DIAG-VERIFY] Import #3000 OK: libSceAudioOut::libSceAudioOut:sceAudioOutOutput ret=0x0000000000000000
[LOADER][TRACE] vk.swapchain_image size=1280x720 format=B8G8R8A8Unorm nonzero_bytes=3686400/3686400 nonblack_pixels=921600/921600 hash=0xD33FD2A0006CE3C7
[LOADER][TRACE] vk.swapchain_dump path=/tmp/ds-golden-exp139/present-0094-1280x720-B8G8R8A8Unorm.bgra
[LOADER][TRACE] vk.render_work_enter #0 sequence=1397 queue=dcb.graphics submission=95 queued_ms=44.838 VulkanOffscreenGuestDraw
[LOADER][TRACE] vk.render_work_enter #7 sequence=1402 queue=dcb.graphics submission=95 queued_ms=46.640 VulkanOffscreenGuestDraw
[LOADER][TRACE] vk.render_work_enter #8 sequence=1403 queue=dcb.graphics submission=95 queued_ms=46.752 VulkanOffscreenGuestDraw
[LOADER][TRACE] vk.render_work_enter #12 sequence=1406 queue=dcb.graphics submission=95 queued_ms=51.826 VulkanOffscreenGuestDraw
[NID-COUNTS] 1D0H2KNjshE=143 hsi9drzHR2k=0
[LOADER][TRACE] vk.render_work_enter #2 sequence=1409 queue=dcb.graphics submission=95 queued_ms=66.879 VulkanOffscreenGuestDraw
[LOADER][TRACE] vk.render_work_enter #3 sequence=1410 queue=dcb.graphics submission=95 queued_ms=66.981 VulkanOffscreenGuestDraw
[LOADER][TRACE] vk.render_work_enter #7 sequence=1413 queue=dcb.graphics submission=95 queued_ms=72.304 VulkanOffscreenGuestDraw
[LOADER][TRACE] vk.render_work_enter #2 sequence=1416 queue=dcb.graphics submission=95 queued_ms=91.947 VulkanOffscreenGuestDraw
[LOADER][TRACE] vk.render_work_enter #3 sequence=1417 queue=dcb.graphics submission=95 queued_ms=92.051 VulkanOffscreenGuestDraw
[LOADER][TRACE] vk.render_work_enter #7 sequence=1420 queue=dcb.graphics submission=95 queued_ms=93.032 VulkanOffscreenGuestDraw
[LOADER][TRACE] vk.render_work_enter #11 sequence=1423 queue=dcb.graphics submission=95 queued_ms=96.156 VulkanOffscreenGuestDraw
[LOADER][TRACE] vk.render_work_enter #2 sequence=1426 queue=dcb.graphics submission=95 queued_ms=122.840 VulkanOffscreenGuestDraw
[LOADER][TRACE] vk.render_work_enter #2 sequence=1429 queue=dcb.graphics submission=95 queued_ms=138.842 VulkanOffscreenGuestDraw
[LOADER][TRACE] vk.render_work_enter #3 sequence=1430 queue=dcb.graphics submission=95 queued_ms=138.946 VulkanOffscreenGuestDraw
[LOADER][TRACE] vk.render_work_enter #7 sequence=1433 queue=dcb.graphics submission=95 queued_ms=140.122 VulkanOffscreenGuestDraw
[LOADER][TRACE] vk.render_work_enter #8 sequence=1434 queue=dcb.graphics submission=95 queued_ms=140.183 VulkanOffscreenGuestDraw
[LOADER][TRACE] vk.render_work_enter #13 sequence=1437 queue=dcb.graphics submission=95 queued_ms=147.616 VulkanOffscreenGuestDraw
[LOADER][TRACE] vk.render_work_enter #2 sequence=1440 queue=dcb.graphics submission=95 queued_ms=150.825 VulkanOffscreenGuestDraw
[LOADER][TRACE] vk.present_taken addr=0x0000000001260000 version=95 drawKind=None hasPixels=False hasTranslatedDraw=False
[DIAG-VERIFY] Import #28000 OK: libc::libc:_Getptolower ret=0x00007F895C00B460
[DIAG-VERIFY] Import #29000 OK: libSceAgc::libSceAgc:sceAgcSetCxRegIndirectPatchAddRegisters ret=0x0000000000000000
[LOADER][TRACE] vk.swapchain_image size=1280x720 format=B8G8R8A8Unorm nonzero_bytes=3686400/3686400 nonblack_pixels=921600/921600 hash=0xF6EAC09C7BB9E6B3
[LOADER][TRACE] vk.swapchain_dump path=/tmp/ds-golden-exp139/present-0095-1280x720-B8G8R8A8Unorm.bgra
[LOADER][TRACE] vk.render_work_enter #0 sequence=1457 queue=dcb.graphics submission=96 queued_ms=20.127 VulkanOffscreenGuestDraw
[LOADER][TRACE] vk.render_work_enter #7 sequence=1462 queue=dcb.graphics submission=96 queued_ms=23.173 VulkanOffscreenGuestDraw
[LOADER][TRACE] vk.render_work_enter #8 sequence=1463 queue=dcb.graphics submission=96 queued_ms=23.278 VulkanOffscreenGuestDraw
[LOADER][TRACE] vk.render_work_enter #12 sequence=1466 queue=dcb.graphics submission=96 queued_ms=29.394 VulkanOffscreenGuestDraw
[LOADER][TRACE] vk.render_work_enter #2 sequence=1469 queue=dcb.graphics submission=96 queued_ms=51.557 VulkanOffscreenGuestDraw
[LOADER][TRACE] vk.render_work_enter #3 sequence=1470 queue=dcb.graphics submission=96 queued_ms=51.656 VulkanOffscreenGuestDraw
[LOADER][TRACE] vk.render_work_enter #7 sequence=1473 queue=dcb.graphics submission=96 queued_ms=56.427 VulkanOffscreenGuestDraw
[LOADER][TRACE] vk.render_work_enter #2 sequence=1476 queue=dcb.graphics submission=96 queued_ms=98.064 VulkanOffscreenGuestDraw
[LOADER][TRACE] vk.render_work_enter #3 sequence=1477 queue=dcb.graphics submission=96 queued_ms=98.153 VulkanOffscreenGuestDraw
[LOADER][TRACE] vk.render_work_enter #7 sequence=1480 queue=dcb.graphics submission=96 queued_ms=99.345 VulkanOffscreenGuestDraw
[LOADER][TRACE] vk.render_work_enter #11 sequence=1483 queue=dcb.graphics submission=96 queued_ms=103.005 VulkanOffscreenGuestDraw
[LOADER][TRACE] vk.render_work_enter #15 sequence=1486 queue=dcb.graphics submission=96 queued_ms=105.184 VulkanOffscreenGuestDraw
[LOADER][TRACE] vk.render_work_enter #3 sequence=1489 queue=dcb.graphics submission=96 queued_ms=120.476 VulkanOffscreenGuestDraw
[LOADER][TRACE] vk.render_work_enter #4 sequence=1490 queue=dcb.graphics submission=96 queued_ms=120.563 VulkanOffscreenGuestDraw
[LOADER][TRACE] vk.render_work_enter #8 sequence=1493 queue=dcb.graphics submission=96 queued_ms=121.522 VulkanOffscreenGuestDraw
[LOADER][TRACE] vk.render_work_enter #9 sequence=1494 queue=dcb.graphics submission=96 queued_ms=121.610 VulkanOffscreenGuestDraw
[LOADER][TRACE] vk.render_work_enter #13 sequence=1497 queue=dcb.graphics submission=96 queued_ms=125.854 VulkanOffscreenGuestDraw
[LOADER][TRACE] vk.render_work_enter #17 sequence=1500 queue=dcb.graphics submission=96 queued_ms=129.140 VulkanOffscreenGuestDraw
[LOADER][TRACE] vk.present_taken addr=0x0000000003240000 version=96 drawKind=None hasPixels=False hasTranslatedDraw=False
[DIAG-VERIFY] Import #30000 OK: libSceAgc::libSceAgc:sceAgcSetCxRegIndirectPatchAddRegisters ret=0x0000000000000000
[LOADER][TRACE] vk.swapchain_image size=1280x720 format=B8G8R8A8Unorm nonzero_bytes=3686400/3686400 nonblack_pixels=921600/921600 hash=0x970FA6E915A2D4AB
[DIAG-VERIFY] Import #13000 OK: libKernel::libKernel:scePthreadMutexLock ret=0x0000000000000000
[LOADER][TRACE] vk.swapchain_dump path=/tmp/ds-golden-exp139/present-0096-1280x720-B8G8R8A8Unorm.bgra
[LOADER][TRACE] vk.render_work_enter #0 sequence=1517 queue=dcb.graphics submission=97 queued_ms=20.475 VulkanOffscreenGuestDraw
[LOADER][TRACE] vk.render_work_enter #7 sequence=1522 queue=dcb.graphics submission=97 queued_ms=23.492 VulkanOffscreenGuestDraw
[LOADER][TRACE] vk.render_work_enter #8 sequence=1523 queue=dcb.graphics submission=97 queued_ms=23.593 VulkanOffscreenGuestDraw
[LOADER][TRACE] vk.render_work_enter #12 sequence=1526 queue=dcb.graphics submission=97 queued_ms=29.182 VulkanOffscreenGuestDraw
[LOADER][TRACE] vk.render_work_enter #2 sequence=1529 queue=dcb.graphics submission=97 queued_ms=51.687 VulkanOffscreenGuestDraw
[LOADER][TRACE] vk.render_work_enter #3 sequence=1530 queue=dcb.graphics submission=97 queued_ms=51.791 VulkanOffscreenGuestDraw
[LOADER][TRACE] vk.render_work_enter #7 sequence=1533 queue=dcb.graphics submission=97 queued_ms=56.392 VulkanOffscreenGuestDraw
[LOADER][TRACE] vk.render_work_enter #2 sequence=1536 queue=dcb.graphics submission=97 queued_ms=95.428 VulkanOffscreenGuestDraw
[LOADER][TRACE] vk.render_work_enter #3 sequence=1537 queue=dcb.graphics submission=97 queued_ms=95.528 VulkanOffscreenGuestDraw
[LOADER][TRACE] vk.render_work_enter #7 sequence=1540 queue=dcb.graphics submission=97 queued_ms=96.658 VulkanOffscreenGuestDraw
[LOADER][TRACE] vk.render_work_enter #11 sequence=1543 queue=dcb.graphics submission=97 queued_ms=99.645 VulkanOffscreenGuestDraw
[LOADER][TRACE] vk.render_work_enter #15 sequence=1546 queue=dcb.graphics submission=97 queued_ms=101.783 VulkanOffscreenGuestDraw
[LOADER][TRACE] vk.render_work_enter #3 sequence=1549 queue=dcb.graphics submission=97 queued_ms=111.940 VulkanOffscreenGuestDraw
[LOADER][TRACE] vk.render_work_enter #4 sequence=1550 queue=dcb.graphics submission=97 queued_ms=112.037 VulkanOffscreenGuestDraw
[LOADER][TRACE] vk.render_work_enter #8 sequence=1553 queue=dcb.graphics submission=97 queued_ms=112.825 VulkanOffscreenGuestDraw
[LOADER][TRACE] vk.render_work_enter #9 sequence=1554 queue=dcb.graphics submission=97 queued_ms=112.842 VulkanOffscreenGuestDraw
[LOADER][TRACE] vk.render_work_enter #13 sequence=1557 queue=dcb.graphics submission=97 queued_ms=117.143 VulkanOffscreenGuestDraw
[LOADER][TRACE] vk.render_work_enter #17 sequence=1560 queue=dcb.graphics submission=97 queued_ms=120.226 VulkanOffscreenGuestDraw
[LOADER][TRACE] vk.present_taken addr=0x0000000001260000 version=97 drawKind=None hasPixels=False hasTranslatedDraw=False
[DIAG-VERIFY] Import #31000 OK: libc::libc:_Getptolower ret=0x00007F895C00B460
[DIAG-VERIFY] Import #32000 OK: libSceAgc::libSceAgc:sceAgcSetUcRegIndirectPatchAddRegisters ret=0x0000000000000000
[LOADER][TRACE] vk.swapchain_image size=1280x720 format=B8G8R8A8Unorm nonzero_bytes=3686400/3686400 nonblack_pixels=921600/921600 hash=0xDB7CD765E320D625
[LOADER][TRACE] vk.swapchain_dump path=/tmp/ds-golden-exp139/present-0097-1280x720-B8G8R8A8Unorm.bgra
[LOADER][TRACE] vk.render_work_enter #0 sequence=1577 queue=dcb.graphics submission=98 queued_ms=23.664 VulkanOffscreenGuestDraw
[LOADER][TRACE] vk.render_work_enter #7 sequence=1582 queue=dcb.graphics submission=98 queued_ms=26.716 VulkanOffscreenGuestDraw
[LOADER][TRACE] vk.render_work_enter #8 sequence=1583 queue=dcb.graphics submission=98 queued_ms=26.844 VulkanOffscreenGuestDraw
[LOADER][TRACE] vk.render_work_enter #12 sequence=1586 queue=dcb.graphics submission=98 queued_ms=32.618 VulkanOffscreenGuestDraw
[LOADER][TRACE] vk.render_work_enter #2 sequence=1589 queue=dcb.graphics submission=98 queued_ms=55.247 VulkanOffscreenGuestDraw
[LOADER][TRACE] vk.render_work_enter #3 sequence=1590 queue=dcb.graphics submission=98 queued_ms=55.356 VulkanOffscreenGuestDraw
[LOADER][TRACE] vk.render_work_enter #7 sequence=1593 queue=dcb.graphics submission=98 queued_ms=60.131 VulkanOffscreenGuestDraw
[LOADER][TRACE] vk.render_work_enter #2 sequence=1596 queue=dcb.graphics submission=98 queued_ms=93.709 VulkanOffscreenGuestDraw
[LOADER][TRACE] vk.render_work_enter #3 sequence=1597 queue=dcb.graphics submission=98 queued_ms=93.834 VulkanOffscreenGuestDraw
[LOADER][TRACE] vk.render_work_enter #7 sequence=1600 queue=dcb.graphics submission=98 queued_ms=95.102 VulkanOffscreenGuestDraw
[LOADER][TRACE] vk.render_work_enter #11 sequence=1603 queue=dcb.graphics submission=98 queued_ms=98.125 VulkanOffscreenGuestDraw
[LOADER][TRACE] vk.render_work_enter #15 sequence=1606 queue=dcb.graphics submission=98 queued_ms=100.302 VulkanOffscreenGuestDraw
[LOADER][TRACE] vk.render_work_enter #3 sequence=1609 queue=dcb.graphics submission=98 queued_ms=112.832 VulkanOffscreenGuestDraw
[LOADER][TRACE] vk.render_work_enter #4 sequence=1610 queue=dcb.graphics submission=98 queued_ms=112.928 VulkanOffscreenGuestDraw
[LOADER][TRACE] vk.render_work_enter #8 sequence=1613 queue=dcb.graphics submission=98 queued_ms=113.880 VulkanOffscreenGuestDraw
[LOADER][TRACE] vk.render_work_enter #9 sequence=1614 queue=dcb.graphics submission=98 queued_ms=113.947 VulkanOffscreenGuestDraw
[LOADER][TRACE] vk.render_work_enter #13 sequence=1617 queue=dcb.graphics submission=98 queued_ms=118.280 VulkanOffscreenGuestDraw
[LOADER][TRACE] vk.render_work_enter #17 sequence=1620 queue=dcb.graphics submission=98 queued_ms=121.424 VulkanOffscreenGuestDraw
[LOADER][TRACE] vk.present_taken addr=0x0000000003240000 version=98 drawKind=None hasPixels=False hasTranslatedDraw=False
[DIAG-VERIFY] Import #33000 OK: libSceAgc::libSceAgc:sceAgcSetCxRegIndirectPatchAddRegisters ret=0x0000000000000000
[LOADER][TRACE] vk.swapchain_image size=1280x720 format=B8G8R8A8Unorm nonzero_bytes=3686400/3686400 nonblack_pixels=921600/921600 hash=0xDFDE7D0262EFCEE4
[LOADER][TRACE] vk.swapchain_dump path=/tmp/ds-golden-exp139/present-0098-1280x720-B8G8R8A8Unorm.bgra
[LOADER][TRACE] vk.render_work_enter #0 sequence=1637 queue=dcb.graphics submission=99 queued_ms=22.403 VulkanOffscreenGuestDraw
[LOADER][TRACE] vk.render_work_enter #7 sequence=1642 queue=dcb.graphics submission=99 queued_ms=25.381 VulkanOffscreenGuestDraw
[LOADER][TRACE] vk.render_work_enter #8 sequence=1643 queue=dcb.graphics submission=99 queued_ms=25.497 VulkanOffscreenGuestDraw
[LOADER][TRACE] vk.render_work_enter #12 sequence=1646 queue=dcb.graphics submission=99 queued_ms=31.438 VulkanOffscreenGuestDraw
[LOADER][TRACE] vk.render_work_enter #2 sequence=1649 queue=dcb.graphics submission=99 queued_ms=54.110 VulkanOffscreenGuestDraw
[LOADER][TRACE] vk.render_work_enter #3 sequence=1650 queue=dcb.graphics submission=99 queued_ms=54.221 VulkanOffscreenGuestDraw
[LOADER][TRACE] vk.render_work_enter #7 sequence=1653 queue=dcb.graphics submission=99 queued_ms=58.969 VulkanOffscreenGuestDraw
[LOADER][TRACE] vk.render_work_enter #2 sequence=1656 queue=dcb.graphics submission=99 queued_ms=91.530 VulkanOffscreenGuestDraw
[LOADER][TRACE] vk.render_work_enter #3 sequence=1657 queue=dcb.graphics submission=99 queued_ms=91.625 VulkanOffscreenGuestDraw
[LOADER][TRACE] vk.render_work_enter #7 sequence=1660 queue=dcb.graphics submission=99 queued_ms=92.769 VulkanOffscreenGuestDraw
[LOADER][TRACE] vk.render_work_enter #11 sequence=1663 queue=dcb.graphics submission=99 queued_ms=95.781 VulkanOffscreenGuestDraw
[LOADER][TRACE] vk.render_work_enter #15 sequence=1666 queue=dcb.graphics submission=99 queued_ms=97.870 VulkanOffscreenGuestDraw
[LOADER][TRACE] vk.render_work_enter #2 sequence=1669 queue=dcb.graphics submission=99 queued_ms=113.093 VulkanOffscreenGuestDraw
[LOADER][TRACE] vk.render_work_enter #3 sequence=1670 queue=dcb.graphics submission=99 queued_ms=113.198 VulkanOffscreenGuestDraw
[LOADER][TRACE] vk.render_work_enter #8 sequence=1673 queue=dcb.graphics submission=99 queued_ms=114.243 VulkanOffscreenGuestDraw
[LOADER][TRACE] vk.render_work_enter #9 sequence=1674 queue=dcb.graphics submission=99 queued_ms=114.345 VulkanOffscreenGuestDraw
[LOADER][TRACE] vk.render_work_enter #13 sequence=1677 queue=dcb.graphics submission=99 queued_ms=118.475 VulkanOffscreenGuestDraw
[LOADER][TRACE] vk.render_work_enter #17 sequence=1680 queue=dcb.graphics submission=99 queued_ms=121.571 VulkanOffscreenGuestDraw
[LOADER][TRACE] vk.present_taken addr=0x0000000001260000 version=99 drawKind=None hasPixels=False hasTranslatedDraw=False
[DIAG-VERIFY] Import #34000 OK: libc::libc:_Getptolower ret=0x00007F895C00B460
[LOADER][TRACE] vk.swapchain_image size=1280x720 format=B8G8R8A8Unorm nonzero_bytes=3686400/3686400 nonblack_pixels=921600/921600 hash=0xF72DC87442A5363E
[LOADER][TRACE] vk.swapchain_dump path=/tmp/ds-golden-exp139/present-0099-1280x720-B8G8R8A8Unorm.bgra
[LOADER][TRACE] vk.render_work_enter #0 sequence=1697 queue=dcb.graphics submission=100 queued_ms=22.663 VulkanOffscreenGuestDraw
[LOADER][TRACE] vk.render_work_enter #7 sequence=1702 queue=dcb.graphics submission=100 queued_ms=25.692 VulkanOffscreenGuestDraw
[LOADER][TRACE] vk.render_work_enter #8 sequence=1703 queue=dcb.graphics submission=100 queued_ms=25.804 VulkanOffscreenGuestDraw
[LOADER][TRACE] vk.render_work_enter #12 sequence=1706 queue=dcb.graphics submission=100 queued_ms=31.302 VulkanOffscreenGuestDraw
[LOADER][TRACE] vk.render_work_enter #2 sequence=1709 queue=dcb.graphics submission=100 queued_ms=50.722 VulkanOffscreenGuestDraw
[LOADER][TRACE] vk.render_work_enter #3 sequence=1710 queue=dcb.graphics submission=100 queued_ms=50.826 VulkanOffscreenGuestDraw
[LOADER][TRACE] vk.render_work_enter #7 sequence=1713 queue=dcb.graphics submission=100 queued_ms=54.275 VulkanOffscreenGuestDraw
[LOADER][TRACE] vk.render_work_enter #2 sequence=1716 queue=dcb.graphics submission=100 queued_ms=85.608 VulkanOffscreenGuestDraw
[LOADER][TRACE] vk.render_work_enter #3 sequence=1717 queue=dcb.graphics submission=100 queued_ms=85.695 VulkanOffscreenGuestDraw
[LOADER][TRACE] vk.render_work_enter #7 sequence=1720 queue=dcb.graphics submission=100 queued_ms=86.793 VulkanOffscreenGuestDraw
[LOADER][TRACE] vk.render_work_enter #11 sequence=1723 queue=dcb.graphics submission=100 queued_ms=89.745 VulkanOffscreenGuestDraw
[LOADER][TRACE] vk.render_work_enter #15 sequence=1726 queue=dcb.graphics submission=100 queued_ms=91.831 VulkanOffscreenGuestDraw
[LOADER][TRACE] vk.render_work_enter #2 sequence=1729 queue=dcb.graphics submission=100 queued_ms=106.630 VulkanOffscreenGuestDraw
[LOADER][TRACE] vk.render_work_enter #3 sequence=1730 queue=dcb.graphics submission=100 queued_ms=106.716 VulkanOffscreenGuestDraw
[LOADER][TRACE] vk.render_work_enter #7 sequence=1733 queue=dcb.graphics submission=100 queued_ms=107.618 VulkanOffscreenGuestDraw
[LOADER][TRACE] vk.render_work_enter #8 sequence=1734 queue=dcb.graphics submission=100 queued_ms=107.656 VulkanOffscreenGuestDraw
[LOADER][TRACE] vk.render_work_enter #12 sequence=1737 queue=dcb.graphics submission=100 queued_ms=114.871 VulkanOffscreenGuestDraw
[LOADER][TRACE] vk.render_work_enter #3 sequence=1740 queue=dcb.graphics submission=100 queued_ms=119.124 VulkanOffscreenGuestDraw
[LOADER][TRACE] vk.present_taken addr=0x0000000003240000 version=100 drawKind=None hasPixels=False hasTranslatedDraw=False
[DIAG-VERIFY] Import #35000 OK: libKernel::libKernel:scePthreadMutexLock ret=0x0000000000000000
[DIAG-VERIFY] Import #36000 OK: libSceAgc::libSceAgc:sceAgcSetCxRegIndirectPatchAddRegisters ret=0x0000000000000000
[LOADER][TRACE] vk.swapchain_image size=1280x720 format=B8G8R8A8Unorm nonzero_bytes=3686400/3686400 nonblack_pixels=921600/921600 hash=0x61E47BD18905C029
[LOADER][TRACE] vk.swapchain_dump path=/tmp/ds-golden-exp139/present-0100-1280x720-B8G8R8A8Unorm.bgra
[LOADER][TRACE] vk.render_work_enter #0 sequence=1757 queue=dcb.graphics submission=101 queued_ms=21.240 VulkanOffscreenGuestDraw
[LOADER][TRACE] vk.render_work_enter #7 sequence=1762 queue=dcb.graphics submission=101 queued_ms=24.256 VulkanOffscreenGuestDraw
[LOADER][TRACE] vk.render_work_enter #8 sequence=1763 queue=dcb.graphics submission=101 queued_ms=24.366 VulkanOffscreenGuestDraw
[LOADER][TRACE] vk.render_work_enter #12 sequence=1766 queue=dcb.graphics submission=101 queued_ms=30.085 VulkanOffscreenGuestDraw
[LOADER][TRACE] vk.render_work_enter #2 sequence=1769 queue=dcb.graphics submission=101 queued_ms=48.772 VulkanOffscreenGuestDraw
[LOADER][TRACE] vk.render_work_enter #3 sequence=1770 queue=dcb.graphics submission=101 queued_ms=48.854 VulkanOffscreenGuestDraw
[LOADER][TRACE] vk.render_work_enter #7 sequence=1773 queue=dcb.graphics submission=101 queued_ms=53.250 VulkanOffscreenGuestDraw
[LOADER][TRACE] vk.render_work_enter #2 sequence=1776 queue=dcb.graphics submission=101 queued_ms=89.787 VulkanOffscreenGuestDraw
[LOADER][TRACE] vk.render_work_enter #3 sequence=1777 queue=dcb.graphics submission=101 queued_ms=89.895 VulkanOffscreenGuestDraw
[LOADER][TRACE] vk.render_work_enter #7 sequence=1780 queue=dcb.graphics submission=101 queued_ms=92.504 VulkanOffscreenGuestDraw
[LOADER][TRACE] vk.render_work_enter #11 sequence=1783 queue=dcb.graphics submission=101 queued_ms=97.617 VulkanOffscreenGuestDraw
[LOADER][TRACE] vk.render_work_enter #15 sequence=1786 queue=dcb.graphics submission=101 queued_ms=99.712 VulkanOffscreenGuestDraw
[LOADER][TRACE] vk.render_work_enter #3 sequence=1789 queue=dcb.graphics submission=101 queued_ms=113.507 VulkanOffscreenGuestDraw
[LOADER][TRACE] vk.render_work_enter #4 sequence=1790 queue=dcb.graphics submission=101 queued_ms=113.611 VulkanOffscreenGuestDraw
[LOADER][TRACE] vk.render_work_enter #8 sequence=1793 queue=dcb.graphics submission=101 queued_ms=114.496 VulkanOffscreenGuestDraw
[LOADER][TRACE] vk.render_work_enter #9 sequence=1794 queue=dcb.graphics submission=101 queued_ms=114.566 VulkanOffscreenGuestDraw
[LOADER][TRACE] vk.render_work_enter #13 sequence=1797 queue=dcb.graphics submission=101 queued_ms=118.817 VulkanOffscreenGuestDraw
[LOADER][TRACE] vk.render_work_enter #17 sequence=1800 queue=dcb.graphics submission=101 queued_ms=122.008 VulkanOffscreenGuestDraw
[LOADER][TRACE] vk.present_taken addr=0x0000000001260000 version=101 drawKind=None hasPixels=False hasTranslatedDraw=False
[DIAG-VERIFY] Import #37000 OK: libc::libc:_Getptolower ret=0x00007F895C00B460
[LOADER][TRACE] vk.swapchain_image size=1280x720 format=B8G8R8A8Unorm nonzero_bytes=3686400/3686400 nonblack_pixels=921600/921600 hash=0x7F2C922D4D9C3DD2
[LOADER][TRACE] vk.swapchain_dump path=/tmp/ds-golden-exp139/present-0101-1280x720-B8G8R8A8Unorm.bgra
[LOADER][TRACE] vk.render_work_enter #0 sequence=1817 queue=dcb.graphics submission=102 queued_ms=28.285 VulkanOffscreenGuestDraw
[LOADER][TRACE] vk.render_work_enter #7 sequence=1822 queue=dcb.graphics submission=102 queued_ms=31.374 VulkanOffscreenGuestDraw
[LOADER][TRACE] vk.render_work_enter #8 sequence=1823 queue=dcb.graphics submission=102 queued_ms=31.448 VulkanOffscreenGuestDraw
[LOADER][TRACE] vk.render_work_enter #12 sequence=1826 queue=dcb.graphics submission=102 queued_ms=37.263 VulkanOffscreenGuestDraw
[LOADER][TRACE] vk.render_work_enter #2 sequence=1829 queue=dcb.graphics submission=102 queued_ms=74.336 VulkanOffscreenGuestDraw
[LOADER][TRACE] vk.render_work_enter #3 sequence=1830 queue=dcb.graphics submission=102 queued_ms=74.445 VulkanOffscreenGuestDraw
[LOADER][TRACE] vk.render_work_enter #7 sequence=1833 queue=dcb.graphics submission=102 queued_ms=80.038 VulkanOffscreenGuestDraw
[LOADER][TRACE] vk.render_work_enter #2 sequence=1836 queue=dcb.graphics submission=102 queued_ms=99.091 VulkanOffscreenGuestDraw
[LOADER][TRACE] vk.render_work_enter #3 sequence=1837 queue=dcb.graphics submission=102 queued_ms=99.188 VulkanOffscreenGuestDraw
[LOADER][TRACE] vk.render_work_enter #7 sequence=1840 queue=dcb.graphics submission=102 queued_ms=100.351 VulkanOffscreenGuestDraw
[LOADER][TRACE] vk.render_work_enter #12 sequence=1843 queue=dcb.graphics submission=102 queued_ms=103.335 VulkanOffscreenGuestDraw
[LOADER][TRACE] vk.render_work_enter #16 sequence=1846 queue=dcb.graphics submission=102 queued_ms=104.630 VulkanOffscreenGuestDraw
[LOADER][TRACE] vk.render_work_enter #2 sequence=1849 queue=dcb.graphics submission=102 queued_ms=112.644 VulkanOffscreenGuestDraw
[LOADER][TRACE] vk.render_work_enter #3 sequence=1850 queue=dcb.graphics submission=102 queued_ms=112.706 VulkanOffscreenGuestDraw
[LOADER][TRACE] vk.render_work_enter #7 sequence=1853 queue=dcb.graphics submission=102 queued_ms=113.465 VulkanOffscreenGuestDraw
[LOADER][TRACE] vk.render_work_enter #8 sequence=1854 queue=dcb.graphics submission=102 queued_ms=113.565 VulkanOffscreenGuestDraw
[LOADER][TRACE] vk.render_work_enter #12 sequence=1857 queue=dcb.graphics submission=102 queued_ms=117.743 VulkanOffscreenGuestDraw
[LOADER][TRACE] vk.render_work_enter #16 sequence=1860 queue=dcb.graphics submission=102 queued_ms=120.794 VulkanOffscreenGuestDraw
[LOADER][TRACE] vk.present_taken addr=0x0000000003240000 version=102 drawKind=None hasPixels=False hasTranslatedDraw=False
[DIAG-VERIFY] Import #38000 OK: libc::libc:_Getptolower ret=0x00007F895C00B460
[DIAG-VERIFY] Import #39000 OK: libSceAgc::libSceAgc:sceAgcSetCxRegIndirectPatchAddRegisters ret=0x0000000000000000
[LOADER][TRACE] vk.swapchain_image size=1280x720 format=B8G8R8A8Unorm nonzero_bytes=3686400/3686400 nonblack_pixels=921600/921600 hash=0x26622258CD9F06FA
[LOADER][TRACE] vk.swapchain_dump path=/tmp/ds-golden-exp139/present-0102-1280x720-B8G8R8A8Unorm.bgra
[LOADER][TRACE] vk.render_work_enter #0 sequence=1877 queue=dcb.graphics submission=103 queued_ms=28.117 VulkanOffscreenGuestDraw
[LOADER][TRACE] vk.render_work_enter #7 sequence=1882 queue=dcb.graphics submission=103 queued_ms=31.266 VulkanOffscreenGuestDraw
[LOADER][TRACE] vk.render_work_enter #8 sequence=1883 queue=dcb.graphics submission=103 queued_ms=31.365 VulkanOffscreenGuestDraw
[LOADER][TRACE] vk.render_work_enter #12 sequence=1886 queue=dcb.graphics submission=103 queued_ms=37.142 VulkanOffscreenGuestDraw
[LOADER][TRACE] vk.render_work_enter #2 sequence=1889 queue=dcb.graphics submission=103 queued_ms=74.617 VulkanOffscreenGuestDraw
[LOADER][TRACE] vk.render_work_enter #3 sequence=1890 queue=dcb.graphics submission=103 queued_ms=74.731 VulkanOffscreenGuestDraw
[LOADER][TRACE] vk.render_work_enter #7 sequence=1893 queue=dcb.graphics submission=103 queued_ms=79.560 VulkanOffscreenGuestDraw
[LOADER][TRACE] vk.render_work_enter #2 sequence=1896 queue=dcb.graphics submission=103 queued_ms=99.114 VulkanOffscreenGuestDraw
[LOADER][TRACE] vk.render_work_enter #3 sequence=1897 queue=dcb.graphics submission=103 queued_ms=99.217 VulkanOffscreenGuestDraw
[LOADER][TRACE] vk.render_work_enter #7 sequence=1900 queue=dcb.graphics submission=103 queued_ms=100.143 VulkanOffscreenGuestDraw
[LOADER][TRACE] vk.render_work_enter #11 sequence=1903 queue=dcb.graphics submission=103 queued_ms=103.080 VulkanOffscreenGuestDraw
[LOADER][TRACE] vk.render_work_enter #15 sequence=1906 queue=dcb.graphics submission=103 queued_ms=105.124 VulkanOffscreenGuestDraw
[LOADER][TRACE] vk.render_work_enter #2 sequence=1909 queue=dcb.graphics submission=103 queued_ms=120.283 VulkanOffscreenGuestDraw
[LOADER][TRACE] vk.render_work_enter #3 sequence=1910 queue=dcb.graphics submission=103 queued_ms=120.382 VulkanOffscreenGuestDraw
[LOADER][TRACE] vk.render_work_enter #7 sequence=1913 queue=dcb.graphics submission=103 queued_ms=121.441 VulkanOffscreenGuestDraw
[LOADER][TRACE] vk.render_work_enter #8 sequence=1914 queue=dcb.graphics submission=103 queued_ms=121.473 VulkanOffscreenGuestDraw
[LOADER][TRACE] vk.render_work_enter #12 sequence=1917 queue=dcb.graphics submission=103 queued_ms=128.649 VulkanOffscreenGuestDraw
[LOADER][TRACE] vk.render_work_enter #3 sequence=1920 queue=dcb.graphics submission=103 queued_ms=133.885 VulkanOffscreenGuestDraw
[DIAG-VERIFY] Import #14000 OK: libKernel::libKernel:scePthreadMutexLock ret=0x0000000000000000
[LOADER][TRACE] vk.present_taken addr=0x0000000001260000 version=103 drawKind=None hasPixels=False hasTranslatedDraw=False
[DIAG-VERIFY] Import #40000 OK: libc::libc:_Getptolower ret=0x00007F895C00B460
[LOADER][TRACE] vk.swapchain_image size=1280x720 format=B8G8R8A8Unorm nonzero_bytes=3686400/3686400 nonblack_pixels=921600/921600 hash=0x04ED86AD1351451D
[LOADER][TRACE] vk.swapchain_dump path=/tmp/ds-golden-exp139/present-0103-1280x720-B8G8R8A8Unorm.bgra
[LOADER][TRACE] vk.render_work_enter #0 sequence=1937 queue=dcb.graphics submission=104 queued_ms=26.901 VulkanOffscreenGuestDraw
[LOADER][TRACE] vk.render_work_enter #7 sequence=1942 queue=dcb.graphics submission=104 queued_ms=29.922 VulkanOffscreenGuestDraw
[LOADER][TRACE] vk.render_work_enter #8 sequence=1943 queue=dcb.graphics submission=104 queued_ms=30.014 VulkanOffscreenGuestDraw
[LOADER][TRACE] vk.render_work_enter #12 sequence=1946 queue=dcb.graphics submission=104 queued_ms=35.190 VulkanOffscreenGuestDraw
[LOADER][TRACE] vk.render_work_enter #2 sequence=1949 queue=dcb.graphics submission=104 queued_ms=74.033 VulkanOffscreenGuestDraw
[LOADER][TRACE] vk.render_work_enter #3 sequence=1950 queue=dcb.graphics submission=104 queued_ms=74.113 VulkanOffscreenGuestDraw
[LOADER][TRACE] vk.render_work_enter #7 sequence=1953 queue=dcb.graphics submission=104 queued_ms=78.450 VulkanOffscreenGuestDraw
[LOADER][TRACE] vk.render_work_enter #2 sequence=1956 queue=dcb.graphics submission=104 queued_ms=96.980 VulkanOffscreenGuestDraw
[LOADER][TRACE] vk.render_work_enter #3 sequence=1957 queue=dcb.graphics submission=104 queued_ms=97.071 VulkanOffscreenGuestDraw
[LOADER][TRACE] vk.render_work_enter #7 sequence=1960 queue=dcb.graphics submission=104 queued_ms=97.970 VulkanOffscreenGuestDraw
[LOADER][TRACE] vk.render_work_enter #11 sequence=1963 queue=dcb.graphics submission=104 queued_ms=100.885 VulkanOffscreenGuestDraw
[LOADER][TRACE] vk.render_work_enter #15 sequence=1966 queue=dcb.graphics submission=104 queued_ms=102.795 VulkanOffscreenGuestDraw
[LOADER][TRACE] vk.render_work_enter #3 sequence=1969 queue=dcb.graphics submission=104 queued_ms=111.512 VulkanOffscreenGuestDraw
[LOADER][TRACE] vk.render_work_enter #4 sequence=1970 queue=dcb.graphics submission=104 queued_ms=111.634 VulkanOffscreenGuestDraw
[LOADER][TRACE] vk.render_work_enter #8 sequence=1973 queue=dcb.graphics submission=104 queued_ms=112.444 VulkanOffscreenGuestDraw
[LOADER][TRACE] vk.render_work_enter #9 sequence=1974 queue=dcb.graphics submission=104 queued_ms=112.497 VulkanOffscreenGuestDraw
[LOADER][TRACE] vk.render_work_enter #13 sequence=1977 queue=dcb.graphics submission=104 queued_ms=116.671 VulkanOffscreenGuestDraw
[LOADER][TRACE] vk.render_work_enter #17 sequence=1980 queue=dcb.graphics submission=104 queued_ms=120.074 VulkanOffscreenGuestDraw
[NID-COUNTS] 1D0H2KNjshE=143 hsi9drzHR2k=0
[LOADER][TRACE] vk.present_taken addr=0x0000000003240000 version=104 drawKind=None hasPixels=False hasTranslatedDraw=False
[DIAG-VERIFY] Import #41000 OK: libc::libc:_Getptolower ret=0x00007F895C00B460
[DIAG-VERIFY] Import #42000 OK: libSceAgc::libSceAgc:sceAgcDcbEventWrite ret=0x000000000026092C
[LOADER][TRACE] vk.swapchain_image size=1280x720 format=B8G8R8A8Unorm nonzero_bytes=3686400/3686400 nonblack_pixels=921600/921600 hash=0xFADEAD0C7EEE9617
[LOADER][TRACE] vk.swapchain_dump path=/tmp/ds-golden-exp139/present-0104-1280x720-B8G8R8A8Unorm.bgra
[LOADER][TRACE] vk.render_work_enter #0 sequence=1997 queue=dcb.graphics submission=105 queued_ms=20.819 VulkanOffscreenGuestDraw
[LOADER][TRACE] vk.render_work_enter #7 sequence=2002 queue=dcb.graphics submission=105 queued_ms=23.824 VulkanOffscreenGuestDraw
[LOADER][TRACE] vk.render_work_enter #8 sequence=2003 queue=dcb.graphics submission=105 queued_ms=24.068 VulkanOffscreenGuestDraw
[LOADER][TRACE] vk.render_work_enter #12 sequence=2006 queue=dcb.graphics submission=105 queued_ms=29.592 VulkanOffscreenGuestDraw
[LOADER][TRACE] vk.render_work_enter #2 sequence=2009 queue=dcb.graphics submission=105 queued_ms=70.076 VulkanOffscreenGuestDraw
[LOADER][TRACE] vk.render_work_enter #3 sequence=2010 queue=dcb.graphics submission=105 queued_ms=70.183 VulkanOffscreenGuestDraw
[LOADER][TRACE] vk.render_work_enter #7 sequence=2013 queue=dcb.graphics submission=105 queued_ms=74.866 VulkanOffscreenGuestDraw
[LOADER][TRACE] vk.render_work_enter #2 sequence=2016 queue=dcb.graphics submission=105 queued_ms=93.635 VulkanOffscreenGuestDraw
[LOADER][TRACE] vk.render_work_enter #3 sequence=2017 queue=dcb.graphics submission=105 queued_ms=93.728 VulkanOffscreenGuestDraw
[LOADER][TRACE] vk.render_work_enter #7 sequence=2020 queue=dcb.graphics submission=105 queued_ms=94.811 VulkanOffscreenGuestDraw
[LOADER][TRACE] vk.render_work_enter #11 sequence=2023 queue=dcb.graphics submission=105 queued_ms=97.777 VulkanOffscreenGuestDraw
[LOADER][TRACE] vk.render_work_enter #15 sequence=2026 queue=dcb.graphics submission=105 queued_ms=99.828 VulkanOffscreenGuestDraw
[LOADER][TRACE] vk.render_work_enter #3 sequence=2029 queue=dcb.graphics submission=105 queued_ms=111.820 VulkanOffscreenGuestDraw
[LOADER][TRACE] vk.render_work_enter #4 sequence=2030 queue=dcb.graphics submission=105 queued_ms=111.923 VulkanOffscreenGuestDraw
[LOADER][TRACE] vk.render_work_enter #8 sequence=2033 queue=dcb.graphics submission=105 queued_ms=112.993 VulkanOffscreenGuestDraw
[LOADER][TRACE] vk.render_work_enter #9 sequence=2034 queue=dcb.graphics submission=105 queued_ms=113.059 VulkanOffscreenGuestDraw
[LOADER][TRACE] vk.render_work_enter #13 sequence=2037 queue=dcb.graphics submission=105 queued_ms=117.216 VulkanOffscreenGuestDraw
[LOADER][TRACE] vk.render_work_enter #17 sequence=2040 queue=dcb.graphics submission=105 queued_ms=120.361 VulkanOffscreenGuestDraw
[LOADER][TRACE] vk.present_taken addr=0x0000000001260000 version=105 drawKind=None hasPixels=False hasTranslatedDraw=False
[DIAG-VERIFY] Import #43000 OK: libc::libc:_Getptolower ret=0x00007F895C00B460
[LOADER][TRACE] vk.swapchain_image size=1280x720 format=B8G8R8A8Unorm nonzero_bytes=3686400/3686400 nonblack_pixels=921600/921600 hash=0x014C60C6BEDEE894
[LOADER][TRACE] vk.swapchain_dump path=/tmp/ds-golden-exp139/present-0105-1280x720-B8G8R8A8Unorm.bgra
[LOADER][TRACE] vk.render_work_enter #0 sequence=2057 queue=dcb.graphics submission=106 queued_ms=23.849 VulkanOffscreenGuestDraw
[LOADER][TRACE] vk.render_work_enter #7 sequence=2062 queue=dcb.graphics submission=106 queued_ms=26.969 VulkanOffscreenGuestDraw
[LOADER][TRACE] vk.render_work_enter #8 sequence=2063 queue=dcb.graphics submission=106 queued_ms=27.075 VulkanOffscreenGuestDraw
[LOADER][TRACE] vk.render_work_enter #12 sequence=2066 queue=dcb.graphics submission=106 queued_ms=32.397 VulkanOffscreenGuestDraw
[LOADER][TRACE] vk.render_work_enter #2 sequence=2069 queue=dcb.graphics submission=106 queued_ms=72.590 VulkanOffscreenGuestDraw
[LOADER][TRACE] vk.render_work_enter #3 sequence=2070 queue=dcb.graphics submission=106 queued_ms=72.690 VulkanOffscreenGuestDraw
[LOADER][TRACE] vk.render_work_enter #7 sequence=2073 queue=dcb.graphics submission=106 queued_ms=78.314 VulkanOffscreenGuestDraw
[LOADER][TRACE] vk.render_work_enter #2 sequence=2076 queue=dcb.graphics submission=106 queued_ms=97.760 VulkanOffscreenGuestDraw
[LOADER][TRACE] vk.render_work_enter #3 sequence=2077 queue=dcb.graphics submission=106 queued_ms=97.863 VulkanOffscreenGuestDraw
[LOADER][TRACE] vk.render_work_enter #7 sequence=2080 queue=dcb.graphics submission=106 queued_ms=99.085 VulkanOffscreenGuestDraw
[LOADER][TRACE] vk.render_work_enter #11 sequence=2083 queue=dcb.graphics submission=106 queued_ms=102.118 VulkanOffscreenGuestDraw
[LOADER][TRACE] vk.render_work_enter #16 sequence=2086 queue=dcb.graphics submission=106 queued_ms=104.212 VulkanOffscreenGuestDraw
[LOADER][TRACE] vk.render_work_enter #2 sequence=2089 queue=dcb.graphics submission=106 queued_ms=112.197 VulkanOffscreenGuestDraw
[LOADER][TRACE] vk.render_work_enter #3 sequence=2090 queue=dcb.graphics submission=106 queued_ms=112.325 VulkanOffscreenGuestDraw
[LOADER][TRACE] vk.render_work_enter #7 sequence=2093 queue=dcb.graphics submission=106 queued_ms=113.156 VulkanOffscreenGuestDraw
[LOADER][TRACE] vk.render_work_enter #8 sequence=2094 queue=dcb.graphics submission=106 queued_ms=113.217 VulkanOffscreenGuestDraw
[LOADER][TRACE] vk.render_work_enter #12 sequence=2097 queue=dcb.graphics submission=106 queued_ms=117.561 VulkanOffscreenGuestDraw
[LOADER][TRACE] vk.render_work_enter #16 sequence=2100 queue=dcb.graphics submission=106 queued_ms=120.655 VulkanOffscreenGuestDraw
[LOADER][TRACE] vk.present_taken addr=0x0000000003240000 version=106 drawKind=None hasPixels=False hasTranslatedDraw=False
[DIAG-VERIFY] Import #44000 OK: libc::libc:_Getptolower ret=0x00007F895C00B460
[DIAG-VERIFY] Import #45000 OK: libSceAgc::libSceAgc:sceAgcDcbSetUcRegistersIndirect ret=0x0000000000260A4C
[LOADER][TRACE] vk.swapchain_image size=1280x720 format=B8G8R8A8Unorm nonzero_bytes=3686400/3686400 nonblack_pixels=921600/921600 hash=0xC2EAFA9F9D7B6E2D
[LOADER][TRACE] vk.swapchain_dump path=/tmp/ds-golden-exp139/present-0106-1280x720-B8G8R8A8Unorm.bgra
[LOADER][TRACE] vk.render_work_enter #0 sequence=2117 queue=dcb.graphics submission=107 queued_ms=22.107 VulkanOffscreenGuestDraw
[LOADER][TRACE] vk.render_work_enter #7 sequence=2122 queue=dcb.graphics submission=107 queued_ms=23.758 VulkanOffscreenGuestDraw
[LOADER][TRACE] vk.render_work_enter #8 sequence=2123 queue=dcb.graphics submission=107 queued_ms=23.817 VulkanOffscreenGuestDraw
[LOADER][TRACE] vk.render_work_enter #12 sequence=2126 queue=dcb.graphics submission=107 queued_ms=27.182 VulkanOffscreenGuestDraw
[LOADER][TRACE] vk.render_work_enter #2 sequence=2129 queue=dcb.graphics submission=107 queued_ms=60.572 VulkanOffscreenGuestDraw
[LOADER][TRACE] vk.render_work_enter #3 sequence=2130 queue=dcb.graphics submission=107 queued_ms=60.683 VulkanOffscreenGuestDraw
[LOADER][TRACE] vk.render_work_enter #7 sequence=2133 queue=dcb.graphics submission=107 queued_ms=64.903 VulkanOffscreenGuestDraw
[LOADER][TRACE] vk.render_work_enter #2 sequence=2136 queue=dcb.graphics submission=107 queued_ms=84.139 VulkanOffscreenGuestDraw
[LOADER][TRACE] vk.render_work_enter #3 sequence=2137 queue=dcb.graphics submission=107 queued_ms=84.234 VulkanOffscreenGuestDraw
[LOADER][TRACE] vk.render_work_enter #7 sequence=2140 queue=dcb.graphics submission=107 queued_ms=85.392 VulkanOffscreenGuestDraw
[LOADER][TRACE] vk.render_work_enter #11 sequence=2143 queue=dcb.graphics submission=107 queued_ms=88.472 VulkanOffscreenGuestDraw
[LOADER][TRACE] vk.render_work_enter #15 sequence=2146 queue=dcb.graphics submission=107 queued_ms=90.510 VulkanOffscreenGuestDraw
[LOADER][TRACE] vk.render_work_enter #2 sequence=2149 queue=dcb.graphics submission=107 queued_ms=105.728 VulkanOffscreenGuestDraw
[LOADER][TRACE] vk.render_work_enter #3 sequence=2150 queue=dcb.graphics submission=107 queued_ms=105.841 VulkanOffscreenGuestDraw
[LOADER][TRACE] vk.render_work_enter #7 sequence=2153 queue=dcb.graphics submission=107 queued_ms=107.039 VulkanOffscreenGuestDraw
[LOADER][TRACE] vk.render_work_enter #8 sequence=2154 queue=dcb.graphics submission=107 queued_ms=107.102 VulkanOffscreenGuestDraw
[LOADER][TRACE] vk.render_work_enter #12 sequence=2157 queue=dcb.graphics submission=107 queued_ms=114.296 VulkanOffscreenGuestDraw
[LOADER][TRACE] vk.render_work_enter #2 sequence=2160 queue=dcb.graphics submission=107 queued_ms=120.174 VulkanOffscreenGuestDraw
[LOADER][TRACE] vk.present_taken addr=0x0000000001260000 version=107 drawKind=None hasPixels=False hasTranslatedDraw=False
[LOADER][TRACE] vk.swapchain_image size=1280x720 format=B8G8R8A8Unorm nonzero_bytes=3686400/3686400 nonblack_pixels=921600/921600 hash=0xA88D2BA272337164
[LOADER][TRACE] vk.swapchain_dump path=/tmp/ds-golden-exp139/present-0107-1280x720-B8G8R8A8Unorm.bgra
[DIAG-VERIFY] Import #46000 OK: libc::libc:_Getptolower ret=0x00007F895C00B460
[LOADER][TRACE] vk.render_work_enter #0 sequence=2177 queue=dcb.graphics submission=108 queued_ms=0.028 VulkanOffscreenGuestDraw
[LOADER][TRACE] vk.render_work_enter #7 sequence=2182 queue=dcb.graphics submission=108 queued_ms=7.635 VulkanOffscreenGuestDraw
[LOADER][TRACE] vk.render_work_enter #8 sequence=2183 queue=dcb.graphics submission=108 queued_ms=7.766 VulkanOffscreenGuestDraw
[LOADER][TRACE] vk.render_work_enter #2 sequence=2186 queue=dcb.graphics submission=108 queued_ms=12.933 VulkanOffscreenGuestDraw
[LOADER][TRACE] vk.render_work_enter #2 sequence=2189 queue=dcb.graphics submission=108 queued_ms=50.061 VulkanOffscreenGuestDraw
[LOADER][TRACE] vk.render_work_enter #3 sequence=2190 queue=dcb.graphics submission=108 queued_ms=50.152 VulkanOffscreenGuestDraw
[LOADER][TRACE] vk.render_work_enter #7 sequence=2193 queue=dcb.graphics submission=108 queued_ms=54.841 VulkanOffscreenGuestDraw
[LOADER][TRACE] vk.render_work_enter #2 sequence=2196 queue=dcb.graphics submission=108 queued_ms=74.066 VulkanOffscreenGuestDraw
[LOADER][TRACE] vk.render_work_enter #3 sequence=2197 queue=dcb.graphics submission=108 queued_ms=74.158 VulkanOffscreenGuestDraw
[LOADER][TRACE] vk.render_work_enter #7 sequence=2200 queue=dcb.graphics submission=108 queued_ms=75.211 VulkanOffscreenGuestDraw
[LOADER][TRACE] vk.render_work_enter #11 sequence=2203 queue=dcb.graphics submission=108 queued_ms=78.121 VulkanOffscreenGuestDraw
[LOADER][TRACE] vk.render_work_enter #15 sequence=2206 queue=dcb.graphics submission=108 queued_ms=80.188 VulkanOffscreenGuestDraw
[LOADER][TRACE] vk.render_work_enter #2 sequence=2209 queue=dcb.graphics submission=108 queued_ms=95.312 VulkanOffscreenGuestDraw
[LOADER][TRACE] vk.render_work_enter #3 sequence=2210 queue=dcb.graphics submission=108 queued_ms=95.410 VulkanOffscreenGuestDraw
[LOADER][TRACE] vk.render_work_enter #7 sequence=2213 queue=dcb.graphics submission=108 queued_ms=96.480 VulkanOffscreenGuestDraw
[LOADER][TRACE] vk.render_work_enter #8 sequence=2214 queue=dcb.graphics submission=108 queued_ms=96.526 VulkanOffscreenGuestDraw
[LOADER][TRACE] vk.render_work_enter #13 sequence=2217 queue=dcb.graphics submission=108 queued_ms=102.438 VulkanOffscreenGuestDraw
[LOADER][TRACE] vk.render_work_enter #2 sequence=2220 queue=dcb.graphics submission=108 queued_ms=132.419 VulkanOffscreenGuestDraw
[LOADER][TRACE] vk.present_taken addr=0x0000000003240000 version=108 drawKind=None hasPixels=False hasTranslatedDraw=False
[DIAG-VERIFY] Import #47000 OK: libc::libc:_Getptolower ret=0x00007F895C00B460
[DIAG-VERIFY] Import #48000 OK: libSceAgc::libSceAgc:sceAgcSetCxRegIndirectPatchAddRegisters ret=0x0000000000000000
[LOADER][TRACE] vk.swapchain_image size=1280x720 format=B8G8R8A8Unorm nonzero_bytes=3686400/3686400 nonblack_pixels=921600/921600 hash=0x50FCA2735E7DD8B3
[LOADER][TRACE] vk.swapchain_dump path=/tmp/ds-golden-exp139/present-0108-1280x720-B8G8R8A8Unorm.bgra
[LOADER][TRACE] vk.render_work_enter #0 sequence=2237 queue=dcb.graphics submission=109 queued_ms=22.426 VulkanOffscreenGuestDraw
[LOADER][TRACE] vk.render_work_enter #5 sequence=2242 queue=dcb.graphics submission=109 queued_ms=43.574 VulkanOffscreenGuestDraw
[LOADER][TRACE] vk.render_work_enter #6 sequence=2243 queue=dcb.graphics submission=109 queued_ms=43.618 VulkanOffscreenGuestDraw
[LOADER][TRACE] vk.render_work_enter #10 sequence=2246 queue=dcb.graphics submission=109 queued_ms=47.047 VulkanOffscreenGuestDraw
[LOADER][TRACE] vk.render_work_enter #2 sequence=2249 queue=dcb.graphics submission=109 queued_ms=61.003 VulkanOffscreenGuestDraw
[LOADER][TRACE] vk.render_work_enter #3 sequence=2250 queue=dcb.graphics submission=109 queued_ms=61.099 VulkanOffscreenGuestDraw
[LOADER][TRACE] vk.render_work_enter #7 sequence=2253 queue=dcb.graphics submission=109 queued_ms=66.433 VulkanOffscreenGuestDraw
[LOADER][TRACE] vk.render_work_enter #2 sequence=2256 queue=dcb.graphics submission=109 queued_ms=85.253 VulkanOffscreenGuestDraw
[LOADER][TRACE] vk.render_work_enter #3 sequence=2257 queue=dcb.graphics submission=109 queued_ms=85.344 VulkanOffscreenGuestDraw
[LOADER][TRACE] vk.render_work_enter #7 sequence=2260 queue=dcb.graphics submission=109 queued_ms=86.411 VulkanOffscreenGuestDraw
[LOADER][TRACE] vk.render_work_enter #11 sequence=2263 queue=dcb.graphics submission=109 queued_ms=89.284 VulkanOffscreenGuestDraw
[LOADER][TRACE] vk.render_work_enter #15 sequence=2266 queue=dcb.graphics submission=109 queued_ms=91.234 VulkanOffscreenGuestDraw
[LOADER][TRACE] vk.render_work_enter #2 sequence=2269 queue=dcb.graphics submission=109 queued_ms=106.460 VulkanOffscreenGuestDraw
[LOADER][TRACE] vk.render_work_enter #3 sequence=2270 queue=dcb.graphics submission=109 queued_ms=106.563 VulkanOffscreenGuestDraw
[LOADER][TRACE] vk.render_work_enter #7 sequence=2273 queue=dcb.graphics submission=109 queued_ms=107.554 VulkanOffscreenGuestDraw
[LOADER][TRACE] vk.render_work_enter #8 sequence=2274 queue=dcb.graphics submission=109 queued_ms=107.615 VulkanOffscreenGuestDraw
[LOADER][TRACE] vk.render_work_enter #12 sequence=2277 queue=dcb.graphics submission=109 queued_ms=114.783 VulkanOffscreenGuestDraw
[LOADER][TRACE] vk.render_work_enter #2 sequence=2280 queue=dcb.graphics submission=109 queued_ms=146.987 VulkanOffscreenGuestDraw
[LOADER][TRACE] vk.present_taken addr=0x0000000001260000 version=109 drawKind=None hasPixels=False hasTranslatedDraw=False
[DIAG-VERIFY] Import #49000 OK: libSceAgc::libSceAgc:sceAgcDcbSetCxRegistersIndirect ret=0x000000000026001C
[LOADER][TRACE] vk.swapchain_image size=1280x720 format=B8G8R8A8Unorm nonzero_bytes=3686400/3686400 nonblack_pixels=921600/921600 hash=0x32B768D1DAC1A5DC
[LOADER][TRACE] vk.swapchain_dump path=/tmp/ds-golden-exp139/present-0109-1280x720-B8G8R8A8Unorm.bgra
[LOADER][TRACE] vk.render_work_enter #0 sequence=2297 queue=dcb.graphics submission=110 queued_ms=18.948 VulkanOffscreenGuestDraw
[LOADER][TRACE] vk.render_work_enter #5 sequence=2302 queue=dcb.graphics submission=110 queued_ms=41.579 VulkanOffscreenGuestDraw
[LOADER][TRACE] vk.render_work_enter #6 sequence=2303 queue=dcb.graphics submission=110 queued_ms=41.680 VulkanOffscreenGuestDraw
[LOADER][TRACE] vk.render_work_enter #10 sequence=2306 queue=dcb.graphics submission=110 queued_ms=45.988 VulkanOffscreenGuestDraw
[LOADER][TRACE] vk.render_work_enter #2 sequence=2309 queue=dcb.graphics submission=110 queued_ms=65.994 VulkanOffscreenGuestDraw
[LOADER][TRACE] vk.render_work_enter #3 sequence=2310 queue=dcb.graphics submission=110 queued_ms=66.122 VulkanOffscreenGuestDraw
[LOADER][TRACE] vk.render_work_enter #2 sequence=2313 queue=dcb.graphics submission=110 queued_ms=78.105 VulkanOffscreenGuestDraw
[DIAG-VERIFY] Import #15000 OK: libKernel::libKernel:scePthreadMutexLock ret=0x0000000000000000
[LOADER][TRACE] vk.render_work_enter #2 sequence=2316 queue=dcb.graphics submission=110 queued_ms=95.991 VulkanOffscreenGuestDraw
[LOADER][TRACE] vk.render_work_enter #3 sequence=2317 queue=dcb.graphics submission=110 queued_ms=96.077 VulkanOffscreenGuestDraw
[LOADER][TRACE] vk.render_work_enter #7 sequence=2320 queue=dcb.graphics submission=110 queued_ms=96.975 VulkanOffscreenGuestDraw
[LOADER][TRACE] vk.render_work_enter #11 sequence=2323 queue=dcb.graphics submission=110 queued_ms=99.986 VulkanOffscreenGuestDraw
[LOADER][TRACE] vk.render_work_enter #15 sequence=2326 queue=dcb.graphics submission=110 queued_ms=102.054 VulkanOffscreenGuestDraw
[LOADER][TRACE] vk.render_work_enter #2 sequence=2329 queue=dcb.graphics submission=110 queued_ms=140.939 VulkanOffscreenGuestDraw
[LOADER][TRACE] vk.render_work_enter #3 sequence=2330 queue=dcb.graphics submission=110 queued_ms=141.022 VulkanOffscreenGuestDraw
[LOADER][TRACE] vk.render_work_enter #7 sequence=2333 queue=dcb.graphics submission=110 queued_ms=141.932 VulkanOffscreenGuestDraw
[LOADER][TRACE] vk.render_work_enter #8 sequence=2334 queue=dcb.graphics submission=110 queued_ms=141.987 VulkanOffscreenGuestDraw
[LOADER][TRACE] vk.render_work_enter #12 sequence=2337 queue=dcb.graphics submission=110 queued_ms=149.254 VulkanOffscreenGuestDraw
[LOADER][TRACE] vk.render_work_enter #2 sequence=2340 queue=dcb.graphics submission=110 queued_ms=154.693 VulkanOffscreenGuestDraw
[LOADER][TRACE] vk.present_taken addr=0x0000000003240000 version=110 drawKind=None hasPixels=False hasTranslatedDraw=False
[LOADER][TRACE] vk.swapchain_image size=1280x720 format=B8G8R8A8Unorm nonzero_bytes=3686400/3686400 nonblack_pixels=921600/921600 hash=0x72F0A85C81D5550D
[LOADER][TRACE] vk.swapchain_dump path=/tmp/ds-golden-exp139/present-0110-1280x720-B8G8R8A8Unorm.bgra
[DIAG-VERIFY] Import #50000 OK: libc::libc:_Getptolower ret=0x00007F895C00B460
[DIAG-VERIFY] Import #51000 OK: libSceAgc::libSceAgc:sceAgcSetCxRegIndirectPatchAddRegisters ret=0x0000000000000000
[LOADER][TRACE] vk.render_work_enter #0 sequence=2357 queue=dcb.graphics submission=111 queued_ms=0.025 VulkanOffscreenGuestDraw
[LOADER][TRACE] vk.render_work_enter #7 sequence=2362 queue=dcb.graphics submission=111 queued_ms=2.986 VulkanOffscreenGuestDraw
[LOADER][TRACE] vk.render_work_enter #8 sequence=2363 queue=dcb.graphics submission=111 queued_ms=3.064 VulkanOffscreenGuestDraw
[LOADER][TRACE] vk.render_work_enter #12 sequence=2366 queue=dcb.graphics submission=111 queued_ms=8.468 VulkanOffscreenGuestDraw
[LOADER][TRACE] vk.render_work_enter #2 sequence=2369 queue=dcb.graphics submission=111 queued_ms=30.416 VulkanOffscreenGuestDraw
[LOADER][TRACE] vk.render_work_enter #3 sequence=2370 queue=dcb.graphics submission=111 queued_ms=30.507 VulkanOffscreenGuestDraw
[LOADER][TRACE] vk.render_work_enter #7 sequence=2373 queue=dcb.graphics submission=111 queued_ms=35.184 VulkanOffscreenGuestDraw
[LOADER][TRACE] vk.render_work_enter #2 sequence=2376 queue=dcb.graphics submission=111 queued_ms=54.208 VulkanOffscreenGuestDraw
[LOADER][TRACE] vk.render_work_enter #3 sequence=2377 queue=dcb.graphics submission=111 queued_ms=54.303 VulkanOffscreenGuestDraw
[LOADER][TRACE] vk.render_work_enter #7 sequence=2380 queue=dcb.graphics submission=111 queued_ms=55.408 VulkanOffscreenGuestDraw
[LOADER][TRACE] vk.render_work_enter #11 sequence=2383 queue=dcb.graphics submission=111 queued_ms=58.369 VulkanOffscreenGuestDraw
[LOADER][TRACE] vk.render_work_enter #15 sequence=2386 queue=dcb.graphics submission=111 queued_ms=60.432 VulkanOffscreenGuestDraw
[LOADER][TRACE] vk.render_work_enter #2 sequence=2389 queue=dcb.graphics submission=111 queued_ms=99.992 VulkanOffscreenGuestDraw
[LOADER][TRACE] vk.render_work_enter #3 sequence=2390 queue=dcb.graphics submission=111 queued_ms=100.083 VulkanOffscreenGuestDraw
[LOADER][TRACE] vk.render_work_enter #7 sequence=2393 queue=dcb.graphics submission=111 queued_ms=100.984 VulkanOffscreenGuestDraw
[LOADER][TRACE] vk.render_work_enter #8 sequence=2394 queue=dcb.graphics submission=111 queued_ms=101.024 VulkanOffscreenGuestDraw
[LOADER][TRACE] vk.render_work_enter #12 sequence=2397 queue=dcb.graphics submission=111 queued_ms=108.122 VulkanOffscreenGuestDraw
[LOADER][TRACE] vk.render_work_enter #3 sequence=2400 queue=dcb.graphics submission=111 queued_ms=111.631 VulkanOffscreenGuestDraw
[LOADER][TRACE] vk.present_taken addr=0x0000000001260000 version=111 drawKind=None hasPixels=False hasTranslatedDraw=False
[DIAG-VERIFY] Import #52000 OK: libSceAgc::libSceAgc:sceAgcCreatePrimState ret=0x0000000000000000
[LOADER][TRACE] vk.swapchain_image size=1280x720 format=B8G8R8A8Unorm nonzero_bytes=2184711/3686400 nonblack_pixels=421037/921600 hash=0x640238857419DC19
[LOADER][TRACE] vk.swapchain_dump path=/tmp/ds-golden-exp139/present-0111-1280x720-B8G8R8A8Unorm.bgra
[LOADER][TRACE] vk.render_work_enter #0 sequence=2417 queue=dcb.graphics submission=112 queued_ms=40.752 VulkanOffscreenGuestDraw
[LOADER][TRACE] vk.render_work_enter #7 sequence=2422 queue=dcb.graphics submission=112 queued_ms=43.609 VulkanOffscreenGuestDraw
[LOADER][TRACE] vk.render_work_enter #8 sequence=2423 queue=dcb.graphics submission=112 queued_ms=43.690 VulkanOffscreenGuestDraw
[LOADER][TRACE] vk.render_work_enter #12 sequence=2426 queue=dcb.graphics submission=112 queued_ms=49.545 VulkanOffscreenGuestDraw
[LOADER][TRACE] vk.render_work_enter #2 sequence=2429 queue=dcb.graphics submission=112 queued_ms=71.349 VulkanOffscreenGuestDraw
[LOADER][TRACE] vk.render_work_enter #3 sequence=2430 queue=dcb.graphics submission=112 queued_ms=71.446 VulkanOffscreenGuestDraw
[LOADER][TRACE] vk.render_work_enter #7 sequence=2433 queue=dcb.graphics submission=112 queued_ms=76.043 VulkanOffscreenGuestDraw
[LOADER][TRACE] vk.render_work_enter #2 sequence=2436 queue=dcb.graphics submission=112 queued_ms=92.105 VulkanOffscreenGuestDraw
[LOADER][TRACE] vk.render_work_enter #3 sequence=2437 queue=dcb.graphics submission=112 queued_ms=92.272 VulkanOffscreenGuestDraw
[LOADER][TRACE] vk.render_work_enter #7 sequence=2440 queue=dcb.graphics submission=112 queued_ms=93.071 VulkanOffscreenGuestDraw
[LOADER][TRACE] vk.render_work_enter #11 sequence=2443 queue=dcb.graphics submission=112 queued_ms=94.650 VulkanOffscreenGuestDraw
[LOADER][TRACE] vk.render_work_enter #15 sequence=2446 queue=dcb.graphics submission=112 queued_ms=95.905 VulkanOffscreenGuestDraw
[LOADER][TRACE] vk.render_work_enter #3 sequence=2449 queue=dcb.graphics submission=112 queued_ms=138.001 VulkanOffscreenGuestDraw
[LOADER][TRACE] vk.render_work_enter #4 sequence=2450 queue=dcb.graphics submission=112 queued_ms=138.086 VulkanOffscreenGuestDraw
[LOADER][TRACE] vk.render_work_enter #8 sequence=2453 queue=dcb.graphics submission=112 queued_ms=138.835 VulkanOffscreenGuestDraw
[LOADER][TRACE] vk.render_work_enter #9 sequence=2454 queue=dcb.graphics submission=112 queued_ms=138.948 VulkanOffscreenGuestDraw
[LOADER][TRACE] vk.render_work_enter #13 sequence=2457 queue=dcb.graphics submission=112 queued_ms=143.216 VulkanOffscreenGuestDraw
[LOADER][TRACE] vk.render_work_enter #17 sequence=2460 queue=dcb.graphics submission=112 queued_ms=146.383 VulkanOffscreenGuestDraw
[LOADER][TRACE] vk.present_taken addr=0x0000000003240000 version=112 drawKind=None hasPixels=False hasTranslatedDraw=False
[DIAG-VERIFY] Import #53000 OK: libc::libc:_Getptolower ret=0x00007F895C00B460
[DIAG-VERIFY] Import #54000 OK: libSceAgc::libSceAgc:sceAgcCreateInterpolantMapping ret=0x0000000000000000
[LOADER][TRACE] vk.swapchain_image size=1280x720 format=B8G8R8A8Unorm nonzero_bytes=2185410/3686400 nonblack_pixels=421270/921600 hash=0x22055C052FD9D8AD
[LOADER][TRACE] vk.swapchain_dump path=/tmp/ds-golden-exp139/present-0112-1280x720-B8G8R8A8Unorm.bgra
[LOADER][TRACE] vk.render_work_enter #0 sequence=2477 queue=dcb.graphics submission=113 queued_ms=44.612 VulkanOffscreenGuestDraw
[LOADER][TRACE] vk.render_work_enter #7 sequence=2482 queue=dcb.graphics submission=113 queued_ms=47.534 VulkanOffscreenGuestDraw
[LOADER][TRACE] vk.render_work_enter #8 sequence=2483 queue=dcb.graphics submission=113 queued_ms=47.619 VulkanOffscreenGuestDraw
[LOADER][TRACE] vk.render_work_enter #12 sequence=2486 queue=dcb.graphics submission=113 queued_ms=53.104 VulkanOffscreenGuestDraw
[LOADER][TRACE] vk.render_work_enter #2 sequence=2489 queue=dcb.graphics submission=113 queued_ms=71.256 VulkanOffscreenGuestDraw
[LOADER][TRACE] vk.render_work_enter #3 sequence=2490 queue=dcb.graphics submission=113 queued_ms=71.356 VulkanOffscreenGuestDraw
[LOADER][TRACE] vk.render_work_enter #7 sequence=2493 queue=dcb.graphics submission=113 queued_ms=74.339 VulkanOffscreenGuestDraw
[LOADER][TRACE] vk.render_work_enter #2 sequence=2496 queue=dcb.graphics submission=113 queued_ms=95.528 VulkanOffscreenGuestDraw
[LOADER][TRACE] vk.render_work_enter #3 sequence=2497 queue=dcb.graphics submission=113 queued_ms=95.631 VulkanOffscreenGuestDraw
[LOADER][TRACE] vk.render_work_enter #3 sequence=2500 queue=dcb.graphics submission=113 queued_ms=122.423 VulkanOffscreenGuestDraw
[LOADER][TRACE] vk.render_work_enter #7 sequence=2503 queue=dcb.graphics submission=113 queued_ms=125.478 VulkanOffscreenGuestDraw
[LOADER][TRACE] vk.render_work_enter #11 sequence=2506 queue=dcb.graphics submission=113 queued_ms=127.549 VulkanOffscreenGuestDraw
[LOADER][TRACE] vk.render_work_enter #3 sequence=2509 queue=dcb.graphics submission=113 queued_ms=139.062 VulkanOffscreenGuestDraw
[LOADER][TRACE] vk.render_work_enter #4 sequence=2510 queue=dcb.graphics submission=113 queued_ms=139.164 VulkanOffscreenGuestDraw
[LOADER][TRACE] vk.render_work_enter #8 sequence=2513 queue=dcb.graphics submission=113 queued_ms=140.077 VulkanOffscreenGuestDraw
[LOADER][TRACE] vk.render_work_enter #9 sequence=2514 queue=dcb.graphics submission=113 queued_ms=140.136 VulkanOffscreenGuestDraw
[LOADER][TRACE] vk.render_work_enter #13 sequence=2517 queue=dcb.graphics submission=113 queued_ms=144.408 VulkanOffscreenGuestDraw
[LOADER][TRACE] vk.render_work_enter #17 sequence=2520 queue=dcb.graphics submission=113 queued_ms=149.416 VulkanOffscreenGuestDraw
[LOADER][TRACE] vk.present_taken addr=0x0000000001260000 version=113 drawKind=None hasPixels=False hasTranslatedDraw=False
[DIAG-VERIFY] Import #55000 OK: libSceAgc::libSceAgc:sceAgcCreatePrimState ret=0x0000000000000000
[LOADER][TRACE] vk.swapchain_image size=1280x720 format=B8G8R8A8Unorm nonzero_bytes=2187249/3686400 nonblack_pixels=421883/921600 hash=0x1E46ECA9F1991457
[LOADER][TRACE] vk.swapchain_dump path=/tmp/ds-golden-exp139/present-0113-1280x720-B8G8R8A8Unorm.bgra
[LOADER][TRACE] vk.render_work_enter #0 sequence=2537 queue=dcb.graphics submission=114 queued_ms=22.228 VulkanOffscreenGuestDraw
[LOADER][TRACE] vk.render_work_enter #7 sequence=2542 queue=dcb.graphics submission=114 queued_ms=23.977 VulkanOffscreenGuestDraw
[LOADER][TRACE] vk.render_work_enter #8 sequence=2543 queue=dcb.graphics submission=114 queued_ms=24.088 VulkanOffscreenGuestDraw
[LOADER][TRACE] vk.render_work_enter #12 sequence=2546 queue=dcb.graphics submission=114 queued_ms=27.544 VulkanOffscreenGuestDraw
[LOADER][TRACE] vk.render_work_enter #2 sequence=2549 queue=dcb.graphics submission=114 queued_ms=43.036 VulkanOffscreenGuestDraw
[LOADER][TRACE] vk.render_work_enter #3 sequence=2550 queue=dcb.graphics submission=114 queued_ms=43.132 VulkanOffscreenGuestDraw
[LOADER][TRACE] vk.render_work_enter #7 sequence=2553 queue=dcb.graphics submission=114 queued_ms=49.260 VulkanOffscreenGuestDraw
[LOADER][TRACE] vk.render_work_enter #2 sequence=2556 queue=dcb.graphics submission=114 queued_ms=68.585 VulkanOffscreenGuestDraw
[LOADER][TRACE] vk.render_work_enter #3 sequence=2557 queue=dcb.graphics submission=114 queued_ms=68.685 VulkanOffscreenGuestDraw
[LOADER][TRACE] vk.render_work_enter #7 sequence=2560 queue=dcb.graphics submission=114 queued_ms=69.895 VulkanOffscreenGuestDraw
[LOADER][TRACE] vk.render_work_enter #11 sequence=2563 queue=dcb.graphics submission=114 queued_ms=72.862 VulkanOffscreenGuestDraw
[LOADER][TRACE] vk.render_work_enter #2 sequence=2566 queue=dcb.graphics submission=114 queued_ms=100.549 VulkanOffscreenGuestDraw
[LOADER][TRACE] vk.render_work_enter #2 sequence=2569 queue=dcb.graphics submission=114 queued_ms=116.267 VulkanOffscreenGuestDraw
[LOADER][TRACE] vk.render_work_enter #3 sequence=2570 queue=dcb.graphics submission=114 queued_ms=116.362 VulkanOffscreenGuestDraw
[LOADER][TRACE] vk.render_work_enter #7 sequence=2573 queue=dcb.graphics submission=114 queued_ms=117.653 VulkanOffscreenGuestDraw
[LOADER][TRACE] vk.render_work_enter #8 sequence=2574 queue=dcb.graphics submission=114 queued_ms=117.721 VulkanOffscreenGuestDraw
[LOADER][TRACE] vk.render_work_enter #13 sequence=2577 queue=dcb.graphics submission=114 queued_ms=124.709 VulkanOffscreenGuestDraw
[NID-COUNTS] 1D0H2KNjshE=143 hsi9drzHR2k=0
[LOADER][TRACE] vk.render_work_enter #1 sequence=2580 queue=dcb.graphics submission=114 queued_ms=128.002 VulkanOffscreenGuestDraw
[LOADER][TRACE] vk.present_taken addr=0x0000000003240000 version=114 drawKind=None hasPixels=False hasTranslatedDraw=False
[DIAG-VERIFY] Import #56000 OK: libc::libc:_Getptolower ret=0x00007F895C00B460
[DIAG-VERIFY] Import #57000 OK: libSceAgc::libSceAgc:sceAgcSetUcRegIndirectPatchAddRegisters ret=0x0000000000000000
[LOADER][TRACE] vk.swapchain_image size=1280x720 format=B8G8R8A8Unorm nonzero_bytes=2190015/3686400 nonblack_pixels=422805/921600 hash=0xF9C2B59367B4ED69
[LOADER][TRACE] vk.swapchain_dump path=/tmp/ds-golden-exp139/present-0114-1280x720-B8G8R8A8Unorm.bgra
[LOADER][TRACE] vk.render_work_enter #0 sequence=2597 queue=dcb.graphics submission=115 queued_ms=19.592 VulkanOffscreenGuestDraw
[LOADER][TRACE] vk.render_work_enter #7 sequence=2602 queue=dcb.graphics submission=115 queued_ms=22.707 VulkanOffscreenGuestDraw
[LOADER][TRACE] vk.render_work_enter #8 sequence=2603 queue=dcb.graphics submission=115 queued_ms=22.790 VulkanOffscreenGuestDraw
[LOADER][TRACE] vk.render_work_enter #12 sequence=2606 queue=dcb.graphics submission=115 queued_ms=28.214 VulkanOffscreenGuestDraw
[LOADER][TRACE] vk.render_work_enter #2 sequence=2609 queue=dcb.graphics submission=115 queued_ms=50.256 VulkanOffscreenGuestDraw
[LOADER][TRACE] vk.render_work_enter #3 sequence=2610 queue=dcb.graphics submission=115 queued_ms=50.344 VulkanOffscreenGuestDraw
[LOADER][TRACE] vk.render_work_enter #7 sequence=2613 queue=dcb.graphics submission=115 queued_ms=54.955 VulkanOffscreenGuestDraw
[LOADER][TRACE] vk.render_work_enter #2 sequence=2616 queue=dcb.graphics submission=115 queued_ms=93.995 VulkanOffscreenGuestDraw
[LOADER][TRACE] vk.render_work_enter #3 sequence=2617 queue=dcb.graphics submission=115 queued_ms=94.103 VulkanOffscreenGuestDraw
[LOADER][TRACE] vk.render_work_enter #7 sequence=2620 queue=dcb.graphics submission=115 queued_ms=95.973 VulkanOffscreenGuestDraw
[LOADER][TRACE] vk.render_work_enter #11 sequence=2623 queue=dcb.graphics submission=115 queued_ms=99.120 VulkanOffscreenGuestDraw
[LOADER][TRACE] vk.render_work_enter #15 sequence=2626 queue=dcb.graphics submission=115 queued_ms=101.297 VulkanOffscreenGuestDraw
[LOADER][TRACE] vk.render_work_enter #3 sequence=2629 queue=dcb.graphics submission=115 queued_ms=116.141 VulkanOffscreenGuestDraw
[LOADER][TRACE] vk.render_work_enter #4 sequence=2630 queue=dcb.graphics submission=115 queued_ms=116.221 VulkanOffscreenGuestDraw
[LOADER][TRACE] vk.render_work_enter #8 sequence=2633 queue=dcb.graphics submission=115 queued_ms=116.985 VulkanOffscreenGuestDraw
[LOADER][TRACE] vk.render_work_enter #9 sequence=2634 queue=dcb.graphics submission=115 queued_ms=117.013 VulkanOffscreenGuestDraw
[LOADER][TRACE] vk.render_work_enter #13 sequence=2637 queue=dcb.graphics submission=115 queued_ms=121.151 VulkanOffscreenGuestDraw
[LOADER][TRACE] vk.render_work_enter #17 sequence=2640 queue=dcb.graphics submission=115 queued_ms=124.341 VulkanOffscreenGuestDraw
[LOADER][TRACE] vk.present_taken addr=0x0000000001260000 version=115 drawKind=None hasPixels=False hasTranslatedDraw=False
[DIAG-VERIFY] Import #58000 OK: libSceAgc::libSceAgc:sceAgcDcbSetIndexSize ret=0x0000000000260448
[LOADER][TRACE] vk.swapchain_image size=1280x720 format=B8G8R8A8Unorm nonzero_bytes=2193069/3686400 nonblack_pixels=423823/921600 hash=0xA971916A7702D494
[LOADER][TRACE] vk.swapchain_dump path=/tmp/ds-golden-exp139/present-0115-1280x720-B8G8R8A8Unorm.bgra
[LOADER][TRACE] vk.render_work_enter #0 sequence=2657 queue=dcb.graphics submission=116 queued_ms=19.092 VulkanOffscreenGuestDraw
[LOADER][TRACE] vk.render_work_enter #7 sequence=2662 queue=dcb.graphics submission=116 queued_ms=22.211 VulkanOffscreenGuestDraw
[LOADER][TRACE] vk.render_work_enter #8 sequence=2663 queue=dcb.graphics submission=116 queued_ms=22.295 VulkanOffscreenGuestDraw
[LOADER][TRACE] vk.render_work_enter #12 sequence=2666 queue=dcb.graphics submission=116 queued_ms=27.922 VulkanOffscreenGuestDraw
[LOADER][TRACE] vk.render_work_enter #2 sequence=2669 queue=dcb.graphics submission=116 queued_ms=50.418 VulkanOffscreenGuestDraw
[LOADER][TRACE] vk.render_work_enter #3 sequence=2670 queue=dcb.graphics submission=116 queued_ms=50.508 VulkanOffscreenGuestDraw
[LOADER][TRACE] vk.render_work_enter #7 sequence=2673 queue=dcb.graphics submission=116 queued_ms=55.012 VulkanOffscreenGuestDraw
[LOADER][TRACE] vk.render_work_enter #2 sequence=2676 queue=dcb.graphics submission=116 queued_ms=94.636 VulkanOffscreenGuestDraw
[LOADER][TRACE] vk.render_work_enter #3 sequence=2677 queue=dcb.graphics submission=116 queued_ms=94.737 VulkanOffscreenGuestDraw
[LOADER][TRACE] vk.render_work_enter #7 sequence=2680 queue=dcb.graphics submission=116 queued_ms=95.870 VulkanOffscreenGuestDraw
[LOADER][TRACE] vk.render_work_enter #11 sequence=2683 queue=dcb.graphics submission=116 queued_ms=99.022 VulkanOffscreenGuestDraw
[LOADER][TRACE] vk.render_work_enter #15 sequence=2686 queue=dcb.graphics submission=116 queued_ms=101.035 VulkanOffscreenGuestDraw
[LOADER][TRACE] vk.render_work_enter #3 sequence=2689 queue=dcb.graphics submission=116 queued_ms=114.022 VulkanOffscreenGuestDraw
[LOADER][TRACE] vk.render_work_enter #4 sequence=2690 queue=dcb.graphics submission=116 queued_ms=114.109 VulkanOffscreenGuestDraw
[LOADER][TRACE] vk.render_work_enter #8 sequence=2693 queue=dcb.graphics submission=116 queued_ms=114.555 VulkanOffscreenGuestDraw
[LOADER][TRACE] vk.render_work_enter #9 sequence=2694 queue=dcb.graphics submission=116 queued_ms=114.574 VulkanOffscreenGuestDraw
[LOADER][TRACE] vk.render_work_enter #13 sequence=2697 queue=dcb.graphics submission=116 queued_ms=118.709 VulkanOffscreenGuestDraw
[LOADER][TRACE] vk.render_work_enter #17 sequence=2700 queue=dcb.graphics submission=116 queued_ms=121.780 VulkanOffscreenGuestDraw
[LOADER][TRACE] vk.present_taken addr=0x0000000003240000 version=116 drawKind=None hasPixels=False hasTranslatedDraw=False
[DIAG-VERIFY] Import #59000 OK: libc::libc:_Getptolower ret=0x00007F895C00B460
[DIAG-VERIFY] Import #16000 OK: libKernel::libKernel:scePthreadMutexLock ret=0x0000000000000000
[LOADER][TRACE] vk.swapchain_image size=1280x720 format=B8G8R8A8Unorm nonzero_bytes=2196801/3686400 nonblack_pixels=425067/921600 hash=0x7DC4C317A11E5CD3
[LOADER][TRACE] vk.swapchain_dump path=/tmp/ds-golden-exp139/present-0116-1280x720-B8G8R8A8Unorm.bgra
[LOADER][TRACE] vk.render_work_enter #0 sequence=2717 queue=dcb.graphics submission=117 queued_ms=18.823 VulkanOffscreenGuestDraw
[LOADER][TRACE] vk.render_work_enter #7 sequence=2722 queue=dcb.graphics submission=117 queued_ms=21.842 VulkanOffscreenGuestDraw
[LOADER][TRACE] vk.render_work_enter #8 sequence=2723 queue=dcb.graphics submission=117 queued_ms=21.916 VulkanOffscreenGuestDraw
[LOADER][TRACE] vk.render_work_enter #12 sequence=2726 queue=dcb.graphics submission=117 queued_ms=27.369 VulkanOffscreenGuestDraw
[LOADER][TRACE] vk.render_work_enter #2 sequence=2729 queue=dcb.graphics submission=117 queued_ms=49.089 VulkanOffscreenGuestDraw
[LOADER][TRACE] vk.render_work_enter #3 sequence=2730 queue=dcb.graphics submission=117 queued_ms=49.179 VulkanOffscreenGuestDraw
[LOADER][TRACE] vk.render_work_enter #7 sequence=2733 queue=dcb.graphics submission=117 queued_ms=53.635 VulkanOffscreenGuestDraw
[LOADER][TRACE] vk.render_work_enter #2 sequence=2736 queue=dcb.graphics submission=117 queued_ms=90.100 VulkanOffscreenGuestDraw
[LOADER][TRACE] vk.render_work_enter #3 sequence=2737 queue=dcb.graphics submission=117 queued_ms=90.173 VulkanOffscreenGuestDraw
[LOADER][TRACE] vk.render_work_enter #7 sequence=2740 queue=dcb.graphics submission=117 queued_ms=91.387 VulkanOffscreenGuestDraw
[LOADER][TRACE] vk.render_work_enter #11 sequence=2743 queue=dcb.graphics submission=117 queued_ms=94.442 VulkanOffscreenGuestDraw
[LOADER][TRACE] vk.render_work_enter #15 sequence=2746 queue=dcb.graphics submission=117 queued_ms=96.585 VulkanOffscreenGuestDraw
[DIAG-VERIFY] Import #60000 OK: libKernel::libKernel:sceKernelWaitEqueue ret=0x0000000000000000
[LOADER][TRACE] vk.render_work_enter #3 sequence=2749 queue=dcb.graphics submission=117 queued_ms=111.287 VulkanOffscreenGuestDraw
[LOADER][TRACE] vk.render_work_enter #4 sequence=2750 queue=dcb.graphics submission=117 queued_ms=111.368 VulkanOffscreenGuestDraw
[LOADER][TRACE] vk.render_work_enter #8 sequence=2753 queue=dcb.graphics submission=117 queued_ms=112.172 VulkanOffscreenGuestDraw
[LOADER][TRACE] vk.render_work_enter #9 sequence=2754 queue=dcb.graphics submission=117 queued_ms=112.281 VulkanOffscreenGuestDraw
[LOADER][TRACE] vk.render_work_enter #13 sequence=2757 queue=dcb.graphics submission=117 queued_ms=116.399 VulkanOffscreenGuestDraw
[LOADER][TRACE] vk.render_work_enter #17 sequence=2760 queue=dcb.graphics submission=117 queued_ms=119.629 VulkanOffscreenGuestDraw
[LOADER][TRACE] vk.present_taken addr=0x0000000001260000 version=117 drawKind=None hasPixels=False hasTranslatedDraw=False
[DIAG-VERIFY] Import #61000 OK: libSceAgc::libSceAgc:sceAgcSetShRegIndirectPatchAddRegisters ret=0x0000000000000000
[LOADER][TRACE] vk.swapchain_image size=1280x720 format=B8G8R8A8Unorm nonzero_bytes=2200902/3686400 nonblack_pixels=426434/921600 hash=0x8192C5E51DF9B2B4
[LOADER][TRACE] vk.swapchain_dump path=/tmp/ds-golden-exp139/present-0117-1280x720-B8G8R8A8Unorm.bgra
[LOADER][TRACE] vk.render_work_enter #0 sequence=2777 queue=dcb.graphics submission=118 queued_ms=22.484 VulkanOffscreenGuestDraw
[LOADER][TRACE] vk.render_work_enter #7 sequence=2782 queue=dcb.graphics submission=118 queued_ms=25.470 VulkanOffscreenGuestDraw
[LOADER][TRACE] vk.render_work_enter #8 sequence=2783 queue=dcb.graphics submission=118 queued_ms=25.597 VulkanOffscreenGuestDraw
[LOADER][TRACE] vk.render_work_enter #12 sequence=2786 queue=dcb.graphics submission=118 queued_ms=31.257 VulkanOffscreenGuestDraw
[LOADER][TRACE] vk.render_work_enter #2 sequence=2789 queue=dcb.graphics submission=118 queued_ms=53.792 VulkanOffscreenGuestDraw
[LOADER][TRACE] vk.render_work_enter #3 sequence=2790 queue=dcb.graphics submission=118 queued_ms=53.893 VulkanOffscreenGuestDraw
[LOADER][TRACE] vk.render_work_enter #7 sequence=2793 queue=dcb.graphics submission=118 queued_ms=58.789 VulkanOffscreenGuestDraw
[LOADER][TRACE] vk.render_work_enter #2 sequence=2796 queue=dcb.graphics submission=118 queued_ms=96.666 VulkanOffscreenGuestDraw
[LOADER][TRACE] vk.render_work_enter #3 sequence=2797 queue=dcb.graphics submission=118 queued_ms=96.763 VulkanOffscreenGuestDraw
[LOADER][TRACE] vk.render_work_enter #7 sequence=2800 queue=dcb.graphics submission=118 queued_ms=97.724 VulkanOffscreenGuestDraw
[LOADER][TRACE] vk.render_work_enter #11 sequence=2803 queue=dcb.graphics submission=118 queued_ms=100.737 VulkanOffscreenGuestDraw
[LOADER][TRACE] vk.render_work_enter #15 sequence=2806 queue=dcb.graphics submission=118 queued_ms=103.081 VulkanOffscreenGuestDraw
[LOADER][TRACE] vk.render_work_enter #3 sequence=2809 queue=dcb.graphics submission=118 queued_ms=111.106 VulkanOffscreenGuestDraw
[LOADER][TRACE] vk.render_work_enter #4 sequence=2810 queue=dcb.graphics submission=118 queued_ms=111.210 VulkanOffscreenGuestDraw
[LOADER][TRACE] vk.render_work_enter #8 sequence=2813 queue=dcb.graphics submission=118 queued_ms=112.133 VulkanOffscreenGuestDraw
[LOADER][TRACE] vk.render_work_enter #9 sequence=2814 queue=dcb.graphics submission=118 queued_ms=112.206 VulkanOffscreenGuestDraw
[LOADER][TRACE] vk.render_work_enter #13 sequence=2817 queue=dcb.graphics submission=118 queued_ms=116.503 VulkanOffscreenGuestDraw
[LOADER][TRACE] vk.render_work_enter #17 sequence=2820 queue=dcb.graphics submission=118 queued_ms=119.726 VulkanOffscreenGuestDraw
[LOADER][TRACE] vk.present_taken addr=0x0000000003240000 version=118 drawKind=None hasPixels=False hasTranslatedDraw=False
[DIAG-VERIFY] Import #62000 OK: libc::libc:_Getptolower ret=0x00007F895C00B460
[LOADER][TRACE] vk.swapchain_image size=1280x720 format=B8G8R8A8Unorm nonzero_bytes=2205981/3686400 nonblack_pixels=428127/921600 hash=0x06E874389C37C0F3
[LOADER][TRACE] vk.swapchain_dump path=/tmp/ds-golden-exp139/present-0118-1280x720-B8G8R8A8Unorm.bgra
[LOADER][TRACE] vk.render_work_enter #0 sequence=2837 queue=dcb.graphics submission=119 queued_ms=22.198 VulkanOffscreenGuestDraw
[LOADER][TRACE] vk.render_work_enter #7 sequence=2842 queue=dcb.graphics submission=119 queued_ms=25.187 VulkanOffscreenGuestDraw
[LOADER][TRACE] vk.render_work_enter #8 sequence=2843 queue=dcb.graphics submission=119 queued_ms=25.268 VulkanOffscreenGuestDraw
[LOADER][TRACE] vk.render_work_enter #12 sequence=2846 queue=dcb.graphics submission=119 queued_ms=31.201 VulkanOffscreenGuestDraw
[LOADER][TRACE] vk.render_work_enter #2 sequence=2849 queue=dcb.graphics submission=119 queued_ms=53.327 VulkanOffscreenGuestDraw
[LOADER][TRACE] vk.render_work_enter #3 sequence=2850 queue=dcb.graphics submission=119 queued_ms=53.149 VulkanOffscreenGuestDraw
[LOADER][TRACE] vk.render_work_enter #7 sequence=2853 queue=dcb.graphics submission=119 queued_ms=58.059 VulkanOffscreenGuestDraw
[LOADER][TRACE] vk.render_work_enter #2 sequence=2856 queue=dcb.graphics submission=119 queued_ms=97.733 VulkanOffscreenGuestDraw
[LOADER][TRACE] vk.render_work_enter #3 sequence=2857 queue=dcb.graphics submission=119 queued_ms=97.835 VulkanOffscreenGuestDraw
[LOADER][TRACE] vk.render_work_enter #7 sequence=2860 queue=dcb.graphics submission=119 queued_ms=98.902 VulkanOffscreenGuestDraw
[LOADER][TRACE] vk.render_work_enter #11 sequence=2863 queue=dcb.graphics submission=119 queued_ms=101.848 VulkanOffscreenGuestDraw
[LOADER][TRACE] vk.render_work_enter #15 sequence=2866 queue=dcb.graphics submission=119 queued_ms=104.079 VulkanOffscreenGuestDraw
[LOADER][TRACE] vk.render_work_enter #2 sequence=2869 queue=dcb.graphics submission=119 queued_ms=117.323 VulkanOffscreenGuestDraw
[LOADER][TRACE] vk.render_work_enter #3 sequence=2870 queue=dcb.graphics submission=119 queued_ms=117.411 VulkanOffscreenGuestDraw
[LOADER][TRACE] vk.render_work_enter #7 sequence=2873 queue=dcb.graphics submission=119 queued_ms=121.510 VulkanOffscreenGuestDraw
[LOADER][TRACE] vk.render_work_enter #8 sequence=2874 queue=dcb.graphics submission=119 queued_ms=121.596 VulkanOffscreenGuestDraw
[LOADER][TRACE] vk.render_work_enter #2 sequence=2877 queue=dcb.graphics submission=119 queued_ms=129.282 VulkanOffscreenGuestDraw
[LOADER][TRACE] vk.render_work_enter #6 sequence=2880 queue=dcb.graphics submission=119 queued_ms=134.885 VulkanOffscreenGuestDraw
[LOADER][TRACE] vk.present_taken addr=0x0000000001260000 version=119 drawKind=None hasPixels=False hasTranslatedDraw=False
[LOADER][TRACE] vk.swapchain_image size=1280x720 format=B8G8R8A8Unorm nonzero_bytes=2208165/3686400 nonblack_pixels=428855/921600 hash=0x1A71DDC06534500C
[LOADER][TRACE] vk.swapchain_dump path=/tmp/ds-golden-exp139/present-0119-1280x720-B8G8R8A8Unorm.bgra
[DIAG-VERIFY] Import #63000 OK: libc::libc:_Getptolower ret=0x00007F895C00B460
[DIAG-VERIFY] Import #64000 OK: libSceAgc::libSceAgc:sceAgcSetCxRegIndirectPatchAddRegisters ret=0x0000000000000000
[LOADER][TRACE] vk.render_work_enter #0 sequence=2897 queue=dcb.graphics submission=120 queued_ms=0.023 VulkanOffscreenGuestDraw
[LOADER][TRACE] vk.render_work_enter #7 sequence=2902 queue=dcb.graphics submission=120 queued_ms=5.954 VulkanOffscreenGuestDraw
[LOADER][TRACE] vk.render_work_enter #8 sequence=2903 queue=dcb.graphics submission=120 queued_ms=6.620 VulkanOffscreenGuestDraw
[LOADER][TRACE] vk.render_work_enter #2 sequence=2906 queue=dcb.graphics submission=120 queued_ms=12.142 VulkanOffscreenGuestDraw
[LOADER][TRACE] vk.render_work_enter #2 sequence=2909 queue=dcb.graphics submission=120 queued_ms=33.881 VulkanOffscreenGuestDraw
[LOADER][TRACE] vk.render_work_enter #3 sequence=2910 queue=dcb.graphics submission=120 queued_ms=33.965 VulkanOffscreenGuestDraw
[LOADER][TRACE] vk.render_work_enter #3 sequence=2913 queue=dcb.graphics submission=120 queued_ms=56.300 VulkanOffscreenGuestDraw
[LOADER][TRACE] vk.render_work_enter #2 sequence=2916 queue=dcb.graphics submission=120 queued_ms=75.520 VulkanOffscreenGuestDraw
[LOADER][TRACE] vk.render_work_enter #3 sequence=2917 queue=dcb.graphics submission=120 queued_ms=75.613 VulkanOffscreenGuestDraw
[LOADER][TRACE] vk.render_work_enter #7 sequence=2920 queue=dcb.graphics submission=120 queued_ms=76.628 VulkanOffscreenGuestDraw
[LOADER][TRACE] vk.render_work_enter #11 sequence=2923 queue=dcb.graphics submission=120 queued_ms=79.629 VulkanOffscreenGuestDraw
[LOADER][TRACE] vk.render_work_enter #15 sequence=2926 queue=dcb.graphics submission=120 queued_ms=81.684 VulkanOffscreenGuestDraw
[LOADER][TRACE] vk.render_work_enter #2 sequence=2929 queue=dcb.graphics submission=120 queued_ms=96.919 VulkanOffscreenGuestDraw
[LOADER][TRACE] vk.render_work_enter #3 sequence=2930 queue=dcb.graphics submission=120 queued_ms=97.006 VulkanOffscreenGuestDraw
[LOADER][TRACE] vk.render_work_enter #7 sequence=2933 queue=dcb.graphics submission=120 queued_ms=98.264 VulkanOffscreenGuestDraw
[LOADER][TRACE] vk.render_work_enter #8 sequence=2934 queue=dcb.graphics submission=120 queued_ms=98.304 VulkanOffscreenGuestDraw
[LOADER][TRACE] vk.render_work_enter #13 sequence=2937 queue=dcb.graphics submission=120 queued_ms=103.415 VulkanOffscreenGuestDraw
[LOADER][TRACE] vk.render_work_enter #17 sequence=2940 queue=dcb.graphics submission=120 queued_ms=106.484 VulkanOffscreenGuestDraw
[LOADER][TRACE] vk.present_taken addr=0x0000000003240000 version=120 drawKind=None hasPixels=False hasTranslatedDraw=False
[LOADER][TRACE] vk.present_sample frame=120 addr=0x0000000003240000
[DIAG-VERIFY] Import #65000 OK: libc::libc:_Getptolower ret=0x00007F895C00B460
[LOADER][TRACE] vk.swapchain_image size=1280x720 format=B8G8R8A8Unorm nonzero_bytes=2208723/3686400 nonblack_pixels=429041/921600 hash=0xBA118FD87C2EF575
[LOADER][TRACE] vk.swapchain_dump path=/tmp/ds-golden-exp139/present-0120-1280x720-B8G8R8A8Unorm.bgra
[LOADER][TRACE] vk.render_work_enter #0 sequence=2957 queue=dcb.graphics submission=121 queued_ms=20.719 VulkanOffscreenGuestDraw
[LOADER][TRACE] vk.render_work_enter #7 sequence=2962 queue=dcb.graphics submission=121 queued_ms=23.900 VulkanOffscreenGuestDraw
[LOADER][TRACE] vk.render_work_enter #8 sequence=2963 queue=dcb.graphics submission=121 queued_ms=23.979 VulkanOffscreenGuestDraw
[LOADER][TRACE] vk.render_work_enter #12 sequence=2966 queue=dcb.graphics submission=121 queued_ms=30.440 VulkanOffscreenGuestDraw
[LOADER][TRACE] vk.render_work_enter #2 sequence=2969 queue=dcb.graphics submission=121 queued_ms=73.157 VulkanOffscreenGuestDraw
[LOADER][TRACE] vk.render_work_enter #3 sequence=2970 queue=dcb.graphics submission=121 queued_ms=73.254 VulkanOffscreenGuestDraw
[LOADER][TRACE] vk.render_work_enter #7 sequence=2973 queue=dcb.graphics submission=121 queued_ms=78.060 VulkanOffscreenGuestDraw
[LOADER][TRACE] vk.render_work_enter #2 sequence=2976 queue=dcb.graphics submission=121 queued_ms=95.378 VulkanOffscreenGuestDraw
[LOADER][TRACE] vk.render_work_enter #3 sequence=2977 queue=dcb.graphics submission=121 queued_ms=95.489 VulkanOffscreenGuestDraw
[LOADER][TRACE] vk.render_work_enter #7 sequence=2980 queue=dcb.graphics submission=121 queued_ms=100.198 VulkanOffscreenGuestDraw
[LOADER][TRACE] vk.render_work_enter #11 sequence=2983 queue=dcb.graphics submission=121 queued_ms=103.212 VulkanOffscreenGuestDraw
[LOADER][TRACE] vk.render_work_enter #15 sequence=2986 queue=dcb.graphics submission=121 queued_ms=105.328 VulkanOffscreenGuestDraw
[LOADER][TRACE] vk.render_work_enter #3 sequence=2989 queue=dcb.graphics submission=121 queued_ms=116.106 VulkanOffscreenGuestDraw
[LOADER][TRACE] vk.render_work_enter #4 sequence=2990 queue=dcb.graphics submission=121 queued_ms=116.198 VulkanOffscreenGuestDraw
[LOADER][TRACE] vk.render_work_enter #8 sequence=2993 queue=dcb.graphics submission=121 queued_ms=116.978 VulkanOffscreenGuestDraw
[LOADER][TRACE] vk.render_work_enter #9 sequence=2994 queue=dcb.graphics submission=121 queued_ms=117.012 VulkanOffscreenGuestDraw
[LOADER][TRACE] vk.render_work_enter #13 sequence=2997 queue=dcb.graphics submission=121 queued_ms=121.205 VulkanOffscreenGuestDraw
[LOADER][TRACE] vk.render_work_enter #17 sequence=3000 queue=dcb.graphics submission=121 queued_ms=124.172 VulkanOffscreenGuestDraw
[LOADER][TRACE] vk.present_taken addr=0x0000000001260000 version=121 drawKind=None hasPixels=False hasTranslatedDraw=False
[DIAG-VERIFY] Import #66000 OK: libc::libc:_Getptolower ret=0x00007F895C00B460
[DIAG-VERIFY] Import #67000 OK: libSceAgc::libSceAgc:sceAgcSetCxRegIndirectPatchAddRegisters ret=0x0000000000000000
[LOADER][TRACE] vk.swapchain_image size=1280x720 format=B8G8R8A8Unorm nonzero_bytes=2208528/3686400 nonblack_pixels=428976/921600 hash=0x38F004D6B1DC5EDB
[LOADER][TRACE] vk.swapchain_dump path=/tmp/ds-golden-exp139/present-0121-1280x720-B8G8R8A8Unorm.bgra
[LOADER][TRACE] vk.render_work_enter #0 sequence=3017 queue=dcb.graphics submission=122 queued_ms=20.220 VulkanOffscreenGuestDraw
[LOADER][TRACE] vk.render_work_enter #7 sequence=3022 queue=dcb.graphics submission=122 queued_ms=23.096 VulkanOffscreenGuestDraw
[LOADER][TRACE] vk.render_work_enter #8 sequence=3023 queue=dcb.graphics submission=122 queued_ms=23.166 VulkanOffscreenGuestDraw
[LOADER][TRACE] vk.render_work_enter #12 sequence=3026 queue=dcb.graphics submission=122 queued_ms=29.154 VulkanOffscreenGuestDraw
[LOADER][TRACE] vk.render_work_enter #2 sequence=3029 queue=dcb.graphics submission=122 queued_ms=68.253 VulkanOffscreenGuestDraw
[LOADER][TRACE] vk.render_work_enter #3 sequence=3030 queue=dcb.graphics submission=122 queued_ms=68.353 VulkanOffscreenGuestDraw
[LOADER][TRACE] vk.render_work_enter #7 sequence=3033 queue=dcb.graphics submission=122 queued_ms=73.248 VulkanOffscreenGuestDraw
[LOADER][TRACE] vk.render_work_enter #2 sequence=3036 queue=dcb.graphics submission=122 queued_ms=92.422 VulkanOffscreenGuestDraw
[LOADER][TRACE] vk.render_work_enter #3 sequence=3037 queue=dcb.graphics submission=122 queued_ms=92.516 VulkanOffscreenGuestDraw
[LOADER][TRACE] vk.render_work_enter #7 sequence=3040 queue=dcb.graphics submission=122 queued_ms=93.433 VulkanOffscreenGuestDraw
[LOADER][TRACE] vk.render_work_enter #11 sequence=3043 queue=dcb.graphics submission=122 queued_ms=96.423 VulkanOffscreenGuestDraw
[LOADER][TRACE] vk.render_work_enter #15 sequence=3046 queue=dcb.graphics submission=122 queued_ms=98.437 VulkanOffscreenGuestDraw
[LOADER][TRACE] vk.render_work_enter #3 sequence=3049 queue=dcb.graphics submission=122 queued_ms=112.329 VulkanOffscreenGuestDraw
[LOADER][TRACE] vk.render_work_enter #4 sequence=3050 queue=dcb.graphics submission=122 queued_ms=112.452 VulkanOffscreenGuestDraw
[LOADER][TRACE] vk.render_work_enter #8 sequence=3053 queue=dcb.graphics submission=122 queued_ms=113.331 VulkanOffscreenGuestDraw
[LOADER][TRACE] vk.render_work_enter #12 sequence=3056 queue=dcb.graphics submission=122 queued_ms=115.078 VulkanOffscreenGuestDraw
[LOADER][TRACE] vk.render_work_enter #16 sequence=3059 queue=dcb.graphics submission=122 queued_ms=119.555 VulkanOffscreenGuestDraw
[LOADER][TRACE] vk.present_taken addr=0x0000000003240000 version=122 drawKind=None hasPixels=False hasTranslatedDraw=False
[DIAG-VERIFY] Import #68000 OK: libc::libc:_Getptolower ret=0x00007F895C00B460
[LOADER][TRACE] vk.swapchain_image size=1280x720 format=B8G8R8A8Unorm nonzero_bytes=2209872/3686400 nonblack_pixels=429424/921600 hash=0x6A4146CC5B012A35
[LOADER][TRACE] vk.swapchain_dump path=/tmp/ds-golden-exp139/present-0122-1280x720-B8G8R8A8Unorm.bgra
[LOADER][TRACE] vk.render_work_enter #0 sequence=3076 queue=dcb.graphics submission=123 queued_ms=24.557 VulkanOffscreenGuestDraw
[LOADER][TRACE] vk.render_work_enter #7 sequence=3081 queue=dcb.graphics submission=123 queued_ms=26.226 VulkanOffscreenGuestDraw
[LOADER][TRACE] vk.render_work_enter #8 sequence=3082 queue=dcb.graphics submission=123 queued_ms=26.323 VulkanOffscreenGuestDraw
[LOADER][TRACE] vk.render_work_enter #12 sequence=3085 queue=dcb.graphics submission=123 queued_ms=29.873 VulkanOffscreenGuestDraw
[LOADER][TRACE] vk.render_work_enter #2 sequence=3088 queue=dcb.graphics submission=123 queued_ms=63.182 VulkanOffscreenGuestDraw
[LOADER][TRACE] vk.render_work_enter #3 sequence=3089 queue=dcb.graphics submission=123 queued_ms=63.266 VulkanOffscreenGuestDraw
[LOADER][TRACE] vk.render_work_enter #7 sequence=3092 queue=dcb.graphics submission=123 queued_ms=68.186 VulkanOffscreenGuestDraw
[LOADER][TRACE] vk.render_work_enter #2 sequence=3095 queue=dcb.graphics submission=123 queued_ms=87.928 VulkanOffscreenGuestDraw
[LOADER][TRACE] vk.render_work_enter #3 sequence=3096 queue=dcb.graphics submission=123 queued_ms=88.021 VulkanOffscreenGuestDraw
[LOADER][TRACE] vk.render_work_enter #7 sequence=3099 queue=dcb.graphics submission=123 queued_ms=89.202 VulkanOffscreenGuestDraw
[LOADER][TRACE] vk.render_work_enter #11 sequence=3102 queue=dcb.graphics submission=123 queued_ms=92.258 VulkanOffscreenGuestDraw
[LOADER][TRACE] vk.render_work_enter #15 sequence=3105 queue=dcb.graphics submission=123 queued_ms=94.305 VulkanOffscreenGuestDraw
[LOADER][TRACE] vk.render_work_enter #2 sequence=3108 queue=dcb.graphics submission=123 queued_ms=109.901 VulkanOffscreenGuestDraw
[LOADER][TRACE] vk.render_work_enter #3 sequence=3109 queue=dcb.graphics submission=123 queued_ms=110.001 VulkanOffscreenGuestDraw
[LOADER][TRACE] vk.render_work_enter #7 sequence=3112 queue=dcb.graphics submission=123 queued_ms=111.267 VulkanOffscreenGuestDraw
[LOADER][TRACE] vk.render_work_enter #11 sequence=3115 queue=dcb.graphics submission=123 queued_ms=114.490 VulkanOffscreenGuestDraw
[LOADER][TRACE] vk.render_work_enter #16 sequence=3118 queue=dcb.graphics submission=123 queued_ms=118.600 VulkanOffscreenGuestDraw
[DIAG-VERIFY] Import #17000 OK: libKernel::libKernel:scePthreadMutexLock ret=0x0000000000000000
[LOADER][TRACE] vk.present_taken addr=0x0000000001260000 version=123 drawKind=None hasPixels=False hasTranslatedDraw=False
[DIAG-VERIFY] Import #69000 OK: libc::libc:_Getptolower ret=0x00007F895C00B460
[DIAG-VERIFY] Import #70000 OK: libSceAgc::libSceAgc:sceAgcCreateInterpolantMapping ret=0x0000000000000000
[LOADER][TRACE] vk.swapchain_image size=1280x720 format=B8G8R8A8Unorm nonzero_bytes=2212320/3686400 nonblack_pixels=430240/921600 hash=0xE2CF52B6080ED74E
[LOADER][TRACE] vk.swapchain_dump path=/tmp/ds-golden-exp139/present-0123-1280x720-B8G8R8A8Unorm.bgra
[LOADER][TRACE] vk.render_work_enter #0 sequence=3135 queue=dcb.graphics submission=124 queued_ms=25.861 VulkanOffscreenGuestDraw
[LOADER][TRACE] vk.render_work_enter #7 sequence=3140 queue=dcb.graphics submission=124 queued_ms=28.921 VulkanOffscreenGuestDraw
[LOADER][TRACE] vk.render_work_enter #8 sequence=3141 queue=dcb.graphics submission=124 queued_ms=29.018 VulkanOffscreenGuestDraw
[LOADER][TRACE] vk.render_work_enter #3 sequence=3144 queue=dcb.graphics submission=124 queued_ms=55.068 VulkanOffscreenGuestDraw
[LOADER][TRACE] vk.render_work_enter #2 sequence=3147 queue=dcb.graphics submission=124 queued_ms=71.485 VulkanOffscreenGuestDraw
[LOADER][TRACE] vk.render_work_enter #3 sequence=3148 queue=dcb.graphics submission=124 queued_ms=71.578 VulkanOffscreenGuestDraw
[LOADER][TRACE] vk.render_work_enter #7 sequence=3151 queue=dcb.graphics submission=124 queued_ms=76.636 VulkanOffscreenGuestDraw
[NID-COUNTS] 1D0H2KNjshE=143 hsi9drzHR2k=0
[LOADER][TRACE] vk.render_work_enter #2 sequence=3154 queue=dcb.graphics submission=124 queued_ms=96.033 VulkanOffscreenGuestDraw
[LOADER][TRACE] vk.render_work_enter #3 sequence=3155 queue=dcb.graphics submission=124 queued_ms=96.126 VulkanOffscreenGuestDraw
[LOADER][TRACE] vk.render_work_enter #7 sequence=3158 queue=dcb.graphics submission=124 queued_ms=97.270 VulkanOffscreenGuestDraw
[DIAG-VERIFY] Import #4000 OK: libSceAudioOut::libSceAudioOut:sceAudioOutOutput ret=0x0000000000000000
[LOADER][TRACE] vk.render_work_enter #11 sequence=3161 queue=dcb.graphics submission=124 queued_ms=100.288 VulkanOffscreenGuestDraw
[LOADER][TRACE] vk.render_work_enter #15 sequence=3164 queue=dcb.graphics submission=124 queued_ms=102.264 VulkanOffscreenGuestDraw
[LOADER][TRACE] vk.render_work_enter #3 sequence=3167 queue=dcb.graphics submission=124 queued_ms=116.267 VulkanOffscreenGuestDraw
[LOADER][TRACE] vk.render_work_enter #4 sequence=3168 queue=dcb.graphics submission=124 queued_ms=116.364 VulkanOffscreenGuestDraw
[LOADER][TRACE] vk.render_work_enter #8 sequence=3171 queue=dcb.graphics submission=124 queued_ms=117.140 VulkanOffscreenGuestDraw
[LOADER][TRACE] vk.render_work_enter #12 sequence=3174 queue=dcb.graphics submission=124 queued_ms=118.831 VulkanOffscreenGuestDraw
[LOADER][TRACE] vk.render_work_enter #16 sequence=3177 queue=dcb.graphics submission=124 queued_ms=122.183 VulkanOffscreenGuestDraw
[LOADER][TRACE] vk.present_taken addr=0x0000000003240000 version=124 drawKind=None hasPixels=False hasTranslatedDraw=False
[DIAG-VERIFY] Import #71000 OK: libSceAgc::libSceAgc:sceAgcSetCxRegIndirectPatchAddRegisters ret=0x0000000000000000
[LOADER][TRACE] vk.swapchain_image size=1280x720 format=B8G8R8A8Unorm nonzero_bytes=2213883/3686400 nonblack_pixels=430761/921600 hash=0x798301868FC42999
[LOADER][TRACE] vk.swapchain_dump path=/tmp/ds-golden-exp139/present-0124-1280x720-B8G8R8A8Unorm.bgra
[LOADER][TRACE] vk.render_work_enter #0 sequence=3194 queue=dcb.graphics submission=125 queued_ms=21.760 VulkanOffscreenGuestDraw
[LOADER][TRACE] vk.render_work_enter #7 sequence=3199 queue=dcb.graphics submission=125 queued_ms=24.903 VulkanOffscreenGuestDraw
[LOADER][TRACE] vk.render_work_enter #8 sequence=3200 queue=dcb.graphics submission=125 queued_ms=25.021 VulkanOffscreenGuestDraw
[LOADER][TRACE] vk.render_work_enter #12 sequence=3203 queue=dcb.graphics submission=125 queued_ms=30.533 VulkanOffscreenGuestDraw
[LOADER][TRACE] vk.render_work_enter #2 sequence=3206 queue=dcb.graphics submission=125 queued_ms=70.850 VulkanOffscreenGuestDraw
[LOADER][TRACE] vk.render_work_enter #3 sequence=3207 queue=dcb.graphics submission=125 queued_ms=70.987 VulkanOffscreenGuestDraw
[LOADER][TRACE] vk.render_work_enter #7 sequence=3210 queue=dcb.graphics submission=125 queued_ms=75.639 VulkanOffscreenGuestDraw
[LOADER][TRACE] vk.render_work_enter #2 sequence=3213 queue=dcb.graphics submission=125 queued_ms=91.924 VulkanOffscreenGuestDraw
[LOADER][TRACE] vk.render_work_enter #3 sequence=3214 queue=dcb.graphics submission=125 queued_ms=92.013 VulkanOffscreenGuestDraw
[LOADER][TRACE] vk.render_work_enter #7 sequence=3217 queue=dcb.graphics submission=125 queued_ms=93.139 VulkanOffscreenGuestDraw
[LOADER][TRACE] vk.render_work_enter #11 sequence=3220 queue=dcb.graphics submission=125 queued_ms=96.231 VulkanOffscreenGuestDraw
[LOADER][TRACE] vk.render_work_enter #15 sequence=3223 queue=dcb.graphics submission=125 queued_ms=98.318 VulkanOffscreenGuestDraw
[LOADER][TRACE] vk.render_work_enter #3 sequence=3226 queue=dcb.graphics submission=125 queued_ms=113.653 VulkanOffscreenGuestDraw
[LOADER][TRACE] vk.render_work_enter #4 sequence=3227 queue=dcb.graphics submission=125 queued_ms=113.754 VulkanOffscreenGuestDraw
[LOADER][TRACE] vk.render_work_enter #8 sequence=3230 queue=dcb.graphics submission=125 queued_ms=114.584 VulkanOffscreenGuestDraw
[LOADER][TRACE] vk.render_work_enter #12 sequence=3233 queue=dcb.graphics submission=125 queued_ms=116.412 VulkanOffscreenGuestDraw
[LOADER][TRACE] vk.render_work_enter #16 sequence=3236 queue=dcb.graphics submission=125 queued_ms=119.731 VulkanOffscreenGuestDraw
[LOADER][TRACE] vk.present_taken addr=0x0000000001260000 version=125 drawKind=None hasPixels=False hasTranslatedDraw=False
[DIAG-VERIFY] Import #72000 OK: libc::libc:_Getptolower ret=0x00007F895C00B460
[DIAG-VERIFY] Import #73000 OK: libSceAgc::libSceAgc:sceAgcSetCxRegIndirectPatchAddRegisters ret=0x0000000000000000
[LOADER][TRACE] vk.swapchain_image size=1280x720 format=B8G8R8A8Unorm nonzero_bytes=2215659/3686400 nonblack_pixels=431353/921600 hash=0xD475376BFC79019E
[LOADER][TRACE] vk.swapchain_dump path=/tmp/ds-golden-exp139/present-0125-1280x720-B8G8R8A8Unorm.bgra
[LOADER][TRACE] vk.render_work_enter #0 sequence=3253 queue=dcb.graphics submission=126 queued_ms=28.426 VulkanOffscreenGuestDraw
[LOADER][TRACE] vk.render_work_enter #7 sequence=3258 queue=dcb.graphics submission=126 queued_ms=31.258 VulkanOffscreenGuestDraw
[LOADER][TRACE] vk.render_work_enter #8 sequence=3259 queue=dcb.graphics submission=126 queued_ms=31.380 VulkanOffscreenGuestDraw
[LOADER][TRACE] vk.render_work_enter #3 sequence=3262 queue=dcb.graphics submission=126 queued_ms=53.551 VulkanOffscreenGuestDraw
[LOADER][TRACE] vk.render_work_enter #2 sequence=3265 queue=dcb.graphics submission=126 queued_ms=76.314 VulkanOffscreenGuestDraw
[LOADER][TRACE] vk.render_work_enter #3 sequence=3266 queue=dcb.graphics submission=126 queued_ms=76.445 VulkanOffscreenGuestDraw
[LOADER][TRACE] vk.render_work_enter #7 sequence=3269 queue=dcb.graphics submission=126 queued_ms=81.249 VulkanOffscreenGuestDraw
[LOADER][TRACE] vk.render_work_enter #2 sequence=3272 queue=dcb.graphics submission=126 queued_ms=100.493 VulkanOffscreenGuestDraw
[LOADER][TRACE] vk.render_work_enter #3 sequence=3273 queue=dcb.graphics submission=126 queued_ms=100.610 VulkanOffscreenGuestDraw
[LOADER][TRACE] vk.render_work_enter #7 sequence=3276 queue=dcb.graphics submission=126 queued_ms=101.751 VulkanOffscreenGuestDraw
[LOADER][TRACE] vk.render_work_enter #11 sequence=3279 queue=dcb.graphics submission=126 queued_ms=104.773 VulkanOffscreenGuestDraw
[LOADER][TRACE] vk.render_work_enter #15 sequence=3282 queue=dcb.graphics submission=126 queued_ms=106.968 VulkanOffscreenGuestDraw
[LOADER][TRACE] vk.render_work_enter #2 sequence=3285 queue=dcb.graphics submission=126 queued_ms=119.037 VulkanOffscreenGuestDraw
[LOADER][TRACE] vk.render_work_enter #3 sequence=3286 queue=dcb.graphics submission=126 queued_ms=119.141 VulkanOffscreenGuestDraw
[LOADER][TRACE] vk.render_work_enter #7 sequence=3289 queue=dcb.graphics submission=126 queued_ms=120.372 VulkanOffscreenGuestDraw
[LOADER][TRACE] vk.render_work_enter #11 sequence=3292 queue=dcb.graphics submission=126 queued_ms=123.456 VulkanOffscreenGuestDraw
[LOADER][TRACE] vk.render_work_enter #2 sequence=3295 queue=dcb.graphics submission=126 queued_ms=151.870 VulkanOffscreenGuestDraw
[LOADER][TRACE] vk.present_taken addr=0x0000000003240000 version=126 drawKind=None hasPixels=False hasTranslatedDraw=False
[LOADER][TRACE] vk.swapchain_image size=1280x720 format=B8G8R8A8Unorm nonzero_bytes=2218314/3686400 nonblack_pixels=432238/921600 hash=0x91473DADBA6D5584
[LOADER][TRACE] vk.swapchain_dump path=/tmp/ds-golden-exp139/present-0126-1280x720-B8G8R8A8Unorm.bgra
[DIAG-VERIFY] Import #74000 OK: libSceAgc::libSceAgc:sceAgcSetCxRegIndirectPatchAddRegisters ret=0x0000000000000000
[LOADER][TRACE] vk.render_work_enter #0 sequence=3312 queue=dcb.graphics submission=127 queued_ms=0.024 VulkanOffscreenGuestDraw
[LOADER][TRACE] vk.render_work_enter #5 sequence=3317 queue=dcb.graphics submission=127 queued_ms=18.660 VulkanOffscreenGuestDraw
[LOADER][TRACE] vk.render_work_enter #6 sequence=3318 queue=dcb.graphics submission=127 queued_ms=18.748 VulkanOffscreenGuestDraw
[LOADER][TRACE] vk.render_work_enter #10 sequence=3321 queue=dcb.graphics submission=127 queued_ms=22.164 VulkanOffscreenGuestDraw
[LOADER][TRACE] vk.render_work_enter #2 sequence=3324 queue=dcb.graphics submission=127 queued_ms=42.940 VulkanOffscreenGuestDraw
[LOADER][TRACE] vk.render_work_enter #3 sequence=3325 queue=dcb.graphics submission=127 queued_ms=43.076 VulkanOffscreenGuestDraw
[LOADER][TRACE] vk.render_work_enter #7 sequence=3328 queue=dcb.graphics submission=127 queued_ms=47.588 VulkanOffscreenGuestDraw
[LOADER][TRACE] vk.render_work_enter #2 sequence=3331 queue=dcb.graphics submission=127 queued_ms=66.392 VulkanOffscreenGuestDraw
[LOADER][TRACE] vk.render_work_enter #3 sequence=3332 queue=dcb.graphics submission=127 queued_ms=66.479 VulkanOffscreenGuestDraw
[LOADER][TRACE] vk.render_work_enter #7 sequence=3335 queue=dcb.graphics submission=127 queued_ms=67.551 VulkanOffscreenGuestDraw
[LOADER][TRACE] vk.render_work_enter #11 sequence=3338 queue=dcb.graphics submission=127 queued_ms=70.582 VulkanOffscreenGuestDraw
[LOADER][TRACE] vk.render_work_enter #15 sequence=3341 queue=dcb.graphics submission=127 queued_ms=72.697 VulkanOffscreenGuestDraw
[LOADER][TRACE] vk.render_work_enter #2 sequence=3344 queue=dcb.graphics submission=127 queued_ms=87.892 VulkanOffscreenGuestDraw
[LOADER][TRACE] vk.render_work_enter #3 sequence=3345 queue=dcb.graphics submission=127 queued_ms=87.972 VulkanOffscreenGuestDraw
[LOADER][TRACE] vk.render_work_enter #7 sequence=3348 queue=dcb.graphics submission=127 queued_ms=89.007 VulkanOffscreenGuestDraw
[LOADER][TRACE] vk.render_work_enter #2 sequence=3351 queue=dcb.graphics submission=127 queued_ms=119.731 VulkanOffscreenGuestDraw
[LOADER][TRACE] vk.render_work_enter #6 sequence=3354 queue=dcb.graphics submission=127 queued_ms=125.706 VulkanOffscreenGuestDraw
[LOADER][TRACE] vk.present_taken addr=0x0000000001260000 version=127 drawKind=None hasPixels=False hasTranslatedDraw=False
[LOADER][TRACE] vk.swapchain_image size=1280x720 format=B8G8R8A8Unorm nonzero_bytes=2219679/3686400 nonblack_pixels=432693/921600 hash=0x08C7415F13E17BFC
[LOADER][TRACE] vk.swapchain_dump path=/tmp/ds-golden-exp139/present-0127-1280x720-B8G8R8A8Unorm.bgra
[DIAG-VERIFY] Import #75000 OK: libc::libc:_Getptolower ret=0x00007F895C00B460
[DIAG-VERIFY] Import #76000 OK: libSceAgc::libSceAgc:sceAgcCreateInterpolantMapping ret=0x0000000000000000
[LOADER][TRACE] vk.render_work_enter #0 sequence=3371 queue=dcb.graphics submission=128 queued_ms=0.023 VulkanOffscreenGuestDraw
[LOADER][TRACE] vk.render_work_enter #7 sequence=3376 queue=dcb.graphics submission=128 queued_ms=3.252 VulkanOffscreenGuestDraw
[LOADER][TRACE] vk.render_work_enter #8 sequence=3377 queue=dcb.graphics submission=128 queued_ms=3.320 VulkanOffscreenGuestDraw
[LOADER][TRACE] vk.render_work_enter #12 sequence=3380 queue=dcb.graphics submission=128 queued_ms=8.895 VulkanOffscreenGuestDraw
[LOADER][TRACE] vk.render_work_enter #2 sequence=3383 queue=dcb.graphics submission=128 queued_ms=34.841 VulkanOffscreenGuestDraw
[LOADER][TRACE] vk.render_work_enter #3 sequence=3384 queue=dcb.graphics submission=128 queued_ms=34.934 VulkanOffscreenGuestDraw
[LOADER][TRACE] vk.render_work_enter #7 sequence=3387 queue=dcb.graphics submission=128 queued_ms=40.751 VulkanOffscreenGuestDraw
[LOADER][TRACE] vk.render_work_enter #2 sequence=3390 queue=dcb.graphics submission=128 queued_ms=61.389 VulkanOffscreenGuestDraw
[LOADER][TRACE] vk.render_work_enter #3 sequence=3391 queue=dcb.graphics submission=128 queued_ms=61.502 VulkanOffscreenGuestDraw
[LOADER][TRACE] vk.render_work_enter #7 sequence=3394 queue=dcb.graphics submission=128 queued_ms=62.866 VulkanOffscreenGuestDraw
[LOADER][TRACE] vk.render_work_enter #11 sequence=3397 queue=dcb.graphics submission=128 queued_ms=65.967 VulkanOffscreenGuestDraw
[LOADER][TRACE] vk.render_work_enter #15 sequence=3400 queue=dcb.graphics submission=128 queued_ms=68.187 VulkanOffscreenGuestDraw
[LOADER][TRACE] vk.render_work_enter #2 sequence=3403 queue=dcb.graphics submission=128 queued_ms=104.879 VulkanOffscreenGuestDraw
[LOADER][TRACE] vk.render_work_enter #3 sequence=3404 queue=dcb.graphics submission=128 queued_ms=104.976 VulkanOffscreenGuestDraw
[LOADER][TRACE] vk.render_work_enter #7 sequence=3407 queue=dcb.graphics submission=128 queued_ms=107.094 VulkanOffscreenGuestDraw
[LOADER][TRACE] vk.render_work_enter #11 sequence=3410 queue=dcb.graphics submission=128 queued_ms=110.178 VulkanOffscreenGuestDraw
[LOADER][TRACE] vk.render_work_enter #15 sequence=3413 queue=dcb.graphics submission=128 queued_ms=116.278 VulkanOffscreenGuestDraw
[LOADER][TRACE] vk.present_taken addr=0x0000000003240000 version=128 drawKind=None hasPixels=False hasTranslatedDraw=False
[LOADER][TRACE] vk.swapchain_image size=1280x720 format=B8G8R8A8Unorm nonzero_bytes=2221737/3686400 nonblack_pixels=433379/921600 hash=0x3123D8A91DDA8E94
[LOADER][TRACE] vk.swapchain_dump path=/tmp/ds-golden-exp139/present-0128-1280x720-B8G8R8A8Unorm.bgra
[DIAG-VERIFY] Import #77000 OK: libSceAgc::libSceAgc:sceAgcDcbSetIndexBuffer ret=0x0000000000260524
[LOADER][TRACE] vk.render_work_enter #0 sequence=3430 queue=dcb.graphics submission=129 queued_ms=0.025 VulkanOffscreenGuestDraw
[LOADER][TRACE] vk.render_work_enter #7 sequence=3435 queue=dcb.graphics submission=129 queued_ms=3.179 VulkanOffscreenGuestDraw
[LOADER][TRACE] vk.render_work_enter #8 sequence=3436 queue=dcb.graphics submission=129 queued_ms=3.262 VulkanOffscreenGuestDraw
[LOADER][TRACE] vk.render_work_enter #12 sequence=3439 queue=dcb.graphics submission=129 queued_ms=8.877 VulkanOffscreenGuestDraw
[LOADER][TRACE] vk.render_work_enter #2 sequence=3442 queue=dcb.graphics submission=129 queued_ms=30.564 VulkanOffscreenGuestDraw
[LOADER][TRACE] vk.render_work_enter #3 sequence=3443 queue=dcb.graphics submission=129 queued_ms=30.654 VulkanOffscreenGuestDraw
[LOADER][TRACE] vk.render_work_enter #7 sequence=3446 queue=dcb.graphics submission=129 queued_ms=35.099 VulkanOffscreenGuestDraw
[LOADER][TRACE] vk.render_work_enter #2 sequence=3449 queue=dcb.graphics submission=129 queued_ms=54.029 VulkanOffscreenGuestDraw
[LOADER][TRACE] vk.render_work_enter #3 sequence=3450 queue=dcb.graphics submission=129 queued_ms=54.125 VulkanOffscreenGuestDraw
[LOADER][TRACE] vk.render_work_enter #7 sequence=3453 queue=dcb.graphics submission=129 queued_ms=55.160 VulkanOffscreenGuestDraw
[LOADER][TRACE] vk.render_work_enter #11 sequence=3456 queue=dcb.graphics submission=129 queued_ms=58.150 VulkanOffscreenGuestDraw
[LOADER][TRACE] vk.render_work_enter #15 sequence=3459 queue=dcb.graphics submission=129 queued_ms=60.145 VulkanOffscreenGuestDraw
[LOADER][TRACE] vk.render_work_enter #2 sequence=3462 queue=dcb.graphics submission=129 queued_ms=98.893 VulkanOffscreenGuestDraw
[LOADER][TRACE] vk.render_work_enter #3 sequence=3463 queue=dcb.graphics submission=129 queued_ms=99.002 VulkanOffscreenGuestDraw
[LOADER][TRACE] vk.render_work_enter #7 sequence=3466 queue=dcb.graphics submission=129 queued_ms=99.989 VulkanOffscreenGuestDraw
[LOADER][TRACE] vk.render_work_enter #11 sequence=3469 queue=dcb.graphics submission=129 queued_ms=102.943 VulkanOffscreenGuestDraw
[LOADER][TRACE] vk.render_work_enter #15 sequence=3472 queue=dcb.graphics submission=129 queued_ms=108.716 VulkanOffscreenGuestDraw
[LOADER][TRACE] vk.present_taken addr=0x0000000001260000 version=129 drawKind=None hasPixels=False hasTranslatedDraw=False
[LOADER][TRACE] vk.swapchain_image size=1280x720 format=B8G8R8A8Unorm nonzero_bytes=2221575/3686400 nonblack_pixels=433325/921600 hash=0x825C51B873770D03
[LOADER][TRACE] vk.swapchain_dump path=/tmp/ds-golden-exp139/present-0129-1280x720-B8G8R8A8Unorm.bgra
[DIAG-VERIFY] Import #78000 OK: libc::libc:_Getptolower ret=0x00007F895C00B460
[LOADER][TRACE] vk.render_work_enter #0 sequence=3489 queue=dcb.graphics submission=130 queued_ms=0.028 VulkanOffscreenGuestDraw
[LOADER][TRACE] vk.render_work_enter #7 sequence=3494 queue=dcb.graphics submission=130 queued_ms=2.799 VulkanOffscreenGuestDraw
[LOADER][TRACE] vk.render_work_enter #8 sequence=3495 queue=dcb.graphics submission=130 queued_ms=2.874 VulkanOffscreenGuestDraw
[LOADER][TRACE] vk.render_work_enter #12 sequence=3498 queue=dcb.graphics submission=130 queued_ms=7.935 VulkanOffscreenGuestDraw
[DIAG-VERIFY] Import #18000 OK: libKernel::libKernel:scePthreadMutexLock ret=0x0000000000000000
[LOADER][TRACE] vk.render_work_enter #2 sequence=3501 queue=dcb.graphics submission=130 queued_ms=46.271 VulkanOffscreenGuestDraw
[LOADER][TRACE] vk.render_work_enter #3 sequence=3502 queue=dcb.graphics submission=130 queued_ms=46.373 VulkanOffscreenGuestDraw
[LOADER][TRACE] vk.render_work_enter #7 sequence=3505 queue=dcb.graphics submission=130 queued_ms=57.786 VulkanOffscreenGuestDraw
[LOADER][TRACE] vk.render_work_enter #2 sequence=3508 queue=dcb.graphics submission=130 queued_ms=101.923 VulkanOffscreenGuestDraw
[LOADER][TRACE] vk.render_work_enter #3 sequence=3509 queue=dcb.graphics submission=130 queued_ms=102.018 VulkanOffscreenGuestDraw
[LOADER][TRACE] vk.render_work_enter #7 sequence=3512 queue=dcb.graphics submission=130 queued_ms=102.910 VulkanOffscreenGuestDraw
[LOADER][TRACE] vk.render_work_enter #11 sequence=3515 queue=dcb.graphics submission=130 queued_ms=111.065 VulkanOffscreenGuestDraw
[LOADER][TRACE] vk.render_work_enter #15 sequence=3518 queue=dcb.graphics submission=130 queued_ms=113.119 VulkanOffscreenGuestDraw
[LOADER][TRACE] vk.render_work_enter #2 sequence=3521 queue=dcb.graphics submission=130 queued_ms=134.525 VulkanOffscreenGuestDraw
[LOADER][TRACE] vk.render_work_enter #3 sequence=3522 queue=dcb.graphics submission=130 queued_ms=134.606 VulkanOffscreenGuestDraw
[LOADER][TRACE] vk.render_work_enter #7 sequence=3525 queue=dcb.graphics submission=130 queued_ms=134.572 VulkanOffscreenGuestDraw
[LOADER][TRACE] vk.render_work_enter #11 sequence=3528 queue=dcb.graphics submission=130 queued_ms=137.563 VulkanOffscreenGuestDraw
[LOADER][TRACE] vk.render_work_enter #2 sequence=3531 queue=dcb.graphics submission=130 queued_ms=146.801 VulkanOffscreenGuestDraw
[LOADER][TRACE] vk.present_taken addr=0x0000000003240000 version=130 drawKind=None hasPixels=False hasTranslatedDraw=False
[LOADER][TRACE] vk.swapchain_image size=1280x720 format=B8G8R8A8Unorm nonzero_bytes=2221803/3686400 nonblack_pixels=433401/921600 hash=0xD7833996C2CCE167
[LOADER][TRACE] vk.swapchain_dump path=/tmp/ds-golden-exp139/present-0130-1280x720-B8G8R8A8Unorm.bgra
[DIAG-VERIFY] Import #79000 OK: libc::libc:_Getptolower ret=0x00007F895C00B460
[DIAG-VERIFY] Import #80000 OK: libSceAgc::libSceAgc:sceAgcSetCxRegIndirectPatchAddRegisters ret=0x0000000000000000
[LOADER][TRACE] vk.render_work_enter #0 sequence=3548 queue=dcb.graphics submission=131 queued_ms=0.033 VulkanOffscreenGuestDraw
[LOADER][TRACE] vk.render_work_enter #7 sequence=3553 queue=dcb.graphics submission=131 queued_ms=3.482 VulkanOffscreenGuestDraw
[LOADER][TRACE] vk.render_work_enter #8 sequence=3554 queue=dcb.graphics submission=131 queued_ms=3.584 VulkanOffscreenGuestDraw
[LOADER][TRACE] vk.render_work_enter #12 sequence=3557 queue=dcb.graphics submission=131 queued_ms=8.880 VulkanOffscreenGuestDraw
[LOADER][TRACE] vk.render_work_enter #2 sequence=3560 queue=dcb.graphics submission=131 queued_ms=46.849 VulkanOffscreenGuestDraw
[LOADER][TRACE] vk.render_work_enter #3 sequence=3561 queue=dcb.graphics submission=131 queued_ms=46.944 VulkanOffscreenGuestDraw
[LOADER][TRACE] vk.render_work_enter #7 sequence=3564 queue=dcb.graphics submission=131 queued_ms=51.617 VulkanOffscreenGuestDraw
[LOADER][TRACE] vk.render_work_enter #2 sequence=3567 queue=dcb.graphics submission=131 queued_ms=66.580 VulkanOffscreenGuestDraw
[LOADER][TRACE] vk.render_work_enter #3 sequence=3568 queue=dcb.graphics submission=131 queued_ms=66.684 VulkanOffscreenGuestDraw
[LOADER][TRACE] vk.render_work_enter #7 sequence=3571 queue=dcb.graphics submission=131 queued_ms=68.468 VulkanOffscreenGuestDraw
[LOADER][TRACE] vk.render_work_enter #11 sequence=3574 queue=dcb.graphics submission=131 queued_ms=72.275 VulkanOffscreenGuestDraw
[LOADER][TRACE] vk.render_work_enter #15 sequence=3577 queue=dcb.graphics submission=131 queued_ms=74.397 VulkanOffscreenGuestDraw
[LOADER][TRACE] vk.render_work_enter #2 sequence=3580 queue=dcb.graphics submission=131 queued_ms=89.818 VulkanOffscreenGuestDraw
[LOADER][TRACE] vk.render_work_enter #3 sequence=3581 queue=dcb.graphics submission=131 queued_ms=89.921 VulkanOffscreenGuestDraw
[LOADER][TRACE] vk.render_work_enter #7 sequence=3584 queue=dcb.graphics submission=131 queued_ms=91.131 VulkanOffscreenGuestDraw
[LOADER][TRACE] vk.render_work_enter #11 sequence=3587 queue=dcb.graphics submission=131 queued_ms=94.147 VulkanOffscreenGuestDraw
[LOADER][TRACE] vk.render_work_enter #15 sequence=3590 queue=dcb.graphics submission=131 queued_ms=100.190 VulkanOffscreenGuestDraw
[LOADER][TRACE] vk.present_taken addr=0x0000000001260000 version=131 drawKind=None hasPixels=False hasTranslatedDraw=False
[LOADER][TRACE] vk.swapchain_image size=1280x720 format=B8G8R8A8Unorm nonzero_bytes=2222025/3686400 nonblack_pixels=433475/921600 hash=0x4737743537B06DBF
[LOADER][TRACE] vk.swapchain_dump path=/tmp/ds-golden-exp139/present-0131-1280x720-B8G8R8A8Unorm.bgra
[DIAG-VERIFY] Import #81000 OK: libc::libc:_Getptolower ret=0x00007F895C00B460
[LOADER][TRACE] vk.render_work_enter #0 sequence=3607 queue=dcb.graphics submission=132 queued_ms=0.031 VulkanOffscreenGuestDraw
[LOADER][TRACE] vk.render_work_enter #7 sequence=3612 queue=dcb.graphics submission=132 queued_ms=6.265 VulkanOffscreenGuestDraw
[LOADER][TRACE] vk.render_work_enter #8 sequence=3613 queue=dcb.graphics submission=132 queued_ms=6.354 VulkanOffscreenGuestDraw
[LOADER][TRACE] vk.render_work_enter #2 sequence=3616 queue=dcb.graphics submission=132 queued_ms=27.562 VulkanOffscreenGuestDraw
[LOADER][TRACE] vk.render_work_enter #2 sequence=3619 queue=dcb.graphics submission=132 queued_ms=50.701 VulkanOffscreenGuestDraw
[LOADER][TRACE] vk.render_work_enter #3 sequence=3620 queue=dcb.graphics submission=132 queued_ms=50.792 VulkanOffscreenGuestDraw
[LOADER][TRACE] vk.render_work_enter #7 sequence=3623 queue=dcb.graphics submission=132 queued_ms=55.645 VulkanOffscreenGuestDraw
[LOADER][TRACE] vk.render_work_enter #2 sequence=3626 queue=dcb.graphics submission=132 queued_ms=74.863 VulkanOffscreenGuestDraw
[LOADER][TRACE] vk.render_work_enter #3 sequence=3627 queue=dcb.graphics submission=132 queued_ms=74.978 VulkanOffscreenGuestDraw
[LOADER][TRACE] vk.render_work_enter #7 sequence=3630 queue=dcb.graphics submission=132 queued_ms=76.190 VulkanOffscreenGuestDraw
[LOADER][TRACE] vk.render_work_enter #11 sequence=3633 queue=dcb.graphics submission=132 queued_ms=79.270 VulkanOffscreenGuestDraw
[LOADER][TRACE] vk.render_work_enter #15 sequence=3636 queue=dcb.graphics submission=132 queued_ms=81.295 VulkanOffscreenGuestDraw
[LOADER][TRACE] vk.render_work_enter #2 sequence=3639 queue=dcb.graphics submission=132 queued_ms=96.637 VulkanOffscreenGuestDraw
[LOADER][TRACE] vk.render_work_enter #3 sequence=3640 queue=dcb.graphics submission=132 queued_ms=96.734 VulkanOffscreenGuestDraw
[LOADER][TRACE] vk.render_work_enter #7 sequence=3643 queue=dcb.graphics submission=132 queued_ms=125.581 VulkanOffscreenGuestDraw
[LOADER][TRACE] vk.render_work_enter #4 sequence=3646 queue=dcb.graphics submission=132 queued_ms=128.890 VulkanOffscreenGuestDraw
[LOADER][TRACE] vk.render_work_enter #8 sequence=3649 queue=dcb.graphics submission=132 queued_ms=132.410 VulkanOffscreenGuestDraw
[LOADER][TRACE] vk.present_taken addr=0x0000000003240000 version=132 drawKind=None hasPixels=False hasTranslatedDraw=False
[DIAG-VERIFY] Import #82000 OK: libc::libc:_Getptolower ret=0x00007F895C00B460
[DIAG-VERIFY] Import #83000 OK: libSceAgc::libSceAgc:sceAgcDcbSetIndexBuffer ret=0x00000000002609B4
[LOADER][TRACE] vk.swapchain_image size=1280x720 format=B8G8R8A8Unorm nonzero_bytes=2221044/3686400 nonblack_pixels=433148/921600 hash=0x91F5E75BE20A457C
[LOADER][TRACE] vk.swapchain_dump path=/tmp/ds-golden-exp139/present-0132-1280x720-B8G8R8A8Unorm.bgra
[LOADER][TRACE] vk.render_work_enter #0 sequence=3666 queue=dcb.graphics submission=133 queued_ms=39.076 VulkanOffscreenGuestDraw
[LOADER][TRACE] vk.render_work_enter #7 sequence=3671 queue=dcb.graphics submission=133 queued_ms=41.705 VulkanOffscreenGuestDraw
[LOADER][TRACE] vk.render_work_enter #8 sequence=3672 queue=dcb.graphics submission=133 queued_ms=41.757 VulkanOffscreenGuestDraw
[LOADER][TRACE] vk.render_work_enter #12 sequence=3675 queue=dcb.graphics submission=133 queued_ms=47.513 VulkanOffscreenGuestDraw
[LOADER][TRACE] vk.render_work_enter #2 sequence=3678 queue=dcb.graphics submission=133 queued_ms=68.453 VulkanOffscreenGuestDraw
[LOADER][TRACE] vk.render_work_enter #3 sequence=3679 queue=dcb.graphics submission=133 queued_ms=68.547 VulkanOffscreenGuestDraw
[LOADER][TRACE] vk.render_work_enter #7 sequence=3682 queue=dcb.graphics submission=133 queued_ms=73.931 VulkanOffscreenGuestDraw
[LOADER][TRACE] vk.render_work_enter #2 sequence=3685 queue=dcb.graphics submission=133 queued_ms=93.227 VulkanOffscreenGuestDraw
[LOADER][TRACE] vk.render_work_enter #3 sequence=3686 queue=dcb.graphics submission=133 queued_ms=93.335 VulkanOffscreenGuestDraw
[LOADER][TRACE] vk.render_work_enter #7 sequence=3689 queue=dcb.graphics submission=133 queued_ms=94.524 VulkanOffscreenGuestDraw
[LOADER][TRACE] vk.render_work_enter #11 sequence=3692 queue=dcb.graphics submission=133 queued_ms=100.225 VulkanOffscreenGuestDraw
[LOADER][TRACE] vk.render_work_enter #15 sequence=3695 queue=dcb.graphics submission=133 queued_ms=102.323 VulkanOffscreenGuestDraw
[LOADER][TRACE] vk.render_work_enter #3 sequence=3698 queue=dcb.graphics submission=133 queued_ms=139.623 VulkanOffscreenGuestDraw
[LOADER][TRACE] vk.render_work_enter #4 sequence=3699 queue=dcb.graphics submission=133 queued_ms=139.750 VulkanOffscreenGuestDraw
[LOADER][TRACE] vk.render_work_enter #8 sequence=3702 queue=dcb.graphics submission=133 queued_ms=140.616 VulkanOffscreenGuestDraw
[LOADER][TRACE] vk.render_work_enter #12 sequence=3705 queue=dcb.graphics submission=133 queued_ms=142.418 VulkanOffscreenGuestDraw
[LOADER][TRACE] vk.render_work_enter #16 sequence=3708 queue=dcb.graphics submission=133 queued_ms=145.865 VulkanOffscreenGuestDraw
[NID-COUNTS] 1D0H2KNjshE=143 hsi9drzHR2k=0
[LOADER][TRACE] vk.present_taken addr=0x0000000001260000 version=133 drawKind=None hasPixels=False hasTranslatedDraw=False
[DIAG-VERIFY] Import #84000 OK: libc::libc:_Getptolower ret=0x00007F895C00B460
[LOADER][TRACE] vk.swapchain_image size=1280x720 format=B8G8R8A8Unorm nonzero_bytes=2219373/3686400 nonblack_pixels=432591/921600 hash=0x74CADBB7C6566AE4
[LOADER][TRACE] vk.swapchain_dump path=/tmp/ds-golden-exp139/present-0133-1280x720-B8G8R8A8Unorm.bgra
[LOADER][TRACE] vk.render_work_enter #0 sequence=3725 queue=dcb.graphics submission=134 queued_ms=40.887 VulkanOffscreenGuestDraw
[LOADER][TRACE] vk.render_work_enter #7 sequence=3730 queue=dcb.graphics submission=134 queued_ms=44.105 VulkanOffscreenGuestDraw
[LOADER][TRACE] vk.render_work_enter #8 sequence=3731 queue=dcb.graphics submission=134 queued_ms=44.209 VulkanOffscreenGuestDraw
[LOADER][TRACE] vk.render_work_enter #12 sequence=3734 queue=dcb.graphics submission=134 queued_ms=50.096 VulkanOffscreenGuestDraw
[LOADER][TRACE] vk.render_work_enter #2 sequence=3737 queue=dcb.graphics submission=134 queued_ms=71.908 VulkanOffscreenGuestDraw
[LOADER][TRACE] vk.render_work_enter #3 sequence=3738 queue=dcb.graphics submission=134 queued_ms=71.998 VulkanOffscreenGuestDraw
[LOADER][TRACE] vk.render_work_enter #7 sequence=3741 queue=dcb.graphics submission=134 queued_ms=76.390 VulkanOffscreenGuestDraw
[LOADER][TRACE] vk.render_work_enter #2 sequence=3744 queue=dcb.graphics submission=134 queued_ms=95.184 VulkanOffscreenGuestDraw
[LOADER][TRACE] vk.render_work_enter #3 sequence=3745 queue=dcb.graphics submission=134 queued_ms=95.279 VulkanOffscreenGuestDraw
[LOADER][TRACE] vk.render_work_enter #7 sequence=3748 queue=dcb.graphics submission=134 queued_ms=96.625 VulkanOffscreenGuestDraw
[LOADER][TRACE] vk.render_work_enter #11 sequence=3751 queue=dcb.graphics submission=134 queued_ms=99.661 VulkanOffscreenGuestDraw
[LOADER][TRACE] vk.render_work_enter #15 sequence=3754 queue=dcb.graphics submission=134 queued_ms=101.685 VulkanOffscreenGuestDraw
[LOADER][TRACE] vk.render_work_enter #3 sequence=3757 queue=dcb.graphics submission=134 queued_ms=136.925 VulkanOffscreenGuestDraw
[LOADER][TRACE] vk.render_work_enter #4 sequence=3758 queue=dcb.graphics submission=134 queued_ms=137.021 VulkanOffscreenGuestDraw
[LOADER][TRACE] vk.render_work_enter #8 sequence=3761 queue=dcb.graphics submission=134 queued_ms=137.788 VulkanOffscreenGuestDraw
[LOADER][TRACE] vk.render_work_enter #12 sequence=3764 queue=dcb.graphics submission=134 queued_ms=139.445 VulkanOffscreenGuestDraw
[LOADER][TRACE] vk.render_work_enter #16 sequence=3767 queue=dcb.graphics submission=134 queued_ms=142.614 VulkanOffscreenGuestDraw
[LOADER][TRACE] vk.present_taken addr=0x0000000003240000 version=134 drawKind=None hasPixels=False hasTranslatedDraw=False
[DIAG-VERIFY] Import #85000 OK: libc::libc:_Getptolower ret=0x00007F895C00B460
[DIAG-VERIFY] Import #86000 OK: libSceAgc::libSceAgc:sceAgcDcbSetShRegistersIndirect ret=0x0000000000260C04
[LOADER][TRACE] vk.swapchain_image size=1280x720 format=B8G8R8A8Unorm nonzero_bytes=2216346/3686400 nonblack_pixels=431582/921600 hash=0xDDE85926D38B29CA
[LOADER][TRACE] vk.swapchain_dump path=/tmp/ds-golden-exp139/present-0134-1280x720-B8G8R8A8Unorm.bgra
[LOADER][TRACE] vk.render_work_enter #0 sequence=3784 queue=dcb.graphics submission=135 queued_ms=45.075 VulkanOffscreenGuestDraw
[LOADER][TRACE] vk.render_work_enter #7 sequence=3789 queue=dcb.graphics submission=135 queued_ms=48.391 VulkanOffscreenGuestDraw
[LOADER][TRACE] vk.render_work_enter #8 sequence=3790 queue=dcb.graphics submission=135 queued_ms=48.467 VulkanOffscreenGuestDraw
[LOADER][TRACE] vk.render_work_enter #12 sequence=3793 queue=dcb.graphics submission=135 queued_ms=53.990 VulkanOffscreenGuestDraw
[LOADER][TRACE] vk.render_work_enter #2 sequence=3796 queue=dcb.graphics submission=135 queued_ms=76.017 VulkanOffscreenGuestDraw
[LOADER][TRACE] vk.render_work_enter #3 sequence=3797 queue=dcb.graphics submission=135 queued_ms=76.152 VulkanOffscreenGuestDraw
[LOADER][TRACE] vk.render_work_enter #7 sequence=3800 queue=dcb.graphics submission=135 queued_ms=81.064 VulkanOffscreenGuestDraw
[LOADER][TRACE] vk.render_work_enter #2 sequence=3803 queue=dcb.graphics submission=135 queued_ms=100.505 VulkanOffscreenGuestDraw
[LOADER][TRACE] vk.render_work_enter #3 sequence=3804 queue=dcb.graphics submission=135 queued_ms=100.624 VulkanOffscreenGuestDraw
[LOADER][TRACE] vk.render_work_enter #7 sequence=3807 queue=dcb.graphics submission=135 queued_ms=101.814 VulkanOffscreenGuestDraw
[LOADER][TRACE] vk.render_work_enter #11 sequence=3810 queue=dcb.graphics submission=135 queued_ms=104.765 VulkanOffscreenGuestDraw
[LOADER][TRACE] vk.render_work_enter #2 sequence=3813 queue=dcb.graphics submission=135 queued_ms=132.405 VulkanOffscreenGuestDraw
[LOADER][TRACE] vk.render_work_enter #2 sequence=3816 queue=dcb.graphics submission=135 queued_ms=150.495 VulkanOffscreenGuestDraw
[LOADER][TRACE] vk.render_work_enter #3 sequence=3817 queue=dcb.graphics submission=135 queued_ms=150.598 VulkanOffscreenGuestDraw
[LOADER][TRACE] vk.render_work_enter #7 sequence=3820 queue=dcb.graphics submission=135 queued_ms=151.800 VulkanOffscreenGuestDraw
[LOADER][TRACE] vk.render_work_enter #12 sequence=3823 queue=dcb.graphics submission=135 queued_ms=154.940 VulkanOffscreenGuestDraw
[LOADER][TRACE] vk.render_work_enter #16 sequence=3826 queue=dcb.graphics submission=135 queued_ms=158.333 VulkanOffscreenGuestDraw
[LOADER][TRACE] vk.present_taken addr=0x0000000001260000 version=135 drawKind=None hasPixels=False hasTranslatedDraw=False
[DIAG-VERIFY] Import #87000 OK: libSceAgc::libSceAgc:sceAgcSetCxRegIndirectPatchAddRegisters ret=0x0000000000000000
[LOADER][TRACE] vk.swapchain_image size=1280x720 format=B8G8R8A8Unorm nonzero_bytes=2213493/3686400 nonblack_pixels=430631/921600 hash=0x4F590604F8DE77CC
[LOADER][TRACE] vk.swapchain_dump path=/tmp/ds-golden-exp139/present-0135-1280x720-B8G8R8A8Unorm.bgra
[LOADER][TRACE] vk.render_work_enter #0 sequence=3843 queue=dcb.graphics submission=136 queued_ms=20.425 VulkanOffscreenGuestDraw
[LOADER][TRACE] vk.render_work_enter #7 sequence=3848 queue=dcb.graphics submission=136 queued_ms=23.330 VulkanOffscreenGuestDraw
[LOADER][TRACE] vk.render_work_enter #8 sequence=3849 queue=dcb.graphics submission=136 queued_ms=23.408 VulkanOffscreenGuestDraw
[LOADER][TRACE] vk.render_work_enter #12 sequence=3852 queue=dcb.graphics submission=136 queued_ms=29.036 VulkanOffscreenGuestDraw
[LOADER][TRACE] vk.render_work_enter #2 sequence=3855 queue=dcb.graphics submission=136 queued_ms=50.962 VulkanOffscreenGuestDraw
[LOADER][TRACE] vk.render_work_enter #3 sequence=3856 queue=dcb.graphics submission=136 queued_ms=51.068 VulkanOffscreenGuestDraw
[LOADER][TRACE] vk.render_work_enter #7 sequence=3859 queue=dcb.graphics submission=136 queued_ms=55.848 VulkanOffscreenGuestDraw
[LOADER][TRACE] vk.render_work_enter #2 sequence=3862 queue=dcb.graphics submission=136 queued_ms=100.654 VulkanOffscreenGuestDraw
[LOADER][TRACE] vk.render_work_enter #3 sequence=3863 queue=dcb.graphics submission=136 queued_ms=100.762 VulkanOffscreenGuestDraw
[LOADER][TRACE] vk.render_work_enter #7 sequence=3866 queue=dcb.graphics submission=136 queued_ms=101.949 VulkanOffscreenGuestDraw
[LOADER][TRACE] vk.render_work_enter #11 sequence=3869 queue=dcb.graphics submission=136 queued_ms=104.889 VulkanOffscreenGuestDraw
[LOADER][TRACE] vk.render_work_enter #15 sequence=3872 queue=dcb.graphics submission=136 queued_ms=106.916 VulkanOffscreenGuestDraw
[LOADER][TRACE] vk.render_work_enter #3 sequence=3875 queue=dcb.graphics submission=136 queued_ms=116.393 VulkanOffscreenGuestDraw
[LOADER][TRACE] vk.render_work_enter #4 sequence=3876 queue=dcb.graphics submission=136 queued_ms=116.485 VulkanOffscreenGuestDraw
[LOADER][TRACE] vk.render_work_enter #8 sequence=3879 queue=dcb.graphics submission=136 queued_ms=117.392 VulkanOffscreenGuestDraw
[LOADER][TRACE] vk.render_work_enter #12 sequence=3882 queue=dcb.graphics submission=136 queued_ms=119.135 VulkanOffscreenGuestDraw
[LOADER][TRACE] vk.render_work_enter #16 sequence=3885 queue=dcb.graphics submission=136 queued_ms=122.398 VulkanOffscreenGuestDraw
[DIAG-VERIFY] Import #19000 OK: libKernel::libKernel:scePthreadMutexLock ret=0x0000000000000000
[LOADER][TRACE] vk.present_taken addr=0x0000000003240000 version=136 drawKind=None hasPixels=False hasTranslatedDraw=False
[DIAG-VERIFY] Import #88000 OK: libc::libc:_Getptolower ret=0x00007F895C00B460
[DIAG-VERIFY] Import #89000 OK: libSceAgc::libSceAgc:sceAgcSetCxRegIndirectPatchAddRegisters ret=0x0000000000000000
[LOADER][TRACE] vk.swapchain_image size=1280x720 format=B8G8R8A8Unorm nonzero_bytes=2211594/3686400 nonblack_pixels=429998/921600 hash=0x3EC828D7C4918804
[LOADER][TRACE] vk.swapchain_dump path=/tmp/ds-golden-exp139/present-0136-1280x720-B8G8R8A8Unorm.bgra
[LOADER][TRACE] vk.render_work_enter #0 sequence=3902 queue=dcb.graphics submission=137 queued_ms=20.606 VulkanOffscreenGuestDraw
[LOADER][TRACE] vk.render_work_enter #7 sequence=3907 queue=dcb.graphics submission=137 queued_ms=22.363 VulkanOffscreenGuestDraw
[LOADER][TRACE] vk.render_work_enter #8 sequence=3908 queue=dcb.graphics submission=137 queued_ms=22.434 VulkanOffscreenGuestDraw
[LOADER][TRACE] vk.render_work_enter #12 sequence=3911 queue=dcb.graphics submission=137 queued_ms=27.910 VulkanOffscreenGuestDraw
[LOADER][TRACE] vk.render_work_enter #2 sequence=3914 queue=dcb.graphics submission=137 queued_ms=49.791 VulkanOffscreenGuestDraw
[LOADER][TRACE] vk.render_work_enter #3 sequence=3915 queue=dcb.graphics submission=137 queued_ms=49.860 VulkanOffscreenGuestDraw
[LOADER][TRACE] vk.render_work_enter #7 sequence=3918 queue=dcb.graphics submission=137 queued_ms=54.403 VulkanOffscreenGuestDraw
[LOADER][TRACE] vk.render_work_enter #2 sequence=3921 queue=dcb.graphics submission=137 queued_ms=73.524 VulkanOffscreenGuestDraw
[LOADER][TRACE] vk.render_work_enter #3 sequence=3922 queue=dcb.graphics submission=137 queued_ms=73.637 VulkanOffscreenGuestDraw
[LOADER][TRACE] vk.render_work_enter #2 sequence=3925 queue=dcb.graphics submission=137 queued_ms=97.253 VulkanOffscreenGuestDraw
[LOADER][TRACE] vk.render_work_enter #6 sequence=3928 queue=dcb.graphics submission=137 queued_ms=100.295 VulkanOffscreenGuestDraw
[LOADER][TRACE] vk.render_work_enter #10 sequence=3931 queue=dcb.graphics submission=137 queued_ms=102.351 VulkanOffscreenGuestDraw
[LOADER][TRACE] vk.render_work_enter #3 sequence=3934 queue=dcb.graphics submission=137 queued_ms=116.718 VulkanOffscreenGuestDraw
[LOADER][TRACE] vk.render_work_enter #4 sequence=3935 queue=dcb.graphics submission=137 queued_ms=116.786 VulkanOffscreenGuestDraw
[LOADER][TRACE] vk.render_work_enter #8 sequence=3938 queue=dcb.graphics submission=137 queued_ms=117.591 VulkanOffscreenGuestDraw
[LOADER][TRACE] vk.render_work_enter #12 sequence=3941 queue=dcb.graphics submission=137 queued_ms=119.259 VulkanOffscreenGuestDraw
[LOADER][TRACE] vk.render_work_enter #16 sequence=3944 queue=dcb.graphics submission=137 queued_ms=122.417 VulkanOffscreenGuestDraw
[LOADER][TRACE] vk.present_taken addr=0x0000000001260000 version=137 drawKind=None hasPixels=False hasTranslatedDraw=False
[DIAG-VERIFY] Import #90000 OK: libSceAgc::libSceAgc:sceAgcSetCxRegIndirectPatchAddRegisters ret=0x0000000000000000
[LOADER][TRACE] vk.swapchain_image size=1280x720 format=B8G8R8A8Unorm nonzero_bytes=2210340/3686400 nonblack_pixels=429580/921600 hash=0xAC22416326710BF0
[LOADER][TRACE] vk.swapchain_dump path=/tmp/ds-golden-exp139/present-0137-1280x720-B8G8R8A8Unorm.bgra
[LOADER][TRACE] vk.render_work_enter #0 sequence=3961 queue=dcb.graphics submission=138 queued_ms=20.372 VulkanOffscreenGuestDraw
[LOADER][TRACE] vk.render_work_enter #7 sequence=3966 queue=dcb.graphics submission=138 queued_ms=23.678 VulkanOffscreenGuestDraw
[LOADER][TRACE] vk.render_work_enter #8 sequence=3967 queue=dcb.graphics submission=138 queued_ms=23.765 VulkanOffscreenGuestDraw
[LOADER][TRACE] vk.render_work_enter #12 sequence=3970 queue=dcb.graphics submission=138 queued_ms=29.693 VulkanOffscreenGuestDraw
[LOADER][TRACE] vk.render_work_enter #2 sequence=3973 queue=dcb.graphics submission=138 queued_ms=51.990 VulkanOffscreenGuestDraw
[LOADER][TRACE] vk.render_work_enter #3 sequence=3974 queue=dcb.graphics submission=138 queued_ms=52.078 VulkanOffscreenGuestDraw
[LOADER][TRACE] vk.render_work_enter #7 sequence=3977 queue=dcb.graphics submission=138 queued_ms=56.687 VulkanOffscreenGuestDraw
[LOADER][TRACE] vk.render_work_enter #2 sequence=3980 queue=dcb.graphics submission=138 queued_ms=97.945 VulkanOffscreenGuestDraw
[LOADER][TRACE] vk.render_work_enter #3 sequence=3981 queue=dcb.graphics submission=138 queued_ms=98.046 VulkanOffscreenGuestDraw
[LOADER][TRACE] vk.render_work_enter #7 sequence=3984 queue=dcb.graphics submission=138 queued_ms=99.897 VulkanOffscreenGuestDraw
[LOADER][TRACE] vk.render_work_enter #11 sequence=3987 queue=dcb.graphics submission=138 queued_ms=102.094 VulkanOffscreenGuestDraw
[LOADER][TRACE] vk.render_work_enter #15 sequence=3990 queue=dcb.graphics submission=138 queued_ms=105.621 VulkanOffscreenGuestDraw
[LOADER][TRACE] vk.render_work_enter #3 sequence=3993 queue=dcb.graphics submission=138 queued_ms=117.599 VulkanOffscreenGuestDraw
[LOADER][TRACE] vk.render_work_enter #4 sequence=3994 queue=dcb.graphics submission=138 queued_ms=117.701 VulkanOffscreenGuestDraw
[LOADER][TRACE] vk.render_work_enter #8 sequence=3997 queue=dcb.graphics submission=138 queued_ms=118.572 VulkanOffscreenGuestDraw
[LOADER][TRACE] vk.render_work_enter #12 sequence=4000 queue=dcb.graphics submission=138 queued_ms=120.257 VulkanOffscreenGuestDraw
[LOADER][TRACE] vk.render_work_enter #16 sequence=4003 queue=dcb.graphics submission=138 queued_ms=123.582 VulkanOffscreenGuestDraw
[LOADER][TRACE] vk.present_taken addr=0x0000000003240000 version=138 drawKind=None hasPixels=False hasTranslatedDraw=False
[DIAG-VERIFY] Import #91000 OK: libc::libc:_Getptolower ret=0x00007F895C00B460
[LOADER][TRACE] vk.swapchain_image size=1280x720 format=B8G8R8A8Unorm nonzero_bytes=2207895/3686400 nonblack_pixels=428765/921600 hash=0xC75F325698365D65
[LOADER][TRACE] vk.swapchain_dump path=/tmp/ds-golden-exp139/present-0138-1280x720-B8G8R8A8Unorm.bgra
[LOADER][TRACE] vk.render_work_enter #0 sequence=4020 queue=dcb.graphics submission=139 queued_ms=19.063 VulkanOffscreenGuestDraw
[LOADER][TRACE] vk.render_work_enter #7 sequence=4025 queue=dcb.graphics submission=139 queued_ms=22.279 VulkanOffscreenGuestDraw
[LOADER][TRACE] vk.render_work_enter #8 sequence=4026 queue=dcb.graphics submission=139 queued_ms=22.373 VulkanOffscreenGuestDraw
[LOADER][TRACE] vk.render_work_enter #12 sequence=4029 queue=dcb.graphics submission=139 queued_ms=28.050 VulkanOffscreenGuestDraw
[LOADER][TRACE] vk.render_work_enter #2 sequence=4032 queue=dcb.graphics submission=139 queued_ms=50.127 VulkanOffscreenGuestDraw
[LOADER][TRACE] vk.render_work_enter #3 sequence=4033 queue=dcb.graphics submission=139 queued_ms=50.214 VulkanOffscreenGuestDraw
[LOADER][TRACE] vk.render_work_enter #7 sequence=4036 queue=dcb.graphics submission=139 queued_ms=54.633 VulkanOffscreenGuestDraw
[LOADER][TRACE] vk.render_work_enter #2 sequence=4039 queue=dcb.graphics submission=139 queued_ms=95.402 VulkanOffscreenGuestDraw
[LOADER][TRACE] vk.render_work_enter #3 sequence=4040 queue=dcb.graphics submission=139 queued_ms=95.502 VulkanOffscreenGuestDraw
[LOADER][TRACE] vk.render_work_enter #7 sequence=4043 queue=dcb.graphics submission=139 queued_ms=96.605 VulkanOffscreenGuestDraw
[LOADER][TRACE] vk.render_work_enter #11 sequence=4046 queue=dcb.graphics submission=139 queued_ms=99.557 VulkanOffscreenGuestDraw
[LOADER][TRACE] vk.render_work_enter #15 sequence=4049 queue=dcb.graphics submission=139 queued_ms=101.567 VulkanOffscreenGuestDraw
[LOADER][TRACE] vk.render_work_enter #3 sequence=4052 queue=dcb.graphics submission=139 queued_ms=114.968 VulkanOffscreenGuestDraw
[LOADER][TRACE] vk.render_work_enter #4 sequence=4053 queue=dcb.graphics submission=139 queued_ms=115.058 VulkanOffscreenGuestDraw
[LOADER][TRACE] vk.render_work_enter #8 sequence=4056 queue=dcb.graphics submission=139 queued_ms=115.829 VulkanOffscreenGuestDraw
[LOADER][TRACE] vk.render_work_enter #12 sequence=4059 queue=dcb.graphics submission=139 queued_ms=117.473 VulkanOffscreenGuestDraw
[LOADER][TRACE] vk.render_work_enter #16 sequence=4062 queue=dcb.graphics submission=139 queued_ms=120.643 VulkanOffscreenGuestDraw
[LOADER][TRACE] vk.present_taken addr=0x0000000001260000 version=139 drawKind=None hasPixels=False hasTranslatedDraw=False
[DIAG-VERIFY] Import #92000 OK: libKernel::libKernel:scePthreadMutexLock ret=0x0000000000000000
[LOADER][TRACE] Import#700000: libc:_Getptolower (1uJgoVq3bQU)
[DIAG-VERIFY] Import #93000 OK: libSceAgc::libSceAgc:sceAgcCreatePrimState ret=0x0000000000000000
[LOADER][TRACE] vk.swapchain_image size=1280x720 format=B8G8R8A8Unorm nonzero_bytes=2204478/3686400 nonblack_pixels=427626/921600 hash=0x6414400F92AA41E8
[LOADER][TRACE] vk.swapchain_dump path=/tmp/ds-golden-exp139/present-0139-1280x720-B8G8R8A8Unorm.bgra
[LOADER][TRACE] vk.render_work_enter #0 sequence=4079 queue=dcb.graphics submission=140 queued_ms=20.678 VulkanOffscreenGuestDraw
[LOADER][TRACE] vk.render_work_enter #7 sequence=4084 queue=dcb.graphics submission=140 queued_ms=23.823 VulkanOffscreenGuestDraw
[LOADER][TRACE] vk.render_work_enter #8 sequence=4085 queue=dcb.graphics submission=140 queued_ms=23.936 VulkanOffscreenGuestDraw
[LOADER][TRACE] vk.render_work_enter #12 sequence=4088 queue=dcb.graphics submission=140 queued_ms=29.501 VulkanOffscreenGuestDraw
[LOADER][TRACE] vk.render_work_enter #2 sequence=4091 queue=dcb.graphics submission=140 queued_ms=51.415 VulkanOffscreenGuestDraw
[LOADER][TRACE] vk.render_work_enter #3 sequence=4092 queue=dcb.graphics submission=140 queued_ms=51.524 VulkanOffscreenGuestDraw
[LOADER][TRACE] vk.render_work_enter #7 sequence=4095 queue=dcb.graphics submission=140 queued_ms=56.144 VulkanOffscreenGuestDraw
[LOADER][TRACE] vk.render_work_enter #2 sequence=4098 queue=dcb.graphics submission=140 queued_ms=97.329 VulkanOffscreenGuestDraw
[LOADER][TRACE] vk.render_work_enter #3 sequence=4099 queue=dcb.graphics submission=140 queued_ms=97.423 VulkanOffscreenGuestDraw
[LOADER][TRACE] vk.render_work_enter #7 sequence=4102 queue=dcb.graphics submission=140 queued_ms=98.223 VulkanOffscreenGuestDraw
[LOADER][TRACE] vk.render_work_enter #11 sequence=4105 queue=dcb.graphics submission=140 queued_ms=99.865 VulkanOffscreenGuestDraw
[LOADER][TRACE] vk.render_work_enter #15 sequence=4108 queue=dcb.graphics submission=140 queued_ms=102.638 VulkanOffscreenGuestDraw
[LOADER][TRACE] vk.render_work_enter #3 sequence=4111 queue=dcb.graphics submission=140 queued_ms=116.425 VulkanOffscreenGuestDraw
[LOADER][TRACE] vk.render_work_enter #7 sequence=4114 queue=dcb.graphics submission=140 queued_ms=119.663 VulkanOffscreenGuestDraw
[LOADER][TRACE] vk.present_taken addr=0x0000000003240000 version=140 drawKind=None hasPixels=False hasTranslatedDraw=False
[DIAG-VERIFY] Import #94000 OK: libc::libc:_Getptolower ret=0x00007F895C00B460
