[DEBUG] SharpEmu starting with 1 args
[INFO][SharpEmu.Diagnostics] DiagnosticEngine.cs:83 DiagnosticEngine initialized: /home/z/my-project/SharpEmu/diagnostics/sessions/eboot-20260804_173956
[DIAG-HOOKS] Diagnostics activated in DirectExecutionBackend
[DIAG] Intelligence Engine activated: profile=Compatibility
[DIAG] Subsystems: CPU Trace, Crash Writer, Memory Map, GPU State, Thread Debug, Syscall, File IO, HLE Quality
[DIAGNOSTICS] Engine initialized: /home/z/my-project/SharpEmu/diagnostics/sessions/eboot-20260804_173956
[DIAGNOSTICS] Live session: /home/z/my-project/SharpEmu/diagnostics/live/session.json
[INFO][SharpEmu.CLI] Program.cs:281 SharpEmu UNOFFICIAL — https://github.com/sharpemu/sharpemu

Local build (not produced by CI).
[INFO][SharpEmu.CLI] Program.cs:282 Host hardware: CPU: 2 logical processors; GPU: unknown; RAM: unknown.
[DEBUG] Full path: /tmp/my-project/upload/PPSA02929/PPSA02929-app0/eboot.bin
[DEBUG] Creating runtime...
[LOADER][INFO] Kernel TSC frequency: 3200002679 Hz (calibrated-rdtsc)
[HLE] Warmed 3632 type initializers (1 threw) + JIT-compiled 21602 methods (113 skipped) across 13 HLE assemblies, plus 3165 framework type initializers.
[INFO][Aerolib] Aerolib.cs:150 Loaded 154457 NID entries from binary resource
[DEBUG] Running: /tmp/my-project/upload/PPSA02929/PPSA02929-app0/eboot.bin
[RUNTIME] Loading: /tmp/my-project/upload/PPSA02929/PPSA02929-app0/eboot.bin

========== Boot Dependency Report ==========
App0 root       : /tmp/my-project/upload/PPSA02929/PPSA02929-app0
Engine          : Native C/C++
Engine detail   : Native C/C++
Coverage        : 75.0% (3/4 required files present)
Critical miss   : 0
Critical encrypt: 0
Can boot        : YES

Required files:

  [★★★★★] eboot.bin
      Path       : eboot.bin
      Description: Main executable
      Exists     : YES
      Size       : 7.4 MB
      Magic      : 0x4F153D1D
      Format     : SELF(fSELF)
      Encrypted  : NO
      Loadable   : YES
      Priority   : Critical
      Status     : OK (7.4 MB)

  [★★☆☆☆] sce_sys/about/right.sprx
      Path       : sce_sys/about/right.sprx
      Description: About page module
      Exists     : YES
      Size       : 12.2 KB
      Magic      : 0x4F153D1D
      Format     : SELF(fSELF)
      Encrypted  : NO
      Loadable   : YES
      Priority   : Low
      Status     : OK (0.0 MB)

  [★★☆☆☆] sce_module/libc.prx
      Path       : sce_module/libc.prx
      Description: C runtime (OPTIONAL — SharpEmu has built-in HLE for libc)
      Exists     : YES
      Size       : 1.2 MB
      Magic      : 0x4F153D1D
      Format     : SELF(fSELF)
      Encrypted  : NO
      Loadable   : YES
      Priority   : Low
      Status     : OK (1.2 MB)

  [★★☆☆☆] sce_module/libSceNpCppWebApi.prx
      Path       : sce_module/libSceNpCppWebApi.prx
      Description: PlayStation Network WebApi (if game uses PSN)
      Exists     : NO
      Priority   : Low
      Status     : MISSING


Recommendations:
  • 1 non-critical file(s) missing — game may boot but be incomplete. Upload 'sce_module/libSceNpCppWebApi.prx' to improve coverage.

Next required file to upload: sce_module/libSceNpCppWebApi.prx
============================================

[FORMAT] eboot.bin magic=0x4F153D1D SELF(fSELF) Decrypted Ready (fSELF)
[LOADER] Loading param.json at /tmp/my-project/upload/PPSA02929/PPSA02929-app0/sce_sys/param.json
[LOADER] Title: Dreaming Sarah, TitleId: PPSA02929, Version: 01.000.000
[LOADER][TLS] load_start clear=True next=1 assigned=1 has_pt_tls=True
Total image size needed: 0x790E70 (7933552 bytes)
[LOADER] Segment 0: VAddr=0x0000000800000000, FileSize=0x2E70BC, MemSize=0x2E70BC, Align=0x4000
[LOADER] Segment 1: VAddr=0x00000008002E8000, FileSize=0x8B1C1, MemSize=0x8B1C1, Align=0x4000
[LOADER] Segment 2: VAddr=0x0000000800374000, FileSize=0x121380, MemSize=0x121380, Align=0x4000
[LOADER] Segment 4: VAddr=0x0000000800498000, FileSize=0x8200, MemSize=0x2EE48, Align=0x4000
[LOADER] Segment 9: VAddr=0x00000008004C6E50, FileSize=0x2CA020, MemSize=0x2CA020, Align=0x4000
[LOADER][TLS] Module 1 TLS template: memsz=0x1868 filesz=0x0 align=0x10 static_offset=0x1870 total_static=0x1870
[LOADER] TryLoadTableBytes: trying location=0x790790, size=0x6E0, imageBase=0x800000000
[LOADER] TryLoadTableBytes: trying guest address 0x800790790
[LOADER] TryLoadTableBytes: loaded from guest memory at 0x800790790
[LOADER] Dynamic Info: StrTab=0x4C6E50, StrTabSize=0x2189
[LOADER] Dynamic Info: SymTab=0x4C8FE0, SymTabSize=0x2D90
[LOADER] Dynamic Info: Rela=0x4CE6F8, RelaSize=0x2C1138
[LOADER] Dynamic Info: JmpRel=0x4CBD70, JmpRelSize=0x2988
[LOADER] Dynamic Info: PltGot=0x4943C8
[LOADER] TLS module id: 1
[LOADER] HasImportMetadata: True
[LOADER] TryLoadTableBytes: trying location=0x4CE6F8, size=0x2C1138, imageBase=0x800000000
[LOADER] TryLoadTableBytes: trying guest address 0x8004CE6F8
[LOADER] TryLoadTableBytes: loaded from guest memory at 0x8004CE6F8
[LOADER] TryLoadTableBytes: trying location=0x4CBD70, size=0x2988, imageBase=0x800000000
[LOADER] TryLoadTableBytes: trying guest address 0x8004CBD70
[LOADER] TryLoadTableBytes: loaded from guest memory at 0x8004CBD70
[LOADER] ImageBase runtime: 0x0000000800000000
[LOADER] Processing 120776 relocations...
[LOADER] TryLoadTableBytes: trying location=0x4C6E50, size=0x2189, imageBase=0x800000000
[LOADER] TryLoadTableBytes: trying guest address 0x8004C6E50
[LOADER] TryLoadTableBytes: loaded from guest memory at 0x8004C6E50
[LOADER] TryLoadTableBytes: trying location=0x4C8FE0, size=0x2D90, imageBase=0x800000000
[LOADER] TryLoadTableBytes: trying guest address 0x8004C8FE0
[LOADER] TryLoadTableBytes: loaded from guest memory at 0x8004C8FE0
[LOADER] Found 484 unique NIDs, 120776 descriptors
[NID-COUNTS] 1D0H2KNjshE=0 hsi9drzHR2k=0
[LOADER] CreateImportStubMapping: nids=484, required=0x1E40, map_size=0x2000
[LOADER] Created 484 import stubs
[LOADER] TryLoadTableBytes: trying location=0x790790, size=0x6E0, imageBase=0x800000000
[LOADER] TryLoadTableBytes: trying guest address 0x800790790
[LOADER] TryLoadTableBytes: loaded from guest memory at 0x800790790
[LOADER] TryLoadTableBytes: trying location=0x4C6E50, size=0x2189, imageBase=0x800000000
[LOADER] TryLoadTableBytes: trying guest address 0x8004C6E50
[LOADER] TryLoadTableBytes: loaded from guest memory at 0x8004C6E50
[LOADER] TryLoadTableBytes: trying location=0x4C8FE0, size=0x2D90, imageBase=0x800000000
[LOADER] TryLoadTableBytes: trying guest address 0x8004C8FE0
[LOADER] TryLoadTableBytes: loaded from guest memory at 0x8004C8FE0
[LOADER] TryLoadTableBytes: trying location=0x790790, size=0x6E0, imageBase=0x800000000
[LOADER] TryLoadTableBytes: trying guest address 0x800790790
[LOADER] TryLoadTableBytes: loaded from guest memory at 0x800790790
[LOADER][TEST] ResolveMappedAddressOrFallback addr=0x10 imageBase=0x0000000800000000
[LOADER][TEST] -> resolved raw 0x0000000800000010
[LOADER][TEST] ResolveMappedAddressOrFallback addr=0x10 imageBase=0x0000000800000000
[LOADER][TEST] -> resolved raw 0x0000000800000010
[LOADER] Initializers discovered: preinit=0, init=1
[LOADER] ELF e_entry: 0x0000000000000070
[LOADER] Generation: Gen5 (PS5)
[LOADER] Using image base: 0x0000000800000000
[LOADER] Final entry point: 0x0000000800000070
[LOADER] ProcParam: 0x0000000800495318
[LOADER] PH[0]: type=Load, vaddr=0x0000000000000000 -> 0x0000000800000000, memsz=0x2E70BC
[LOADER] PH[1]: type=Load, vaddr=0x00000000002E8000 -> 0x00000008002E8000, memsz=0x8B1C1
[LOADER] PH[2]: type=Load, vaddr=0x0000000000374000 -> 0x0000000800374000, memsz=0x121380
[LOADER][TLS] load_done assigned=1 next=2
[RUNTIME] Registered module handle=1 name=eboot.bin base=0x0000000800000000 size=0x0000000000790E70
[RUNTIME] Entry: 0x0000000800000070
[RUNTIME] Module search directories: /tmp/my-project/upload/PPSA02929/PPSA02929-app0/sce_module
[RUNTIME] Loading 1 module(s)...
[FORMAT] libc.prx magic=0x4F153D1D SELF(fSELF) Decrypted Ready (fSELF)
[LOADER][TLS] load_start clear=False next=2 assigned=2 has_pt_tls=True
Total image size needed: 0x142208 (1319432 bytes)
[LOADER] Segment 0: VAddr=0x0000000804000000, FileSize=0xC8092, MemSize=0xC8092, Align=0x4000
[LOADER] Segment 1: VAddr=0x00000008040CC000, FileSize=0x3DF80, MemSize=0x3DF80, Align=0x4000
[LOADER] Segment 2: VAddr=0x000000080410C000, FileSize=0x3EA0, MemSize=0x3EA0, Align=0x4000
[LOADER] Segment 4: VAddr=0x0000000804110000, FileSize=0x3B78, MemSize=0x7808, Align=0x4000
[LOADER] Segment 9: VAddr=0x0000000804117810, FileSize=0x2A9F8, MemSize=0x2A9F8, Align=0x4000
[LOADER][TLS] Module 2 TLS template: memsz=0x468 filesz=0x180 align=0x10 static_offset=0x1CE0 total_static=0x1CE0
[LOADER] TryLoadTableBytes: trying location=0x141F48, size=0x2C0, imageBase=0x804000000
[LOADER] TryLoadTableBytes: trying guest address 0x804141F48
[LOADER] TryLoadTableBytes: loaded from guest memory at 0x804141F48
[LOADER] Dynamic Info: StrTab=0x117810, StrTabSize=0xA7A3
[LOADER] Dynamic Info: SymTab=0x121FB8, SymTabSize=0xFA38
[LOADER] Dynamic Info: Rela=0x132350, RelaSize=0xA860
[LOADER] Dynamic Info: JmpRel=0x1319F0, JmpRelSize=0x960
[LOADER] Dynamic Info: PltGot=0x10F870
[LOADER] TLS module id: 2
[LOADER] HasImportMetadata: True
[LOADER] TryLoadTableBytes: trying location=0x132350, size=0xA860, imageBase=0x804000000
[LOADER] TryLoadTableBytes: trying guest address 0x804132350
[LOADER] TryLoadTableBytes: loaded from guest memory at 0x804132350
[LOADER] TryLoadTableBytes: trying location=0x1319F0, size=0x960, imageBase=0x804000000
[LOADER] TryLoadTableBytes: trying guest address 0x8041319F0
[LOADER] TryLoadTableBytes: loaded from guest memory at 0x8041319F0
[LOADER] ImageBase runtime: 0x0000000804000000
[LOADER] Processing 1896 relocations...
[LOADER] TryLoadTableBytes: trying location=0x117810, size=0xA7A3, imageBase=0x804000000
[LOADER] TryLoadTableBytes: trying guest address 0x804117810
[LOADER] TryLoadTableBytes: loaded from guest memory at 0x804117810
[LOADER] TryLoadTableBytes: trying location=0x121FB8, size=0xFA38, imageBase=0x804000000
[LOADER] TryLoadTableBytes: trying guest address 0x804121FB8
[LOADER] TryLoadTableBytes: loaded from guest memory at 0x804121FB8
[LOADER] Found 102 unique NIDs, 1896 descriptors
[LOADER] CreateImportStubMapping: nids=102, required=0x660, map_size=0x1000
[LOADER] Created 102 import stubs
[LOADER][TLS] Patching DTPMOD64 at 0x80410F818 with module id 0x2
[LOADER][TLS] Patching DTPMOD64 at 0x80410F828 with module id 0x2
[LOADER][TLS] Patching DTPMOD64 at 0x80410F838 with module id 0x2
[LOADER] TryLoadTableBytes: trying location=0x141F48, size=0x2C0, imageBase=0x804000000
[LOADER] TryLoadTableBytes: trying guest address 0x804141F48
[LOADER] TryLoadTableBytes: loaded from guest memory at 0x804141F48
[LOADER] TryLoadTableBytes: trying location=0x117810, size=0xA7A3, imageBase=0x804000000
[LOADER] TryLoadTableBytes: trying guest address 0x804117810
[LOADER] TryLoadTableBytes: loaded from guest memory at 0x804117810
[LOADER] TryLoadTableBytes: trying location=0x121FB8, size=0xFA38, imageBase=0x804000000
[LOADER] TryLoadTableBytes: trying guest address 0x804121FB8
[LOADER] TryLoadTableBytes: loaded from guest memory at 0x804121FB8
[LOADER] Runtime symbol index populated: section=0, dynamic=2565, total=5130
[LOADER] TryLoadTableBytes: trying location=0x141F48, size=0x2C0, imageBase=0x804000000
[LOADER] TryLoadTableBytes: trying guest address 0x804141F48
[LOADER] TryLoadTableBytes: loaded from guest memory at 0x804141F48
[LOADER][TEST] ResolveMappedAddressOrFallback addr=0x10 imageBase=0x0000000804000000
[LOADER][TEST] -> resolved raw 0x0000000804000010
[LOADER] TryLoadTableBytes: trying location=0x10FCE0, size=0x8, imageBase=0x804000000
[LOADER] TryLoadTableBytes: trying guest address 0x80410FCE0
[LOADER] TryLoadTableBytes: loaded from guest memory at 0x80410FCE0
[LOADER][TEST] ResolveMappedAddressOrFallback addr=0x804000100 imageBase=0x0000000804000000
[LOADER][TEST] -> resolved raw 0x0000000804000100
[LOADER][TEST] ResolveMappedAddressOrFallback addr=0x10 imageBase=0x0000000804000000
[LOADER][TEST] -> resolved raw 0x0000000804000010
[LOADER] Initializers discovered: preinit=1, init=1
[LOADER] ELF e_entry: 0x0000000000000000
[LOADER] Generation: Gen5 (PS5)
[LOADER] Using image base: 0x0000000804000000
[LOADER] Final entry point: 0x0000000804000000
[LOADER] PH[0]: type=Load, vaddr=0x0000000000000000 -> 0x0000000804000000, memsz=0xC8092
[LOADER] PH[1]: type=Load, vaddr=0x00000000000CC000 -> 0x00000008040CC000, memsz=0x3DF80
[LOADER] PH[2]: type=Load, vaddr=0x000000000010C000 -> 0x000000080410C000, memsz=0x3EA0
[LOADER][TLS] load_done assigned=2 next=3
[RUNTIME] Registered module handle=2 name=libc.prx base=0x0000000804000000 size=0x0000000000142208
[RUNTIME] Loaded module libc.prx: entry=0x0000000804000000, imports=102, symbols=5130
[RUNTIME] Module preload summary: loaded=1, failed=0, merged_imports=102, merged_symbols=5129
[RUNTIME] Imported data rebind: rebound=357, unresolved=0
[RUNTIME] Starting module libc.prx: dt_init=0x0000000804000010
[DISPATCHER] === DispatchModuleInitializer START ===
[DISPATCHER] moduleInit=0x0000000804000010, generation=Gen5, module=libc.prx
[DISPATCHER] DispatchEntryCore STARTING...
[LOADER][INFO] POSIX signal exception bridge installed (SIGSEGV/SIGBUS/SIGILL)
[LOADER][INFO] === Execute START ===
[LOADER][INFO] EntryPoint: 0x0000000804000010, ImportStubs: 586
[LOADER][INFO] RuntimeSymbols: 5133
[LOADER][INFO] ExportCheck fputs: libc:fputs
[LOADER][INFO] ExportCheck map_direct: libKernel:sceKernelMapDirectMemory
[LOADER][INFO] Setting up 586 import stubs...
[LOADER][INFO] LLE redirect: 0x0000700000000010 XwLA5cTHjt4 -> XwLA5cTHjt4@0x0000000804035170
[LOADER][INFO] LLE redirect: 0x0000700000000020 pZ9WXcClPO8 -> pZ9WXcClPO8@0x000000080410D718
[LOADER][INFO] LLE redirect: 0x0000700000000030 byV+FWlAnB4 -> byV+FWlAnB4@0x000000080410D6C8
[LOADER][INFO] LLE redirect: 0x0000700000000040 zr094EQ39Ww -> zr094EQ39Ww@0x0000000804037C80
[LOADER][INFO] LLE redirect: 0x0000700000000050 7P1Wm-5KgAY -> 7P1Wm-5KgAY@0x0000000804014850
[LOADER][INFO] LLE redirect: 0x0000700000000060 5BIbzIuDxTQ -> 5BIbzIuDxTQ@0x000000080410C2D8
[LOADER][INFO] LLE redirect: 0x0000700000000070 oAidKrxuUv0 -> oAidKrxuUv0@0x000000080410C2A8
[LOADER][INFO] LLE redirect: 0x0000700000000080 udTM6Nxx-Ng -> udTM6Nxx-Ng@0x000000080410C230
[LOADER][INFO] LLE redirect: 0x0000700000000090 9ByRMdo7ywg -> 9ByRMdo7ywg@0x000000080410D780
[LOADER][INFO] LLE redirect: 0x00007000000000A0 N2f485TmJms -> N2f485TmJms@0x00000008040B3C60
[LOADER][INFO] LLE redirect: 0x00007000000000B0 tyHd3P7oDrU -> tyHd3P7oDrU@0x00000008040146B0
[LOADER][INFO] LLE redirect: 0x00007000000000C0 47RvLSo2HN8 -> 47RvLSo2HN8@0x0000000804082B60
[LOADER][INFO] LLE redirect: 0x00007000000000D0 oQDS9nX05Qg -> oQDS9nX05Qg@0x0000000804014850
[LOADER][INFO] LLE redirect: 0x00007000000000E0 Kcb+MNSzZcc -> Kcb+MNSzZcc@0x0000000804014850
[LOADER][INFO] LLE redirect: 0x00007000000000F0 H8AprKeZtNg -> H8AprKeZtNg@0x0000000804110480
[LOADER][INFO] LLE redirect: 0x0000700000000100 BJCgW9-OxLA -> BJCgW9-OxLA@0x000000080410F190
[LOADER][INFO] LLE redirect: 0x0000700000000110 Qoo175Ig+-k -> Qoo175Ig+-k@0x0000000804116C10
[LOADER][INFO] LLE redirect: 0x0000700000000120 sBCTjFk7Gi4 -> sBCTjFk7Gi4@0x000000080410F118
[LOADER][INFO] LLE redirect: 0x0000700000000130 yLE5H3058Ao -> yLE5H3058Ao@0x000000080410F130
[LOADER][INFO] LLE redirect: 0x0000700000000140 Bq8m04PN1zw -> Bq8m04PN1zw@0x000000080410C200
[LOADER][INFO] LLE redirect: 0x0000700000000150 bLPn1gfqSW8 -> bLPn1gfqSW8@0x000000080410C3C8
[LOADER][INFO] LLE redirect: 0x0000700000000160 -L+-8F0+gBc -> -L+-8F0+gBc@0x000000080410C278
[LOADER][INFO] LLE redirect: 0x0000700000000170 Cv+zC4EjGMA -> Cv+zC4EjGMA@0x00000008041163D0
[LOADER][INFO] LLE redirect: 0x0000700000000180 qOD-ksTkE08 -> qOD-ksTkE08@0x000000080410DE10
[LOADER][INFO] LLE redirect: 0x0000700000000190 H4fcpQOpc08 -> H4fcpQOpc08@0x00000008041163C8
[LOADER][INFO] LLE redirect: 0x00007000000001A0 tVHE+C8vGXk -> tVHE+C8vGXk@0x000000080410DE28
[LOADER][INFO] LLE redirect: 0x00007000000001B0 FQ9NFbBHb5Y -> FQ9NFbBHb5Y@0x00000008040E2618
[LOADER][INFO] LLE redirect: 0x00007000000001C0 wiR+rIcbnlc -> wiR+rIcbnlc@0x0000000804116CB8
[LOADER][INFO] LLE redirect: 0x00007000000001D0 XZzWt0ygWdw -> XZzWt0ygWdw@0x000000080410C320
[LOADER][INFO] LLE redirect: 0x00007000000001E0 keXoyW-rV-0 -> keXoyW-rV-0@0x000000080410C2F0
[LOADER][INFO] LLE redirect: 0x00007000000001F0 dKjhNUf9FBc -> dKjhNUf9FBc@0x000000080410C3B0
[LOADER][INFO] LLE redirect: 0x0000700000000200 n+aUKkC-3sI -> n+aUKkC-3sI@0x000000080410C380
[LOADER][INFO] LLE redirect: 0x0000700000000210 E14mW8pVpoE -> E14mW8pVpoE@0x0000000804116B68
[LOADER][INFO] LLE redirect: 0x0000700000000220 1kZFcktOm+s -> 1kZFcktOm+s@0x000000080410E828
[LOADER][INFO] LLE redirect: 0x0000700000000230 VmqsS6auJzo -> VmqsS6auJzo@0x00000008041163D8
[LOADER][INFO] LLE redirect: 0x0000700000000240 irGo1yaJ-vM -> irGo1yaJ-vM@0x0000000804116B80
[LOADER][INFO] LLE redirect: 0x0000700000000250 n2kx+OmFUis -> n2kx+OmFUis@0x000000080410C130
[LOADER][INFO] LLE redirect: 0x0000700000000260 dCzeFfg9WWI -> dCzeFfg9WWI@0x000000080410C178
[LOADER][INFO] LLE redirect: 0x0000700000000270 2sWzhYqFH4E -> 2sWzhYqFH4E@0x00000008041102B8
[LOADER][INFO] LLE redirect: 0x0000700000000540 Q3VBxCXhUHs -> Q3VBxCXhUHs@0x0000000804003890
[LOADER][INFO] LLE redirect: 0x0000700000000D60 8zTFvBIAIN8 -> 8zTFvBIAIN8@0x000000080400FDD0
[LOADER][INFO] LLE redirect: 0x0000700000000F90 DfivPArhucg -> DfivPArhucg@0x0000000804034FC0
[LOADER][INFO] LLE redirect: 0x0000700000000FC0 wuAQt-j+p4o -> wuAQt-j+p4o@0x0000000804049000
[LOADER][INFO] LLE redirect: 0x0000700000000FD0 DDHG1a6+3q0 -> DDHG1a6+3q0@0x000000080404E6E0
[LOADER][INFO] LLE redirect: 0x0000700000000FE0 nlaojL9hDtA -> nlaojL9hDtA@0x000000080404E640
[LOADER][INFO] LLE redirect: 0x0000700000000FF0 kn0yiYeExgA -> kn0yiYeExgA@0x000000080404C240
[LOADER][INFO] LLE redirect: 0x0000700000001000 +P6FRGH4LfA -> +P6FRGH4LfA@0x0000000804003850
[LOADER][INFO] LLE redirect: 0x0000700000001140 Ujf3KzMvRmI -> Ujf3KzMvRmI@0x0000000804005C20
[INTRINSIC-CHECK] strcmp stub at 0x0000700000001300 -> intrinsic 0x00007EF890145000
[LOADER][INFO] Setup 586/586 import stubs (direct bridge, lle_redirects=133)
[LOADER][INFO] TLS handler at 0x0000000805000000
[LOADER][INFO] Patched 0 TLS loads, 161 TLS stores, 0 stack-canary accesses, 0 SSE4a EXTRQ blends
[LOADER][INFO] ExecuteEntry starting at 0x0000000804000010
[LOADER][INFO] RSP=0x00006FFFF01FFFD8, RDI=0x0000000000000000
[LOADER][INFO] StackTop: 0x00006FFFF01FFFD8
[LOADER][INFO] Calling guest entry...
[LOADER][TRACE] Import#1: libKernel:_sceKernelSetThreadDtors (rNhWz+lvOMU)
[LOADER][TRACE] Import#2: libKernel:_sceKernelSetThreadAtexitCount (pB-yGZ2nQ9o)
[LOADER][TRACE] Import#3: libKernel:_sceKernelSetThreadAtexitReport (WhCc1w3EhSI)
[LOADER][TRACE] Import#4: libKernel:sceKernelGetProcParam (959qrazPIrg)
[LOADER][TRACE] Import#5: libKernel:_sceKernelRtldSetApplicationHeapAPI (p5EcQeEeJAE)
[LOADER][TRACE] Import#6: libKernel:sceKernelGetSanitizerNewReplaceExternal (bnZxYgAFeA0)
[LOADER][TRACE] Import#7: libKernel:sceKernelGetSanitizerNewReplaceExternal (bnZxYgAFeA0)
[LOADER][TRACE] Import#8: libKernel:sceKernelGetProcParam (959qrazPIrg)
[LOADER][TRACE] Import#9: LibcInternalExt:sceLibcHeapGetTraceInfo (NWtTN10cJzE)
[LOADER][TRACE] Import#10: libKernel:sceKernelGetDirectMemorySize (pO96TwzOm5E)
[LOADER][TRACE] Import#11: libKernel:sceKernelAllocateDirectMemory (rTXw65xmLIA)
[LOADER][TRACE] Import#12: libKernel:sceKernelMapDirectMemory (L-Q3LEjIbgA)
[LOADER][TRACE] Import#13: libKernel:scePthreadMutexInit (cmo1RIYva9o)
[LOADER][TRACE] Import#14: libKernel:sceKernelGetProcParam (959qrazPIrg)
[LOADER][TRACE] Import#15: libKernel:sceKernelGetProcParam (959qrazPIrg)
[LOADER][TRACE] Import#16: libKernel:sceKernelGetProcParam (959qrazPIrg)
[LOADER][TRACE] Import#17: libKernel:scePthreadMutexattrInit (F8bUHwAG284)
[LOADER][TRACE] Import#18: libKernel:scePthreadMutexattrSettype (iMp8QpE+XO4)
[LOADER][TRACE] Import#19: libKernel:scePthreadMutexInit (cmo1RIYva9o)
[LOADER][TRACE] Import#20: libKernel:scePthreadMutexattrDestroy (smWEktiyyG0)
[LOADER][TRACE] Import#21: libKernel:scePthreadMutexattrInit (F8bUHwAG284)
[LOADER][TRACE] Import#22: libKernel:scePthreadMutexattrSettype (iMp8QpE+XO4)
[LOADER][TRACE] Import#23: libKernel:scePthreadMutexInit (cmo1RIYva9o)
[LOADER][TRACE] Import#24: libKernel:scePthreadMutexattrDestroy (smWEktiyyG0)
[LOADER][TRACE] Import#25: libKernel:scePthreadMutexattrInit (F8bUHwAG284)
[LOADER][TRACE] Import#26: libKernel:scePthreadMutexattrSettype (iMp8QpE+XO4)
[LOADER][TRACE] Import#27: libKernel:scePthreadMutexInit (cmo1RIYva9o)
[LOADER][TRACE] Import#28: libKernel:scePthreadMutexattrDestroy (smWEktiyyG0)
[LOADER][TRACE] Import#29: libKernel:scePthreadMutexattrInit (F8bUHwAG284)
[LOADER][TRACE] Import#30: libKernel:scePthreadMutexattrSettype (iMp8QpE+XO4)
[LOADER][TRACE] Import#31: libKernel:scePthreadMutexInit (cmo1RIYva9o)
[LOADER][TRACE] Import#32: libKernel:scePthreadMutexattrDestroy (smWEktiyyG0)
[LOADER][TRACE] Import#33: libKernel:scePthreadMutexattrInit (F8bUHwAG284)
[LOADER][TRACE] Import#34: libKernel:scePthreadMutexattrSettype (iMp8QpE+XO4)
[LOADER][TRACE] Import#35: libKernel:scePthreadMutexInit (cmo1RIYva9o)
[LOADER][TRACE] Import#36: libKernel:scePthreadMutexattrDestroy (smWEktiyyG0)
[LOADER][TRACE] Import#37: libKernel:scePthreadMutexattrInit (F8bUHwAG284)
[LOADER][TRACE] Import#38: libKernel:scePthreadMutexattrSettype (iMp8QpE+XO4)
[LOADER][TRACE] Import#39: libKernel:scePthreadMutexInit (cmo1RIYva9o)
[LOADER][TRACE] Import#40: libKernel:scePthreadMutexattrDestroy (smWEktiyyG0)
[LOADER][TRACE] Import#41: libKernel:scePthreadMutexattrInit (F8bUHwAG284)
[LOADER][TRACE] Import#42: libKernel:scePthreadMutexattrSettype (iMp8QpE+XO4)
[LOADER][TRACE] Import#43: libKernel:scePthreadMutexInit (cmo1RIYva9o)
[LOADER][TRACE] Import#44: libKernel:scePthreadMutexattrDestroy (smWEktiyyG0)
[LOADER][TRACE] Import#45: libKernel:scePthreadMutexattrInit (F8bUHwAG284)
[LOADER][TRACE] Import#46: libKernel:scePthreadMutexattrSettype (iMp8QpE+XO4)
[LOADER][TRACE] Import#47: libKernel:scePthreadMutexInit (cmo1RIYva9o)
[LOADER][TRACE] Import#48: libKernel:scePthreadMutexattrDestroy (smWEktiyyG0)
[LOADER][TRACE] Import#49: libKernel:scePthreadMutexattrInit (F8bUHwAG284)
[LOADER][TRACE] Import#50: libKernel:scePthreadMutexattrSettype (iMp8QpE+XO4)
[LOADER][TRACE] Import#51: libKernel:scePthreadMutexInit (cmo1RIYva9o)
[LOADER][TRACE] Import#52: libKernel:scePthreadMutexattrDestroy (smWEktiyyG0)
[LOADER][TRACE] Import#53: libKernel:scePthreadMutexattrInit (F8bUHwAG284)
[LOADER][TRACE] Import#54: libKernel:scePthreadMutexattrSettype (iMp8QpE+XO4)
[LOADER][TRACE] Import#55: libKernel:scePthreadMutexInit (cmo1RIYva9o)
[LOADER][TRACE] Import#56: libKernel:scePthreadMutexattrDestroy (smWEktiyyG0)
[LOADER][TRACE] Import#57: libKernel:scePthreadMutexattrInit (F8bUHwAG284)
[LOADER][TRACE] Import#58: libKernel:scePthreadMutexattrSettype (iMp8QpE+XO4)
[LOADER][TRACE] Import#59: libKernel:scePthreadMutexInit (cmo1RIYva9o)
[LOADER][TRACE] Import#60: libKernel:scePthreadMutexattrDestroy (smWEktiyyG0)
[LOADER][TRACE] Import#61: libKernel:scePthreadMutexLock (9UK1vLZQft4)
[LOADER][TRACE] Import#62: libKernel:pthread_mutex_lock (7H0iTOciTLo)
[LOADER][TRACE] Import#64: libKernel:pthread_mutex_lock (7H0iTOciTLo)
[LOADER][TRACE] Import#66: libKernel:pthread_cond_broadcast (mkx2fVhNMsg)
[LOADER][TRACE] Import#67: libKernel:scePthreadMutexLock (9UK1vLZQft4)
[LOADER][TRACE] Import#69: libKernel:scePthreadMutexLock (9UK1vLZQft4)
[LOADER][TRACE] Import#71: libKernel:scePthreadMutexLock (9UK1vLZQft4)
[LOADER][TRACE] Import#73: libKernel:scePthreadMutexLock (9UK1vLZQft4)
[LOADER][TRACE] Import#75: libKernel:scePthreadMutexLock (9UK1vLZQft4)
[LOADER][TRACE] Import#77: libKernel:scePthreadMutexLock (9UK1vLZQft4)
[LOADER][TRACE] Import#79: libKernel:scePthreadMutexLock (9UK1vLZQft4)
[LOADER][TRACE] Import#81: libKernel:scePthreadMutexLock (9UK1vLZQft4)
[LOADER][TRACE] Import#83: libKernel:scePthreadMutexLock (9UK1vLZQft4)
[LOADER][TRACE] Import#85: libKernel:scePthreadMutexLock (9UK1vLZQft4)
[LOADER][TRACE] Import#87: libKernel:scePthreadMutexLock (9UK1vLZQft4)
[LOADER][TRACE] Import#89: libKernel:scePthreadMutexLock (9UK1vLZQft4)
[LOADER][TRACE] Import#91: libKernel:scePthreadMutexLock (9UK1vLZQft4)
[LOADER][TRACE] Import#93: libKernel:scePthreadMutexLock (9UK1vLZQft4)
[LOADER][TRACE] Import#95: libKernel:scePthreadMutexLock (9UK1vLZQft4)
[LOADER][TRACE] Import#97: libKernel:scePthreadMutexLock (9UK1vLZQft4)
[LOADER][TRACE] Import#99: libKernel:scePthreadMutexLock (9UK1vLZQft4)
[LOADER][TRACE] Import#101: libKernel:scePthreadMutexLock (9UK1vLZQft4)
[LOADER][TRACE] Import#103: libKernel:scePthreadMutexLock (9UK1vLZQft4)
[LOADER][TRACE] Import#105: libKernel:scePthreadMutexLock (9UK1vLZQft4)
[LOADER][TRACE] Import#107: libKernel:scePthreadMutexLock (9UK1vLZQft4)
[LOADER][TRACE] Import#109: libKernel:scePthreadMutexLock (9UK1vLZQft4)
[LOADER][TRACE] Import#111: libKernel:scePthreadMutexLock (9UK1vLZQft4)
[LOADER][TRACE] Import#113: libKernel:scePthreadMutexLock (9UK1vLZQft4)
[LOADER][TRACE] Import#115: libKernel:scePthreadMutexLock (9UK1vLZQft4)
[LOADER][TRACE] Import#117: libKernel:scePthreadMutexLock (9UK1vLZQft4)
[LOADER][TRACE] Import#119: libKernel:scePthreadMutexLock (9UK1vLZQft4)
[LOADER][TRACE] Import#121: libKernel:scePthreadMutexLock (9UK1vLZQft4)
[LOADER][TRACE] Import#123: libKernel:scePthreadMutexLock (9UK1vLZQft4)
[LOADER][TRACE] Import#125: libKernel:scePthreadMutexLock (9UK1vLZQft4)
[LOADER][TRACE] Import#127: libKernel:scePthreadMutexLock (9UK1vLZQft4)
[LOADER][INFO] Guest returned: 0
[LOADER][INFO] === Execute END (LastError: null) ===
[RUNTIME] Dispatching, gen: Gen5
[RUNTIME] About to call DispatchEntry with entryPoint=0x0000000800000070
[DISPATCHER] === DispatchEntry START ===
[DISPATCHER] entryPoint=0x0000000800000070, generation=Gen5
[DISPATCHER] DispatchEntryCore STARTING...
[LOADER][INFO] === Execute START ===
[LOADER][INFO] EntryPoint: 0x0000000800000070, ImportStubs: 586
[LOADER][INFO] RuntimeSymbols: 5133
[LOADER][INFO] ExportCheck fputs: libc:fputs
[LOADER][INFO] ExportCheck map_direct: libKernel:sceKernelMapDirectMemory
[LOADER][INFO] Setting up 586 import stubs...
[LOADER][INFO] LLE redirect: 0x0000700000000010 XwLA5cTHjt4 -> XwLA5cTHjt4@0x0000000804035170
[LOADER][INFO] LLE redirect: 0x0000700000000020 pZ9WXcClPO8 -> pZ9WXcClPO8@0x000000080410D718
[LOADER][INFO] LLE redirect: 0x0000700000000030 byV+FWlAnB4 -> byV+FWlAnB4@0x000000080410D6C8
[LOADER][INFO] LLE redirect: 0x0000700000000040 zr094EQ39Ww -> zr094EQ39Ww@0x0000000804037C80
[LOADER][INFO] LLE redirect: 0x0000700000000050 7P1Wm-5KgAY -> 7P1Wm-5KgAY@0x0000000804014850
[LOADER][INFO] LLE redirect: 0x0000700000000060 5BIbzIuDxTQ -> 5BIbzIuDxTQ@0x000000080410C2D8
[LOADER][INFO] LLE redirect: 0x0000700000000070 oAidKrxuUv0 -> oAidKrxuUv0@0x000000080410C2A8
[LOADER][INFO] LLE redirect: 0x0000700000000080 udTM6Nxx-Ng -> udTM6Nxx-Ng@0x000000080410C230
[LOADER][INFO] LLE redirect: 0x0000700000000090 9ByRMdo7ywg -> 9ByRMdo7ywg@0x000000080410D780
[LOADER][INFO] LLE redirect: 0x00007000000000A0 N2f485TmJms -> N2f485TmJms@0x00000008040B3C60
[LOADER][INFO] LLE redirect: 0x00007000000000B0 tyHd3P7oDrU -> tyHd3P7oDrU@0x00000008040146B0
[LOADER][INFO] LLE redirect: 0x00007000000000C0 47RvLSo2HN8 -> 47RvLSo2HN8@0x0000000804082B60
[LOADER][INFO] LLE redirect: 0x00007000000000D0 oQDS9nX05Qg -> oQDS9nX05Qg@0x0000000804014850
[LOADER][INFO] LLE redirect: 0x00007000000000E0 Kcb+MNSzZcc -> Kcb+MNSzZcc@0x0000000804014850
[LOADER][INFO] LLE redirect: 0x00007000000000F0 H8AprKeZtNg -> H8AprKeZtNg@0x0000000804110480
[LOADER][INFO] LLE redirect: 0x0000700000000100 BJCgW9-OxLA -> BJCgW9-OxLA@0x000000080410F190
[LOADER][INFO] LLE redirect: 0x0000700000000110 Qoo175Ig+-k -> Qoo175Ig+-k@0x0000000804116C10
[LOADER][INFO] LLE redirect: 0x0000700000000120 sBCTjFk7Gi4 -> sBCTjFk7Gi4@0x000000080410F118
[LOADER][INFO] LLE redirect: 0x0000700000000130 yLE5H3058Ao -> yLE5H3058Ao@0x000000080410F130
[LOADER][INFO] LLE redirect: 0x0000700000000140 Bq8m04PN1zw -> Bq8m04PN1zw@0x000000080410C200
[LOADER][INFO] LLE redirect: 0x0000700000000150 bLPn1gfqSW8 -> bLPn1gfqSW8@0x000000080410C3C8
[LOADER][INFO] LLE redirect: 0x0000700000000160 -L+-8F0+gBc -> -L+-8F0+gBc@0x000000080410C278
[LOADER][INFO] LLE redirect: 0x0000700000000170 Cv+zC4EjGMA -> Cv+zC4EjGMA@0x00000008041163D0
[LOADER][INFO] LLE redirect: 0x0000700000000180 qOD-ksTkE08 -> qOD-ksTkE08@0x000000080410DE10
[LOADER][INFO] LLE redirect: 0x0000700000000190 H4fcpQOpc08 -> H4fcpQOpc08@0x00000008041163C8
[LOADER][INFO] LLE redirect: 0x00007000000001A0 tVHE+C8vGXk -> tVHE+C8vGXk@0x000000080410DE28
[LOADER][INFO] LLE redirect: 0x00007000000001B0 FQ9NFbBHb5Y -> FQ9NFbBHb5Y@0x00000008040E2618
[LOADER][INFO] LLE redirect: 0x00007000000001C0 wiR+rIcbnlc -> wiR+rIcbnlc@0x0000000804116CB8
[LOADER][INFO] LLE redirect: 0x00007000000001D0 XZzWt0ygWdw -> XZzWt0ygWdw@0x000000080410C320
[LOADER][INFO] LLE redirect: 0x00007000000001E0 keXoyW-rV-0 -> keXoyW-rV-0@0x000000080410C2F0
[LOADER][INFO] LLE redirect: 0x00007000000001F0 dKjhNUf9FBc -> dKjhNUf9FBc@0x000000080410C3B0
[LOADER][INFO] LLE redirect: 0x0000700000000200 n+aUKkC-3sI -> n+aUKkC-3sI@0x000000080410C380
[LOADER][INFO] LLE redirect: 0x0000700000000210 E14mW8pVpoE -> E14mW8pVpoE@0x0000000804116B68
[LOADER][INFO] LLE redirect: 0x0000700000000220 1kZFcktOm+s -> 1kZFcktOm+s@0x000000080410E828
[LOADER][INFO] LLE redirect: 0x0000700000000230 VmqsS6auJzo -> VmqsS6auJzo@0x00000008041163D8
[LOADER][INFO] LLE redirect: 0x0000700000000240 irGo1yaJ-vM -> irGo1yaJ-vM@0x0000000804116B80
[LOADER][INFO] LLE redirect: 0x0000700000000250 n2kx+OmFUis -> n2kx+OmFUis@0x000000080410C130
[LOADER][INFO] LLE redirect: 0x0000700000000260 dCzeFfg9WWI -> dCzeFfg9WWI@0x000000080410C178
[LOADER][INFO] LLE redirect: 0x0000700000000270 2sWzhYqFH4E -> 2sWzhYqFH4E@0x00000008041102B8
[LOADER][INFO] LLE redirect: 0x0000700000000540 Q3VBxCXhUHs -> Q3VBxCXhUHs@0x0000000804003890
[LOADER][INFO] LLE redirect: 0x0000700000000D60 8zTFvBIAIN8 -> 8zTFvBIAIN8@0x000000080400FDD0
[LOADER][INFO] LLE redirect: 0x0000700000000F90 DfivPArhucg -> DfivPArhucg@0x0000000804034FC0
[LOADER][INFO] LLE redirect: 0x0000700000000FC0 wuAQt-j+p4o -> wuAQt-j+p4o@0x0000000804049000
[LOADER][INFO] LLE redirect: 0x0000700000000FD0 DDHG1a6+3q0 -> DDHG1a6+3q0@0x000000080404E6E0
[LOADER][INFO] LLE redirect: 0x0000700000000FE0 nlaojL9hDtA -> nlaojL9hDtA@0x000000080404E640
[LOADER][INFO] LLE redirect: 0x0000700000000FF0 kn0yiYeExgA -> kn0yiYeExgA@0x000000080404C240
[LOADER][INFO] LLE redirect: 0x0000700000001000 +P6FRGH4LfA -> +P6FRGH4LfA@0x0000000804003850
[LOADER][INFO] LLE redirect: 0x0000700000001140 Ujf3KzMvRmI -> Ujf3KzMvRmI@0x0000000804005C20
[INTRINSIC-CHECK] strcmp stub at 0x0000700000001300 -> intrinsic 0x00007EF890148000
[LOADER][INFO] Setup 586/586 import stubs (direct bridge, lle_redirects=133)
[LOADER][INFO] TLS handler at 0x0000000801000000
[LOADER][INFO] Patched 730 TLS loads, 0 TLS stores, 0 stack-canary accesses, 0 SSE4a EXTRQ blends
[LOADER][INFO] ExecuteEntry starting at 0x0000000800000070
[LOADER][INFO] RSP=0x00006FFFF01FFF98, RDI=0x00006FFFF01FFFA0
[LOADER][INFO] StackTop: 0x00006FFFF01FFF98
[LOADER][INFO] Calling guest entry...
[LOADER][TRACE] Import#240: libc:_init_env (bzQExy189ZI)
[LOADER][TRACE] bzQExy189ZI#240: rdi=0x00006FFFF01FFFA0 rsi=0x00006FFDD0000000 rdx=0x0000000000000000 ret=0x0000000800000089
[LOADER][TRACE] Import#241: libc:atexit (8G2LB+A3rzg)
[LOADER][TRACE] 8G2LB+A3rzg#241: rdi=0x00006FFDD0000000 rsi=0x00006FFDD0000000 rdx=0x0000000000000000 ret=0x0000000800000091
[LOADER][TRACE] Import#242: libc:atexit (8G2LB+A3rzg)
[LOADER][TRACE] 8G2LB+A3rzg#242: rdi=0x00000008002E7070 rsi=0x00006FFDD0000000 rdx=0x0000000000000000 ret=0x000000080000009D
[LOADER][TRACE] Import#243: libc:__cxa_atexit (tsvEmnenz48)
[LOADER][TRACE] Import#244: libc:__cxa_atexit (tsvEmnenz48)
[LOADER][TRACE] Import#245: libc:__cxa_atexit (tsvEmnenz48)
[LOADER][TRACE] Import#246: libc:__cxa_atexit (tsvEmnenz48)
[LOADER][TRACE] Import#247: libc:__cxa_atexit (tsvEmnenz48)
[LOADER][TRACE] Import#248: libc:__cxa_atexit (tsvEmnenz48)
[LOADER][TRACE] Import#249: libc:__cxa_atexit (tsvEmnenz48)
[LOADER][TRACE] Import#250: libc:__cxa_atexit (tsvEmnenz48)
[LOADER][TRACE] Import#251: libc:__cxa_atexit (tsvEmnenz48)
[LOADER][TRACE] Import#252: libc:__cxa_atexit (tsvEmnenz48)
[LOADER][TRACE] Import#253: libKernel:sceKernelGetDirectMemorySize (pO96TwzOm5E)
[LOADER][TRACE] Import#254: libKernel:sceKernelAllocateDirectMemory (rTXw65xmLIA)
[LOADER][TRACE] Import#255: libKernel:sceKernelMapDirectMemory (L-Q3LEjIbgA)
[LOADER][TRACE] Import#256: libc:__cxa_atexit (tsvEmnenz48)
[LOADER][TRACE] Import#257: libc:__cxa_atexit (tsvEmnenz48)
[LOADER][TRACE] Import#258: libc:__cxa_atexit (tsvEmnenz48)
[LOADER][TRACE] Import#259: libc:__cxa_atexit (tsvEmnenz48)
[LOADER][TRACE] Import#260: libc:__cxa_atexit (tsvEmnenz48)
[LOADER][TRACE] Import#261: libKernel:sceKernelGetDirectMemorySize (pO96TwzOm5E)
[LOADER][TRACE] Import#262: libKernel:sceKernelAllocateDirectMemory (rTXw65xmLIA)
[LOADER][TRACE] Import#263: libKernel:sceKernelMapDirectMemory (L-Q3LEjIbgA)
[LOADER][TRACE] Import#264: libKernel:sceKernelGetDirectMemorySize (pO96TwzOm5E)
[LOADER][TRACE] Import#265: libKernel:sceKernelAllocateDirectMemory (rTXw65xmLIA)
[LOADER][TRACE] Import#266: libKernel:sceKernelMapDirectMemory (L-Q3LEjIbgA)
[LOADER][TRACE] Import#267: libc:__cxa_atexit (tsvEmnenz48)
[LOADER][TRACE] Import#268: libc:__cxa_atexit (tsvEmnenz48)
[LOADER][TRACE] Import#269: libc:__cxa_atexit (tsvEmnenz48)
[LOADER][TRACE] Import#270: libc:__cxa_atexit (tsvEmnenz48)
[LOADER][TRACE] Import#271: libKernel:sceKernelGetDirectMemorySize (pO96TwzOm5E)
[LOADER][TRACE] Import#272: libKernel:sceKernelAllocateDirectMemory (rTXw65xmLIA)
[LOADER][TRACE] Import#273: libKernel:sceKernelMapDirectMemory (L-Q3LEjIbgA)
[LOADER][TRACE] Import#274: libc:__cxa_atexit (tsvEmnenz48)
[LOADER][TRACE] Import#275: libc:__cxa_atexit (tsvEmnenz48)
[LOADER][TRACE] Import#276: libc:__cxa_atexit (tsvEmnenz48)
[LOADER][TRACE] Import#277: libc:__cxa_atexit (tsvEmnenz48)
[LOADER][TRACE] Import#278: libc:__cxa_atexit (tsvEmnenz48)
[LOADER][TRACE] Import#279: libc:__cxa_atexit (tsvEmnenz48)
[LOADER][TRACE] Import#280: libKernel:sceKernelGetDirectMemorySize (pO96TwzOm5E)
[LOADER][TRACE] Import#281: libKernel:sceKernelAllocateDirectMemory (rTXw65xmLIA)
[LOADER][TRACE] Import#282: libKernel:sceKernelMapDirectMemory (L-Q3LEjIbgA)
[LOADER][TRACE] Import#283: libc:__cxa_atexit (tsvEmnenz48)
[LOADER][TRACE] Import#284: libKernel:sceKernelGetDirectMemorySize (pO96TwzOm5E)
[LOADER][TRACE] Import#285: libKernel:sceKernelAllocateDirectMemory (rTXw65xmLIA)
[LOADER][TRACE] Import#286: libKernel:sceKernelMapDirectMemory (L-Q3LEjIbgA)
[LOADER][TRACE] Import#287: libc:__cxa_atexit (tsvEmnenz48)
[LOADER][TRACE] Import#288: libc:__cxa_atexit (tsvEmnenz48)
[LOADER][TRACE] Import#289: libKernel:sceKernelGetDirectMemorySize (pO96TwzOm5E)
[LOADER][TRACE] Import#290: libKernel:sceKernelAllocateDirectMemory (rTXw65xmLIA)
[LOADER][TRACE] Import#291: libKernel:sceKernelMapDirectMemory (L-Q3LEjIbgA)
[LOADER][TRACE] Import#292: libc:__cxa_atexit (tsvEmnenz48)
[LOADER][TRACE] Import#293: libc:__cxa_atexit (tsvEmnenz48)
[LOADER][TRACE] Import#294: libc:__cxa_atexit (tsvEmnenz48)
[LOADER][TRACE] Import#295: libc:__cxa_atexit (tsvEmnenz48)
[LOADER][TRACE] Import#296: libc:__cxa_atexit (tsvEmnenz48)
[LOADER][TRACE] Import#297: libc:__cxa_atexit (tsvEmnenz48)
[LOADER][TRACE] Import#298: libc:__cxa_atexit (tsvEmnenz48)
[LOADER][TRACE] Import#299: libc:__cxa_atexit (tsvEmnenz48)
[LOADER][TRACE] Import#300: libKernel:sceKernelGetDirectMemorySize (pO96TwzOm5E)
[LOADER][TRACE] Import#301: libKernel:sceKernelAllocateDirectMemory (rTXw65xmLIA)
[LOADER][TRACE] Import#302: libKernel:sceKernelMapDirectMemory (L-Q3LEjIbgA)
[LOADER][TRACE] Import#303: libc:__cxa_atexit (tsvEmnenz48)
[LOADER][TRACE] Import#304: libc:__cxa_atexit (tsvEmnenz48)
[LOADER][TRACE] Import#305: libc:__cxa_atexit (tsvEmnenz48)
[LOADER][TRACE] Import#306: libc:__cxa_atexit (tsvEmnenz48)
[LOADER][TRACE] Import#307: libc:__cxa_atexit (tsvEmnenz48)
[LOADER][TRACE] Import#308: libc:__cxa_atexit (tsvEmnenz48)
[LOADER][TRACE] Import#309: libc:__cxa_atexit (tsvEmnenz48)
[LOADER][TRACE] Import#310: libc:__cxa_atexit (tsvEmnenz48)
[LOADER][TRACE] Import#311: libKernel:sceKernelGetDirectMemorySize (pO96TwzOm5E)
[LOADER][TRACE] Import#312: libKernel:sceKernelAllocateDirectMemory (rTXw65xmLIA)
[LOADER][TRACE] Import#313: libKernel:sceKernelMapDirectMemory (L-Q3LEjIbgA)
[LOADER][TRACE] Import#314: libc:__cxa_atexit (tsvEmnenz48)
[LOADER][TRACE] Import#315: libc:__cxa_atexit (tsvEmnenz48)
[LOADER][TRACE] Import#316: libc:__cxa_atexit (tsvEmnenz48)
[LOADER][TRACE] Import#317: libKernel:sceKernelGetDirectMemorySize (pO96TwzOm5E)
[LOADER][TRACE] Import#318: libKernel:sceKernelAllocateDirectMemory (rTXw65xmLIA)
[LOADER][TRACE] Import#319: libKernel:sceKernelMapDirectMemory (L-Q3LEjIbgA)
[LOADER][TRACE] Import#320: libc:__cxa_atexit (tsvEmnenz48)
[LOADER][TRACE] Import#321: libKernel:sceKernelGetDirectMemorySize (pO96TwzOm5E)
[LOADER][TRACE] Import#322: libKernel:sceKernelAllocateDirectMemory (rTXw65xmLIA)
[LOADER][TRACE] Import#323: libKernel:sceKernelMapDirectMemory (L-Q3LEjIbgA)
[LOADER][TRACE] Import#324: libc:__cxa_atexit (tsvEmnenz48)
[LOADER][TRACE] Import#325: libc:__cxa_atexit (tsvEmnenz48)
[LOADER][TRACE] Import#326: libc:__cxa_atexit (tsvEmnenz48)
[LOADER][TRACE] Import#327: libc:__cxa_atexit (tsvEmnenz48)
[LOADER][TRACE] Import#328: libc:__cxa_atexit (tsvEmnenz48)
[LOADER][TRACE] Import#329: libc:__cxa_atexit (tsvEmnenz48)
[LOADER][TRACE] Import#330: libc:__cxa_atexit (tsvEmnenz48)
[LOADER][TRACE] Import#331: libc:__cxa_atexit (tsvEmnenz48)
[LOADER][TRACE] Import#332: libc:__cxa_atexit (tsvEmnenz48)
[LOADER][TRACE] Import#333: libc:__cxa_guard_acquire (3GPpjQdAMTw)
[LOADER][TRACE] Import#334: libc:__cxa_guard_acquire (3GPpjQdAMTw)
[LOADER][TRACE] Import#335: libKernel:sceKernelGetDirectMemorySize (pO96TwzOm5E)
[LOADER][TRACE] Import#336: libKernel:sceKernelAllocateDirectMemory (rTXw65xmLIA)
[LOADER][TRACE] Import#337: libKernel:sceKernelMapDirectMemory (L-Q3LEjIbgA)
[LOADER][TRACE] Import#338: libKernel:sceKernelGetDirectMemorySize (pO96TwzOm5E)
[LOADER][TRACE] Import#339: libKernel:sceKernelAllocateDirectMemory (rTXw65xmLIA)
[LOADER][TRACE] Import#340: libKernel:sceKernelMapDirectMemory (L-Q3LEjIbgA)
[LOADER][TRACE] Import#341: libc:__cxa_atexit (tsvEmnenz48)
[LOADER][TRACE] Import#342: libc:__cxa_guard_release (9rAeANT2tyE)
[LOADER][TRACE] Import#343: libc:__cxa_guard_acquire (3GPpjQdAMTw)
[LOADER][TRACE] Import#344: libc:__cxa_guard_release (9rAeANT2tyE)
[LOADER][TRACE] Import#345: libc:__cxa_guard_acquire (3GPpjQdAMTw)
[LOADER][TRACE] Import#346: libc:__cxa_guard_release (9rAeANT2tyE)
[LOADER][TRACE] Import#347: libc:__cxa_atexit (tsvEmnenz48)
[LOADER][TRACE] Import#348: libc:__cxa_guard_release (9rAeANT2tyE)
[LOADER][TRACE] Import#349: libKernel:sceKernelGetDirectMemorySize (pO96TwzOm5E)
[LOADER][TRACE] Import#350: libKernel:sceKernelAllocateDirectMemory (rTXw65xmLIA)
[LOADER][TRACE] Import#351: libKernel:sceKernelMapDirectMemory (L-Q3LEjIbgA)
[LOADER][TRACE] Import#352: libc:__cxa_atexit (tsvEmnenz48)
[LOADER][TRACE] Import#353: libc:__cxa_atexit (tsvEmnenz48)
[LOADER][TRACE] Import#354: libc:__cxa_atexit (tsvEmnenz48)
[LOADER][TRACE] Import#355: libc:__cxa_atexit (tsvEmnenz48)
[LOADER][TRACE] Import#356: libc:__cxa_atexit (tsvEmnenz48)
[LOADER][TRACE] Import#357: libc:__cxa_atexit (tsvEmnenz48)
[LOADER][TRACE] Import#358: libc:__cxa_atexit (tsvEmnenz48)
[LOADER][TRACE] Import#359: libc:__cxa_atexit (tsvEmnenz48)
[LOADER][TRACE] Import#360: libc:__cxa_atexit (tsvEmnenz48)
[LOADER][TRACE] Import#361: libc:__cxa_atexit (tsvEmnenz48)
[LOADER][TRACE] Import#362: libc:__cxa_atexit (tsvEmnenz48)
[LOADER][TRACE] Import#363: libc:__cxa_atexit (tsvEmnenz48)
[LOADER][TRACE] Import#364: libc:__cxa_atexit (tsvEmnenz48)
[LOADER][TRACE] Import#365: libc:__cxa_atexit (tsvEmnenz48)
[LOADER][TRACE] Import#366: libc:__cxa_atexit (tsvEmnenz48)
[LOADER][TRACE] Import#367: libc:__cxa_atexit (tsvEmnenz48)
[LOADER][TRACE] Import#368: libKernel:sceKernelGetDirectMemorySize (pO96TwzOm5E)
[LOADER][TRACE] Import#369: libKernel:sceKernelAllocateDirectMemory (rTXw65xmLIA)
[LOADER][TRACE] Import#370: libKernel:sceKernelMapDirectMemory (L-Q3LEjIbgA)
[LOADER][TRACE] Import#371: libc:__cxa_atexit (tsvEmnenz48)
[LOADER][TRACE] Import#372: libc:__cxa_atexit (tsvEmnenz48)
[LOADER][TRACE] Import#373: libc:__cxa_guard_acquire (3GPpjQdAMTw)
[LOADER][TRACE] Import#374: libc:__cxa_atexit (tsvEmnenz48)
[LOADER][TRACE] Import#375: libc:__cxa_guard_release (9rAeANT2tyE)
[LOADER][TRACE] Import#376: libc:__cxa_guard_acquire (3GPpjQdAMTw)
[LOADER][TRACE] Import#377: libc:__cxa_atexit (tsvEmnenz48)
[LOADER][TRACE] Import#378: libc:__cxa_guard_release (9rAeANT2tyE)
[LOADER][TRACE] Import#379: libc:__cxa_guard_acquire (3GPpjQdAMTw)
[LOADER][TRACE] Import#380: libc:__cxa_atexit (tsvEmnenz48)
[LOADER][TRACE] Import#381: libc:__cxa_guard_release (9rAeANT2tyE)
[LOADER][TRACE] Import#382: libc:__cxa_guard_acquire (3GPpjQdAMTw)
[LOADER][TRACE] Import#383: libc:__cxa_atexit (tsvEmnenz48)
[LOADER][TRACE] Import#384: libc:__cxa_guard_release (9rAeANT2tyE)
[LOADER][TRACE] Import#385: libc:__cxa_guard_acquire (3GPpjQdAMTw)
[LOADER][TRACE] Import#386: libc:__cxa_atexit (tsvEmnenz48)
[LOADER][TRACE] Import#387: libc:__cxa_guard_release (9rAeANT2tyE)
[LOADER][TRACE] Import#388: libc:__cxa_guard_acquire (3GPpjQdAMTw)
[LOADER][TRACE] Import#389: libc:__cxa_atexit (tsvEmnenz48)
[LOADER][TRACE] Import#390: libc:__cxa_guard_release (9rAeANT2tyE)
[LOADER][TRACE] Import#391: libc:__cxa_guard_acquire (3GPpjQdAMTw)
[LOADER][TRACE] Import#392: libc:__cxa_atexit (tsvEmnenz48)
[LOADER][TRACE] Import#393: libc:__cxa_guard_release (9rAeANT2tyE)
[LOADER][TRACE] Import#394: libc:__cxa_guard_acquire (3GPpjQdAMTw)
[LOADER][TRACE] Import#395: libc:__cxa_atexit (tsvEmnenz48)
[LOADER][TRACE] Import#396: libc:__cxa_guard_release (9rAeANT2tyE)
[LOADER][TRACE] Import#397: libc:__cxa_guard_acquire (3GPpjQdAMTw)
[LOADER][TRACE] Import#398: libc:__cxa_atexit (tsvEmnenz48)
[LOADER][TRACE] Import#399: libc:__cxa_guard_release (9rAeANT2tyE)
[LOADER][TRACE] Import#400: libc:__cxa_guard_acquire (3GPpjQdAMTw)
[LOADER][INFO] Scheduled guest thread 'spi_main_thread' handle=0x00007EF88CF45A00 entry=0x00000008002E53F0 arg=0x00000000001A00D0 priority=701 host_priority=Normal affinity=0x7F
[LOADER][INFO] Keyboard controls: Arrow keys = D-pad, WASD = left stick, IJKL = right stick, Z/Enter = Cross, X/Esc = Circle, C = Square, V = Triangle, Q = L1, E = R1, R = L2, F = R2, Tab/Backspace = Options. A DualSense or Xbox controller will be used automatically when plugged in.
Mount requested: 0
UnMount requested: 0

[VIDEOOUT] ============================================
[VIDEOOUT] Backend Selection:
[VIDEOOUT] ============================================
[VIDEOOUT]     GPU Available: True
[VIDEOOUT]     Forced Headless: False
[VIDEOOUT]     Reason: GPU detected, using Vulkan

[VIDEOOUT] Using:
[VIDEOOUT]   VulkanVideoPresenter (default)
[VIDEOOUT] ============================================

[INFO][SharpEmu.VideoOutManager] VideoOutManager.cs:139 Backend selected: VulkanVideoPresenter (default) (reason: GPU detected, using Vulkan)
[LOADER][INFO] Linux X11 session detected; requested GLFW X11 backend explicitly.
[LOADER][INFO] Scheduled guest thread 'AudioOutThread' handle=0x00007EF87000F030 entry=0x00000008002E2990 arg=0x00000008004C6B60 priority=700 host_priority=Normal affinity=0x7F
[LOADER][TRACE] Import#640: libKernel:sceKernelAllocateDirectMemory (rTXw65xmLIA)
Initializing Achievements
ALSA lib confmisc.c:855:(parse_card) cannot find card '0'
ALSA lib conf.c:5205:(_snd_config_evaluate) function snd_func_card_inum returned error: No such file or directory
ALSA lib confmisc.c:422:(snd_func_concat) error evaluating strings
ALSA lib conf.c:5205:(_snd_config_evaluate) function snd_func_concat returned error: No such file or directory
ALSA lib confmisc.c:1342:(snd_func_refer) error evaluating name
ALSA lib conf.c:5205:(_snd_config_evaluate) function snd_func_refer returned error: No such file or directory
ALSA lib conf.c:5728:(snd_config_expand) Evaluate error: No such file or directory
ALSA lib pcm.c:2722:(snd_pcm_open_noupdate) Unknown PCM default
[LOADER][WARN] AudioOut host backend unavailable: snd_pcm_open("default") failed: No such file or directory (-2).
[LOADER][INFO] AudioOut port 1: 48000 Hz, 2 ch, float32, 256 frames, backend=silent
[LOADER][INFO] Scheduled guest thread 'TrophyManager thread' handle=0x00007EF870011ED0 entry=0x00000008002DA250 arg=0x00000000054C0400 priority=700 host_priority=Normal affinity=0x7F
[DEBUG][PRINF] Audio out started (port#1,256[samples],48000[Hz],2[ch])
[LOADER][TRACE] Import#1025: libKernel:sceKernelWaitSema (Zxa0VhQVTsk)
[LOADER][TRACE] ImportCtx#1025: nid=Zxa0VhQVTsk ret=0x00000008002DA2B3 rdi=0x0000000000000002 rsi=0x0000000000000001 rdx=0x0000000000000000 rcx=0x0000000000000000
[LOADER][TRACE] ImportNV#1025: rbx=0x00007EF8A9AEC060 rbp=0x00006FFFDE1FFFC0 r12=0x0000000000000000 r13=0x00000000054C0428 r14=0x00000000054C0400 r15=0x00007EF8A9AEBFD8
[LOADER][TRACE] ImportStackHead#1025: rsp=0x00006FFFDE1FFEA8 [0]=0x00000008002DA2B3 [20]=0x0000000000000000 [40]=0x0000000000000000
[LOADER][TRACE] ImportStack#1025: rsp=0x00006FFFDE1FFEA8 [0]=0x00000008002DA2B3 [8]=0x0000000000000000 [10]=0x0000000000000000 [18]=0x0000000000000000 [20]=0x0000000000000000 [28]=0x0000000000000000 [30]=0x0000000000000000 [38]=0x0000000000000000 [40]=0x0000000000000000
[LOADER][TRACE] ImportRet#1025: nid=Zxa0VhQVTsk result=ORBIS_GEN2_OK rax=0x0000000000000000
[LOADER][TRACE] Import#1026: libKernel:scePthreadMutexLock (9UK1vLZQft4)
[LOADER][TRACE] ImportCtx#1026: nid=9UK1vLZQft4 ret=0x00000008002DA2C2 rdi=0x00000000054C0A30 rsi=0x0000000000000001 rdx=0x0000000000000000 rcx=0x0000000000000000
[LOADER][TRACE] ImportNV#1026: rbx=0x00007EF8A9AEC060 rbp=0x00006FFFDE1FFFC0 r12=0x0000000000000000 r13=0x00000000054C0428 r14=0x00000000054C0400 r15=0x00000000054C0A30
[LOADER][TRACE] ImportStackHead#1026: rsp=0x00006FFFDE1FFEA8 [0]=0x00000008002DA2C2 [20]=0x0000000000000000 [40]=0x0000000000000000
[DEBUG][PRINF]   Buffer[0] : 0x6FFFDF1FEF90
[LOADER][TRACE] ImportStack#1026: rsp=0x00006FFFDE1FFEA8 [0]=0x00000008002DA2C2 [8]=0x0000000000000000 [10]=0x0000000000000000 [18]=0x0000000000000000 [20]=0x0000000000000000 [28]=0x0000000000000000 [30]=0x0000000000000000 [38]=0x0000000000000000 [40]=0x0000000000000000
[DEBUG][PRINF]   Buffer[1] : 0x6FFFDF1FF790
[LOADER][TRACE] ImportRet#1026: nid=9UK1vLZQft4 result=ORBIS_GEN2_OK rax=0x0000000000000000
[LOADER][TRACE] Import#1028: libKernel:scePthreadMutexLock (9UK1vLZQft4)
[LOADER][TRACE] ImportCtx#1028: nid=9UK1vLZQft4 ret=0x00000008002DA33A rdi=0x00000000054C0420 rsi=0x0000000010000000 rdx=0x0000000000000000 rcx=0x00000008002F2D54
[LOADER][TRACE] ImportNV#1028: rbx=0x0000000000000001 rbp=0x00006FFFDE1FFFC0 r12=0x0000000000000000 r13=0x00000000054C0428 r14=0x00000000054C0400 r15=0x00000000054C0A30
[LOADER][TRACE] ImportStackHead#1028: rsp=0x00006FFFDE1FFEA8 [0]=0x00000008002DA33A [20]=0x0000000000000000 [40]=0x0000000000000000
[LOADER][TRACE] ImportStack#1028: rsp=0x00006FFFDE1FFEA8 [0]=0x00000008002DA33A [8]=0x0000000000000000 [10]=0x0000000000000000 [18]=0x0000000000000000 [20]=0x0000000000000000 [28]=0x0000000000000000 [30]=0x0000000000000000 [38]=0x0000000000000000 [40]=0x0000000000000000
[LOADER][TRACE] ImportRet#1028: nid=9UK1vLZQft4 result=ORBIS_GEN2_OK rax=0x0000000000000000
[LOADER][TRACE] Import#1029: libSceNpUniversalDataSystem:sceNpUniversalDataSystemCreateHandle (hT0IAEvN+M0)
[LOADER][TRACE] ImportCtx#1029: nid=hT0IAEvN+M0 ret=0x00000008002DA4EA rdi=0x00006FFFDE1FFEB0 rsi=0x0000000010000000 rdx=0x0000000000000000 rcx=0x00000008002F2D54
[LOADER][TRACE] ImportNV#1029: rbx=0x0000000000000000 rbp=0x00006FFFDE1FFFC0 r12=0x00000000054D0108 r13=0x00000000054D0110 r14=0x00000000054C0400 r15=0x0000000000000000
[LOADER][TRACE] ImportStackHead#1029: rsp=0x00006FFFDE1FFEA8 [0]=0x00000008002DA4EA [20]=0x0000000000000000 [40]=0x0000000000000000
[LOADER][TRACE] ImportStack#1029: rsp=0x00006FFFDE1FFEA8 [0]=0x00000008002DA4EA [8]=0x00000000FFFFFFFF [10]=0x0000000000000000 [18]=0x0000000000000000 [20]=0x0000000000000000 [28]=0x0000000000000000 [30]=0x0000000000000000 [38]=0x0000000000000000 [40]=0x0000000000000000
[LOADER][TRACE] ImportRet#1029: nid=hT0IAEvN+M0 result=ORBIS_GEN2_OK rax=0x0000000000000000
[LOADER][TRACE] Import#1030: libSceNpUniversalDataSystem:sceNpUniversalDataSystemCreateContext (5zBnau1uIEo)
[LOADER][TRACE] ImportCtx#1030: nid=5zBnau1uIEo ret=0x00000008002DA500 rdi=0x00000000054D0114 rsi=0x0000000010000000 rdx=0x0000000000000000 rcx=0x0000000000000000
[LOADER][TRACE] ImportNV#1030: rbx=0x0000000000000000 rbp=0x00006FFFDE1FFFC0 r12=0x00000000054D0108 r13=0x00000000054D0110 r14=0x00000000054C0400 r15=0x0000000000000000
[LOADER][TRACE] ImportStackHead#1030: rsp=0x00006FFFDE1FFEA8 [0]=0x00000008002DA500 [20]=0x0000000000000000 [40]=0x0000000000000000
[LOADER][TRACE] ImportStack#1030: rsp=0x00006FFFDE1FFEA8 [0]=0x00000008002DA500 [8]=0x0000000000000002 [10]=0x0000000000000000 [18]=0x0000000000000000 [20]=0x0000000000000000 [28]=0x0000000000000000 [30]=0x0000000000000000 [38]=0x0000000000000000 [40]=0x0000000000000000
[LOADER][TRACE] ImportRet#1030: nid=5zBnau1uIEo result=ORBIS_GEN2_OK rax=0x0000000000000000
[LOADER][TRACE] Import#1031: libSceNpUniversalDataSystem:sceNpUniversalDataSystemRegisterContext (tpFJ8LIKvPw)
[LOADER][TRACE] ImportCtx#1031: nid=tpFJ8LIKvPw ret=0x00000008002DA512 rdi=0x0000000000000001 rsi=0x0000000000000002 rdx=0x0000000000000000 rcx=0x0000000000000000
[LOADER][TRACE] ImportNV#1031: rbx=0x0000000000000000 rbp=0x00006FFFDE1FFFC0 r12=0x00000000054D0108 r13=0x00000000054D0110 r14=0x00000000054C0400 r15=0x0000000000000000
[LOADER][TRACE] ImportStackHead#1031: rsp=0x00006FFFDE1FFEA8 [0]=0x00000008002DA512 [20]=0x0000000000000000 [40]=0x0000000000000000
[LOADER][TRACE] ImportStack#1031: rsp=0x00006FFFDE1FFEA8 [0]=0x00000008002DA512 [8]=0x0000000000000002 [10]=0x0000000000000000 [18]=0x0000000000000000 [20]=0x0000000000000000 [28]=0x0000000000000000 [30]=0x0000000000000000 [38]=0x0000000000000000 [40]=0x0000000000000000
[LOADER][TRACE] ImportRet#1031: nid=tpFJ8LIKvPw result=ORBIS_GEN2_OK rax=0x0000000000000000
[LOADER][TRACE] Import#1032: libSceNpUniversalDataSystem:sceNpUniversalDataSystemDestroyHandle (AUIHb7jUX3I)
[LOADER][TRACE] ImportCtx#1032: nid=AUIHb7jUX3I ret=0x00000008002DA522 rdi=0x0000000000000002 rsi=0x0000000000000002 rdx=0x0000000000000000 rcx=0x0000000000000000
[LOADER][TRACE] ImportNV#1032: rbx=0x0000000000000000 rbp=0x00006FFFDE1FFFC0 r12=0x00000000054D0108 r13=0x00000000054D0110 r14=0x00000000054C0400 r15=0x0000000000000000
[LOADER][TRACE] ImportStackHead#1032: rsp=0x00006FFFDE1FFEA8 [0]=0x00000008002DA522 [20]=0x0000000000000000 [40]=0x0000000000000000
[LOADER][TRACE] ImportStack#1032: rsp=0x00006FFFDE1FFEA8 [0]=0x00000008002DA522 [8]=0x0000000000000002 [10]=0x0000000000000000 [18]=0x0000000000000000 [20]=0x0000000000000000 [28]=0x0000000000000000 [30]=0x0000000000000000 [38]=0x0000000000000000 [40]=0x0000000000000000
[LOADER][TRACE] ImportRet#1032: nid=AUIHb7jUX3I result=ORBIS_GEN2_OK rax=0x0000000000000000
[LOADER][TRACE] Import#1034: libSceNpTrophy2:sceNpTrophy2RegisterUnlockCallback (sUXGfNMalIo)
[LOADER][TRACE] ImportCtx#1034: nid=sUXGfNMalIo ret=0x00000008002DA551 rdi=0x00000008002D9D80 rsi=0x0000000000000000 rdx=0x0000000000000000 rcx=0x0000000000000000
[LOADER][TRACE] ImportNV#1034: rbx=0x00000000054D0108 rbp=0x00006FFFDE1FFFC0 r12=0x00000000054D0108 r13=0x00000000054C0428 r14=0x00000000054C0400 r15=0x0000000000000000
[LOADER][TRACE] ImportStackHead#1034: rsp=0x00006FFFDE1FFEA8 [0]=0x00000008002DA551 [20]=0x0000000000000000 [40]=0x0000000000000000
[LOADER][TRACE] ImportStack#1034: rsp=0x00006FFFDE1FFEA8 [0]=0x00000008002DA551 [8]=0x0000000000000002 [10]=0x0000000000000000 [18]=0x0000000000000000 [20]=0x0000000000000000 [28]=0x0000000000000000 [30]=0x0000000000000000 [38]=0x0000000000000000 [40]=0x0000000000000000
[LOADER][TRACE] ImportRet#1034: nid=sUXGfNMalIo result=ORBIS_GEN2_OK rax=0x0000000000000000
[LOADER][TRACE] Import#1035: libSceNpTrophy2:sceNpTrophy2CreateContext (Bagshr7OQ6Q)
[LOADER][TRACE] ImportCtx#1035: nid=Bagshr7OQ6Q ret=0x00000008002DA568 rdi=0x00000000054D0118 rsi=0x0000000010000000 rdx=0x0000000000000000 rcx=0x0000000000000000
[LOADER][TRACE] ImportNV#1035: rbx=0x00000000054D0108 rbp=0x00006FFFDE1FFFC0 r12=0x00000000054D0108 r13=0x00000000054C0428 r14=0x00000000054C0400 r15=0x0000000000000000
[LOADER][TRACE] ImportStackHead#1035: rsp=0x00006FFFDE1FFEA8 [0]=0x00000008002DA568 [20]=0x0000000000000000 [40]=0x0000000000000000
[LOADER][TRACE] ImportStack#1035: rsp=0x00006FFFDE1FFEA8 [0]=0x00000008002DA568 [8]=0x0000000000000002 [10]=0x0000000000000000 [18]=0x0000000000000000 [20]=0x0000000000000000 [28]=0x0000000000000000 [30]=0x0000000000000000 [38]=0x0000000000000000 [40]=0x0000000000000000
[LOADER][INFO] Scheduled guest thread 'saveThreadProc' handle=0x00007EF870008370 entry=0x00000008002E53F0 arg=0x00000000001A3040 priority=700 host_priority=Normal affinity=0x7F
[LOADER][TRACE] ImportRet#1035: nid=Bagshr7OQ6Q result=ORBIS_GEN2_OK rax=0x0000000000000000
[LOADER][TRACE] Import#1036: libKernel:scePthreadMutexLock (9UK1vLZQft4)
[LOADER][TRACE] ImportCtx#1036: nid=9UK1vLZQft4 ret=0x00000008002DA576 rdi=0x00000000054D0120 rsi=0x0000000010000000 rdx=0x0000000000000000 rcx=0x0000000000000000
[LOADER][TRACE] ImportNV#1036: rbx=0x00000000054D0108 rbp=0x00006FFFDE1FFFC0 r12=0x00000000054D0108 r13=0x00000000054C0428 r14=0x00000000054C0400 r15=0x0000000000000000
[LOADER][TRACE] ImportStackHead#1036: rsp=0x00006FFFDE1FFEA8 [0]=0x00000008002DA576 [20]=0x0000000000000000 [40]=0x0000000000000000
[LOADER][TRACE] ImportStack#1036: rsp=0x00006FFFDE1FFEA8 [0]=0x00000008002DA576 [8]=0x0000000000000002 [10]=0x0000000000000000 [18]=0x0000000000000000 [20]=0x0000000000000000 [28]=0x0000000000000000 [30]=0x0000000000000000 [38]=0x0000000000000000 [40]=0x0000000000000000
[LOADER][TRACE] ImportRet#1036: nid=9UK1vLZQft4 result=ORBIS_GEN2_OK rax=0x0000000000000000
[LOADER][TRACE] Import#1037: libKernel:sceKernelGetDirectMemorySize (pO96TwzOm5E)
[LOADER][TRACE] ImportCtx#1037: nid=pO96TwzOm5E ret=0x00000008002E13F2 rdi=0x0000000000010000 rsi=0x0000000000010000 rdx=0x0000000000000001 rcx=0x0000000000000000
[LOADER][TRACE] ImportNV#1037: rbx=0x0000000000010000 rbp=0x00006FFFDE1FFD60 r12=0x0000000000010000 r13=0x00007EF88CEE5220 r14=0x0000000000010000 r15=0x0000000000000001
[LOADER][TRACE] ImportStackHead#1037: rsp=0x00006FFFDE1FFD18 [0]=0x00000008002E13F2 [20]=0x00000008004C2290 [40]=0x00000000000008C0
[LOADER][TRACE] ImportStack#1037: rsp=0x00006FFFDE1FFD18 [0]=0x00000008002E13F2 [8]=0x0000000000000000 [10]=0x0000000000000000 [18]=0xC0DEC0DECAFEBA00 [20]=0x00000008004C2290 [28]=0x0000000000000000 [30]=0x00006FFDFCFFEAD8 [38]=0x00000008004C2280 [40]=0x00000000000008C0
[LOADER][TRACE] ImportRet#1037: nid=pO96TwzOm5E result=ORBIS_GEN2_OK rax=0x0000000400000000
[LOADER][TRACE] Import#1038: libKernel:sceKernelAllocateDirectMemory (rTXw65xmLIA)
[LOADER][TRACE] ImportCtx#1038: nid=rTXw65xmLIA ret=0x00000008002E140C rdi=0x0000000000000000 rsi=0x0000000400000000 rdx=0x0000000000010000 rcx=0x0000000000010000
[LOADER][TRACE] ImportNV#1038: rbx=0x0000000000010000 rbp=0x00006FFFDE1FFD60 r12=0x0000000000010000 r13=0x00007EF88CEE5220 r14=0x0000000000010000 r15=0x0000000000000001
[LOADER][TRACE] ImportStackHead#1038: rsp=0x00006FFFDE1FFD18 [0]=0x00000008002E140C [20]=0x00000008004C2290 [40]=0x00000000000008C0
[LOADER][TRACE] ImportStack#1038: rsp=0x00006FFFDE1FFD18 [0]=0x00000008002E140C [8]=0x0000000000000000 [10]=0x0000000000000000 [18]=0xC0DEC0DECAFEBA00 [20]=0x00000008004C2290 [28]=0x0000000000000000 [30]=0x00006FFDFCFFEAD8 [38]=0x00000008004C2280 [40]=0x00000000000008C0
[LOADER][TRACE] ImportRet#1038: nid=rTXw65xmLIA result=ORBIS_GEN2_OK rax=0x0000000000000000
[LOADER][TRACE] Import#1039: libKernel:sceKernelMapDirectMemory (L-Q3LEjIbgA)
[LOADER][TRACE] ImportCtx#1039: nid=L-Q3LEjIbgA ret=0x00000008002E1435 rdi=0x00006FFFDE1FFD20 rsi=0x0000000000010000 rdx=0x0000000000000033 rcx=0x0000000000400000
[LOADER][TRACE] ImportNV#1039: rbx=0x0000000000010000 rbp=0x00006FFFDE1FFD60 r12=0x0000000000010000 r13=0x00007EF88CEE5220 r14=0x0000000000010000 r15=0x0000000000000001
[LOADER][TRACE] ImportStackHead#1039: rsp=0x00006FFFDE1FFD18 [0]=0x00000008002E1435 [20]=0x00000008004C2290 [40]=0x00000000000008C0
[LOADER][TRACE] ImportStack#1039: rsp=0x00006FFFDE1FFD18 [0]=0x00000008002E1435 [8]=0x0000000000000000 [10]=0x00000000054E0000 [18]=0xC0DEC0DECAFEBA00 [20]=0x00000008004C2290 [28]=0x0000000000000000 [30]=0x00006FFDFCFFEAD8 [38]=0x00000008004C2280 [40]=0x00000000000008C0
[LOADER][TRACE] ImportRet#1039: nid=L-Q3LEjIbgA result=ORBIS_GEN2_OK rax=0x0000000000000000
[LOADER][TRACE] Import#1040: libKernel:sceKernelGetDirectMemorySize (pO96TwzOm5E)
[LOADER][TRACE] ImportCtx#1040: nid=pO96TwzOm5E ret=0x00000008002E13F2 rdi=0x0000000000010000 rsi=0x0000000000010000 rdx=0x0000000000000001 rcx=0x0000000000000000
[LOADER][TRACE] ImportNV#1040: rbx=0x0000000000010000 rbp=0x00006FFFDE1FFD60 r12=0x0000000000010000 r13=0x00007EF88CEE5220 r14=0x0000000000010000 r15=0x0000000000000001
[LOADER][TRACE] ImportStackHead#1040: rsp=0x00006FFFDE1FFD18 [0]=0x00000008002E13F2 [20]=0x00000008004C23D0 [40]=0x0000000000000A00
[LOADER][TRACE] ImportStack#1040: rsp=0x00006FFFDE1FFD18 [0]=0x00000008002E13F2 [8]=0x00000000054E0000 [10]=0x0000000000000000 [18]=0xC0DEC0DECAFEBA00 [20]=0x00000008004C23D0 [28]=0x0000000000000000 [30]=0x00006FFDFCFFEB50 [38]=0x00000008004C23C0 [40]=0x0000000000000A00
[LOADER][TRACE] ImportRet#1040: nid=pO96TwzOm5E result=ORBIS_GEN2_OK rax=0x0000000400000000
[LOADER][TRACE] Import#1041: libKernel:sceKernelAllocateDirectMemory (rTXw65xmLIA)
[LOADER][TRACE] Import#1042: libKernel:sceKernelMapDirectMemory (L-Q3LEjIbgA)
[LOADER][TRACE] Import#1043: libKernel:sceKernelGetDirectMemorySize (pO96TwzOm5E)
[LOADER][TRACE] Import#1044: libKernel:sceKernelAllocateDirectMemory (rTXw65xmLIA)
[LOADER][TRACE] Import#1045: libKernel:sceKernelMapDirectMemory (L-Q3LEjIbgA)
[LOADER][TRACE] Import#1046: libKernel:sceKernelGetDirectMemorySize (pO96TwzOm5E)
[LOADER][TRACE] Import#1047: libKernel:sceKernelAllocateDirectMemory (rTXw65xmLIA)
[LOADER][TRACE] Import#1048: libKernel:sceKernelMapDirectMemory (L-Q3LEjIbgA)
[LOADER][TRACE] Import#1049: libKernel:sceKernelGetDirectMemorySize (pO96TwzOm5E)
[LOADER][TRACE] Import#1050: libKernel:sceKernelAllocateDirectMemory (rTXw65xmLIA)
[LOADER][TRACE] Import#1051: libKernel:sceKernelMapDirectMemory (L-Q3LEjIbgA)
[LOADER][TRACE] Import#1053: libKernel:sceKernelWaitSema (Zxa0VhQVTsk)
[LOADER][TRACE] Import#1281: libKernel:scePthreadAttrInit (nsYoNRywwNg)
[LOADER][TRACE] Import#1282: libKernel:scePthreadAttrGet (x1X76arYMxU)
[LOADER][TRACE] Import#1283: libKernel:scePthreadAttrGetstack (-quPa4SEJUw)
[LOADER][TRACE] Import#1284: libKernel:scePthreadAttrDestroy (62KCwEMmzcM)
[EXP-018] sceKernelWaitSema handle=0x00000002 need=1 waiters=1 READY=0 RUNNING=4 BLOCKED=0 (after Pump)
[LOADER][TRACE] Import#1285: libKernel:scePthreadMutexLock (9UK1vLZQft4)
[LOADER][TRACE] Import#1287: libKernel:scePthreadMutexLock (9UK1vLZQft4)
[LOADER][TRACE] Import#1289: libKernel:scePthreadMutexLock (9UK1vLZQft4)
[LOADER][TRACE] Import#1291: libKernel:scePthreadMutexLock (9UK1vLZQft4)
[LOADER][TRACE] Import#1293: libKernel:scePthreadMutexLock (9UK1vLZQft4)
[LOADER][TRACE] Import#1295: libKernel:scePthreadMutexLock (9UK1vLZQft4)
[LOADER][TRACE] Import#1297: libKernel:scePthreadMutexLock (9UK1vLZQft4)
[LOADER][TRACE] Import#1299: libKernel:scePthreadMutexLock (9UK1vLZQft4)
[DIAG-VERIFY] Import #1000 OK: libc::libc:_Getptolower ret=0x00007EF870015100
[DIAG-VERIFY] Import #2000 OK: libc::libc:_Getptolower ret=0x00007EF870015100
[DIAG-VERIFY] Import #3000 OK: libc::libc:_Getptolower ret=0x00007EF870015100
[DIAG-VERIFY] Import #4000 OK: libc::libc:strcasecmp ret=0x000000000000000A
[DIAG-VERIFY] Import #5000 OK: libc::libc:_Getptolower ret=0x00007EF870015100
[DIAG-VERIFY] Import #6000 OK: libc::libc:_Getptolower ret=0x00007EF870015100
[DIAG-VERIFY] Import #7000 OK: libc::libc:_Getptolower ret=0x00007EF870015100
[DIAG-VERIFY] Import #8000 OK: libc::libc:_Getptolower ret=0x00007EF870015100
[DIAG-VERIFY] Import #9000 OK: libc::libc:_Getptolower ret=0x00007EF870015100
[DIAG-VERIFY] Import #10000 OK: libc::libc:_Getptolower ret=0x00007EF870015100
[DIAG-VERIFY] Import #11000 OK: libc::libc:_Getptolower ret=0x00007EF870015100
[DIAG-VERIFY] Import #12000 OK: libc::libc:strcasecmp ret=0x0000000000000000
[DIAG-VERIFY] Import #13000 OK: libc::libc:_Getptolower ret=0x00007EF870015100
[DIAG-VERIFY] Import #14000 OK: libc::libc:_Getptolower ret=0x00007EF870015100
[DIAG-VERIFY] Import #15000 OK: libc::libc:_Getptolower ret=0x00007EF870015100
[DIAG-VERIFY] Import #16000 OK: libc::libc:_Getptolower ret=0x00007EF870015100
[DIAG-VERIFY] Import #17000 OK: libc::libc:_Getptolower ret=0x00007EF870015100
[DIAG-VERIFY] Import #18000 OK: libc::libc:_Getptolower ret=0x00007EF870015100
[DIAG-VERIFY] Import #19000 OK: libc::libc:_Getptolower ret=0x00007EF870015100
[DIAG-VERIFY] Import #20000 OK: libc::libc:_Getptolower ret=0x00007EF870015100
[DIAG-VERIFY] Import #21000 OK: libc::libc:_Getptolower ret=0x00007EF870015100
[LOADER][INFO] GLFW windowing platform in use: X11
[DIAG-VERIFY] Import #22000 OK: libc::libc:_Getptolower ret=0x00007EF870015100
[DIAG-VERIFY] Import #23000 OK: libc::libc:_Getptolower ret=0x00007EF870015100
[DIAG-VERIFY] Import #24000 OK: libc::libc:_Getptolower ret=0x00007EF870015100
[DIAG-VERIFY] Import #25000 OK: libc::libc:_Getptolower ret=0x00007EF870015100
[DIAG-VERIFY] Import #26000 OK: libc::libc:_Getptolower ret=0x00007EF870015100
[DIAG-VERIFY] Import #27000 OK: libc::libc:_Getptolower ret=0x00007EF870015100
[DIAG-VERIFY] Import #28000 OK: libc::libc:strcasecmp ret=0x0000000000000000
[LOADER][INFO] Window keyboard input attached for pad emulation.
[DIAG-VERIFY] Import #29000 OK: libc::libc:_Getptolower ret=0x00007EF870015100
[DIAG-VERIFY] Import #30000 OK: libc::libc:_Getptolower ret=0x00007EF870015100
[DIAG-VERIFY] Import #31000 OK: libc::libc:_Getptolower ret=0x00007EF870015100
[DIAG-VERIFY] Import #32000 OK: libc::libc:_Getptolower ret=0x00007EF870015100
[DIAG-VERIFY] Import #33000 OK: libc::libc:_Getptolower ret=0x00007EF870015100
[DIAG-VERIFY] Import #34000 OK: libc::libc:_Getptolower ret=0x00007EF870015100
[DIAG-VERIFY] Import #35000 OK: libc::libc:_Getptolower ret=0x00007EF870015100
[DIAG-VERIFY] Import #36000 OK: libc::libc:_Getptolower ret=0x00007EF870015100
[DIAG-VERIFY] Import #37000 OK: libc::libc:_Getptolower ret=0x00007EF870015100
[DIAG-VERIFY] Import #38000 OK: libc::libc:_Getptolower ret=0x00007EF870015100
[DIAG-VERIFY] Import #39000 OK: libc::libc:_Getptolower ret=0x00007EF870015100
[DIAG-VERIFY] Import #40000 OK: libc::libc:_Getptolower ret=0x00007EF870015100
[DIAG-VERIFY] Import #41000 OK: libc::libc:_Getptolower ret=0x00007EF870015100
[DIAG-VERIFY] Import #42000 OK: libc::libc:_Getptolower ret=0x00007EF870015100
[DIAG-VERIFY] Import #43000 OK: libc::libc:_Getptolower ret=0x00007EF870015100
[DIAG-VERIFY] Import #44000 OK: libc::libc:_Getptolower ret=0x00007EF870015100
[DIAG-VERIFY] Import #45000 OK: libc::libc:_Getptolower ret=0x00007EF870015100
[DIAG-VERIFY] Import #46000 OK: libc::libc:_Getptolower ret=0x00007EF870015100
[DIAG-VERIFY] Import #47000 OK: libc::libc:_Getptolower ret=0x00007EF870015100
[DIAG-VERIFY] Import #48000 OK: libc::libc:_Getptolower ret=0x00007EF870015100
[DIAG-VERIFY] Import #49000 OK: libc::libc:_Getptolower ret=0x00007EF870015100
[DIAG-VERIFY] Import #50000 OK: libc::libc:_Getptolower ret=0x00007EF870015100
[DIAG-VERIFY] Import #51000 OK: libc::libc:_Getptolower ret=0x00007EF870015100
[DIAG-VERIFY] Import #52000 OK: libc::libc:_Getptolower ret=0x00007EF870015100
[DIAG-VERIFY] Import #53000 OK: libc::libc:_Getptolower ret=0x00007EF870015100
[DIAG-VERIFY] Import #54000 OK: libc::libc:_Getptolower ret=0x00007EF870015100
[DIAG-VERIFY] Import #55000 OK: libc::libc:_Getptolower ret=0x00007EF870015100
[DIAG-VERIFY] Import #56000 OK: libc::libc:_Getptolower ret=0x00007EF870015100
[DIAG-VERIFY] Import #57000 OK: libc::libc:_Getptolower ret=0x00007EF870015100
[DIAG-VERIFY] Import #58000 OK: libc::libc:_Getptolower ret=0x00007EF870015100
[DIAG-VERIFY] Import #59000 OK: libc::libc:_Getptolower ret=0x00007EF870015100
[DIAG-VERIFY] Import #60000 OK: libc::libc:_Getptolower ret=0x00007EF870015100
[DIAG-VERIFY] Import #61000 OK: libc::libc:_Getptolower ret=0x00007EF870015100
[DIAG-VERIFY] Import #62000 OK: libc::libc:strcasecmp ret=0xFFFFFFFFFFFFFFEC
[DIAG-VERIFY] Import #63000 OK: libc::libc:_Getptolower ret=0x00007EF870015100
[LOADER][INFO] Vulkan candidate: llvmpipe (LLVM 19.1.7, 256 bits) (Cpu) score=50
[LOADER][INFO] Vulkan compute limits groups=65535x65535x65535 local=1024x1024x1024 invocations=1024 storage_alignment=16
[LOADER][INFO] Vulkan subgroup default=8 stages=FragmentBit, ComputeBit, ShaderStageTaskBitNV, MeshBitNV ops=BasicBit, VoteBit, ArithmeticBit, BallotBit, SubgroupFeatureShuffleBit, SubgroupFeatureShuffleRelativeBit, SubgroupFeatureClusteredBit, SubgroupFeatureQuadBit, RotateBit, RotateClusteredBit size_control=8-8 required_stages=FragmentBit, ComputeBit max_compute_subgroups=32
[LOADER][INFO] Vulkan device: llvmpipe (LLVM 19.1.7, 256 bits) (Cpu)
[DIAG-VERIFY] Import #64000 OK: libc::libc:_Getptolower ret=0x00007EF870015100
[DIAG-VERIFY] Import #65000 OK: libc::libc:_Getptolower ret=0x00007EF870015100
[DIAG-VERIFY] Import #66000 OK: libc::libc:_Getptolower ret=0x00007EF870015100
[DIAG-VERIFY] Import #67000 OK: libc::libc:_Getptolower ret=0x00007EF870015100
[DIAG-VERIFY] Import #68000 OK: libc::libc:strcasecmp ret=0x0000000000000000
[DIAG-VERIFY] Import #69000 OK: libc::libc:_Getptolower ret=0x00007EF870015100
[LOADER][INFO] Vulkan debug labels enabled.
[DIAG-VERIFY] Import #70000 OK: libc::libc:_Getptolower ret=0x00007EF870015100
[DIAG-VERIFY] Import #71000 OK: libc::libc:_Getptolower ret=0x00007EF870015100
[LOADER][INFO] Vulkan pipeline cache ready: path=/home/z/.local/share/SharpEmu/vulkan-pipeline-cache.bin initial=0 bytes
[DIAG-VERIFY] Import #72000 OK: libc::libc:_Getptolower ret=0x00007EF870015100
[DIAG-VERIFY] Import #73000 OK: libc::libc:_Getptolower ret=0x00007EF870015100
[LOADER][INFO] Vulkan VideoOut ready: 1280x720, format=B8G8R8A8Unorm
[DIAG-VERIFY] Import #74000 OK: libc::libc:_Getptolower ret=0x00007EF870015100
[LOADER][TRACE] vk.present_taken addr=0x0000000000000000 version=0 drawKind=None hasPixels=True hasTranslatedDraw=False
[DIAG-VERIFY] Import #75000 OK: libc::libc:_Getptolower ret=0x00007EF870015100
[DIAG-VERIFY] Import #76000 OK: libc::libc:_Getptolower ret=0x00007EF870015100
[DIAG-VERIFY] Import #77000 OK: libc::libc:_Getptolower ret=0x00007EF870015100
[DIAG-VERIFY] Import #78000 OK: libc::libc:_Getptolower ret=0x00007EF870015100
[DIAG-VERIFY] Import #79000 OK: libc::libc:_Getptolower ret=0x00007EF870015100
[DIAG-VERIFY] Import #80000 OK: libc::libc:_Getptolower ret=0x00007EF870015100
[DIAG-VERIFY] Import #81000 OK: libc::libc:_Getptolower ret=0x00007EF870015100
[DIAG-VERIFY] Import #82000 OK: libc::libc:_Getptolower ret=0x00007EF870015100
[LOADER][INFO] Vulkan VideoOut presented first frame: 3840x2160
[DIAG-VERIFY] Import #83000 OK: libc::libc:_Getptolower ret=0x00007EF870015100
[DIAG-VERIFY] Import #84000 OK: libc::libc:_Getptolower ret=0x00007EF870015100
[DIAG-VERIFY] Import #85000 OK: libc::libc:_Getptolower ret=0x00007EF870015100
[DIAG-VERIFY] Import #86000 OK: libc::libc:_Getptolower ret=0x00007EF870015100
[DIAG-VERIFY] Import #87000 OK: libc::libc:_Getptolower ret=0x00007EF870015100
[DIAG-VERIFY] Import #88000 OK: libc::libc:_Getptolower ret=0x00007EF870015100
[DIAG-VERIFY] Import #89000 OK: libc::libc:_Getptolower ret=0x00007EF870015100
[DIAG-VERIFY] Import #90000 OK: libc::libc:_Getptolower ret=0x00007EF870015100
[DIAG-VERIFY] Import #91000 OK: libc::libc:_Getptolower ret=0x00007EF870015100
[DIAG-VERIFY] Import #92000 OK: libc::libc:_Getptolower ret=0x00007EF870015100
[DIAG-VERIFY] Import #93000 OK: libc::libc:_Getptolower ret=0x00007EF870015100
[DIAG-VERIFY] Import #94000 OK: libc::libc:_Getptolower ret=0x00007EF870015100
[DIAG-VERIFY] Import #95000 OK: libc::libc:_Getptolower ret=0x00007EF870015100
[DIAG-VERIFY] Import #96000 OK: libc::libc:_Getptolower ret=0x00007EF870015100
[DIAG-VERIFY] Import #97000 OK: libc::libc:_Getptolower ret=0x00007EF870015100
[DIAG-VERIFY] Import #98000 OK: libc::libc:_Getptolower ret=0x00007EF870015100
[LOADER][TRACE] Import#100000: libc:_Getptolower (1uJgoVq3bQU)
[DIAG-VERIFY] Import #99000 OK: libc::libc:_Getptolower ret=0x00007EF870015100
[DIAG-VERIFY] Import #100000 OK: libc::libc:_Getptolower ret=0x00007EF870015100
[DIAG-VERIFY] Import #101000 OK: libc::libc:_Getptolower ret=0x00007EF870015100
[DIAG-VERIFY] Import #102000 OK: libc::libc:_Getptolower ret=0x00007EF870015100
[DIAG-VERIFY] Import #103000 OK: libc::libc:_Getptolower ret=0x00007EF870015100
[DIAG-VERIFY] Import #104000 OK: libc::libc:_Getptolower ret=0x00007EF870015100
[DIAG-VERIFY] Import #105000 OK: libc::libc:_Getptolower ret=0x00007EF870015100
[DIAG-VERIFY] Import #106000 OK: libc::libc:_Getptolower ret=0x00007EF870015100
[DIAG-VERIFY] Import #107000 OK: libc::libc:_Getptolower ret=0x00007EF870015100
[DIAG-VERIFY] Import #108000 OK: libc::libc:_Getptolower ret=0x00007EF870015100
[DIAG-VERIFY] Import #109000 OK: libc::libc:_Getptolower ret=0x00007EF870015100
[DIAG-VERIFY] Import #110000 OK: libc::libc:_Getptolower ret=0x00007EF870015100
[DIAG-VERIFY] Import #111000 OK: libc::libc:_Getptolower ret=0x00007EF870015100
[DIAG-VERIFY] Import #112000 OK: libc::libc:strcasecmp ret=0xFFFFFFFFFFFFFFFA
[DIAG-VERIFY] Import #113000 OK: libc::libc:_Getptolower ret=0x00007EF870015100
[DIAG-VERIFY] Import #114000 OK: libc::libc:_Getptolower ret=0x00007EF870015100
[DIAG-VERIFY] Import #115000 OK: libc::libc:_Getptolower ret=0x00007EF870015100
[DIAG-VERIFY] Import #116000 OK: libc::libc:_Getptolower ret=0x00007EF870015100
[DIAG-VERIFY] Import #117000 OK: libc::libc:_Getptolower ret=0x00007EF870015100
[DIAG-VERIFY] Import #118000 OK: libc::libc:_Getptolower ret=0x00007EF870015100
[DIAG-VERIFY] Import #119000 OK: libc::libc:_Getptolower ret=0x00007EF870015100
[DIAG-VERIFY] Import #120000 OK: libc::libc:_Getptolower ret=0x00007EF870015100
[DIAG-VERIFY] Import #121000 OK: libc::libc:_Getptolower ret=0x00007EF870015100
[DIAG-VERIFY] Import #122000 OK: libc::libc:_Getptolower ret=0x00007EF870015100
[DIAG-VERIFY] Import #123000 OK: libc::libc:_Getptolower ret=0x00007EF870015100
[DIAG-VERIFY] Import #124000 OK: libc::libc:_Getptolower ret=0x00007EF870015100
[DIAG-VERIFY] Import #125000 OK: libc::libc:_Getptolower ret=0x00007EF870015100
[DIAG-VERIFY] Import #126000 OK: libc::libc:_Getptolower ret=0x00007EF870015100
[DIAG-VERIFY] Import #127000 OK: libc::libc:_Getptolower ret=0x00007EF870015100
[DIAG-VERIFY] Import #128000 OK: libc::libc:_Getptolower ret=0x00007EF870015100
[DIAG-VERIFY] Import #129000 OK: libc::libc:_Getptolower ret=0x00007EF870015100
[DIAG-VERIFY] Import #130000 OK: libc::libc:_Getptolower ret=0x00007EF870015100
[DIAG-VERIFY] Import #131000 OK: libc::libc:_Getptolower ret=0x00007EF870015100
[DIAG-VERIFY] Import #132000 OK: libc::libc:_Getptolower ret=0x00007EF870015100
[DIAG-VERIFY] Import #133000 OK: libc::libc:_Getptolower ret=0x00007EF870015100
[DIAG-VERIFY] Import #134000 OK: libc::libc:_Getptolower ret=0x00007EF870015100
[DIAG-VERIFY] Import #135000 OK: libc::libc:_Getptolower ret=0x00007EF870015100
[DIAG-VERIFY] Import #136000 OK: libc::libc:_Getptolower ret=0x00007EF870015100
[DIAG-VERIFY] Import #137000 OK: libc::libc:_Getptolower ret=0x00007EF870015100
[DIAG-VERIFY] Import #138000 OK: libc::libc:strcasecmp ret=0xFFFFFFFFFFFFFFFF
[DIAG-VERIFY] Import #139000 OK: libc::libc:_Getptolower ret=0x00007EF870015100
[DIAG-VERIFY] Import #140000 OK: libc::libc:_Getptolower ret=0x00007EF870015100
[DIAG-VERIFY] Import #141000 OK: libc::libc:_Getptolower ret=0x00007EF870015100
[DIAG-VERIFY] Import #142000 OK: libc::libc:_Getptolower ret=0x00007EF870015100
[DIAG-VERIFY] Import #143000 OK: libc::libc:_Getptolower ret=0x00007EF870015100
[DIAG-VERIFY] Import #144000 OK: libc::libc:_Getptolower ret=0x00007EF870015100
[DIAG-VERIFY] Import #145000 OK: libc::libc:_Getptolower ret=0x00007EF870015100
[DIAG-VERIFY] Import #146000 OK: libc::libc:_Getptolower ret=0x00007EF870015100
[DIAG-VERIFY] Import #147000 OK: libc::libc:_Getptolower ret=0x00007EF870015100
[LOADER][INFO] Scheduled guest thread 'ratamedia streamer' handle=0x00007EF870015850 entry=0x00000008002E53F0 arg=0x00000000001A3790 priority=690 host_priority=Normal affinity=0x7F
[LOADER][INFO] Scheduled guest thread 'ratamedia streamer' handle=0x00007EF870017D80 entry=0x00000008002E53F0 arg=0x00000000001A4A80 priority=690 host_priority=Normal affinity=0x7F
[LOADER][INFO] Scheduled guest thread 'ratamedia streamer' handle=0x00007EF87001A4C0 entry=0x00000008002E53F0 arg=0x00000000001A4AB0 priority=690 host_priority=Normal affinity=0x7F
[LOADER][INFO] Scheduled guest thread 'ratamedia streamer' handle=0x00007EF87001CDD0 entry=0x00000008002E53F0 arg=0x00000000001A4AE0 priority=690 host_priority=Normal affinity=0x7F
[LOADER][INFO] Scheduled guest thread 'ratamedia streamer' handle=0x00007EF87001F6E0 entry=0x00000008002E53F0 arg=0x00000000001A4B10 priority=690 host_priority=Normal affinity=0x7F
[LOADER][INFO] Scheduled guest thread 'ratamedia streamer' handle=0x00007EF870022490 entry=0x00000008002E53F0 arg=0x00000000001A4B40 priority=690 host_priority=Normal affinity=0x7F
[LOADER][INFO] Scheduled guest thread 'ratamedia streamer' handle=0x00007EF870024F30 entry=0x00000008002E53F0 arg=0x00000000001A4B70 priority=690 host_priority=Normal affinity=0x7F
[LOADER][INFO] Scheduled guest thread 'ratamedia streamer' handle=0x00007EF870028710 entry=0x00000008002E53F0 arg=0x00000000001A4BA0 priority=690 host_priority=Normal affinity=0x7F
[LOADER][INFO] Scheduled guest thread 'ratamedia streamer' handle=0x00007EF87002B020 entry=0x00000008002E53F0 arg=0x00000000001A4BD0 priority=690 host_priority=Normal affinity=0x7F
[LOADER][INFO] Scheduled guest thread 'ratamedia streamer' handle=0x00007EF87002DA70 entry=0x00000008002E53F0 arg=0x00000000001A4C00 priority=690 host_priority=Normal affinity=0x7F
SpriteMachine LoadShader `shaders/SpriteMachine.vert` + `shaders/SpriteMachine.frag`
[LOADER][TRACE] Import#900: libSceAudioOut:sceAudioOutOutput (QOQtbeDqsT4)
[LOADER][TRACE] Import#901: libSceAudioOut:sceAudioOutOutput (QOQtbeDqsT4)
[LOADER][TRACE] Import#902: libSceAudioOut:sceAudioOutOutput (QOQtbeDqsT4)
[LOADER][TRACE] Import#903: libSceAudioOut:sceAudioOutOutput (QOQtbeDqsT4)
[LOADER][TRACE] Import#904: libSceAudioOut:sceAudioOutOutput (QOQtbeDqsT4)
[LOADER][TRACE] Import#905: libSceAudioOut:sceAudioOutOutput (QOQtbeDqsT4)
[LOADER][TRACE] Import#906: libSceAudioOut:sceAudioOutOutput (QOQtbeDqsT4)
[LOADER][TRACE] Import#907: libSceAudioOut:sceAudioOutOutput (QOQtbeDqsT4)
[LOADER][TRACE] Import#908: libSceAudioOut:sceAudioOutOutput (QOQtbeDqsT4)
[LOADER][TRACE] Import#909: libSceAudioOut:sceAudioOutOutput (QOQtbeDqsT4)
[LOADER][TRACE] Import#910: libSceAudioOut:sceAudioOutOutput (QOQtbeDqsT4)
[LOADER][TRACE] Import#911: libSceAudioOut:sceAudioOutOutput (QOQtbeDqsT4)
[LOADER][TRACE] Import#912: libSceAudioOut:sceAudioOutOutput (QOQtbeDqsT4)
[LOADER][TRACE] Import#913: libSceAudioOut:sceAudioOutOutput (QOQtbeDqsT4)
[LOADER][TRACE] Import#914: libSceAudioOut:sceAudioOutOutput (QOQtbeDqsT4)
[LOADER][TRACE] Import#915: libSceAudioOut:sceAudioOutOutput (QOQtbeDqsT4)
[LOADER][TRACE] Import#916: libSceAudioOut:sceAudioOutOutput (QOQtbeDqsT4)
[LOADER][TRACE] Import#917: libSceAudioOut:sceAudioOutOutput (QOQtbeDqsT4)
[LOADER][TRACE] Import#918: libSceAudioOut:sceAudioOutOutput (QOQtbeDqsT4)
[LOADER][TRACE] Import#919: libSceAudioOut:sceAudioOutOutput (QOQtbeDqsT4)
[LOADER][TRACE] Import#920: libSceAudioOut:sceAudioOutOutput (QOQtbeDqsT4)
[LOADER][TRACE] Import#921: libSceAudioOut:sceAudioOutOutput (QOQtbeDqsT4)
[LOADER][TRACE] Import#922: libSceAudioOut:sceAudioOutOutput (QOQtbeDqsT4)
[LOADER][TRACE] Import#923: libSceAudioOut:sceAudioOutOutput (QOQtbeDqsT4)
[LOADER][TRACE] Import#924: libSceAudioOut:sceAudioOutOutput (QOQtbeDqsT4)
[LOADER][TRACE] Import#925: libSceAudioOut:sceAudioOutOutput (QOQtbeDqsT4)
[LOADER][TRACE] Import#926: libSceAudioOut:sceAudioOutOutput (QOQtbeDqsT4)
[LOADER][TRACE] Import#927: libSceAudioOut:sceAudioOutOutput (QOQtbeDqsT4)
[LOADER][TRACE] Import#928: libSceAudioOut:sceAudioOutOutput (QOQtbeDqsT4)
[LOADER][TRACE] Import#929: libSceAudioOut:sceAudioOutOutput (QOQtbeDqsT4)
[LOADER][TRACE] Import#930: libSceAudioOut:sceAudioOutOutput (QOQtbeDqsT4)
[LOADER][TRACE] Import#931: libSceAudioOut:sceAudioOutOutput (QOQtbeDqsT4)
[LOADER][TRACE] Import#932: libSceAudioOut:sceAudioOutOutput (QOQtbeDqsT4)
[LOADER][TRACE] Import#933: libSceAudioOut:sceAudioOutOutput (QOQtbeDqsT4)
[LOADER][TRACE] Import#934: libSceAudioOut:sceAudioOutOutput (QOQtbeDqsT4)
[LOADER][TRACE] Import#935: libSceAudioOut:sceAudioOutOutput (QOQtbeDqsT4)
[LOADER][TRACE] Import#936: libSceAudioOut:sceAudioOutOutput (QOQtbeDqsT4)
[LOADER][TRACE] Import#937: libSceAudioOut:sceAudioOutOutput (QOQtbeDqsT4)
[LOADER][TRACE] Import#938: libSceAudioOut:sceAudioOutOutput (QOQtbeDqsT4)
[LOADER][TRACE] Import#939: libSceAudioOut:sceAudioOutOutput (QOQtbeDqsT4)
[LOADER][TRACE] Import#940: libSceAudioOut:sceAudioOutOutput (QOQtbeDqsT4)
[LOADER][TRACE] Import#941: libSceAudioOut:sceAudioOutOutput (QOQtbeDqsT4)
[LOADER][TRACE] Import#942: libSceAudioOut:sceAudioOutOutput (QOQtbeDqsT4)
[LOADER][TRACE] Import#943: libSceAudioOut:sceAudioOutOutput (QOQtbeDqsT4)
[LOADER][TRACE] Import#944: libSceAudioOut:sceAudioOutOutput (QOQtbeDqsT4)
[LOADER][TRACE] Import#945: libSceAudioOut:sceAudioOutOutput (QOQtbeDqsT4)
[LOADER][TRACE] Import#946: libSceAudioOut:sceAudioOutOutput (QOQtbeDqsT4)
[LOADER][TRACE] Import#947: libSceAudioOut:sceAudioOutOutput (QOQtbeDqsT4)
[LOADER][TRACE] Import#948: libSceAudioOut:sceAudioOutOutput (QOQtbeDqsT4)
[LOADER][TRACE] Import#949: libSceAudioOut:sceAudioOutOutput (QOQtbeDqsT4)
[LOADER][TRACE] Import#950: libSceAudioOut:sceAudioOutOutput (QOQtbeDqsT4)
[LOADER][TRACE] Import#951: libSceAudioOut:sceAudioOutOutput (QOQtbeDqsT4)
[LOADER][TRACE] Import#952: libSceAudioOut:sceAudioOutOutput (QOQtbeDqsT4)
[LOADER][TRACE] Import#953: libSceAudioOut:sceAudioOutOutput (QOQtbeDqsT4)
[LOADER][TRACE] Import#954: libSceAudioOut:sceAudioOutOutput (QOQtbeDqsT4)
[NID-COUNTS] 1D0H2KNjshE=0 hsi9drzHR2k=0
[LOADER][TRACE] Import#955: libSceAudioOut:sceAudioOutOutput (QOQtbeDqsT4)
[LOADER][TRACE] Import#956: libSceAudioOut:sceAudioOutOutput (QOQtbeDqsT4)
[LOADER][TRACE] Import#957: libSceAudioOut:sceAudioOutOutput (QOQtbeDqsT4)
[LOADER][TRACE] Import#958: libSceAudioOut:sceAudioOutOutput (QOQtbeDqsT4)
[LOADER][TRACE] Import#959: libSceAudioOut:sceAudioOutOutput (QOQtbeDqsT4)
[LOADER][TRACE] Import#960: libSceAudioOut:sceAudioOutOutput (QOQtbeDqsT4)
[LOADER][TRACE] Import#961: libSceAudioOut:sceAudioOutOutput (QOQtbeDqsT4)
[LOADER][TRACE] Import#962: libSceAudioOut:sceAudioOutOutput (QOQtbeDqsT4)
[LOADER][TRACE] Import#963: libSceAudioOut:sceAudioOutOutput (QOQtbeDqsT4)
[LOADER][TRACE] Import#964: libSceAudioOut:sceAudioOutOutput (QOQtbeDqsT4)
[LOADER][TRACE] Import#965: libSceAudioOut:sceAudioOutOutput (QOQtbeDqsT4)
[LOADER][TRACE] Import#966: libSceAudioOut:sceAudioOutOutput (QOQtbeDqsT4)
[LOADER][TRACE] Import#967: libSceAudioOut:sceAudioOutOutput (QOQtbeDqsT4)
[LOADER][TRACE] Import#968: libSceAudioOut:sceAudioOutOutput (QOQtbeDqsT4)
[LOADER][TRACE] Import#969: libSceAudioOut:sceAudioOutOutput (QOQtbeDqsT4)
[LOADER][TRACE] Import#970: libSceAudioOut:sceAudioOutOutput (QOQtbeDqsT4)
[LOADER][TRACE] Import#971: libSceAudioOut:sceAudioOutOutput (QOQtbeDqsT4)
[LOADER][TRACE] Import#972: libSceAudioOut:sceAudioOutOutput (QOQtbeDqsT4)
[LOADER][TRACE] Import#973: libSceAudioOut:sceAudioOutOutput (QOQtbeDqsT4)
[LOADER][TRACE] Import#974: libSceAudioOut:sceAudioOutOutput (QOQtbeDqsT4)
[LOADER][TRACE] Import#975: libSceAudioOut:sceAudioOutOutput (QOQtbeDqsT4)
[LOADER][TRACE] Import#976: libSceAudioOut:sceAudioOutOutput (QOQtbeDqsT4)
[LOADER][TRACE] Import#977: libSceAudioOut:sceAudioOutOutput (QOQtbeDqsT4)
[LOADER][TRACE] Import#978: libSceAudioOut:sceAudioOutOutput (QOQtbeDqsT4)
[LOADER][TRACE] Import#979: libSceAudioOut:sceAudioOutOutput (QOQtbeDqsT4)
[LOADER][TRACE] Import#980: libSceAudioOut:sceAudioOutOutput (QOQtbeDqsT4)
[DIAG-VERIFY] Import #148000 OK: libc::libc:strcat ret=0x00006FFFE01EF170
[LOADER][TRACE] Import#981: libSceAudioOut:sceAudioOutOutput (QOQtbeDqsT4)
[LOADER][TRACE] Import#982: libSceAudioOut:sceAudioOutOutput (QOQtbeDqsT4)
[LOADER][TRACE] Import#983: libSceAudioOut:sceAudioOutOutput (QOQtbeDqsT4)
[LOADER][TRACE] Import#984: libSceAudioOut:sceAudioOutOutput (QOQtbeDqsT4)
[LOADER][TRACE] Import#985: libSceAudioOut:sceAudioOutOutput (QOQtbeDqsT4)
[LOADER][TRACE] Import#986: libSceAudioOut:sceAudioOutOutput (QOQtbeDqsT4)
[LOADER][TRACE] Import#987: libSceAudioOut:sceAudioOutOutput (QOQtbeDqsT4)
[LOADER][TRACE] Import#988: libSceAudioOut:sceAudioOutOutput (QOQtbeDqsT4)
[LOADER][TRACE] Import#989: libSceAudioOut:sceAudioOutOutput (QOQtbeDqsT4)
[LOADER][TRACE] Import#990: libSceAudioOut:sceAudioOutOutput (QOQtbeDqsT4)
[LOADER][TRACE] Import#991: libSceAudioOut:sceAudioOutOutput (QOQtbeDqsT4)
[LOADER][TRACE] Import#992: libSceAudioOut:sceAudioOutOutput (QOQtbeDqsT4)
[LOADER][TRACE] Import#993: libSceAudioOut:sceAudioOutOutput (QOQtbeDqsT4)
[LOADER][TRACE] Import#994: libSceAudioOut:sceAudioOutOutput (QOQtbeDqsT4)
[LOADER][TRACE] Import#995: libSceAudioOut:sceAudioOutOutput (QOQtbeDqsT4)
[LOADER][TRACE] Import#996: libSceAudioOut:sceAudioOutOutput (QOQtbeDqsT4)
[LOADER][TRACE] Import#997: libSceAudioOut:sceAudioOutOutput (QOQtbeDqsT4)
[LOADER][TRACE] Import#998: libSceAudioOut:sceAudioOutOutput (QOQtbeDqsT4)
[LOADER][TRACE] Import#999: libSceAudioOut:sceAudioOutOutput (QOQtbeDqsT4)
[LOADER][TRACE] Import#1000: libSceAudioOut:sceAudioOutOutput (QOQtbeDqsT4)
[LOADER][TRACE] Import#1001: libSceAudioOut:sceAudioOutOutput (QOQtbeDqsT4)
[DIAG-VERIFY] Import #1000 OK: libKernel::libKernel:scePthreadMutexLock ret=0x0000000000000000
[LOADER][TRACE] Import#1002: libSceAudioOut:sceAudioOutOutput (QOQtbeDqsT4)
[LOADER][TRACE] Import#1003: libSceAudioOut:sceAudioOutOutput (QOQtbeDqsT4)
[LOADER][TRACE] Import#1004: libSceAudioOut:sceAudioOutOutput (QOQtbeDqsT4)
[LOADER][TRACE] Import#1005: libSceAudioOut:sceAudioOutOutput (QOQtbeDqsT4)
[LOADER][TRACE] Import#1006: libSceAudioOut:sceAudioOutOutput (QOQtbeDqsT4)
[LOADER][TRACE] Import#1007: libSceAudioOut:sceAudioOutOutput (QOQtbeDqsT4)
[LOADER][TRACE] Import#1008: libSceAudioOut:sceAudioOutOutput (QOQtbeDqsT4)
[LOADER][TRACE] Import#1009: libSceAudioOut:sceAudioOutOutput (QOQtbeDqsT4)
[LOADER][TRACE] Import#1010: libSceAudioOut:sceAudioOutOutput (QOQtbeDqsT4)
[LOADER][TRACE] Import#1011: libSceAudioOut:sceAudioOutOutput (QOQtbeDqsT4)
[LOADER][TRACE] Import#1012: libSceAudioOut:sceAudioOutOutput (QOQtbeDqsT4)
[LOADER][TRACE] Import#1013: libSceAudioOut:sceAudioOutOutput (QOQtbeDqsT4)
[LOADER][TRACE] Import#1014: libSceAudioOut:sceAudioOutOutput (QOQtbeDqsT4)
[LOADER][TRACE] Import#1015: libSceAudioOut:sceAudioOutOutput (QOQtbeDqsT4)
[LOADER][TRACE] Import#1016: libSceAudioOut:sceAudioOutOutput (QOQtbeDqsT4)
[LOADER][TRACE] Import#1017: libSceAudioOut:sceAudioOutOutput (QOQtbeDqsT4)
[LOADER][TRACE] Import#1018: libSceAudioOut:sceAudioOutOutput (QOQtbeDqsT4)
[LOADER][TRACE] Import#1019: libSceAudioOut:sceAudioOutOutput (QOQtbeDqsT4)
[LOADER][TRACE] Import#1020: libSceAudioOut:sceAudioOutOutput (QOQtbeDqsT4)
[LOADER][TRACE] ImportCtx#1020: nid=QOQtbeDqsT4 ret=0x00000008002E2B3D rdi=0x0000000000000001 rsi=0x00006FFFDF1FEF90 rdx=0x0000000000000100 rcx=0x0000000000000000
[LOADER][TRACE] ImportNV#1020: rbx=0x0000000000000000 rbp=0x00006FFFDF1FFFC0 r12=0x00007EF88CEE5220 r13=0x00006FFFDF1FEF90 r14=0x0000000000000001 r15=0x00000008004C6B60
[LOADER][TRACE] ImportStackHead#1020: rsp=0x00006FFFDF1FEF78 [0]=0x00000008002E2B3D [20]=0x0000000000000000 [40]=0x0000000000000000
[LOADER][TRACE] ImportStack#1020: rsp=0x00006FFFDF1FEF78 [0]=0x00000008002E2B3D [8]=0x0000000000000000 [10]=0x0000800000008000 [18]=0x0000000000000000 [20]=0x0000000000000000 [28]=0x0000000000000000 [30]=0x0000000000000000 [38]=0x0000000000000000 [40]=0x0000000000000000
[LOADER][TRACE] ImportRet#1020: nid=QOQtbeDqsT4 result=ORBIS_GEN2_OK rax=0x0000000000000000
[LOADER][TRACE] Import#1021: libSceAudioOut:sceAudioOutOutput (QOQtbeDqsT4)
[LOADER][TRACE] ImportCtx#1021: nid=QOQtbeDqsT4 ret=0x00000008002E2B3D rdi=0x0000000000000001 rsi=0x00006FFFDF1FF790 rdx=0x0000000000000100 rcx=0x0000000000000000
[LOADER][TRACE] ImportNV#1021: rbx=0x0000000000000001 rbp=0x00006FFFDF1FFFC0 r12=0x00007EF88CEE5220 r13=0x00006FFFDF1FF790 r14=0x0000000000000001 r15=0x00000008004C6B60
[LOADER][TRACE] ImportStackHead#1021: rsp=0x00006FFFDF1FEF78 [0]=0x00000008002E2B3D [20]=0x0000000000000000 [40]=0x0000000000000000
[LOADER][TRACE] ImportStack#1021: rsp=0x00006FFFDF1FEF78 [0]=0x00000008002E2B3D [8]=0x0000000000000000 [10]=0x0000800000008000 [18]=0x0000000000000000 [20]=0x0000000000000000 [28]=0x0000000000000000 [30]=0x0000000000000000 [38]=0x0000000000000000 [40]=0x0000000000000000
[LOADER][TRACE] ImportRet#1021: nid=QOQtbeDqsT4 result=ORBIS_GEN2_OK rax=0x0000000000000000
[LOADER][TRACE] Import#1022: libSceAudioOut:sceAudioOutOutput (QOQtbeDqsT4)
[LOADER][TRACE] ImportCtx#1022: nid=QOQtbeDqsT4 ret=0x00000008002E2B3D rdi=0x0000000000000001 rsi=0x00006FFFDF1FEF90 rdx=0x0000000000000100 rcx=0x0000000000000000
[LOADER][TRACE] ImportNV#1022: rbx=0x0000000000000000 rbp=0x00006FFFDF1FFFC0 r12=0x00007EF88CEE5220 r13=0x00006FFFDF1FEF90 r14=0x0000000000000001 r15=0x00000008004C6B60
[LOADER][TRACE] ImportStackHead#1022: rsp=0x00006FFFDF1FEF78 [0]=0x00000008002E2B3D [20]=0x0000000000000000 [40]=0x0000000000000000
[LOADER][TRACE] ImportStack#1022: rsp=0x00006FFFDF1FEF78 [0]=0x00000008002E2B3D [8]=0x0000000000000000 [10]=0x0000800000008000 [18]=0x0000000000000000 [20]=0x0000000000000000 [28]=0x0000000000000000 [30]=0x0000000000000000 [38]=0x0000000000000000 [40]=0x0000000000000000
[LOADER][TRACE] ImportRet#1022: nid=QOQtbeDqsT4 result=ORBIS_GEN2_OK rax=0x0000000000000000
[LOADER][TRACE] Import#1023: libSceAudioOut:sceAudioOutOutput (QOQtbeDqsT4)
[LOADER][TRACE] ImportCtx#1023: nid=QOQtbeDqsT4 ret=0x00000008002E2B3D rdi=0x0000000000000001 rsi=0x00006FFFDF1FF790 rdx=0x0000000000000100 rcx=0x0000000000000000
[LOADER][TRACE] ImportNV#1023: rbx=0x0000000000000001 rbp=0x00006FFFDF1FFFC0 r12=0x00007EF88CEE5220 r13=0x00006FFFDF1FF790 r14=0x0000000000000001 r15=0x00000008004C6B60
[LOADER][TRACE] ImportStackHead#1023: rsp=0x00006FFFDF1FEF78 [0]=0x00000008002E2B3D [20]=0x0000000000000000 [40]=0x0000000000000000
[LOADER][TRACE] ImportStack#1023: rsp=0x00006FFFDF1FEF78 [0]=0x00000008002E2B3D [8]=0x0000000000000000 [10]=0x0000800000008000 [18]=0x0000000000000000 [20]=0x0000000000000000 [28]=0x0000000000000000 [30]=0x0000000000000000 [38]=0x0000000000000000 [40]=0x0000000000000000
[LOADER][TRACE] ImportRet#1023: nid=QOQtbeDqsT4 result=ORBIS_GEN2_OK rax=0x0000000000000000
[LOADER][TRACE] Import#1024: libSceAudioOut:sceAudioOutOutput (QOQtbeDqsT4)
[LOADER][TRACE] ImportCtx#1024: nid=QOQtbeDqsT4 ret=0x00000008002E2B3D rdi=0x0000000000000001 rsi=0x00006FFFDF1FEF90 rdx=0x0000000000000100 rcx=0x0000000000000000
[LOADER][TRACE] ImportNV#1024: rbx=0x0000000000000000 rbp=0x00006FFFDF1FFFC0 r12=0x00007EF88CEE5220 r13=0x00006FFFDF1FEF90 r14=0x0000000000000001 r15=0x00000008004C6B60
[LOADER][TRACE] ImportStackHead#1024: rsp=0x00006FFFDF1FEF78 [0]=0x00000008002E2B3D [20]=0x0000000000000000 [40]=0x0000000000000000
[LOADER][TRACE] ImportStack#1024: rsp=0x00006FFFDF1FEF78 [0]=0x00000008002E2B3D [8]=0x0000000000000000 [10]=0x0000800000008000 [18]=0x0000000000000000 [20]=0x0000000000000000 [28]=0x0000000000000000 [30]=0x0000000000000000 [38]=0x0000000000000000 [40]=0x0000000000000000
[LOADER][TRACE] ImportRet#1024: nid=QOQtbeDqsT4 result=ORBIS_GEN2_OK rax=0x0000000000000000
[LOADER][TRACE] vk.render_work_enter #0 sequence=1 queue=dcb.graphics submission=1 queued_ms=2.981 VulkanOffscreenGuestDraw
[LOADER][TRACE] vk.present_taken addr=0x0000000001260000 version=1 drawKind=None hasPixels=False hasTranslatedDraw=False
[LOADER][TRACE] vk.present_sample frame=1 addr=0x0000000001260000
[LOADER][TRACE] vk.swapchain_image size=1280x720 format=B8G8R8A8Unorm nonzero_bytes=3686400/3686400 nonblack_pixels=921600/921600 hash=0xB1F0512AF7B446AD
[LOADER][TRACE] vk.swapchain_dump path=/tmp/ds-golden-exp139/present-0001-1280x720-B8G8R8A8Unorm.bgra
[LOADER][INFO] Vulkan VideoOut presented guest frame: image=0x0000000001260000 3840x2160
[LOADER][TRACE] vk.render_work_enter #0 sequence=5 queue=dcb.graphics submission=2 queued_ms=0.073 VulkanOffscreenGuestDraw
[LOADER][TRACE] vk.present_taken addr=0x0000000003240000 version=2 drawKind=None hasPixels=False hasTranslatedDraw=False
[LOADER][TRACE] vk.swapchain_image size=1280x720 format=B8G8R8A8Unorm nonzero_bytes=3686400/3686400 nonblack_pixels=921600/921600 hash=0xB1F0512AF7B446AD
[LOADER][TRACE] vk.swapchain_dump path=/tmp/ds-golden-exp139/present-0002-1280x720-B8G8R8A8Unorm.bgra
[LOADER][TRACE] vk.render_work_enter #0 sequence=9 queue=dcb.graphics submission=3 queued_ms=0.081 VulkanOffscreenGuestDraw
[LOADER][TRACE] vk.present_taken addr=0x0000000001260000 version=3 drawKind=None hasPixels=False hasTranslatedDraw=False
[DIAG-VERIFY] Import #2000 OK: libKernel::libKernel:scePthreadMutexLock ret=0x0000000000000000
[LOADER][TRACE] vk.swapchain_image size=1280x720 format=B8G8R8A8Unorm nonzero_bytes=3686400/3686400 nonblack_pixels=921600/921600 hash=0xB1F0512AF7B446AD
[LOADER][TRACE] vk.swapchain_dump path=/tmp/ds-golden-exp139/present-0003-1280x720-B8G8R8A8Unorm.bgra
[LOADER][INFO] Scheduled guest thread 'run_c2init' handle=0x00007EF870043F00 entry=0x00000008002E53F0 arg=0x00000000001A4C90 priority=700 host_priority=Normal affinity=0x7F
[LOADER][TRACE] vk.render_work_enter #0 sequence=13 queue=dcb.graphics submission=4 queued_ms=0.059 VulkanOffscreenGuestDraw
----BEGIN C2 BOOT---- (1785865202.61)
[LOADER][TRACE] vk.present_taken addr=0x0000000003240000 version=4 drawKind=None hasPixels=False hasTranslatedDraw=False
[LOADER][INFO] Scheduled guest thread '(BackgroundLoader) P.Worker 0' handle=0x00007EF888001550 entry=0x00000008002E53F0 arg=0x00000000001A8350 priority=710 host_priority=Normal affinity=0x7F
[LOADER][INFO] Scheduled guest thread '(BackgroundLoader) P.Worker 1' handle=0x00007EF888003F00 entry=0x00000008002E53F0 arg=0x00000000001A8380 priority=710 host_priority=Normal affinity=0x7F
[LOADER][INFO] Scheduled guest thread '(BackgroundLoader) P.Worker 2' handle=0x00007EF8880069C0 entry=0x00000008002E53F0 arg=0x00000000001A83B0 priority=710 host_priority=Normal affinity=0x7F
[LOADER][INFO] Scheduled guest thread '(BackgroundLoader) P.Worker 3' handle=0x00007EF888009480 entry=0x00000008002E53F0 arg=0x00000000001A83E0 priority=710 host_priority=Normal affinity=0x7F
[LOADER][INFO] Scheduled guest thread '(BackgroundLoader) P.Worker 4' handle=0x00007EF88800BF40 entry=0x00000008002E53F0 arg=0x00000000001A8410 priority=710 host_priority=Normal affinity=0x7F
[LOADER][INFO] Scheduled guest thread '(BackgroundLoader) P.Worker 5' handle=0x00007EF88800EC10 entry=0x00000008002E53F0 arg=0x00000000001A8440 priority=710 host_priority=Normal affinity=0x7F
[LOADER][INFO] Scheduled guest thread '(BackgroundLoader) P.Worker 6' handle=0x00007EF8880116D0 entry=0x00000008002E53F0 arg=0x00000000001A8470 priority=710 host_priority=Normal affinity=0x7F
[LOADER][TRACE] vk.swapchain_image size=1280x720 format=B8G8R8A8Unorm nonzero_bytes=3686400/3686400 nonblack_pixels=921600/921600 hash=0xB1F0512AF7B446AD
[LOADER][TRACE] vk.swapchain_dump path=/tmp/ds-golden-exp139/present-0004-1280x720-B8G8R8A8Unorm.bgra
[LOADER][INFO] Scheduled guest thread '(BackgroundLoader) P.Worker 7' handle=0x00007EF888014190 entry=0x00000008002E53F0 arg=0x00000000001A84A0 priority=710 host_priority=Normal affinity=0x7F
[LOADER][INFO] Scheduled guest thread '(BackgroundLoader) P.Worker 8' handle=0x00007EF8880151F0 entry=0x00000008002E53F0 arg=0x00000000001A84D0 priority=710 host_priority=Normal affinity=0x7F
[LOADER][INFO] Scheduled guest thread '(BackgroundLoader) P.Worker 9' handle=0x00007EF888017C90 entry=0x00000008002E53F0 arg=0x00000000001A8500 priority=710 host_priority=Normal affinity=0x7F
[LOADER][INFO] Scheduled guest thread '(BackgroundLoader) P.Worker 10' handle=0x00007EF88801A750 entry=0x00000008002E53F0 arg=0x00000000001A8530 priority=710 host_priority=Normal affinity=0x7F
[LOADER][INFO] Scheduled guest thread '(BackgroundLoader) P.Worker 11' handle=0x00007EF88801D210 entry=0x00000008002E53F0 arg=0x00000000001A8560 priority=710 host_priority=Normal affinity=0x7F
[LOADER][INFO] Scheduled guest thread '(BackgroundLoader) P.Worker 12' handle=0x00007EF88801FCD0 entry=0x00000008002E53F0 arg=0x00000000001A8590 priority=710 host_priority=Normal affinity=0x7F
[LOADER][TRACE] vk.render_work_enter #2 sequence=17 queue=dcb.graphics submission=5 queued_ms=0.958 VulkanOffscreenGuestDraw
[LOADER][TRACE] vk.present_taken addr=0x0000000001260000 version=5 drawKind=None hasPixels=False hasTranslatedDraw=False
[LOADER][INFO] Scheduled guest thread '(BackgroundLoader) P.Worker 13' handle=0x00007EF888022790 entry=0x00000008002E53F0 arg=0x00000000001A85C0 priority=710 host_priority=Normal affinity=0x7F
[LOADER][INFO] Scheduled guest thread '(BackgroundLoader) P.Worker 14' handle=0x00007EF888025660 entry=0x00000008002E53F0 arg=0x00000000001A85F0 priority=710 host_priority=Normal affinity=0x7F
[NID-COUNTS] 1D0H2KNjshE=0 hsi9drzHR2k=0
[LOADER][INFO] Scheduled guest thread 'background loader' handle=0x00007EF888028120 entry=0x00000008002E53F0 arg=0x00000000001A8620 priority=690 host_priority=Normal affinity=0x7F
[DIAG-VERIFY] Import #1000 OK: libKernel::libKernel:__error ret=0x00006FFDF1000040
[DIAG-VERIFY] Import #2000 OK: libKernel::libKernel:__error ret=0x00006FFDF1000040
[DIAG-VERIFY] Import #3000 OK: libc::libc:memchr ret=0x0000000000000000
[DIAG-VERIFY] Import #4000 OK: libKernel::libKernel:__error ret=0x00006FFDF1000040
[DIAG-VERIFY] Import #5000 OK: libKernel::libKernel:__error ret=0x00006FFDF1000040
[DIAG-VERIFY] Import #6000 OK: libKernel::libKernel:__error ret=0x00006FFDF1000040
[DIAG-VERIFY] Import #7000 OK: libKernel::libKernel:__error ret=0x00006FFDF1000040
[DIAG-VERIFY] Import #8000 OK: libKernel::libKernel:__error ret=0x00006FFDF1000040
[DIAG-VERIFY] Import #9000 OK: libKernel::libKernel:__error ret=0x00006FFDF1000040
[DIAG-VERIFY] Import #10000 OK: libKernel::libKernel:__error ret=0x00006FFDF1000040
[LOADER][TRACE] vk.swapchain_image size=1280x720 format=B8G8R8A8Unorm nonzero_bytes=3686400/3686400 nonblack_pixels=921600/921600 hash=0xB1F0512AF7B446AD
[LOADER][TRACE] vk.swapchain_dump path=/tmp/ds-golden-exp139/present-0005-1280x720-B8G8R8A8Unorm.bgra
[DIAG-VERIFY] Import #11000 OK: libKernel::libKernel:__error ret=0x00006FFDF1000040
[DIAG-VERIFY] Import #12000 OK: libKernel::libKernel:__error ret=0x00006FFDF1000040
[LOADER][TRACE] vk.render_work_enter #1 sequence=21 queue=dcb.graphics submission=6 queued_ms=5.808 VulkanOffscreenGuestDraw
[LOADER][TRACE] vk.present_taken addr=0x0000000003240000 version=6 drawKind=None hasPixels=False hasTranslatedDraw=False
[DIAG-VERIFY] Import #13000 OK: libKernel::libKernel:__error ret=0x00006FFDF1000040
[DIAG-VERIFY] Import #14000 OK: libKernel::libKernel:__error ret=0x00006FFDF1000040
[DIAG-VERIFY] Import #15000 OK: libKernel::libKernel:__error ret=0x00006FFDF1000040
[DIAG-VERIFY] Import #16000 OK: libKernel::libKernel:__error ret=0x00006FFDF1000040
[DIAG-VERIFY] Import #17000 OK: libKernel::libKernel:__error ret=0x00006FFDF1000040
[DIAG-VERIFY] Import #18000 OK: libKernel::libKernel:__error ret=0x00006FFDF1000040
[DIAG-VERIFY] Import #19000 OK: libKernel::libKernel:__error ret=0x00006FFDF1000040
[DIAG-VERIFY] Import #20000 OK: libKernel::libKernel:__error ret=0x00006FFDF1000040
[DIAG-VERIFY] Import #21000 OK: libKernel::libKernel:__error ret=0x00006FFDF1000040
[DIAG-VERIFY] Import #22000 OK: libKernel::libKernel:__error ret=0x00006FFDF1000040
[DIAG-VERIFY] Import #23000 OK: libKernel::libKernel:__error ret=0x00006FFDF1000040
[DIAG-VERIFY] Import #24000 OK: libKernel::libKernel:__error ret=0x00006FFDF1000040
[DIAG-VERIFY] Import #25000 OK: libKernel::libKernel:__error ret=0x00006FFDF1000040
[DIAG-VERIFY] Import #26000 OK: libKernel::libKernel:__error ret=0x00006FFDF1000040
[DIAG-VERIFY] Import #27000 OK: libKernel::libKernel:__error ret=0x00006FFDF1000040
[DIAG-VERIFY] Import #28000 OK: libKernel::libKernel:__error ret=0x00006FFDF1000040
[DIAG-VERIFY] Import #29000 OK: libKernel::libKernel:__error ret=0x00006FFDF1000040
[LOADER][TRACE] vk.swapchain_image size=1280x720 format=B8G8R8A8Unorm nonzero_bytes=3686400/3686400 nonblack_pixels=921600/921600 hash=0xB1F0512AF7B446AD
[LOADER][TRACE] vk.swapchain_dump path=/tmp/ds-golden-exp139/present-0006-1280x720-B8G8R8A8Unorm.bgra
[DIAG-VERIFY] Import #30000 OK: libKernel::libKernel:__error ret=0x00006FFDF1000040
[DIAG-VERIFY] Import #31000 OK: libKernel::libKernel:__error ret=0x00006FFDF1000040
[DIAG-VERIFY] Import #32000 OK: libKernel::libKernel:__error ret=0x00006FFDF1000040
[DIAG-VERIFY] Import #33000 OK: libKernel::libKernel:__error ret=0x00006FFDF1000040
[DIAG-VERIFY] Import #34000 OK: libKernel::libKernel:__error ret=0x00006FFDF1000040
[DIAG-VERIFY] Import #35000 OK: libKernel::libKernel:__error ret=0x00006FFDF1000040
[DIAG-VERIFY] Import #36000 OK: libKernel::libKernel:__error ret=0x00006FFDF1000040
[DIAG-VERIFY] Import #37000 OK: libKernel::libKernel:__error ret=0x00006FFDF1000040
[DIAG-VERIFY] Import #38000 OK: libKernel::libKernel:__error ret=0x00006FFDF1000040
[LOADER][TRACE] Import#200000: libKernel:__error (9BcDykPmo1I)
[DIAG-VERIFY] Import #39000 OK: libKernel::libKernel:__error ret=0x00006FFDF1000040
[DIAG-VERIFY] Import #40000 OK: libKernel::libKernel:__error ret=0x00006FFDF1000040
[DIAG-VERIFY] Import #41000 OK: libKernel::libKernel:__error ret=0x00006FFDF1000040
[DIAG-VERIFY] Import #42000 OK: libKernel::libKernel:__error ret=0x00006FFDF1000040
[DIAG-VERIFY] Import #43000 OK: libKernel::libKernel:__error ret=0x00006FFDF1000040
[LOADER][TRACE] vk.render_work_enter #0 sequence=25 queue=dcb.graphics submission=7 queued_ms=0.078 VulkanOffscreenGuestDraw
[LOADER][TRACE] vk.present_taken addr=0x0000000001260000 version=7 drawKind=None hasPixels=False hasTranslatedDraw=False
[DIAG-VERIFY] Import #44000 OK: libKernel::libKernel:__error ret=0x00006FFDF1000040
[DIAG-VERIFY] Import #45000 OK: libKernel::libKernel:__error ret=0x00006FFDF1000040
[DIAG-VERIFY] Import #46000 OK: libKernel::libKernel:__error ret=0x00006FFDF1000040
[DIAG-VERIFY] Import #47000 OK: libKernel::libKernel:__error ret=0x00006FFDF1000040
[DIAG-VERIFY] Import #48000 OK: libc::libc:memchr ret=0x0000000000000000
[DIAG-VERIFY] Import #49000 OK: libKernel::libKernel:__error ret=0x00006FFDF1000040
[DIAG-VERIFY] Import #50000 OK: libKernel::libKernel:__error ret=0x00006FFDF1000040
[DIAG-VERIFY] Import #51000 OK: libKernel::libKernel:__error ret=0x00006FFDF1000040
[DIAG-VERIFY] Import #52000 OK: libKernel::libKernel:__error ret=0x00006FFDF1000040
[DIAG-VERIFY] Import #53000 OK: libKernel::libKernel:__error ret=0x00006FFDF1000040
[DIAG-VERIFY] Import #54000 OK: libKernel::libKernel:__error ret=0x00006FFDF1000040
[DIAG-VERIFY] Import #55000 OK: libKernel::libKernel:__error ret=0x00006FFDF1000040
[DIAG-VERIFY] Import #56000 OK: libKernel::libKernel:__error ret=0x00006FFDF1000040
[DIAG-VERIFY] Import #57000 OK: libKernel::libKernel:__error ret=0x00006FFDF1000040
[DIAG-VERIFY] Import #58000 OK: libKernel::libKernel:__error ret=0x00006FFDF1000040
[DIAG-VERIFY] Import #59000 OK: libKernel::libKernel:__error ret=0x00006FFDF1000040
[DIAG-VERIFY] Import #60000 OK: libKernel::libKernel:__error ret=0x00006FFDF1000040
[DIAG-VERIFY] Import #61000 OK: libKernel::libKernel:__error ret=0x00006FFDF1000040
[DIAG-VERIFY] Import #62000 OK: libKernel::libKernel:__error ret=0x00006FFDF1000040
[DIAG-VERIFY] Import #63000 OK: libKernel::libKernel:__error ret=0x00006FFDF1000040
[DIAG-VERIFY] Import #64000 OK: libKernel::libKernel:__error ret=0x00006FFDF1000040
[DIAG-VERIFY] Import #65000 OK: libKernel::libKernel:__error ret=0x00006FFDF1000040
[DIAG-VERIFY] Import #66000 OK: libKernel::libKernel:__error ret=0x00006FFDF1000040
[DIAG-VERIFY] Import #67000 OK: libKernel::libKernel:__error ret=0x00006FFDF1000040
[DIAG-VERIFY] Import #68000 OK: libKernel::libKernel:__error ret=0x00006FFDF1000040
[DIAG-VERIFY] Import #69000 OK: libKernel::libKernel:__error ret=0x00006FFDF1000040
[DIAG-VERIFY] Import #70000 OK: libKernel::libKernel:__error ret=0x00006FFDF1000040
[DIAG-VERIFY] Import #71000 OK: libKernel::libKernel:__error ret=0x00006FFDF1000040
[DIAG-VERIFY] Import #72000 OK: libKernel::libKernel:__error ret=0x00006FFDF1000040
[DIAG-VERIFY] Import #73000 OK: libKernel::libKernel:__error ret=0x00006FFDF1000040
[DIAG-VERIFY] Import #74000 OK: libKernel::libKernel:__error ret=0x00006FFDF1000040
[DIAG-VERIFY] Import #75000 OK: libKernel::libKernel:__error ret=0x00006FFDF1000040
[DIAG-VERIFY] Import #76000 OK: libKernel::libKernel:__error ret=0x00006FFDF1000040
[DIAG-VERIFY] Import #77000 OK: libKernel::libKernel:__error ret=0x00006FFDF1000040
[DIAG-VERIFY] Import #78000 OK: libKernel::libKernel:__error ret=0x00006FFDF1000040
[DIAG-VERIFY] Import #79000 OK: libKernel::libKernel:__error ret=0x00006FFDF1000040
[DIAG-VERIFY] Import #80000 OK: libKernel::libKernel:__error ret=0x00006FFDF1000040
[DIAG-VERIFY] Import #81000 OK: libKernel::libKernel:__error ret=0x00006FFDF1000040
[DIAG-VERIFY] Import #82000 OK: libKernel::libKernel:__error ret=0x00006FFDF1000040
[DIAG-VERIFY] Import #83000 OK: libKernel::libKernel:__error ret=0x00006FFDF1000040
[DIAG-VERIFY] Import #84000 OK: libKernel::libKernel:__error ret=0x00006FFDF1000040
[DIAG-VERIFY] Import #85000 OK: libKernel::libKernel:__error ret=0x00006FFDF1000040
[DIAG-VERIFY] Import #86000 OK: libKernel::libKernel:__error ret=0x00006FFDF1000040
[DIAG-VERIFY] Import #87000 OK: libKernel::libKernel:__error ret=0x00006FFDF1000040
[DIAG-VERIFY] Import #88000 OK: libKernel::libKernel:__error ret=0x00006FFDF1000040
[DIAG-VERIFY] Import #89000 OK: libKernel::libKernel:__error ret=0x00006FFDF1000040
[DIAG-VERIFY] Import #90000 OK: libKernel::libKernel:__error ret=0x00006FFDF1000040
[DIAG-VERIFY] Import #91000 OK: libKernel::libKernel:__error ret=0x00006FFDF1000040
[DIAG-VERIFY] Import #92000 OK: libKernel::libKernel:__error ret=0x00006FFDF1000040
[LOADER][TRACE] vk.swapchain_image size=1280x720 format=B8G8R8A8Unorm nonzero_bytes=3686400/3686400 nonblack_pixels=921600/921600 hash=0xB1F0512AF7B446AD
[DIAG-VERIFY] Import #93000 OK: libKernel::libKernel:__error ret=0x00006FFDF1000040
[DIAG-VERIFY] Import #94000 OK: libKernel::libKernel:__error ret=0x00006FFDF1000040
[LOADER][TRACE] vk.swapchain_dump path=/tmp/ds-golden-exp139/present-0007-1280x720-B8G8R8A8Unorm.bgra
[DIAG-VERIFY] Import #95000 OK: libKernel::libKernel:__error ret=0x00006FFDF1000040
[DIAG-VERIFY] Import #96000 OK: libKernel::libKernel:__error ret=0x00006FFDF1000040
[DIAG-VERIFY] Import #97000 OK: libKernel::libKernel:__error ret=0x00006FFDF1000040
[DIAG-VERIFY] Import #98000 OK: libKernel::libKernel:__error ret=0x00006FFDF1000040
[DIAG-VERIFY] Import #99000 OK: libKernel::libKernel:__error ret=0x00006FFDF1000040
[DIAG-VERIFY] Import #100000 OK: libKernel::libKernel:__error ret=0x00006FFDF1000040
[DIAG-VERIFY] Import #101000 OK: libKernel::libKernel:__error ret=0x00006FFDF1000040
[DIAG-VERIFY] Import #102000 OK: libKernel::libKernel:__error ret=0x00006FFDF1000040
[DIAG-VERIFY] Import #103000 OK: libKernel::libKernel:__error ret=0x00006FFDF1000040
[DIAG-VERIFY] Import #104000 OK: libKernel::libKernel:__error ret=0x00006FFDF1000040
[DIAG-VERIFY] Import #105000 OK: libKernel::libKernel:__error ret=0x00006FFDF1000040
[DIAG-VERIFY] Import #106000 OK: libKernel::libKernel:__error ret=0x00006FFDF1000040
[DIAG-VERIFY] Import #107000 OK: libKernel::libKernel:__error ret=0x00006FFDF1000040
[DIAG-VERIFY] Import #108000 OK: libKernel::libKernel:__error ret=0x00006FFDF1000040
[DIAG-VERIFY] Import #109000 OK: libKernel::libKernel:__error ret=0x00006FFDF1000040
[DIAG-VERIFY] Import #110000 OK: libKernel::libKernel:__error ret=0x00006FFDF1000040
[DIAG-VERIFY] Import #111000 OK: libKernel::libKernel:__error ret=0x00006FFDF1000040
[DIAG-VERIFY] Import #112000 OK: libKernel::libKernel:__error ret=0x00006FFDF1000040
[DIAG-VERIFY] Import #113000 OK: libKernel::libKernel:__error ret=0x00006FFDF1000040
[DIAG-VERIFY] Import #114000 OK: libKernel::libKernel:__error ret=0x00006FFDF1000040
[DIAG-VERIFY] Import #115000 OK: libKernel::libKernel:__error ret=0x00006FFDF1000040
[DIAG-VERIFY] Import #116000 OK: libKernel::libKernel:__error ret=0x00006FFDF1000040
[DIAG-VERIFY] Import #117000 OK: libKernel::libKernel:__error ret=0x00006FFDF1000040
[DIAG-VERIFY] Import #118000 OK: libKernel::libKernel:__error ret=0x00006FFDF1000040
[LOADER][TRACE] vk.render_work_enter #0 sequence=29 queue=dcb.graphics submission=8 queued_ms=1.691 VulkanOffscreenGuestDraw
[LOADER][TRACE] vk.present_taken addr=0x0000000003240000 version=8 drawKind=None hasPixels=False hasTranslatedDraw=False
[DIAG-VERIFY] Import #119000 OK: libKernel::libKernel:__error ret=0x00006FFDF1000040
[DIAG-VERIFY] Import #120000 OK: libKernel::libKernel:__error ret=0x00006FFDF1000040
[DIAG-VERIFY] Import #121000 OK: libKernel::libKernel:__error ret=0x00006FFDF1000040
[DIAG-VERIFY] Import #122000 OK: libKernel::libKernel:__error ret=0x00006FFDF1000040
[DIAG-VERIFY] Import #123000 OK: libKernel::libKernel:__error ret=0x00006FFDF1000040
[DIAG-VERIFY] Import #124000 OK: libKernel::libKernel:__error ret=0x00006FFDF1000040
[DIAG-VERIFY] Import #125000 OK: libKernel::libKernel:__error ret=0x00006FFDF1000040
[DIAG-VERIFY] Import #126000 OK: libKernel::libKernel:__error ret=0x00006FFDF1000040
[DIAG-VERIFY] Import #127000 OK: libKernel::libKernel:__error ret=0x00006FFDF1000040
[DIAG-VERIFY] Import #128000 OK: libKernel::libKernel:__error ret=0x00006FFDF1000040
[DIAG-VERIFY] Import #129000 OK: libKernel::libKernel:__error ret=0x00006FFDF1000040
[DIAG-VERIFY] Import #130000 OK: libKernel::libKernel:__error ret=0x00006FFDF1000040
[DIAG-VERIFY] Import #131000 OK: libKernel::libKernel:__error ret=0x00006FFDF1000040
[DIAG-VERIFY] Import #132000 OK: libKernel::libKernel:__error ret=0x00006FFDF1000040
[DIAG-VERIFY] Import #133000 OK: libKernel::libKernel:__error ret=0x00006FFDF1000040
[DIAG-VERIFY] Import #134000 OK: libKernel::libKernel:__error ret=0x00006FFDF1000040
[DIAG-VERIFY] Import #135000 OK: libKernel::libKernel:__error ret=0x00006FFDF1000040
[DIAG-VERIFY] Import #136000 OK: libKernel::libKernel:__error ret=0x00006FFDF1000040
[DIAG-VERIFY] Import #137000 OK: libKernel::libKernel:__error ret=0x00006FFDF1000040
[LOADER][TRACE] Import#300000: libKernel:__error (9BcDykPmo1I)
[DIAG-VERIFY] Import #138000 OK: libKernel::libKernel:__error ret=0x00006FFDF1000040
[DIAG-VERIFY] Import #139000 OK: libKernel::libKernel:__error ret=0x00006FFDF1000040
[DIAG-VERIFY] Import #140000 OK: libKernel::libKernel:__error ret=0x00006FFDF1000040
[DIAG-VERIFY] Import #141000 OK: libKernel::libKernel:__error ret=0x00006FFDF1000040
[DIAG-VERIFY] Import #142000 OK: libKernel::libKernel:__error ret=0x00006FFDF1000040
[DIAG-VERIFY] Import #143000 OK: libKernel::libKernel:__error ret=0x00006FFDF1000040
[DIAG-VERIFY] Import #144000 OK: libKernel::libKernel:__error ret=0x00006FFDF1000040
[DIAG-VERIFY] Import #145000 OK: libKernel::libKernel:__error ret=0x00006FFDF1000040
[DIAG-VERIFY] Import #146000 OK: libKernel::libKernel:__error ret=0x00006FFDF1000040
[DIAG-VERIFY] Import #147000 OK: libKernel::libKernel:__error ret=0x00006FFDF1000040
[DIAG-VERIFY] Import #148000 OK: libKernel::libKernel:__error ret=0x00006FFDF1000040
[DIAG-VERIFY] Import #149000 OK: libKernel::libKernel:__error ret=0x00006FFDF1000040
[DIAG-VERIFY] Import #150000 OK: libKernel::libKernel:__error ret=0x00006FFDF1000040
[DIAG-VERIFY] Import #151000 OK: libKernel::libKernel:__error ret=0x00006FFDF1000040
[DIAG-VERIFY] Import #152000 OK: libKernel::libKernel:__error ret=0x00006FFDF1000040
[DIAG-VERIFY] Import #153000 OK: libKernel::libKernel:__error ret=0x00006FFDF1000040
[DIAG-VERIFY] Import #154000 OK: libKernel::libKernel:__error ret=0x00006FFDF1000040
[DIAG-VERIFY] Import #155000 OK: libKernel::libKernel:__error ret=0x00006FFDF1000040
[DIAG-VERIFY] Import #156000 OK: libKernel::libKernel:__error ret=0x00006FFDF1000040
[DIAG-VERIFY] Import #157000 OK: libKernel::libKernel:__error ret=0x00006FFDF1000040
[DIAG-VERIFY] Import #158000 OK: libKernel::libKernel:__error ret=0x00006FFDF1000040
[DIAG-VERIFY] Import #159000 OK: libKernel::libKernel:__error ret=0x00006FFDF1000040
[DIAG-VERIFY] Import #160000 OK: libKernel::libKernel:__error ret=0x00006FFDF1000040
[DIAG-VERIFY] Import #161000 OK: libKernel::libKernel:__error ret=0x00006FFDF1000040
[DIAG-VERIFY] Import #162000 OK: libKernel::libKernel:__error ret=0x00006FFDF1000040
[DIAG-VERIFY] Import #163000 OK: libKernel::libKernel:__error ret=0x00006FFDF1000040
[DIAG-VERIFY] Import #164000 OK: libKernel::libKernel:__error ret=0x00006FFDF1000040
[DIAG-VERIFY] Import #165000 OK: libKernel::libKernel:__error ret=0x00006FFDF1000040
[DIAG-VERIFY] Import #166000 OK: libc::libc:memchr ret=0x0000000000000000
[DIAG-VERIFY] Import #167000 OK: libKernel::libKernel:__error ret=0x00006FFDF1000040
[DIAG-VERIFY] Import #168000 OK: libKernel::libKernel:__error ret=0x00006FFDF1000040
[DIAG-VERIFY] Import #169000 OK: libKernel::libKernel:__error ret=0x00006FFDF1000040
[DIAG-VERIFY] Import #170000 OK: libKernel::libKernel:__error ret=0x00006FFDF1000040
[DIAG-VERIFY] Import #171000 OK: libKernel::libKernel:__error ret=0x00006FFDF1000040
[DIAG-VERIFY] Import #172000 OK: libKernel::libKernel:__error ret=0x00006FFDF1000040
[DIAG-VERIFY] Import #173000 OK: libKernel::libKernel:__error ret=0x00006FFDF1000040
[DIAG-VERIFY] Import #174000 OK: libKernel::libKernel:__error ret=0x00006FFDF1000040
[DIAG-VERIFY] Import #175000 OK: libKernel::libKernel:__error ret=0x00006FFDF1000040
[DIAG-VERIFY] Import #176000 OK: libKernel::libKernel:__error ret=0x00006FFDF1000040
[DIAG-VERIFY] Import #177000 OK: libKernel::libKernel:__error ret=0x00006FFDF1000040
[DIAG-VERIFY] Import #178000 OK: libKernel::libKernel:__error ret=0x00006FFDF1000040
[DIAG-VERIFY] Import #179000 OK: libKernel::libKernel:__error ret=0x00006FFDF1000040
[DIAG-VERIFY] Import #180000 OK: libKernel::libKernel:__error ret=0x00006FFDF1000040
[DIAG-VERIFY] Import #181000 OK: libKernel::libKernel:__error ret=0x00006FFDF1000040
[DIAG-VERIFY] Import #182000 OK: libKernel::libKernel:__error ret=0x00006FFDF1000040
[DIAG-VERIFY] Import #183000 OK: libKernel::libKernel:__error ret=0x00006FFDF1000040
[DIAG-VERIFY] Import #184000 OK: libKernel::libKernel:__error ret=0x00006FFDF1000040
[DIAG-VERIFY] Import #185000 OK: libKernel::libKernel:__error ret=0x00006FFDF1000040
[DIAG-VERIFY] Import #186000 OK: libKernel::libKernel:__error ret=0x00006FFDF1000040
[DIAG-VERIFY] Import #187000 OK: libKernel::libKernel:__error ret=0x00006FFDF1000040
[DIAG-VERIFY] Import #188000 OK: libKernel::libKernel:__error ret=0x00006FFDF1000040
[LOADER][TRACE] vk.swapchain_image size=1280x720 format=B8G8R8A8Unorm nonzero_bytes=3686400/3686400 nonblack_pixels=921600/921600 hash=0xB1F0512AF7B446AD
[DIAG-VERIFY] Import #189000 OK: libKernel::libKernel:__error ret=0x00006FFDF1000040
[DIAG-VERIFY] Import #190000 OK: libKernel::libKernel:__error ret=0x00006FFDF1000040
[DIAG-VERIFY] Import #191000 OK: libKernel::libKernel:__error ret=0x00006FFDF1000040
[DIAG-VERIFY] Import #192000 OK: libKernel::libKernel:__error ret=0x00006FFDF1000040
[DIAG-VERIFY] Import #193000 OK: libKernel::libKernel:__error ret=0x00006FFDF1000040
[LOADER][TRACE] vk.swapchain_dump path=/tmp/ds-golden-exp139/present-0008-1280x720-B8G8R8A8Unorm.bgra
[DIAG-VERIFY] Import #194000 OK: libKernel::libKernel:__error ret=0x00006FFDF1000040
[DIAG-VERIFY] Import #195000 OK: libKernel::libKernel:__error ret=0x00006FFDF1000040
[DIAG-VERIFY] Import #196000 OK: libKernel::libKernel:__error ret=0x00006FFDF1000040
[DIAG-VERIFY] Import #197000 OK: libKernel::libKernel:__error ret=0x00006FFDF1000040
[DIAG-VERIFY] Import #198000 OK: libKernel::libKernel:__error ret=0x00006FFDF1000040
[DIAG-VERIFY] Import #199000 OK: libKernel::libKernel:__error ret=0x00006FFDF1000040
[DIAG-VERIFY] Import #200000 OK: libKernel::libKernel:__error ret=0x00006FFDF1000040
[DIAG-VERIFY] Import #201000 OK: libKernel::libKernel:__error ret=0x00006FFDF1000040
[DIAG-VERIFY] Import #202000 OK: libKernel::libKernel:__error ret=0x00006FFDF1000040
[DIAG-VERIFY] Import #203000 OK: libKernel::libKernel:__error ret=0x00006FFDF1000040
[DIAG-VERIFY] Import #204000 OK: libKernel::libKernel:__error ret=0x00006FFDF1000040
[DIAG-VERIFY] Import #205000 OK: libKernel::libKernel:__error ret=0x00006FFDF1000040
[LOADER][TRACE] vk.render_work_enter #0 sequence=33 queue=dcb.graphics submission=9 queued_ms=3.119 VulkanOffscreenGuestDraw
[DIAG-VERIFY] Import #206000 OK: libKernel::libKernel:__error ret=0x00006FFDF1000040
[LOADER][TRACE] vk.present_taken addr=0x0000000001260000 version=9 drawKind=None hasPixels=False hasTranslatedDraw=False
[DIAG-VERIFY] Import #207000 OK: libKernel::libKernel:__error ret=0x00006FFDF1000040
[DIAG-VERIFY] Import #208000 OK: libKernel::libKernel:__error ret=0x00006FFDF1000040
[DIAG-VERIFY] Import #209000 OK: libKernel::libKernel:__error ret=0x00006FFDF1000040
[DIAG-VERIFY] Import #210000 OK: libKernel::libKernel:__error ret=0x00006FFDF1000040
[DIAG-VERIFY] Import #211000 OK: libKernel::libKernel:__error ret=0x00006FFDF1000040
[DIAG-VERIFY] Import #212000 OK: libKernel::libKernel:__error ret=0x00006FFDF1000040
[DIAG-VERIFY] Import #213000 OK: libKernel::libKernel:__error ret=0x00006FFDF1000040
[DIAG-VERIFY] Import #214000 OK: libKernel::libKernel:__error ret=0x00006FFDF1000040
[DIAG-VERIFY] Import #215000 OK: libKernel::libKernel:__error ret=0x00006FFDF1000040
[DIAG-VERIFY] Import #216000 OK: libKernel::libKernel:__error ret=0x00006FFDF1000040
[DIAG-VERIFY] Import #217000 OK: libKernel::libKernel:__error ret=0x00006FFDF1000040
[DIAG-VERIFY] Import #218000 OK: libKernel::libKernel:__error ret=0x00006FFDF1000040
[DIAG-VERIFY] Import #219000 OK: libKernel::libKernel:__error ret=0x00006FFDF1000040
[DIAG-VERIFY] Import #220000 OK: libKernel::libKernel:__error ret=0x00006FFDF1000040
[DIAG-VERIFY] Import #221000 OK: libKernel::libKernel:__error ret=0x00006FFDF1000040
[DIAG-VERIFY] Import #222000 OK: libKernel::libKernel:__error ret=0x00006FFDF1000040
[DIAG-VERIFY] Import #223000 OK: libKernel::libKernel:__error ret=0x00006FFDF1000040
[DIAG-VERIFY] Import #224000 OK: libKernel::libKernel:__error ret=0x00006FFDF1000040
[DIAG-VERIFY] Import #225000 OK: libKernel::libKernel:__error ret=0x00006FFDF1000040
[DIAG-VERIFY] Import #226000 OK: libKernel::libKernel:__error ret=0x00006FFDF1000040
[DIAG-VERIFY] Import #227000 OK: libKernel::libKernel:__error ret=0x00006FFDF1000040
[DIAG-VERIFY] Import #228000 OK: libKernel::libKernel:__error ret=0x00006FFDF1000040
[DIAG-VERIFY] Import #229000 OK: libKernel::libKernel:__error ret=0x00006FFDF1000040
[DIAG-VERIFY] Import #230000 OK: libKernel::libKernel:__error ret=0x00006FFDF1000040
[DIAG-VERIFY] Import #231000 OK: libc::libc:memchr ret=0x0000000000000000
[DIAG-VERIFY] Import #232000 OK: libKernel::libKernel:__error ret=0x00006FFDF1000040
[DIAG-VERIFY] Import #233000 OK: libKernel::libKernel:__error ret=0x00006FFDF1000040
[DIAG-VERIFY] Import #234000 OK: libKernel::libKernel:__error ret=0x00006FFDF1000040
[DIAG-VERIFY] Import #235000 OK: libKernel::libKernel:__error ret=0x00006FFDF1000040
[DIAG-VERIFY] Import #236000 OK: libKernel::libKernel:__error ret=0x00006FFDF1000040
[LOADER][TRACE] Import#400000: libKernel:__error (9BcDykPmo1I)
[DIAG-VERIFY] Import #237000 OK: libKernel::libKernel:__error ret=0x00006FFDF1000040
[DIAG-VERIFY] Import #238000 OK: libKernel::libKernel:__error ret=0x00006FFDF1000040
[DIAG-VERIFY] Import #239000 OK: libKernel::libKernel:__error ret=0x00006FFDF1000040
[DIAG-VERIFY] Import #240000 OK: libKernel::libKernel:__error ret=0x00006FFDF1000040
[DIAG-VERIFY] Import #241000 OK: libKernel::libKernel:__error ret=0x00006FFDF1000040
[DIAG-VERIFY] Import #242000 OK: libKernel::libKernel:__error ret=0x00006FFDF1000040
[DIAG-VERIFY] Import #243000 OK: libKernel::libKernel:__error ret=0x00006FFDF1000040
[DIAG-VERIFY] Import #244000 OK: libKernel::libKernel:__error ret=0x00006FFDF1000040
[DIAG-VERIFY] Import #245000 OK: libKernel::libKernel:__error ret=0x00006FFDF1000040
[DIAG-VERIFY] Import #246000 OK: libKernel::libKernel:__error ret=0x00006FFDF1000040
[DIAG-VERIFY] Import #247000 OK: libKernel::libKernel:__error ret=0x00006FFDF1000040
[DIAG-VERIFY] Import #248000 OK: libKernel::libKernel:__error ret=0x00006FFDF1000040
[DIAG-VERIFY] Import #249000 OK: libKernel::libKernel:__error ret=0x00006FFDF1000040
[DIAG-VERIFY] Import #250000 OK: libKernel::libKernel:__error ret=0x00006FFDF1000040
[DIAG-VERIFY] Import #251000 OK: libc::libc:memchr ret=0x0000000000000000
[DIAG-VERIFY] Import #252000 OK: libKernel::libKernel:__error ret=0x00006FFDF1000040
[LOADER][TRACE] vk.swapchain_image size=1280x720 format=B8G8R8A8Unorm nonzero_bytes=3686400/3686400 nonblack_pixels=921600/921600 hash=0xB1F0512AF7B446AD
[DIAG-VERIFY] Import #253000 OK: libKernel::libKernel:__error ret=0x00006FFDF1000040
[DIAG-VERIFY] Import #254000 OK: libKernel::libKernel:__error ret=0x00006FFDF1000040
[DIAG-VERIFY] Import #255000 OK: libKernel::libKernel:__error ret=0x00006FFDF1000040
[LOADER][TRACE] vk.swapchain_dump path=/tmp/ds-golden-exp139/present-0009-1280x720-B8G8R8A8Unorm.bgra
[DIAG-VERIFY] Import #256000 OK: libKernel::libKernel:__error ret=0x00006FFDF1000040
[DIAG-VERIFY] Import #257000 OK: libKernel::libKernel:__error ret=0x00006FFDF1000040
[DIAG-VERIFY] Import #258000 OK: libKernel::libKernel:sceKernelGetDirectMemorySize ret=0x0000000400000000
[DIAG-VERIFY] Import #259000 OK: libKernel::libKernel:__error ret=0x00006FFDF1000040
[DIAG-VERIFY] Import #260000 OK: libKernel::libKernel:__error ret=0x00006FFDF1000040
[DIAG-VERIFY] Import #261000 OK: libc::libc:memchr ret=0x00000000062F7B06
[DIAG-VERIFY] Import #262000 OK: libKernel::libKernel:__error ret=0x00006FFDF1000040
[DIAG-VERIFY] Import #263000 OK: libKernel::libKernel:__error ret=0x00006FFDF1000040
[DIAG-VERIFY] Import #264000 OK: libKernel::libKernel:__error ret=0x00006FFDF1000040
[DIAG-VERIFY] Import #265000 OK: libKernel::libKernel:__error ret=0x00006FFDF1000040
[DIAG-VERIFY] Import #266000 OK: libKernel::libKernel:__error ret=0x00006FFDF1000040
[DIAG-VERIFY] Import #267000 OK: libKernel::libKernel:__error ret=0x00006FFDF1000040
[DIAG-VERIFY] Import #268000 OK: libKernel::libKernel:__error ret=0x00006FFDF1000040
[DIAG-VERIFY] Import #269000 OK: libKernel::libKernel:__error ret=0x00006FFDF1000040
[DIAG-VERIFY] Import #270000 OK: libKernel::libKernel:__error ret=0x00006FFDF1000040
[DIAG-VERIFY] Import #271000 OK: libKernel::libKernel:__error ret=0x00006FFDF1000040
[DIAG-VERIFY] Import #272000 OK: libKernel::libKernel:__error ret=0x00006FFDF1000040
[DIAG-VERIFY] Import #273000 OK: libKernel::libKernel:__error ret=0x00006FFDF1000040
[DIAG-VERIFY] Import #274000 OK: libKernel::libKernel:__error ret=0x00006FFDF1000040
[DIAG-VERIFY] Import #275000 OK: libKernel::libKernel:__error ret=0x00006FFDF1000040
[DIAG-VERIFY] Import #276000 OK: libKernel::libKernel:__error ret=0x00006FFDF1000040
[DIAG-VERIFY] Import #277000 OK: libKernel::libKernel:__error ret=0x00006FFDF1000040
[DIAG-VERIFY] Import #278000 OK: libKernel::libKernel:__error ret=0x00006FFDF1000040
[DIAG-VERIFY] Import #279000 OK: libKernel::libKernel:__error ret=0x00006FFDF1000040
[DIAG-VERIFY] Import #280000 OK: libKernel::libKernel:__error ret=0x00006FFDF1000040
[DIAG-VERIFY] Import #281000 OK: libKernel::libKernel:__error ret=0x00006FFDF1000040
[DIAG-VERIFY] Import #282000 OK: libKernel::libKernel:__error ret=0x00006FFDF1000040
[DIAG-VERIFY] Import #283000 OK: libKernel::libKernel:__error ret=0x00006FFDF1000040
[DIAG-VERIFY] Import #284000 OK: libKernel::libKernel:__error ret=0x00006FFDF1000040
[DIAG-VERIFY] Import #285000 OK: libKernel::libKernel:__error ret=0x00006FFDF1000040
[DIAG-VERIFY] Import #286000 OK: libKernel::libKernel:__error ret=0x00006FFDF1000040
[DIAG-VERIFY] Import #287000 OK: libKernel::libKernel:__error ret=0x00006FFDF1000040
[DIAG-VERIFY] Import #288000 OK: libKernel::libKernel:__error ret=0x00006FFDF1000040
[DIAG-VERIFY] Import #289000 OK: libKernel::libKernel:__error ret=0x00006FFDF1000040
[DIAG-VERIFY] Import #290000 OK: libKernel::libKernel:__error ret=0x00006FFDF1000040
[LOADER][TRACE] vk.render_work_enter #0 sequence=37 queue=dcb.graphics submission=10 queued_ms=7.294 VulkanOffscreenGuestDraw
[DIAG-VERIFY] Import #291000 OK: libKernel::libKernel:__error ret=0x00006FFDF1000040
[LOADER][TRACE] vk.present_taken addr=0x0000000003240000 version=10 drawKind=None hasPixels=False hasTranslatedDraw=False
[DIAG-VERIFY] Import #3000 OK: libKernel::libKernel:scePthreadMutexLock ret=0x0000000000000000
[DIAG-VERIFY] Import #292000 OK: libKernel::libKernel:__error ret=0x00006FFDF1000040
[DIAG-VERIFY] Import #293000 OK: libKernel::libKernel:__error ret=0x00006FFDF1000040
[DIAG-VERIFY] Import #294000 OK: libKernel::libKernel:__error ret=0x00006FFDF1000040
[DIAG-VERIFY] Import #295000 OK: libKernel::libKernel:__error ret=0x00006FFDF1000040
[DIAG-VERIFY] Import #296000 OK: libKernel::libKernel:__error ret=0x00006FFDF1000040
[DIAG-VERIFY] Import #297000 OK: libKernel::libKernel:__error ret=0x00006FFDF1000040
[DIAG-VERIFY] Import #298000 OK: libKernel::libKernel:__error ret=0x00006FFDF1000040
[DIAG-VERIFY] Import #299000 OK: libKernel::libKernel:__error ret=0x00006FFDF1000040
[DIAG-VERIFY] Import #300000 OK: libKernel::libKernel:__error ret=0x00006FFDF1000040
[DIAG-VERIFY] Import #301000 OK: libKernel::libKernel:__error ret=0x00006FFDF1000040
[DIAG-VERIFY] Import #302000 OK: libc::libc:memchr ret=0x0000000000000000
[DIAG-VERIFY] Import #303000 OK: libKernel::libKernel:__error ret=0x00006FFDF1000040
[DIAG-VERIFY] Import #304000 OK: libKernel::libKernel:__error ret=0x00006FFDF1000040
[DIAG-VERIFY] Import #305000 OK: libKernel::libKernel:__error ret=0x00006FFDF1000040
[DIAG-VERIFY] Import #306000 OK: libc::libc:memchr ret=0x0000000000000000
[DIAG-VERIFY] Import #307000 OK: libKernel::libKernel:__error ret=0x00006FFDF1000040
[DIAG-VERIFY] Import #308000 OK: libc::libc:memchr ret=0x000000000632FB49
[DIAG-VERIFY] Import #309000 OK: libKernel::libKernel:__error ret=0x00006FFDF1000040
[DIAG-VERIFY] Import #310000 OK: libKernel::libKernel:__error ret=0x00006FFDF1000040
[DIAG-VERIFY] Import #311000 OK: libKernel::libKernel:__error ret=0x00006FFDF1000040
[DIAG-VERIFY] Import #312000 OK: libKernel::libKernel:__error ret=0x00006FFDF1000040
[DIAG-VERIFY] Import #313000 OK: libKernel::libKernel:__error ret=0x00006FFDF1000040
[DIAG-VERIFY] Import #314000 OK: libc::libc:memchr ret=0x0000000000000000
[DIAG-VERIFY] Import #315000 OK: libKernel::libKernel:__error ret=0x00006FFDF1000040
[DIAG-VERIFY] Import #316000 OK: libKernel::libKernel:__error ret=0x00006FFDF1000040
[DIAG-VERIFY] Import #317000 OK: libKernel::libKernel:__error ret=0x00006FFDF1000040
[DIAG-VERIFY] Import #318000 OK: libKernel::libKernel:__error ret=0x00006FFDF1000040
[DIAG-VERIFY] Import #319000 OK: libKernel::libKernel:__error ret=0x00006FFDF1000040
[DIAG-VERIFY] Import #320000 OK: libKernel::libKernel:__error ret=0x00006FFDF1000040
[DIAG-VERIFY] Import #321000 OK: libKernel::libKernel:__error ret=0x00006FFDF1000040
Done load & parse data payload: 1785865204.39
[LOADER][TRACE] Import#484480: libKernel:sceKernelAllocateDirectMemory (rTXw65xmLIA)
[LOADER][TRACE] vk.swapchain_image size=1280x720 format=B8G8R8A8Unorm nonzero_bytes=3686400/3686400 nonblack_pixels=921600/921600 hash=0xB1F0512AF7B446AD
[LOADER][TRACE] vk.swapchain_dump path=/tmp/ds-golden-exp139/present-0010-1280x720-B8G8R8A8Unorm.bgra
[LOADER][TRACE] vk.render_work_enter #2 sequence=41 queue=dcb.graphics submission=11 queued_ms=5.131 VulkanOffscreenGuestDraw
[LOADER][TRACE] vk.present_taken addr=0x0000000001260000 version=11 drawKind=None hasPixels=False hasTranslatedDraw=False
[LOADER][TRACE] Import#485120: libKernel:sceKernelAllocateDirectMemory (rTXw65xmLIA)
[DIAG-VERIFY] Import #322000 OK: libc::libc:_Getptolower ret=0x00007EF870015100
[DIAG-VERIFY] Import #323000 OK: libc::libc:_Getptolower ret=0x00007EF870015100
[DIAG-VERIFY] Import #324000 OK: libc::libc:_Getptolower ret=0x00007EF870015100
[DIAG-VERIFY] Import #325000 OK: libc::libc:_Getptolower ret=0x00007EF870015100
[DIAG-VERIFY] Import #326000 OK: libc::libc:_Getptolower ret=0x00007EF870015100
[DIAG-VERIFY] Import #327000 OK: libc::libc:_Getptolower ret=0x00007EF870015100
[DIAG-VERIFY] Import #328000 OK: libc::libc:_Getptolower ret=0x00007EF870015100
[DIAG-VERIFY] Import #329000 OK: libc::libc:_Getptolower ret=0x00007EF870015100
[LOADER][TRACE] vk.swapchain_image size=1280x720 format=B8G8R8A8Unorm nonzero_bytes=3686400/3686400 nonblack_pixels=921600/921600 hash=0xB1F0512AF7B446AD
[LOADER][TRACE] vk.swapchain_dump path=/tmp/ds-golden-exp139/present-0011-1280x720-B8G8R8A8Unorm.bgra
[DIAG-VERIFY] Import #330000 OK: libc::libc:_Getptolower ret=0x00007EF870015100
[DIAG-VERIFY] Import #331000 OK: libc::libc:_Getptolower ret=0x00007EF870015100
[DIAG-VERIFY] Import #332000 OK: libc::libc:_Getptolower ret=0x00007EF870015100
[DIAG-VERIFY] Import #333000 OK: libc::libc:_Getptolower ret=0x00007EF870015100
[DIAG-VERIFY] Import #334000 OK: libc::libc:_Getptolower ret=0x00007EF870015100
[DIAG-VERIFY] Import #335000 OK: libc::libc:_Getptolower ret=0x00007EF870015100
Loading 19 event sheets and 58 layouts: 1785865204.73
[LOADER][TRACE] vk.render_work_enter #0 sequence=45 queue=dcb.graphics submission=12 queued_ms=1.507 VulkanOffscreenGuestDraw
[LOADER][TRACE] vk.present_taken addr=0x0000000003240000 version=12 drawKind=None hasPixels=False hasTranslatedDraw=False
[LOADER][TRACE] Import#500000: libKernel:scePthreadMutexUnlock (tn3VlD0hG60) rdi=0x0000000000100948 rsi=0x00000000001A3058 rdx=0x0000000000000000 rcx=0x00007EF86AFFD9C8 ret=0x00000008002B842E
[NID-COUNTS] 1D0H2KNjshE=0 hsi9drzHR2k=0
[LOADER][TRACE] vk.swapchain_image size=1280x720 format=B8G8R8A8Unorm nonzero_bytes=3686400/3686400 nonblack_pixels=921600/921600 hash=0xB1F0512AF7B446AD
[LOADER][TRACE] vk.swapchain_dump path=/tmp/ds-golden-exp139/present-0012-1280x720-B8G8R8A8Unorm.bgra
[DIAG-VERIFY] Import #149000 OK: libSceAgc::libSceAgc:sceAgcCreatePrimState ret=0x0000000000000000
[LOADER][TRACE] vk.render_work_enter #1 sequence=49 queue=dcb.graphics submission=13 queued_ms=28.570 VulkanOffscreenGuestDraw
[LOADER][TRACE] vk.present_taken addr=0x0000000001260000 version=13 drawKind=None hasPixels=False hasTranslatedDraw=False
[DIAG-VERIFY] Import #1000 OK: libKernel::libKernel:scePthreadMutexLock ret=0x0000000000000000
[LOADER][TRACE] Import#508544: libKernel:sceKernelAllocateDirectMemory (rTXw65xmLIA)
[DIAG-VERIFY] Import #1000 OK: libKernel::libKernel:scePthreadMutexLock ret=0x0000000000000000
[DIAG-VERIFY] Import #1000 OK: libKernel::libKernel:scePthreadMutexLock ret=0x0000000000000000
[DIAG-VERIFY] Import #1000 OK: libKernel::libKernel:scePthreadMutexLock ret=0x0000000000000000
[LOADER][TRACE] vk.swapchain_image size=1280x720 format=B8G8R8A8Unorm nonzero_bytes=3686400/3686400 nonblack_pixels=921600/921600 hash=0xB1F0512AF7B446AD
[LOADER][TRACE] vk.swapchain_dump path=/tmp/ds-golden-exp139/present-0013-1280x720-B8G8R8A8Unorm.bgra
[DIAG-VERIFY] Import #2000 OK: libKernel::libKernel:scePthreadMutexLock ret=0x0000000000000000
[DIAG-VERIFY] Import #2000 OK: libKernel::libKernel:scePthreadMutexLock ret=0x0000000000000000
[DIAG-VERIFY] Import #3000 OK: libKernel::libKernel:scePthreadMutexLock ret=0x0000000000000000
Done loading event sheets & layouts: 1785865205.48
[DIAG-VERIFY] Import #336000 OK: libc::libc:_Getptolower ret=0x00007EF870015100
[DIAG-VERIFY] Import #337000 OK: libc::libc:_Getptolower ret=0x00007EF870015100
[DIAG-VERIFY] Import #338000 OK: libc::libc:_Getptolower ret=0x00007EF870015100
[DIAG-VERIFY] Import #339000 OK: libc::libc:_Getptolower ret=0x00007EF870015100
[DIAG-VERIFY] Import #340000 OK: libc::libc:_Getptolower ret=0x00007EF870015100
[DIAG-VERIFY] Import #341000 OK: libc::libc:_Getptolower ret=0x00007EF870015100
[DIAG-VERIFY] Import #342000 OK: libc::libc:_Getptolower ret=0x00007EF870015100
[DIAG-VERIFY] Import #343000 OK: libc::libc:_Getptolower ret=0x00007EF870015100
[DIAG-VERIFY] Import #344000 OK: libc::libc:_Getptolower ret=0x00007EF870015100
[DIAG-VERIFY] Import #345000 OK: libc::libc:_Getptolower ret=0x00007EF870015100
[DIAG-VERIFY] Import #346000 OK: libc::libc:_Getptolower ret=0x00007EF870015100
[DIAG-VERIFY] Import #347000 OK: libc::libc:_Getptolower ret=0x00007EF870015100
[DIAG-VERIFY] Import #348000 OK: libc::libc:_Getptolower ret=0x00007EF870015100
[DIAG-VERIFY] Import #349000 OK: libc::libc:_Getptolower ret=0x00007EF870015100
[DIAG-VERIFY] Import #350000 OK: libc::libc:_Getptolower ret=0x00007EF870015100
[DIAG-VERIFY] Import #351000 OK: libc::libc:_Getptolower ret=0x00007EF870015100
[LOADER][TRACE] vk.render_work_enter #2 sequence=53 queue=dcb.graphics submission=14 queued_ms=2.789 VulkanOffscreenGuestDraw
[DIAG-VERIFY] Import #352000 OK: libc::libc:_Getptolower ret=0x00007EF870015100
[LOADER][TRACE] vk.present_taken addr=0x0000000003240000 version=14 drawKind=None hasPixels=False hasTranslatedDraw=False
[DIAG-VERIFY] Import #353000 OK: libc::libc:_Getptolower ret=0x00007EF870015100
[DIAG-VERIFY] Import #354000 OK: libc::libc:_Getptolower ret=0x00007EF870015100
[DIAG-VERIFY] Import #355000 OK: libc::libc:_Getptolower ret=0x00007EF870015100
[DIAG-VERIFY] Import #356000 OK: libc::libc:_Getptolower ret=0x00007EF870015100
[DIAG-VERIFY] Import #357000 OK: libc::libc:_Getptolower ret=0x00007EF870015100
[DIAG-VERIFY] Import #358000 OK: libc::libc:_Getptolower ret=0x00007EF870015100
[DIAG-VERIFY] Import #359000 OK: libc::libc:_Getptolower ret=0x00007EF870015100
[DIAG-VERIFY] Import #360000 OK: libc::libc:_Getptolower ret=0x00007EF870015100
[DIAG-VERIFY] Import #361000 OK: libc::libc:_Getptolower ret=0x00007EF870015100
[DIAG-VERIFY] Import #362000 OK: libc::libc:_Getptolower ret=0x00007EF870015100
[DIAG-VERIFY] Import #363000 OK: libc::libc:_Getptolower ret=0x00007EF870015100
[DIAG-VERIFY] Import #364000 OK: libc::libc:_Getptolower ret=0x00007EF870015100
[DIAG-VERIFY] Import #365000 OK: libc::libc:_Getptolower ret=0x00007EF870015100
[DIAG-VERIFY] Import #366000 OK: libc::libc:_Getptolower ret=0x00007EF870015100
[DIAG-VERIFY] Import #367000 OK: libc::libc:_Getptolower ret=0x00007EF870015100
[DIAG-VERIFY] Import #368000 OK: libc::libc:_Getptolower ret=0x00007EF870015100
[DIAG-VERIFY] Import #369000 OK: libc::libc:_Getptolower ret=0x00007EF870015100
[DIAG-VERIFY] Import #370000 OK: libc::libc:_Getptolower ret=0x00007EF870015100
[DIAG-VERIFY] Import #371000 OK: libc::libc:_Getptolower ret=0x00007EF870015100
[DIAG-VERIFY] Import #372000 OK: libc::libc:_Getptolower ret=0x00007EF870015100
[DIAG-VERIFY] Import #373000 OK: libc::libc:_Getptolower ret=0x00007EF870015100
[DIAG-VERIFY] Import #374000 OK: libc::libc:_Getptolower ret=0x00007EF870015100
[DIAG-VERIFY] Import #375000 OK: libc::libc:_Getptolower ret=0x00007EF870015100
[DIAG-VERIFY] Import #376000 OK: libc::libc:_Getptolower ret=0x00007EF870015100
[DIAG-VERIFY] Import #377000 OK: libc::libc:_Getptolower ret=0x00007EF870015100
[DIAG-VERIFY] Import #378000 OK: libc::libc:_Getptolower ret=0x00007EF870015100
BEGIN preloading sounds
------------------
[START] Background loading resource media/elevatorcall.ogg
[START] Background loading resource media/elevatordone.ogg
[START] Background loading resource media/pianist.ogg
[START] Background loading resource media/forest.flac
[DIAG-VERIFY] Import #379000 OK: libc::libc:_Getptolower ret=0x00007EF870015100
[START] Background loading resource media/desert.ogg
[START] Background loading resource media/bus.ogg
[START] Background loading resource media/elevator.ogg
[START] Background loading resource media/crank.ogg
[START] Background loading resource media/m0puzzledone.ogg
[START] Background loading resource media/elevatordoor.ogg
[START] Background loading resource media/starbell.ogg
[NID-TRACE] 1D0H2KNjshE rdi=0x000000003F4D0800 rsi=0x000000000000000C rdx=0x0000000001000000 rcx=0x0000000040800000 r8=0x0000000009B80BB8 r9=0x0000000009B80BC0 thread=0x00007EF888014190
[START] Background loading resource media/fall_01.flac
[START] Background loading resource media/fall_02.flac
[START] Background loading resource media/fall_03.flac
[DONE]  Background loading resource media/forest.flac
[DONE]  Background loading resource media/crank.ogg
[START] Background loading resource media/fall_04.flac
[START] Background loading resource media/fall_05.flac
[START] Background loading resource media/fall_06.flac
[DIAG-VERIFY] Import #380000 OK: libc::libc:_Getptolower ret=0x00007EF870015100
[DONE]  Background loading resource media/elevator.ogg
[START] Background loading resource media/fall_07.flac
[DONE]  Background loading resource media/fall_03.flac
[START] Background loading resource media/deselect_effect.flac
[DONE]  Background loading resource media/bus.ogg
[START] Background loading resource media/doorclosed.flac
[DIAG-VERIFY] Import #381000 OK: libc::libc:_Getptolower ret=0x00007EF870015100
[DONE]  Background loading resource media/fall_04.flac
[START] Background loading resource media/error.flac
[DONE]  Background loading resource media/elevatordoor.ogg
[START] Background loading resource media/itemget1.flac
[LOADER][TRACE] Import#513664: libKernel:sceKernelAllocateDirectMemory (rTXw65xmLIA)
[DONE]  Background loading resource media/fall_05.flac
[DONE]  Background loading resource media/deselect_effect.flac
[DONE]  Background loading resource media/fall_06.flac
[DONE]  Background loading resource media/fall_02.flac
[START] Background loading resource media/itemget3.flac
[DONE]  Background loading resource media/pianist.ogg
[START] Background loading resource media/jump_02.flac
[START] Background loading resource media/jump_01.flac
[START] Background loading resource media/jump_03.flac
[START] Background loading resource media/itemget2.flac
[DONE]  Background loading resource media/error.flac
[DONE]  Background loading resource media/itemget1.flac
[DONE]  Background loading resource media/itemget3.flac
[START] Background loading resource media/scream_01.flac
[START] Background loading resource media/notification.flac
[START] Background loading resource media/scream_02.flac
[DONE]  Background loading resource media/elevatorcall.ogg
[START] Background loading resource media/scream_03.flac
[DONE]  Background loading resource media/starbell.ogg
[START] Background loading resource media/select.flac
[DONE]  Background loading resource media/fall_01.flac
[START] Background loading resource media/select2.flac
[DONE]  Background loading resource media/desert.ogg
[START] Background loading resource media/select_effect.flac
[DONE]  Background loading resource media/m0puzzledone.ogg
[START] Background loading resource media/selectback.flac
[DONE]  Background loading resource media/fall_07.flac
[START] Background loading resource media/umbrella.flac
[DONE]  Background loading resource media/jump_02.flac
[START] Background loading resource media/water_splash.flac
[DONE]  Background loading resource media/elevatordone.ogg
[START] Background loading resource media/water_swim_01.flac
[DONE]  Background loading resource media/doorclosed.flac
[START] Background loading resource media/water_swim_02.flac
[DONE]  Background loading resource media/jump_01.flac
[START] Background loading resource media/water_swim_03.flac
[DONE]  Background loading resource media/jump_03.flac
[START] Background loading resource media/water_swim_04.flac
[DONE]  Background loading resource media/select_effect.flac
[START] Background loading resource media/water_swim_05.flac
[DONE]  Background loading resource media/water_swim_02.flac
[START] Background loading resource media/hit_hurt44.ogg
[DONE]  Background loading resource media/scream_02.flac
[START] Background loading resource media/lavaswitch.flac
[DONE]  Background loading resource media/scream_01.flac
[START] Background loading resource media/speech_01.flac
[DONE]  Background loading resource media/select2.flac
[START] Background loading resource media/speech_02.flac
[DONE]  Background loading resource media/notification.flac
[DONE]  Background loading resource media/select.flac
[START] Background loading resource media/speech_03.flac
[DONE]  Background loading resource media/scream_03.flac
[DONE]  Background loading resource media/water_splash.flac
[DONE]  Background loading resource media/umbrella.flac
[DONE]  Background loading resource media/water_swim_03.flac
[DONE]  Background loading resource media/water_swim_04.flac
[DONE]  Background loading resource media/itemget2.flac
[DONE]  Background loading resource media/lavaswitch.flac
[DONE]  Background loading resource media/hit_hurt44.ogg
[DONE]  Background loading resource media/speech_02.flac
[DONE]  Background loading resource media/selectback.flac
[DONE]  Background loading resource media/water_swim_01.flac
[DONE]  Background loading resource media/speech_03.flac
[DONE]  Background loading resource media/speech_01.flac
[DONE]  Background loading resource media/water_swim_05.flac
[DIAG-VERIFY] Import #382000 OK: libKernel::libKernel:scePthreadCondBroadcast ret=0x0000000000000000
------------------
Allocating RT data up to 3 MiB
[START] Background loading resource images/launcherbg.png
[DONE]  Background loading resource images/launcherbg.png
[START] Background loading resource images/menutitle-sheet0.png
[LOADER][TRACE] vk.swapchain_image size=1280x720 format=B8G8R8A8Unorm nonzero_bytes=3686400/3686400 nonblack_pixels=921600/921600 hash=0xB1F0512AF7B446AD
[LOADER][TRACE] vk.swapchain_dump path=/tmp/ds-golden-exp139/present-0014-1280x720-B8G8R8A8Unorm.bgra
[LOADER][TRACE] vk.render_work_enter #0 sequence=57 queue=dcb.graphics submission=15 queued_ms=0.029 VulkanOffscreenGuestDraw
[DONE]  Background loading resource images/menutitle-sheet0.png
[START] Background loading resource images/spritefontmenu.png
[LOADER][TRACE] vk.present_taken addr=0x0000000001260000 version=15 drawKind=None hasPixels=False hasTranslatedDraw=False
[DONE]  Background loading resource images/spritefontmenu.png
[START] Background loading resource images/menupausatextdescsprite.png
[DONE]  Background loading resource images/menupausatextdescsprite.png
[START] Background loading resource images/spritefontmenujoystickmsg.png
[DIAG-VERIFY] Import #4000 OK: libKernel::libKernel:scePthreadMutexLock ret=0x0000000000000000
[DONE]  Background loading resource images/spritefontmenujoystickmsg.png
[START] Background loading resource images/launcherblockcontrols-sheet0.png
[DONE]  Background loading resource images/launcherblockcontrols-sheet0.png
[START] Background loading resource images/fadein_white-sheet1.png
[START] Background loading resource images/fadein_white-sheet0.png
[DONE]  Background loading resource images/fadein_white-sheet1.png
[LOADER][TRACE] vk.swapchain_image size=1280x720 format=B8G8R8A8Unorm nonzero_bytes=3686400/3686400 nonblack_pixels=921600/921600 hash=0xB1F0512AF7B446AD
[LOADER][TRACE] vk.swapchain_dump path=/tmp/ds-golden-exp139/present-0015-1280x720-B8G8R8A8Unorm.bgra
[LOADER][TRACE] vk.render_work_enter #0 sequence=61 queue=dcb.graphics submission=16 queued_ms=0.344 VulkanOffscreenGuestDraw
[LOADER][TRACE] vk.present_taken addr=0x0000000003240000 version=16 drawKind=None hasPixels=False hasTranslatedDraw=False
[DONE]  Background loading resource images/fadein_white-sheet0.png
[START] Background loading resource images/fadein-sheet0.png
[START] Background loading resource images/fadein-sheet1.png
[DIAG-VERIFY] Import #1000 OK: libSceAudioOut::libSceAudioOut:sceAudioOutOutput ret=0x0000000000000000
[DONE]  Background loading resource images/fadein-sheet0.png
[DONE]  Background loading resource images/fadein-sheet1.png
[LOADER][TRACE] vk.swapchain_image size=1280x720 format=B8G8R8A8Unorm nonzero_bytes=3686400/3686400 nonblack_pixels=921600/921600 hash=0xB1F0512AF7B446AD
----END C2 BOOT---- (1785865206.19)
[LOADER][TRACE] vk.swapchain_dump path=/tmp/ds-golden-exp139/present-0016-1280x720-B8G8R8A8Unorm.bgra
[LOADER][TRACE] vk.render_work_enter #0 sequence=65 queue=dcb.graphics submission=17 queued_ms=0.060 VulkanOffscreenGuestDraw
[LOADER][TRACE] vk.present_taken addr=0x0000000001260000 version=17 drawKind=None hasPixels=False hasTranslatedDraw=False
[LOADER][TRACE] vk.swapchain_image size=1280x720 format=B8G8R8A8Unorm nonzero_bytes=3686400/3686400 nonblack_pixels=921600/921600 hash=0xB1F0512AF7B446AD
[LOADER][TRACE] vk.swapchain_dump path=/tmp/ds-golden-exp139/present-0017-1280x720-B8G8R8A8Unorm.bgra
[LOADER][TRACE] vk.render_work_enter #0 sequence=69 queue=dcb.graphics submission=18 queued_ms=0.944 VulkanOffscreenGuestDraw
[LOADER][TRACE] vk.present_taken addr=0x0000000003240000 version=18 drawKind=None hasPixels=False hasTranslatedDraw=False
[LOADER][TRACE] vk.swapchain_image size=1280x720 format=B8G8R8A8Unorm nonzero_bytes=3686400/3686400 nonblack_pixels=921600/921600 hash=0xB1F0512AF7B446AD
[LOADER][TRACE] vk.swapchain_dump path=/tmp/ds-golden-exp139/present-0018-1280x720-B8G8R8A8Unorm.bgra
[LOADER][TRACE] vk.render_work_enter #0 sequence=76 queue=dcb.graphics submission=19 queued_ms=23.304 VulkanOffscreenGuestDraw
[LOADER][TRACE] vk.present_taken addr=0x0000000001260000 version=19 drawKind=None hasPixels=False hasTranslatedDraw=False
[LOADER][TRACE] vk.swapchain_image size=1280x720 format=B8G8R8A8Unorm nonzero_bytes=3686400/3686400 nonblack_pixels=921600/921600 hash=0xB1F0512AF7B446AD
[LOADER][TRACE] vk.swapchain_dump path=/tmp/ds-golden-exp139/present-0019-1280x720-B8G8R8A8Unorm.bgra
[LOADER][TRACE] vk.render_work_enter #0 sequence=83 queue=dcb.graphics submission=20 queued_ms=0.052 VulkanOffscreenGuestDraw
[LOADER][TRACE] vk.present_taken addr=0x0000000003240000 version=20 drawKind=None hasPixels=False hasTranslatedDraw=False
[LOADER][TRACE] vk.swapchain_image size=1280x720 format=B8G8R8A8Unorm nonzero_bytes=3686400/3686400 nonblack_pixels=921600/921600 hash=0xB1F0512AF7B446AD
[LOADER][TRACE] vk.swapchain_dump path=/tmp/ds-golden-exp139/present-0020-1280x720-B8G8R8A8Unorm.bgra
[NID-COUNTS] 1D0H2KNjshE=143 hsi9drzHR2k=0
[LOADER][TRACE] vk.render_work_enter #0 sequence=90 queue=dcb.graphics submission=21 queued_ms=0.031 VulkanOffscreenGuestDraw
[LOADER][TRACE] vk.present_taken addr=0x0000000001260000 version=21 drawKind=None hasPixels=False hasTranslatedDraw=False
[LOADER][TRACE] vk.swapchain_image size=1280x720 format=B8G8R8A8Unorm nonzero_bytes=3686400/3686400 nonblack_pixels=921600/921600 hash=0xB1F0512AF7B446AD
[LOADER][TRACE] vk.swapchain_dump path=/tmp/ds-golden-exp139/present-0021-1280x720-B8G8R8A8Unorm.bgra
[LOADER][TRACE] vk.render_work_enter #0 sequence=97 queue=dcb.graphics submission=22 queued_ms=0.030 VulkanOffscreenGuestDraw
[LOADER][TRACE] vk.present_taken addr=0x0000000003240000 version=22 drawKind=None hasPixels=False hasTranslatedDraw=False
[LOADER][TRACE] vk.swapchain_image size=1280x720 format=B8G8R8A8Unorm nonzero_bytes=3686400/3686400 nonblack_pixels=921600/921600 hash=0xB1F0512AF7B446AD
[LOADER][TRACE] vk.swapchain_dump path=/tmp/ds-golden-exp139/present-0022-1280x720-B8G8R8A8Unorm.bgra
[DIAG-VERIFY] Import #5000 OK: libKernel::libKernel:scePthreadMutexLock ret=0x0000000000000000
[LOADER][TRACE] vk.render_work_enter #0 sequence=104 queue=dcb.graphics submission=23 queued_ms=0.074 VulkanOffscreenGuestDraw
[LOADER][TRACE] vk.present_taken addr=0x0000000001260000 version=23 drawKind=None hasPixels=False hasTranslatedDraw=False
[LOADER][TRACE] vk.swapchain_image size=1280x720 format=B8G8R8A8Unorm nonzero_bytes=3686400/3686400 nonblack_pixels=921600/921600 hash=0xB1F0512AF7B446AD
[LOADER][TRACE] vk.swapchain_dump path=/tmp/ds-golden-exp139/present-0023-1280x720-B8G8R8A8Unorm.bgra
[LOADER][TRACE] vk.render_work_enter #0 sequence=111 queue=dcb.graphics submission=24 queued_ms=1.067 VulkanOffscreenGuestDraw
[LOADER][TRACE] vk.present_taken addr=0x0000000003240000 version=24 drawKind=None hasPixels=False hasTranslatedDraw=False
[LOADER][TRACE] vk.swapchain_image size=1280x720 format=B8G8R8A8Unorm nonzero_bytes=3686400/3686400 nonblack_pixels=921600/921600 hash=0xB1F0512AF7B446AD
[LOADER][TRACE] vk.swapchain_dump path=/tmp/ds-golden-exp139/present-0024-1280x720-B8G8R8A8Unorm.bgra
[LOADER][TRACE] vk.render_work_enter #0 sequence=118 queue=dcb.graphics submission=25 queued_ms=0.031 VulkanOffscreenGuestDraw
[LOADER][TRACE] vk.present_taken addr=0x0000000001260000 version=25 drawKind=None hasPixels=False hasTranslatedDraw=False
[LOADER][TRACE] vk.swapchain_image size=1280x720 format=B8G8R8A8Unorm nonzero_bytes=3686400/3686400 nonblack_pixels=921600/921600 hash=0xB1F0512AF7B446AD
[LOADER][TRACE] vk.swapchain_dump path=/tmp/ds-golden-exp139/present-0025-1280x720-B8G8R8A8Unorm.bgra
[LOADER][TRACE] vk.render_work_enter #0 sequence=125 queue=dcb.graphics submission=26 queued_ms=4.009 VulkanOffscreenGuestDraw
[LOADER][TRACE] vk.present_taken addr=0x0000000003240000 version=26 drawKind=None hasPixels=False hasTranslatedDraw=False
[LOADER][TRACE] vk.swapchain_image size=1280x720 format=B8G8R8A8Unorm nonzero_bytes=3686400/3686400 nonblack_pixels=921600/921600 hash=0xB1F0512AF7B446AD
[LOADER][TRACE] vk.swapchain_dump path=/tmp/ds-golden-exp139/present-0026-1280x720-B8G8R8A8Unorm.bgra
[LOADER][TRACE] vk.render_work_enter #0 sequence=132 queue=dcb.graphics submission=27 queued_ms=1.028 VulkanOffscreenGuestDraw
[LOADER][TRACE] vk.present_taken addr=0x0000000001260000 version=27 drawKind=None hasPixels=False hasTranslatedDraw=False
[LOADER][TRACE] vk.swapchain_image size=1280x720 format=B8G8R8A8Unorm nonzero_bytes=3686400/3686400 nonblack_pixels=921600/921600 hash=0xB1F0512AF7B446AD
[LOADER][TRACE] vk.swapchain_dump path=/tmp/ds-golden-exp139/present-0027-1280x720-B8G8R8A8Unorm.bgra
[LOADER][TRACE] vk.render_work_enter #0 sequence=139 queue=dcb.graphics submission=28 queued_ms=0.030 VulkanOffscreenGuestDraw
[LOADER][TRACE] vk.present_taken addr=0x0000000003240000 version=28 drawKind=None hasPixels=False hasTranslatedDraw=False
[LOADER][TRACE] vk.swapchain_image size=1280x720 format=B8G8R8A8Unorm nonzero_bytes=3686400/3686400 nonblack_pixels=921600/921600 hash=0xB1F0512AF7B446AD
[LOADER][TRACE] vk.swapchain_dump path=/tmp/ds-golden-exp139/present-0028-1280x720-B8G8R8A8Unorm.bgra
[LOADER][TRACE] vk.render_work_enter #0 sequence=146 queue=dcb.graphics submission=29 queued_ms=0.162 VulkanOffscreenGuestDraw
[LOADER][TRACE] vk.present_taken addr=0x0000000001260000 version=29 drawKind=None hasPixels=False hasTranslatedDraw=False
[LOADER][TRACE] vk.swapchain_image size=1280x720 format=B8G8R8A8Unorm nonzero_bytes=3686400/3686400 nonblack_pixels=921600/921600 hash=0xB1F0512AF7B446AD
[LOADER][TRACE] vk.swapchain_dump path=/tmp/ds-golden-exp139/present-0029-1280x720-B8G8R8A8Unorm.bgra
[LOADER][TRACE] vk.render_work_enter #0 sequence=153 queue=dcb.graphics submission=30 queued_ms=4.640 VulkanOffscreenGuestDraw
[LOADER][TRACE] vk.present_taken addr=0x0000000003240000 version=30 drawKind=None hasPixels=False hasTranslatedDraw=False
[LOADER][TRACE] vk.present_sample frame=30 addr=0x0000000003240000
[LOADER][TRACE] vk.swapchain_image size=1280x720 format=B8G8R8A8Unorm nonzero_bytes=3686400/3686400 nonblack_pixels=921600/921600 hash=0xB1F0512AF7B446AD
[LOADER][TRACE] vk.swapchain_dump path=/tmp/ds-golden-exp139/present-0030-1280x720-B8G8R8A8Unorm.bgra
[LOADER][TRACE] vk.render_work_enter #0 sequence=160 queue=dcb.graphics submission=31 queued_ms=0.797 VulkanOffscreenGuestDraw
[LOADER][TRACE] vk.present_taken addr=0x0000000001260000 version=31 drawKind=None hasPixels=False hasTranslatedDraw=False
[LOADER][TRACE] vk.swapchain_image size=1280x720 format=B8G8R8A8Unorm nonzero_bytes=3686400/3686400 nonblack_pixels=921600/921600 hash=0xB1F0512AF7B446AD
[LOADER][TRACE] vk.swapchain_dump path=/tmp/ds-golden-exp139/present-0031-1280x720-B8G8R8A8Unorm.bgra
[LOADER][TRACE] vk.render_work_enter #2 sequence=167 queue=dcb.graphics submission=32 queued_ms=1.028 VulkanOffscreenGuestDraw
[LOADER][TRACE] vk.present_taken addr=0x0000000003240000 version=32 drawKind=None hasPixels=False hasTranslatedDraw=False
[LOADER][TRACE] vk.swapchain_image size=1280x720 format=B8G8R8A8Unorm nonzero_bytes=3686400/3686400 nonblack_pixels=921600/921600 hash=0xB1F0512AF7B446AD
[LOADER][TRACE] vk.swapchain_dump path=/tmp/ds-golden-exp139/present-0032-1280x720-B8G8R8A8Unorm.bgra
[NID-COUNTS] 1D0H2KNjshE=143 hsi9drzHR2k=0
[LOADER][TRACE] vk.render_work_enter #0 sequence=174 queue=dcb.graphics submission=33 queued_ms=0.968 VulkanOffscreenGuestDraw
[DIAG-VERIFY] Import #6000 OK: libKernel::libKernel:scePthreadMutexLock ret=0x0000000000000000
[LOADER][TRACE] vk.present_taken addr=0x0000000001260000 version=33 drawKind=None hasPixels=False hasTranslatedDraw=False
[LOADER][TRACE] vk.swapchain_image size=1280x720 format=B8G8R8A8Unorm nonzero_bytes=3686400/3686400 nonblack_pixels=921600/921600 hash=0xB1F0512AF7B446AD
[LOADER][TRACE] vk.swapchain_dump path=/tmp/ds-golden-exp139/present-0033-1280x720-B8G8R8A8Unorm.bgra
[LOADER][TRACE] vk.render_work_enter #0 sequence=181 queue=dcb.graphics submission=34 queued_ms=0.051 VulkanOffscreenGuestDraw
[LOADER][TRACE] vk.present_taken addr=0x0000000003240000 version=34 drawKind=None hasPixels=False hasTranslatedDraw=False
[LOADER][TRACE] vk.swapchain_image size=1280x720 format=B8G8R8A8Unorm nonzero_bytes=3686400/3686400 nonblack_pixels=921600/921600 hash=0xB1F0512AF7B446AD
[LOADER][TRACE] vk.swapchain_dump path=/tmp/ds-golden-exp139/present-0034-1280x720-B8G8R8A8Unorm.bgra
[LOADER][TRACE] vk.render_work_enter #0 sequence=188 queue=dcb.graphics submission=35 queued_ms=0.043 VulkanOffscreenGuestDraw
[LOADER][TRACE] vk.present_taken addr=0x0000000001260000 version=35 drawKind=None hasPixels=False hasTranslatedDraw=False
[LOADER][TRACE] vk.swapchain_image size=1280x720 format=B8G8R8A8Unorm nonzero_bytes=3686400/3686400 nonblack_pixels=921600/921600 hash=0xB1F0512AF7B446AD
[LOADER][TRACE] vk.swapchain_dump path=/tmp/ds-golden-exp139/present-0035-1280x720-B8G8R8A8Unorm.bgra
[DIAG-VERIFY] Import #150000 OK: libSceAgc::libSceAgc:sceAgcDcbResetQueue ret=0x0000000000260000
[LOADER][TRACE] vk.render_work_enter #2 sequence=195 queue=dcb.graphics submission=36 queued_ms=6.799 VulkanOffscreenGuestDraw
[LOADER][TRACE] vk.present_taken addr=0x0000000003240000 version=36 drawKind=None hasPixels=False hasTranslatedDraw=False
[LOADER][TRACE] vk.swapchain_image size=1280x720 format=B8G8R8A8Unorm nonzero_bytes=3686400/3686400 nonblack_pixels=921600/921600 hash=0xB1F0512AF7B446AD
[LOADER][TRACE] vk.swapchain_dump path=/tmp/ds-golden-exp139/present-0036-1280x720-B8G8R8A8Unorm.bgra
[LOADER][TRACE] vk.render_work_enter #0 sequence=202 queue=dcb.graphics submission=37 queued_ms=0.770 VulkanOffscreenGuestDraw
[LOADER][TRACE] vk.present_taken addr=0x0000000001260000 version=37 drawKind=None hasPixels=False hasTranslatedDraw=False
[LOADER][TRACE] vk.swapchain_image size=1280x720 format=B8G8R8A8Unorm nonzero_bytes=3686400/3686400 nonblack_pixels=921600/921600 hash=0xB1F0512AF7B446AD
[LOADER][TRACE] vk.swapchain_dump path=/tmp/ds-golden-exp139/present-0037-1280x720-B8G8R8A8Unorm.bgra
[LOADER][TRACE] vk.render_work_enter #0 sequence=209 queue=dcb.graphics submission=38 queued_ms=0.028 VulkanOffscreenGuestDraw
[LOADER][TRACE] vk.present_taken addr=0x0000000003240000 version=38 drawKind=None hasPixels=False hasTranslatedDraw=False
[LOADER][TRACE] vk.swapchain_image size=1280x720 format=B8G8R8A8Unorm nonzero_bytes=3686400/3686400 nonblack_pixels=921600/921600 hash=0xB1F0512AF7B446AD
[LOADER][TRACE] vk.swapchain_dump path=/tmp/ds-golden-exp139/present-0038-1280x720-B8G8R8A8Unorm.bgra
[LOADER][TRACE] vk.render_work_enter #0 sequence=216 queue=dcb.graphics submission=39 queued_ms=6.261 VulkanOffscreenGuestDraw
[LOADER][TRACE] vk.present_taken addr=0x0000000001260000 version=39 drawKind=None hasPixels=False hasTranslatedDraw=False
[LOADER][TRACE] vk.swapchain_image size=1280x720 format=B8G8R8A8Unorm nonzero_bytes=3686400/3686400 nonblack_pixels=921600/921600 hash=0xB1F0512AF7B446AD
[LOADER][TRACE] vk.swapchain_dump path=/tmp/ds-golden-exp139/present-0039-1280x720-B8G8R8A8Unorm.bgra
[LOADER][TRACE] vk.render_work_enter #0 sequence=223 queue=dcb.graphics submission=40 queued_ms=0.025 VulkanOffscreenGuestDraw
[LOADER][TRACE] vk.present_taken addr=0x0000000003240000 version=40 drawKind=None hasPixels=False hasTranslatedDraw=False
[LOADER][TRACE] vk.swapchain_image size=1280x720 format=B8G8R8A8Unorm nonzero_bytes=3686400/3686400 nonblack_pixels=921600/921600 hash=0xB1F0512AF7B446AD
[LOADER][TRACE] vk.swapchain_dump path=/tmp/ds-golden-exp139/present-0040-1280x720-B8G8R8A8Unorm.bgra
[LOADER][TRACE] vk.render_work_enter #0 sequence=230 queue=dcb.graphics submission=41 queued_ms=0.041 VulkanOffscreenGuestDraw
[LOADER][TRACE] vk.present_taken addr=0x0000000001260000 version=41 drawKind=None hasPixels=False hasTranslatedDraw=False
[LOADER][TRACE] vk.swapchain_image size=1280x720 format=B8G8R8A8Unorm nonzero_bytes=3686400/3686400 nonblack_pixels=921600/921600 hash=0xB1F0512AF7B446AD
[LOADER][TRACE] vk.swapchain_dump path=/tmp/ds-golden-exp139/present-0041-1280x720-B8G8R8A8Unorm.bgra
[LOADER][TRACE] vk.render_work_enter #0 sequence=237 queue=dcb.graphics submission=42 queued_ms=0.026 VulkanOffscreenGuestDraw
[LOADER][TRACE] vk.present_taken addr=0x0000000003240000 version=42 drawKind=None hasPixels=False hasTranslatedDraw=False
[LOADER][TRACE] vk.swapchain_image size=1280x720 format=B8G8R8A8Unorm nonzero_bytes=3686400/3686400 nonblack_pixels=921600/921600 hash=0xB1F0512AF7B446AD
[LOADER][TRACE] vk.swapchain_dump path=/tmp/ds-golden-exp139/present-0042-1280x720-B8G8R8A8Unorm.bgra
[LOADER][TRACE] vk.render_work_enter #0 sequence=244 queue=dcb.graphics submission=43 queued_ms=0.028 VulkanOffscreenGuestDraw
[DIAG-VERIFY] Import #7000 OK: libKernel::libKernel:scePthreadMutexLock ret=0x0000000000000000
[LOADER][TRACE] vk.present_taken addr=0x0000000001260000 version=43 drawKind=None hasPixels=False hasTranslatedDraw=False
[LOADER][TRACE] vk.swapchain_image size=1280x720 format=B8G8R8A8Unorm nonzero_bytes=3686400/3686400 nonblack_pixels=921600/921600 hash=0xB1F0512AF7B446AD
[LOADER][TRACE] vk.swapchain_dump path=/tmp/ds-golden-exp139/present-0043-1280x720-B8G8R8A8Unorm.bgra
[LOADER][TRACE] vk.render_work_enter #0 sequence=251 queue=dcb.graphics submission=44 queued_ms=0.025 VulkanOffscreenGuestDraw
[LOADER][TRACE] vk.present_taken addr=0x0000000003240000 version=44 drawKind=None hasPixels=False hasTranslatedDraw=False
[LOADER][TRACE] vk.swapchain_image size=1280x720 format=B8G8R8A8Unorm nonzero_bytes=3686400/3686400 nonblack_pixels=921600/921600 hash=0xB1F0512AF7B446AD
[LOADER][TRACE] vk.swapchain_dump path=/tmp/ds-golden-exp139/present-0044-1280x720-B8G8R8A8Unorm.bgra
[LOADER][TRACE] vk.render_work_enter #0 sequence=258 queue=dcb.graphics submission=45 queued_ms=0.022 VulkanOffscreenGuestDraw
[LOADER][TRACE] vk.present_taken addr=0x0000000001260000 version=45 drawKind=None hasPixels=False hasTranslatedDraw=False
[LOADER][TRACE] vk.swapchain_image size=1280x720 format=B8G8R8A8Unorm nonzero_bytes=3686400/3686400 nonblack_pixels=921600/921600 hash=0xB1F0512AF7B446AD
[LOADER][TRACE] vk.swapchain_dump path=/tmp/ds-golden-exp139/present-0045-1280x720-B8G8R8A8Unorm.bgra
[LOADER][TRACE] vk.render_work_enter #0 sequence=265 queue=dcb.graphics submission=46 queued_ms=0.021 VulkanOffscreenGuestDraw
[LOADER][TRACE] vk.present_taken addr=0x0000000003240000 version=46 drawKind=None hasPixels=False hasTranslatedDraw=False
[NID-COUNTS] 1D0H2KNjshE=143 hsi9drzHR2k=0
[LOADER][TRACE] vk.swapchain_image size=1280x720 format=B8G8R8A8Unorm nonzero_bytes=3686400/3686400 nonblack_pixels=921600/921600 hash=0xB1F0512AF7B446AD
[LOADER][TRACE] vk.swapchain_dump path=/tmp/ds-golden-exp139/present-0046-1280x720-B8G8R8A8Unorm.bgra
[LOADER][TRACE] vk.render_work_enter #0 sequence=272 queue=dcb.graphics submission=47 queued_ms=0.027 VulkanOffscreenGuestDraw
[LOADER][TRACE] vk.present_taken addr=0x0000000001260000 version=47 drawKind=None hasPixels=False hasTranslatedDraw=False
[LOADER][TRACE] vk.swapchain_image size=1280x720 format=B8G8R8A8Unorm nonzero_bytes=3686400/3686400 nonblack_pixels=921600/921600 hash=0xB1F0512AF7B446AD
[LOADER][TRACE] vk.swapchain_dump path=/tmp/ds-golden-exp139/present-0047-1280x720-B8G8R8A8Unorm.bgra
[LOADER][TRACE] vk.render_work_enter #0 sequence=279 queue=dcb.graphics submission=48 queued_ms=0.024 VulkanOffscreenGuestDraw
[LOADER][TRACE] vk.present_taken addr=0x0000000003240000 version=48 drawKind=None hasPixels=False hasTranslatedDraw=False
[LOADER][TRACE] vk.swapchain_image size=1280x720 format=B8G8R8A8Unorm nonzero_bytes=3686400/3686400 nonblack_pixels=921600/921600 hash=0xB1F0512AF7B446AD
[LOADER][TRACE] vk.swapchain_dump path=/tmp/ds-golden-exp139/present-0048-1280x720-B8G8R8A8Unorm.bgra
[LOADER][TRACE] vk.render_work_enter #0 sequence=286 queue=dcb.graphics submission=49 queued_ms=0.024 VulkanOffscreenGuestDraw
[LOADER][TRACE] vk.present_taken addr=0x0000000001260000 version=49 drawKind=None hasPixels=False hasTranslatedDraw=False
[LOADER][TRACE] vk.swapchain_image size=1280x720 format=B8G8R8A8Unorm nonzero_bytes=3686400/3686400 nonblack_pixels=921600/921600 hash=0xB1F0512AF7B446AD
[LOADER][TRACE] vk.swapchain_dump path=/tmp/ds-golden-exp139/present-0049-1280x720-B8G8R8A8Unorm.bgra
[LOADER][TRACE] vk.render_work_enter #0 sequence=293 queue=dcb.graphics submission=50 queued_ms=0.028 VulkanOffscreenGuestDraw
[LOADER][TRACE] vk.present_taken addr=0x0000000003240000 version=50 drawKind=None hasPixels=False hasTranslatedDraw=False
[LOADER][TRACE] vk.swapchain_image size=1280x720 format=B8G8R8A8Unorm nonzero_bytes=3686400/3686400 nonblack_pixels=921600/921600 hash=0xB1F0512AF7B446AD
[LOADER][TRACE] vk.swapchain_dump path=/tmp/ds-golden-exp139/present-0050-1280x720-B8G8R8A8Unorm.bgra
[LOADER][TRACE] vk.render_work_enter #0 sequence=300 queue=dcb.graphics submission=51 queued_ms=0.025 VulkanOffscreenGuestDraw
[LOADER][TRACE] vk.present_taken addr=0x0000000001260000 version=51 drawKind=None hasPixels=False hasTranslatedDraw=False
[LOADER][TRACE] vk.swapchain_image size=1280x720 format=B8G8R8A8Unorm nonzero_bytes=3686400/3686400 nonblack_pixels=921600/921600 hash=0xB1F0512AF7B446AD
[LOADER][TRACE] vk.swapchain_dump path=/tmp/ds-golden-exp139/present-0051-1280x720-B8G8R8A8Unorm.bgra
[LOADER][TRACE] vk.render_work_enter #0 sequence=307 queue=dcb.graphics submission=52 queued_ms=1.279 VulkanOffscreenGuestDraw
[LOADER][TRACE] vk.present_taken addr=0x0000000003240000 version=52 drawKind=None hasPixels=False hasTranslatedDraw=False
[LOADER][TRACE] vk.swapchain_image size=1280x720 format=B8G8R8A8Unorm nonzero_bytes=3686400/3686400 nonblack_pixels=921600/921600 hash=0xB1F0512AF7B446AD
[LOADER][TRACE] vk.swapchain_dump path=/tmp/ds-golden-exp139/present-0052-1280x720-B8G8R8A8Unorm.bgra
[DIAG-VERIFY] Import #8000 OK: libKernel::libKernel:scePthreadMutexLock ret=0x0000000000000000
[LOADER][TRACE] vk.render_work_enter #0 sequence=314 queue=dcb.graphics submission=53 queued_ms=0.023 VulkanOffscreenGuestDraw
[LOADER][TRACE] vk.present_taken addr=0x0000000001260000 version=53 drawKind=None hasPixels=False hasTranslatedDraw=False
[LOADER][TRACE] vk.swapchain_image size=1280x720 format=B8G8R8A8Unorm nonzero_bytes=3686400/3686400 nonblack_pixels=921600/921600 hash=0xB1F0512AF7B446AD
[LOADER][TRACE] vk.swapchain_dump path=/tmp/ds-golden-exp139/present-0053-1280x720-B8G8R8A8Unorm.bgra
[LOADER][TRACE] vk.render_work_enter #0 sequence=321 queue=dcb.graphics submission=54 queued_ms=0.025 VulkanOffscreenGuestDraw
[LOADER][TRACE] vk.present_taken addr=0x0000000003240000 version=54 drawKind=None hasPixels=False hasTranslatedDraw=False
[LOADER][TRACE] vk.swapchain_image size=1280x720 format=B8G8R8A8Unorm nonzero_bytes=3686400/3686400 nonblack_pixels=921600/921600 hash=0xB1F0512AF7B446AD
[LOADER][TRACE] vk.swapchain_dump path=/tmp/ds-golden-exp139/present-0054-1280x720-B8G8R8A8Unorm.bgra
[LOADER][TRACE] vk.render_work_enter #0 sequence=328 queue=dcb.graphics submission=55 queued_ms=0.021 VulkanOffscreenGuestDraw
[LOADER][TRACE] vk.present_taken addr=0x0000000001260000 version=55 drawKind=None hasPixels=False hasTranslatedDraw=False
[LOADER][TRACE] vk.swapchain_image size=1280x720 format=B8G8R8A8Unorm nonzero_bytes=3686400/3686400 nonblack_pixels=921600/921600 hash=0xB1F0512AF7B446AD
[LOADER][TRACE] vk.swapchain_dump path=/tmp/ds-golden-exp139/present-0055-1280x720-B8G8R8A8Unorm.bgra
[LOADER][TRACE] vk.render_work_enter #0 sequence=335 queue=dcb.graphics submission=56 queued_ms=0.029 VulkanOffscreenGuestDraw
[LOADER][TRACE] vk.present_taken addr=0x0000000003240000 version=56 drawKind=None hasPixels=False hasTranslatedDraw=False
[LOADER][TRACE] vk.swapchain_image size=1280x720 format=B8G8R8A8Unorm nonzero_bytes=3686400/3686400 nonblack_pixels=921600/921600 hash=0xB1F0512AF7B446AD
[LOADER][TRACE] vk.swapchain_dump path=/tmp/ds-golden-exp139/present-0056-1280x720-B8G8R8A8Unorm.bgra
[LOADER][TRACE] vk.render_work_enter #0 sequence=342 queue=dcb.graphics submission=57 queued_ms=0.026 VulkanOffscreenGuestDraw
[DIAG-VERIFY] Import #2000 OK: libSceAudioOut::libSceAudioOut:sceAudioOutOutput ret=0x0000000000000000
[LOADER][TRACE] vk.present_taken addr=0x0000000001260000 version=57 drawKind=None hasPixels=False hasTranslatedDraw=False
[LOADER][TRACE] vk.swapchain_image size=1280x720 format=B8G8R8A8Unorm nonzero_bytes=3686400/3686400 nonblack_pixels=921600/921600 hash=0xB1F0512AF7B446AD
[LOADER][TRACE] vk.swapchain_dump path=/tmp/ds-golden-exp139/present-0057-1280x720-B8G8R8A8Unorm.bgra
[DIAG-VERIFY] Import #151000 OK: libSceVideoOut::libSceVideoOut:sceVideoOutAddFlipEvent ret=0x0000000000000000
[LOADER][TRACE] vk.render_work_enter #0 sequence=349 queue=dcb.graphics submission=58 queued_ms=0.022 VulkanOffscreenGuestDraw
[LOADER][TRACE] vk.present_taken addr=0x0000000003240000 version=58 drawKind=None hasPixels=False hasTranslatedDraw=False
[LOADER][TRACE] vk.swapchain_image size=1280x720 format=B8G8R8A8Unorm nonzero_bytes=3686400/3686400 nonblack_pixels=921600/921600 hash=0xB1F0512AF7B446AD
[LOADER][TRACE] vk.swapchain_dump path=/tmp/ds-golden-exp139/present-0058-1280x720-B8G8R8A8Unorm.bgra
[LOADER][TRACE] vk.render_work_enter #0 sequence=356 queue=dcb.graphics submission=59 queued_ms=0.035 VulkanOffscreenGuestDraw
[LOADER][TRACE] vk.present_taken addr=0x0000000001260000 version=59 drawKind=None hasPixels=False hasTranslatedDraw=False
[LOADER][TRACE] vk.swapchain_image size=1280x720 format=B8G8R8A8Unorm nonzero_bytes=3686400/3686400 nonblack_pixels=921600/921600 hash=0xB1F0512AF7B446AD
[LOADER][TRACE] vk.swapchain_dump path=/tmp/ds-golden-exp139/present-0059-1280x720-B8G8R8A8Unorm.bgra
[LOADER][TRACE] vk.render_work_enter #0 sequence=363 queue=dcb.graphics submission=60 queued_ms=1.998 VulkanOffscreenGuestDraw
[LOADER][TRACE] vk.present_taken addr=0x0000000003240000 version=60 drawKind=None hasPixels=False hasTranslatedDraw=False
[NID-COUNTS] 1D0H2KNjshE=143 hsi9drzHR2k=0
[LOADER][TRACE] vk.swapchain_image size=1280x720 format=B8G8R8A8Unorm nonzero_bytes=3686400/3686400 nonblack_pixels=921600/921600 hash=0xB1F0512AF7B446AD
[LOADER][TRACE] vk.swapchain_dump path=/tmp/ds-golden-exp139/present-0060-1280x720-B8G8R8A8Unorm.bgra
[LOADER][TRACE] vk.render_work_enter #0 sequence=370 queue=dcb.graphics submission=61 queued_ms=1.444 VulkanOffscreenGuestDraw
[LOADER][TRACE] vk.present_taken addr=0x0000000001260000 version=61 drawKind=None hasPixels=False hasTranslatedDraw=False
[LOADER][TRACE] vk.swapchain_image size=1280x720 format=B8G8R8A8Unorm nonzero_bytes=3686400/3686400 nonblack_pixels=921600/921600 hash=0xB1F0512AF7B446AD
[LOADER][TRACE] vk.swapchain_dump path=/tmp/ds-golden-exp139/present-0061-1280x720-B8G8R8A8Unorm.bgra
[LOADER][TRACE] vk.render_work_enter #2 sequence=377 queue=dcb.graphics submission=62 queued_ms=4.577 VulkanOffscreenGuestDraw
[LOADER][TRACE] vk.present_taken addr=0x0000000003240000 version=62 drawKind=None hasPixels=False hasTranslatedDraw=False
[LOADER][TRACE] vk.swapchain_image size=1280x720 format=B8G8R8A8Unorm nonzero_bytes=3686400/3686400 nonblack_pixels=921600/921600 hash=0xB1F0512AF7B446AD
[LOADER][TRACE] vk.swapchain_dump path=/tmp/ds-golden-exp139/present-0062-1280x720-B8G8R8A8Unorm.bgra
[DIAG-VERIFY] Import #9000 OK: libKernel::libKernel:scePthreadMutexLock ret=0x0000000000000000
[LOADER][TRACE] vk.render_work_enter #0 sequence=384 queue=dcb.graphics submission=63 queued_ms=0.331 VulkanOffscreenGuestDraw
[LOADER][TRACE] vk.present_taken addr=0x0000000001260000 version=63 drawKind=None hasPixels=False hasTranslatedDraw=False
[LOADER][TRACE] vk.swapchain_image size=1280x720 format=B8G8R8A8Unorm nonzero_bytes=3686400/3686400 nonblack_pixels=921600/921600 hash=0xB1F0512AF7B446AD
[LOADER][TRACE] vk.swapchain_dump path=/tmp/ds-golden-exp139/present-0063-1280x720-B8G8R8A8Unorm.bgra
[LOADER][TRACE] vk.render_work_enter #0 sequence=391 queue=dcb.graphics submission=64 queued_ms=5.741 VulkanOffscreenGuestDraw
[LOADER][TRACE] vk.present_taken addr=0x0000000003240000 version=64 drawKind=None hasPixels=False hasTranslatedDraw=False
[LOADER][TRACE] vk.swapchain_image size=1280x720 format=B8G8R8A8Unorm nonzero_bytes=3686400/3686400 nonblack_pixels=921600/921600 hash=0xB1F0512AF7B446AD
[LOADER][TRACE] vk.swapchain_dump path=/tmp/ds-golden-exp139/present-0064-1280x720-B8G8R8A8Unorm.bgra
[LOADER][TRACE] vk.render_work_enter #0 sequence=398 queue=dcb.graphics submission=65 queued_ms=0.022 VulkanOffscreenGuestDraw
[LOADER][TRACE] vk.present_taken addr=0x0000000001260000 version=65 drawKind=None hasPixels=False hasTranslatedDraw=False
[LOADER][TRACE] vk.swapchain_image size=1280x720 format=B8G8R8A8Unorm nonzero_bytes=3686400/3686400 nonblack_pixels=921600/921600 hash=0xB1F0512AF7B446AD
[LOADER][TRACE] vk.swapchain_dump path=/tmp/ds-golden-exp139/present-0065-1280x720-B8G8R8A8Unorm.bgra
[LOADER][TRACE] vk.render_work_enter #0 sequence=405 queue=dcb.graphics submission=66 queued_ms=0.027 VulkanOffscreenGuestDraw
[LOADER][TRACE] vk.present_taken addr=0x0000000003240000 version=66 drawKind=None hasPixels=False hasTranslatedDraw=False
[LOADER][TRACE] vk.swapchain_image size=1280x720 format=B8G8R8A8Unorm nonzero_bytes=3686400/3686400 nonblack_pixels=921600/921600 hash=0xB1F0512AF7B446AD
[LOADER][TRACE] vk.swapchain_dump path=/tmp/ds-golden-exp139/present-0066-1280x720-B8G8R8A8Unorm.bgra
[LOADER][TRACE] vk.render_work_enter #0 sequence=412 queue=dcb.graphics submission=67 queued_ms=0.027 VulkanOffscreenGuestDraw
[LOADER][TRACE] vk.present_taken addr=0x0000000001260000 version=67 drawKind=None hasPixels=False hasTranslatedDraw=False
[LOADER][TRACE] vk.swapchain_image size=1280x720 format=B8G8R8A8Unorm nonzero_bytes=3686400/3686400 nonblack_pixels=921600/921600 hash=0xB1F0512AF7B446AD
[LOADER][TRACE] vk.swapchain_dump path=/tmp/ds-golden-exp139/present-0067-1280x720-B8G8R8A8Unorm.bgra
[LOADER][TRACE] vk.render_work_enter #0 sequence=419 queue=dcb.graphics submission=68 queued_ms=0.028 VulkanOffscreenGuestDraw
[LOADER][TRACE] vk.present_taken addr=0x0000000003240000 version=68 drawKind=None hasPixels=False hasTranslatedDraw=False
[LOADER][TRACE] vk.swapchain_image size=1280x720 format=B8G8R8A8Unorm nonzero_bytes=3686400/3686400 nonblack_pixels=921600/921600 hash=0xB1F0512AF7B446AD
[LOADER][TRACE] vk.swapchain_dump path=/tmp/ds-golden-exp139/present-0068-1280x720-B8G8R8A8Unorm.bgra
[LOADER][TRACE] vk.render_work_enter #0 sequence=426 queue=dcb.graphics submission=69 queued_ms=0.022 VulkanOffscreenGuestDraw
[LOADER][TRACE] vk.present_taken addr=0x0000000001260000 version=69 drawKind=None hasPixels=False hasTranslatedDraw=False
[LOADER][TRACE] vk.swapchain_image size=1280x720 format=B8G8R8A8Unorm nonzero_bytes=3686400/3686400 nonblack_pixels=921600/921600 hash=0xB1F0512AF7B446AD
[LOADER][TRACE] vk.swapchain_dump path=/tmp/ds-golden-exp139/present-0069-1280x720-B8G8R8A8Unorm.bgra
[LOADER][TRACE] vk.render_work_enter #0 sequence=433 queue=dcb.graphics submission=70 queued_ms=0.021 VulkanOffscreenGuestDraw
[LOADER][TRACE] vk.present_taken addr=0x0000000003240000 version=70 drawKind=None hasPixels=False hasTranslatedDraw=False
[LOADER][TRACE] vk.swapchain_image size=1280x720 format=B8G8R8A8Unorm nonzero_bytes=3686400/3686400 nonblack_pixels=921600/921600 hash=0xB1F0512AF7B446AD
[LOADER][TRACE] vk.swapchain_dump path=/tmp/ds-golden-exp139/present-0070-1280x720-B8G8R8A8Unorm.bgra
[LOADER][TRACE] vk.render_work_enter #0 sequence=440 queue=dcb.graphics submission=71 queued_ms=0.029 VulkanOffscreenGuestDraw
[LOADER][TRACE] vk.present_taken addr=0x0000000001260000 version=71 drawKind=None hasPixels=False hasTranslatedDraw=False
[LOADER][TRACE] vk.swapchain_image size=1280x720 format=B8G8R8A8Unorm nonzero_bytes=3686400/3686400 nonblack_pixels=921600/921600 hash=0xB1F0512AF7B446AD
[LOADER][TRACE] vk.swapchain_dump path=/tmp/ds-golden-exp139/present-0071-1280x720-B8G8R8A8Unorm.bgra
[LOADER][TRACE] vk.render_work_enter #0 sequence=447 queue=dcb.graphics submission=72 queued_ms=0.032 VulkanOffscreenGuestDraw
[LOADER][TRACE] vk.present_taken addr=0x0000000003240000 version=72 drawKind=None hasPixels=False hasTranslatedDraw=False
[LOADER][TRACE] vk.swapchain_image size=1280x720 format=B8G8R8A8Unorm nonzero_bytes=3686400/3686400 nonblack_pixels=921600/921600 hash=0xB1F0512AF7B446AD
[LOADER][TRACE] vk.swapchain_dump path=/tmp/ds-golden-exp139/present-0072-1280x720-B8G8R8A8Unorm.bgra
[LOADER][TRACE] vk.render_work_enter #0 sequence=454 queue=dcb.graphics submission=73 queued_ms=0.026 VulkanOffscreenGuestDraw
[LOADER][TRACE] vk.present_taken addr=0x0000000001260000 version=73 drawKind=None hasPixels=False hasTranslatedDraw=False
[NID-COUNTS] 1D0H2KNjshE=143 hsi9drzHR2k=0
[DIAG-VERIFY] Import #10000 OK: libKernel::libKernel:scePthreadMutexLock ret=0x0000000000000000
[LOADER][TRACE] vk.swapchain_image size=1280x720 format=B8G8R8A8Unorm nonzero_bytes=3686400/3686400 nonblack_pixels=921600/921600 hash=0xB1F0512AF7B446AD
[LOADER][TRACE] vk.swapchain_dump path=/tmp/ds-golden-exp139/present-0073-1280x720-B8G8R8A8Unorm.bgra
[LOADER][TRACE] vk.render_work_enter #0 sequence=461 queue=dcb.graphics submission=74 queued_ms=0.029 VulkanOffscreenGuestDraw
[LOADER][TRACE] vk.present_taken addr=0x0000000003240000 version=74 drawKind=None hasPixels=False hasTranslatedDraw=False
[LOADER][TRACE] vk.swapchain_image size=1280x720 format=B8G8R8A8Unorm nonzero_bytes=3686400/3686400 nonblack_pixels=921600/921600 hash=0xB1F0512AF7B446AD
[LOADER][TRACE] vk.swapchain_dump path=/tmp/ds-golden-exp139/present-0074-1280x720-B8G8R8A8Unorm.bgra
[LOADER][TRACE] vk.render_work_enter #0 sequence=468 queue=dcb.graphics submission=75 queued_ms=0.021 VulkanOffscreenGuestDraw
[LOADER][TRACE] vk.present_taken addr=0x0000000001260000 version=75 drawKind=None hasPixels=False hasTranslatedDraw=False
[LOADER][TRACE] vk.swapchain_image size=1280x720 format=B8G8R8A8Unorm nonzero_bytes=3686400/3686400 nonblack_pixels=921600/921600 hash=0xB1F0512AF7B446AD
[LOADER][TRACE] vk.swapchain_dump path=/tmp/ds-golden-exp139/present-0075-1280x720-B8G8R8A8Unorm.bgra
[LOADER][TRACE] vk.render_work_enter #0 sequence=475 queue=dcb.graphics submission=76 queued_ms=0.025 VulkanOffscreenGuestDraw
[LOADER][TRACE] vk.present_taken addr=0x0000000003240000 version=76 drawKind=None hasPixels=False hasTranslatedDraw=False
[LOADER][TRACE] vk.swapchain_image size=1280x720 format=B8G8R8A8Unorm nonzero_bytes=3686400/3686400 nonblack_pixels=921600/921600 hash=0xB1F0512AF7B446AD
[LOADER][TRACE] vk.swapchain_dump path=/tmp/ds-golden-exp139/present-0076-1280x720-B8G8R8A8Unorm.bgra
[LOADER][TRACE] vk.render_work_enter #0 sequence=482 queue=dcb.graphics submission=77 queued_ms=4.904 VulkanOffscreenGuestDraw
[LOADER][TRACE] vk.present_taken addr=0x0000000001260000 version=77 drawKind=None hasPixels=False hasTranslatedDraw=False
[LOADER][TRACE] vk.swapchain_image size=1280x720 format=B8G8R8A8Unorm nonzero_bytes=3686400/3686400 nonblack_pixels=921600/921600 hash=0xB1F0512AF7B446AD
[LOADER][TRACE] vk.swapchain_dump path=/tmp/ds-golden-exp139/present-0077-1280x720-B8G8R8A8Unorm.bgra
Mount requested: 0
Could not open file /savedata0/-saveindex (0x80020002).
UnMount requested: 0
[DIAG-VERIFY] Import #152000 OK: libc::libc:_Getptolower ret=0x00007EF870015100
ConsoleLog won't have the exact same format as js due to use of json dump
"KEY NOT FOUND: music_atten"
"KEY NOT FOUND: master_atten"
[DIAG-VERIFY] Import #153000 OK: libc::libc:_Getptolower ret=0x00007EF870015100
"ON SAVEGAME MISSING (langcode is us)"
Allocating RT data up to 7 MiB
Allocating RT data up to 10 MiB
Allocating RT data up to 14 MiB
[LOADER][TRACE] vk.render_work_enter #0 sequence=489 queue=dcb.graphics submission=78 queued_ms=0.033 VulkanOffscreenGuestDraw
[LOADER][TRACE] vk.render_work_enter #0 sequence=496 queue=dcb.graphics submission=78 queued_ms=0.595 VulkanOffscreenGuestDraw
[LOADER][TRACE] vk.render_work_enter #0 sequence=497 queue=dcb.graphics submission=78 queued_ms=100.915 VulkanOffscreenGuestDraw
[LOADER][TRACE] vk.render_work_enter #4 sequence=500 queue=dcb.graphics submission=78 queued_ms=179.820 VulkanOffscreenGuestDraw
[LOADER][TRACE] vk.render_work_enter #2 sequence=503 queue=dcb.graphics submission=78 queued_ms=288.431 VulkanOffscreenGuestDraw
[LOADER][TRACE] vk.render_work_enter #3 sequence=504 queue=dcb.graphics submission=78 queued_ms=288.157 VulkanOffscreenGuestDraw
[LOADER][TRACE] vk.render_work_enter #7 sequence=507 queue=dcb.graphics submission=78 queued_ms=291.129 VulkanOffscreenGuestDraw
[LOADER][TRACE] vk.render_work_enter #2 sequence=510 queue=dcb.graphics submission=78 queued_ms=301.545 VulkanOffscreenGuestDraw
[LOADER][TRACE] vk.render_work_enter #3 sequence=511 queue=dcb.graphics submission=78 queued_ms=300.694 VulkanOffscreenGuestDraw
[LOADER][TRACE] vk.render_work_enter #7 sequence=514 queue=dcb.graphics submission=78 queued_ms=303.116 VulkanOffscreenGuestDraw
[LOADER][TRACE] vk.render_work_enter #11 sequence=517 queue=dcb.graphics submission=78 queued_ms=304.900 VulkanOffscreenGuestDraw
[LOADER][TRACE] vk.render_work_enter #15 sequence=520 queue=dcb.graphics submission=78 queued_ms=300.764 VulkanOffscreenGuestDraw
[LOADER][TRACE] vk.render_work_enter #2 sequence=523 queue=dcb.graphics submission=78 queued_ms=309.161 VulkanOffscreenGuestDraw
[LOADER][TRACE] vk.render_work_enter #3 sequence=524 queue=dcb.graphics submission=78 queued_ms=308.482 VulkanOffscreenGuestDraw
[LOADER][TRACE] vk.render_work_enter #7 sequence=527 queue=dcb.graphics submission=78 queued_ms=309.568 VulkanOffscreenGuestDraw
[LOADER][TRACE] vk.render_work_enter #8 sequence=528 queue=dcb.graphics submission=78 queued_ms=309.468 VulkanOffscreenGuestDraw
[LOADER][TRACE] vk.render_work_enter #12 sequence=531 queue=dcb.graphics submission=78 queued_ms=312.678 VulkanOffscreenGuestDraw
[LOADER][TRACE] vk.render_work_enter #2 sequence=534 queue=dcb.graphics submission=78 queued_ms=317.823 VulkanOffscreenGuestDraw
[LOADER][TRACE] vk.present_taken addr=0x0000000003240000 version=78 drawKind=None hasPixels=False hasTranslatedDraw=False
[DIAG-VERIFY] Import #154000 OK: libc::libc:_Getptolower ret=0x00007EF870015100
[DIAG-VERIFY] Import #155000 OK: libSceAgc::libSceAgc:sceAgcDcbEventWrite ret=0x000000000026092C
[LOADER][TRACE] vk.swapchain_image size=1280x720 format=B8G8R8A8Unorm nonzero_bytes=3686400/3686400 nonblack_pixels=921600/921600 hash=0x88AF07082C11E184
[LOADER][TRACE] vk.swapchain_dump path=/tmp/ds-golden-exp139/present-0078-1280x720-B8G8R8A8Unorm.bgra
[LOADER][TRACE] vk.render_work_enter #0 sequence=549 queue=dcb.graphics submission=79 queued_ms=37.298 VulkanOffscreenGuestDraw
[DIAG-VERIFY] Import #11000 OK: libKernel::libKernel:scePthreadMutexLock ret=0x0000000000000000
[LOADER][TRACE] vk.render_work_enter #7 sequence=554 queue=dcb.graphics submission=79 queued_ms=157.091 VulkanOffscreenGuestDraw
[LOADER][TRACE] vk.render_work_enter #8 sequence=555 queue=dcb.graphics submission=79 queued_ms=157.221 VulkanOffscreenGuestDraw
[LOADER][TRACE] vk.render_work_enter #12 sequence=558 queue=dcb.graphics submission=79 queued_ms=162.530 VulkanOffscreenGuestDraw
[LOADER][TRACE] vk.render_work_enter #2 sequence=561 queue=dcb.graphics submission=79 queued_ms=185.604 VulkanOffscreenGuestDraw
[LOADER][TRACE] vk.render_work_enter #3 sequence=562 queue=dcb.graphics submission=79 queued_ms=185.765 VulkanOffscreenGuestDraw
[LOADER][TRACE] vk.render_work_enter #7 sequence=565 queue=dcb.graphics submission=79 queued_ms=190.560 VulkanOffscreenGuestDraw
[LOADER][TRACE] vk.render_work_enter #2 sequence=568 queue=dcb.graphics submission=79 queued_ms=227.423 VulkanOffscreenGuestDraw
[LOADER][TRACE] vk.render_work_enter #3 sequence=569 queue=dcb.graphics submission=79 queued_ms=227.534 VulkanOffscreenGuestDraw
[LOADER][TRACE] vk.render_work_enter #7 sequence=572 queue=dcb.graphics submission=79 queued_ms=228.901 VulkanOffscreenGuestDraw
[LOADER][TRACE] vk.render_work_enter #11 sequence=575 queue=dcb.graphics submission=79 queued_ms=232.326 VulkanOffscreenGuestDraw
[LOADER][TRACE] vk.render_work_enter #15 sequence=578 queue=dcb.graphics submission=79 queued_ms=234.679 VulkanOffscreenGuestDraw
[LOADER][TRACE] vk.render_work_enter #2 sequence=581 queue=dcb.graphics submission=79 queued_ms=250.293 VulkanOffscreenGuestDraw
[LOADER][TRACE] vk.render_work_enter #3 sequence=582 queue=dcb.graphics submission=79 queued_ms=250.449 VulkanOffscreenGuestDraw
[LOADER][TRACE] vk.render_work_enter #7 sequence=585 queue=dcb.graphics submission=79 queued_ms=251.743 VulkanOffscreenGuestDraw
[LOADER][TRACE] vk.render_work_enter #8 sequence=586 queue=dcb.graphics submission=79 queued_ms=251.844 VulkanOffscreenGuestDraw
[LOADER][TRACE] vk.render_work_enter #12 sequence=589 queue=dcb.graphics submission=79 queued_ms=259.602 VulkanOffscreenGuestDraw
[LOADER][TRACE] vk.render_work_enter #2 sequence=592 queue=dcb.graphics submission=79 queued_ms=265.548 VulkanOffscreenGuestDraw
[LOADER][TRACE] vk.present_taken addr=0x0000000001260000 version=79 drawKind=None hasPixels=False hasTranslatedDraw=False
[DIAG-VERIFY] Import #156000 OK: libc::libc:_Getptolower ret=0x00007EF870015100
[LOADER][TRACE] vk.swapchain_image size=1280x720 format=B8G8R8A8Unorm nonzero_bytes=3686400/3686400 nonblack_pixels=921600/921600 hash=0x1C1FB5AE2B3609ED
[LOADER][TRACE] vk.swapchain_dump path=/tmp/ds-golden-exp139/present-0079-1280x720-B8G8R8A8Unorm.bgra
[LOADER][TRACE] vk.render_work_enter #0 sequence=609 queue=dcb.graphics submission=80 queued_ms=22.130 VulkanOffscreenGuestDraw
[LOADER][TRACE] vk.render_work_enter #5 sequence=614 queue=dcb.graphics submission=80 queued_ms=45.918 VulkanOffscreenGuestDraw
[LOADER][TRACE] vk.render_work_enter #6 sequence=615 queue=dcb.graphics submission=80 queued_ms=46.013 VulkanOffscreenGuestDraw
[LOADER][TRACE] vk.render_work_enter #10 sequence=618 queue=dcb.graphics submission=80 queued_ms=51.990 VulkanOffscreenGuestDraw
[LOADER][TRACE] vk.render_work_enter #2 sequence=621 queue=dcb.graphics submission=80 queued_ms=74.388 VulkanOffscreenGuestDraw
[LOADER][TRACE] vk.render_work_enter #3 sequence=622 queue=dcb.graphics submission=80 queued_ms=74.495 VulkanOffscreenGuestDraw
[LOADER][TRACE] vk.render_work_enter #7 sequence=625 queue=dcb.graphics submission=80 queued_ms=79.357 VulkanOffscreenGuestDraw
[LOADER][TRACE] vk.render_work_enter #2 sequence=628 queue=dcb.graphics submission=80 queued_ms=98.798 VulkanOffscreenGuestDraw
[LOADER][TRACE] vk.render_work_enter #3 sequence=629 queue=dcb.graphics submission=80 queued_ms=98.902 VulkanOffscreenGuestDraw
[LOADER][TRACE] vk.render_work_enter #7 sequence=632 queue=dcb.graphics submission=80 queued_ms=100.126 VulkanOffscreenGuestDraw
[LOADER][TRACE] vk.render_work_enter #11 sequence=635 queue=dcb.graphics submission=80 queued_ms=103.178 VulkanOffscreenGuestDraw
[LOADER][TRACE] vk.render_work_enter #15 sequence=638 queue=dcb.graphics submission=80 queued_ms=105.340 VulkanOffscreenGuestDraw
[LOADER][TRACE] vk.render_work_enter #3 sequence=641 queue=dcb.graphics submission=80 queued_ms=142.355 VulkanOffscreenGuestDraw
[LOADER][TRACE] vk.render_work_enter #4 sequence=642 queue=dcb.graphics submission=80 queued_ms=142.505 VulkanOffscreenGuestDraw
[LOADER][TRACE] vk.render_work_enter #8 sequence=645 queue=dcb.graphics submission=80 queued_ms=143.438 VulkanOffscreenGuestDraw
[LOADER][TRACE] vk.render_work_enter #9 sequence=646 queue=dcb.graphics submission=80 queued_ms=143.555 VulkanOffscreenGuestDraw
[LOADER][TRACE] vk.render_work_enter #13 sequence=649 queue=dcb.graphics submission=80 queued_ms=148.203 VulkanOffscreenGuestDraw
[LOADER][TRACE] vk.render_work_enter #17 sequence=652 queue=dcb.graphics submission=80 queued_ms=151.574 VulkanOffscreenGuestDraw
[LOADER][TRACE] vk.present_taken addr=0x0000000003240000 version=80 drawKind=None hasPixels=False hasTranslatedDraw=False
[DIAG-VERIFY] Import #157000 OK: libc::libc:_Getptolower ret=0x00007EF870015100
[DIAG-VERIFY] Import #158000 OK: libSceAgc::libSceAgc:sceAgcDcbSetUcRegistersIndirect ret=0x0000000000260A4C
[LOADER][TRACE] vk.swapchain_image size=1280x720 format=B8G8R8A8Unorm nonzero_bytes=3686400/3686400 nonblack_pixels=921600/921600 hash=0xFB0BCFDF083C882B
[LOADER][TRACE] vk.swapchain_dump path=/tmp/ds-golden-exp139/present-0080-1280x720-B8G8R8A8Unorm.bgra
[LOADER][TRACE] vk.render_work_enter #0 sequence=669 queue=dcb.graphics submission=81 queued_ms=57.951 VulkanOffscreenGuestDraw
[LOADER][TRACE] vk.render_work_enter #7 sequence=674 queue=dcb.graphics submission=81 queued_ms=60.373 VulkanOffscreenGuestDraw
[LOADER][TRACE] vk.render_work_enter #8 sequence=675 queue=dcb.graphics submission=81 queued_ms=60.539 VulkanOffscreenGuestDraw
[LOADER][TRACE] vk.render_work_enter #12 sequence=678 queue=dcb.graphics submission=81 queued_ms=69.136 VulkanOffscreenGuestDraw
[LOADER][TRACE] vk.render_work_enter #2 sequence=681 queue=dcb.graphics submission=81 queued_ms=90.085 VulkanOffscreenGuestDraw
[LOADER][TRACE] vk.render_work_enter #3 sequence=682 queue=dcb.graphics submission=81 queued_ms=90.229 VulkanOffscreenGuestDraw
[LOADER][TRACE] vk.render_work_enter #7 sequence=685 queue=dcb.graphics submission=81 queued_ms=94.951 VulkanOffscreenGuestDraw
[LOADER][TRACE] vk.render_work_enter #2 sequence=688 queue=dcb.graphics submission=81 queued_ms=135.064 VulkanOffscreenGuestDraw
[LOADER][TRACE] vk.render_work_enter #3 sequence=689 queue=dcb.graphics submission=81 queued_ms=135.201 VulkanOffscreenGuestDraw
[LOADER][TRACE] vk.render_work_enter #7 sequence=692 queue=dcb.graphics submission=81 queued_ms=135.974 VulkanOffscreenGuestDraw
[LOADER][TRACE] vk.render_work_enter #11 sequence=695 queue=dcb.graphics submission=81 queued_ms=137.575 VulkanOffscreenGuestDraw
[LOADER][TRACE] vk.render_work_enter #15 sequence=698 queue=dcb.graphics submission=81 queued_ms=138.892 VulkanOffscreenGuestDraw
[LOADER][TRACE] vk.render_work_enter #2 sequence=701 queue=dcb.graphics submission=81 queued_ms=155.199 VulkanOffscreenGuestDraw
[LOADER][TRACE] vk.render_work_enter #3 sequence=702 queue=dcb.graphics submission=81 queued_ms=155.314 VulkanOffscreenGuestDraw
[NID-COUNTS] 1D0H2KNjshE=143 hsi9drzHR2k=0
[LOADER][TRACE] vk.render_work_enter #8 sequence=705 queue=dcb.graphics submission=81 queued_ms=163.635 VulkanOffscreenGuestDraw
[LOADER][TRACE] vk.render_work_enter #9 sequence=706 queue=dcb.graphics submission=81 queued_ms=163.801 VulkanOffscreenGuestDraw
[LOADER][TRACE] vk.render_work_enter #3 sequence=709 queue=dcb.graphics submission=81 queued_ms=177.009 VulkanOffscreenGuestDraw
[LOADER][TRACE] vk.render_work_enter #7 sequence=712 queue=dcb.graphics submission=81 queued_ms=180.578 VulkanOffscreenGuestDraw
[LOADER][TRACE] vk.present_taken addr=0x0000000001260000 version=81 drawKind=None hasPixels=False hasTranslatedDraw=False
[DIAG-VERIFY] Import #159000 OK: libc::libc:_Getptolower ret=0x00007EF870015100
[LOADER][TRACE] vk.swapchain_image size=1280x720 format=B8G8R8A8Unorm nonzero_bytes=3686400/3686400 nonblack_pixels=921600/921600 hash=0x1A82651DAEDBAA6B
[LOADER][TRACE] vk.swapchain_dump path=/tmp/ds-golden-exp139/present-0081-1280x720-B8G8R8A8Unorm.bgra
[LOADER][TRACE] vk.render_work_enter #0 sequence=729 queue=dcb.graphics submission=82 queued_ms=38.513 VulkanOffscreenGuestDraw
[LOADER][TRACE] vk.render_work_enter #7 sequence=734 queue=dcb.graphics submission=82 queued_ms=42.028 VulkanOffscreenGuestDraw
[LOADER][TRACE] vk.render_work_enter #8 sequence=735 queue=dcb.graphics submission=82 queued_ms=42.099 VulkanOffscreenGuestDraw
[LOADER][TRACE] vk.render_work_enter #12 sequence=738 queue=dcb.graphics submission=82 queued_ms=48.063 VulkanOffscreenGuestDraw
[LOADER][TRACE] vk.render_work_enter #2 sequence=741 queue=dcb.graphics submission=82 queued_ms=92.220 VulkanOffscreenGuestDraw
[LOADER][TRACE] vk.render_work_enter #3 sequence=742 queue=dcb.graphics submission=82 queued_ms=92.331 VulkanOffscreenGuestDraw
[LOADER][TRACE] vk.render_work_enter #7 sequence=745 queue=dcb.graphics submission=82 queued_ms=96.917 VulkanOffscreenGuestDraw
[LOADER][TRACE] vk.render_work_enter #3 sequence=748 queue=dcb.graphics submission=82 queued_ms=116.058 VulkanOffscreenGuestDraw
[LOADER][TRACE] vk.render_work_enter #4 sequence=749 queue=dcb.graphics submission=82 queued_ms=116.150 VulkanOffscreenGuestDraw
[LOADER][TRACE] vk.render_work_enter #8 sequence=752 queue=dcb.graphics submission=82 queued_ms=117.055 VulkanOffscreenGuestDraw
[LOADER][TRACE] vk.render_work_enter #12 sequence=755 queue=dcb.graphics submission=82 queued_ms=125.677 VulkanOffscreenGuestDraw
[LOADER][TRACE] vk.render_work_enter #2 sequence=758 queue=dcb.graphics submission=82 queued_ms=127.901 VulkanOffscreenGuestDraw
[LOADER][TRACE] vk.render_work_enter #2 sequence=761 queue=dcb.graphics submission=82 queued_ms=143.198 VulkanOffscreenGuestDraw
[LOADER][TRACE] vk.render_work_enter #3 sequence=762 queue=dcb.graphics submission=82 queued_ms=143.307 VulkanOffscreenGuestDraw
[LOADER][TRACE] vk.render_work_enter #7 sequence=765 queue=dcb.graphics submission=82 queued_ms=144.252 VulkanOffscreenGuestDraw
[LOADER][TRACE] vk.render_work_enter #8 sequence=766 queue=dcb.graphics submission=82 queued_ms=144.315 VulkanOffscreenGuestDraw
[LOADER][TRACE] vk.render_work_enter #12 sequence=769 queue=dcb.graphics submission=82 queued_ms=148.805 VulkanOffscreenGuestDraw
[LOADER][TRACE] vk.render_work_enter #2 sequence=772 queue=dcb.graphics submission=82 queued_ms=172.626 VulkanOffscreenGuestDraw
[LOADER][TRACE] vk.present_taken addr=0x0000000003240000 version=82 drawKind=None hasPixels=False hasTranslatedDraw=False
[DIAG-VERIFY] Import #160000 OK: libc::libc:_Getptolower ret=0x00007EF870015100
[LOADER][TRACE] Import#600000: libSceAgc:sceAgcDcbEventWrite (aJf+j5yntiU)
[DIAG-VERIFY] Import #161000 OK: libSceAgc::libSceAgc:sceAgcSetCxRegIndirectPatchAddRegisters ret=0x0000000000000000
[LOADER][TRACE] vk.swapchain_image size=1280x720 format=B8G8R8A8Unorm nonzero_bytes=3686400/3686400 nonblack_pixels=921600/921600 hash=0xEFBEA1430B2EEDDC
[LOADER][TRACE] vk.swapchain_dump path=/tmp/ds-golden-exp139/present-0082-1280x720-B8G8R8A8Unorm.bgra
[LOADER][TRACE] vk.render_work_enter #0 sequence=789 queue=dcb.graphics submission=83 queued_ms=43.488 VulkanOffscreenGuestDraw
[LOADER][TRACE] vk.render_work_enter #7 sequence=794 queue=dcb.graphics submission=83 queued_ms=47.257 VulkanOffscreenGuestDraw
[LOADER][TRACE] vk.render_work_enter #8 sequence=795 queue=dcb.graphics submission=83 queued_ms=47.353 VulkanOffscreenGuestDraw
[LOADER][TRACE] vk.render_work_enter #12 sequence=798 queue=dcb.graphics submission=83 queued_ms=52.622 VulkanOffscreenGuestDraw
[LOADER][TRACE] vk.render_work_enter #2 sequence=801 queue=dcb.graphics submission=83 queued_ms=74.738 VulkanOffscreenGuestDraw
[LOADER][TRACE] vk.render_work_enter #3 sequence=802 queue=dcb.graphics submission=83 queued_ms=74.835 VulkanOffscreenGuestDraw
[LOADER][TRACE] vk.render_work_enter #7 sequence=805 queue=dcb.graphics submission=83 queued_ms=79.592 VulkanOffscreenGuestDraw
[LOADER][TRACE] vk.render_work_enter #2 sequence=808 queue=dcb.graphics submission=83 queued_ms=98.671 VulkanOffscreenGuestDraw
[LOADER][TRACE] vk.render_work_enter #3 sequence=809 queue=dcb.graphics submission=83 queued_ms=98.779 VulkanOffscreenGuestDraw
[LOADER][TRACE] vk.render_work_enter #7 sequence=812 queue=dcb.graphics submission=83 queued_ms=99.974 VulkanOffscreenGuestDraw
[LOADER][TRACE] vk.render_work_enter #12 sequence=815 queue=dcb.graphics submission=83 queued_ms=108.025 VulkanOffscreenGuestDraw
[LOADER][TRACE] vk.render_work_enter #16 sequence=818 queue=dcb.graphics submission=83 queued_ms=110.141 VulkanOffscreenGuestDraw
[LOADER][TRACE] vk.render_work_enter #2 sequence=821 queue=dcb.graphics submission=83 queued_ms=142.561 VulkanOffscreenGuestDraw
[LOADER][TRACE] vk.render_work_enter #3 sequence=822 queue=dcb.graphics submission=83 queued_ms=142.659 VulkanOffscreenGuestDraw
[LOADER][TRACE] vk.render_work_enter #7 sequence=825 queue=dcb.graphics submission=83 queued_ms=143.688 VulkanOffscreenGuestDraw
[LOADER][TRACE] vk.render_work_enter #8 sequence=826 queue=dcb.graphics submission=83 queued_ms=143.777 VulkanOffscreenGuestDraw
[LOADER][TRACE] vk.render_work_enter #12 sequence=829 queue=dcb.graphics submission=83 queued_ms=148.291 VulkanOffscreenGuestDraw
[LOADER][TRACE] vk.render_work_enter #16 sequence=832 queue=dcb.graphics submission=83 queued_ms=151.771 VulkanOffscreenGuestDraw
[LOADER][TRACE] vk.present_taken addr=0x0000000001260000 version=83 drawKind=None hasPixels=False hasTranslatedDraw=False
[DIAG-VERIFY] Import #162000 OK: libSceAgc::libSceAgc:sceAgcDcbSetCxRegistersIndirect ret=0x000000000026001C
[LOADER][TRACE] vk.swapchain_image size=1280x720 format=B8G8R8A8Unorm nonzero_bytes=3686400/3686400 nonblack_pixels=921600/921600 hash=0xDB42C376043B4B80
[LOADER][TRACE] vk.swapchain_dump path=/tmp/ds-golden-exp139/present-0083-1280x720-B8G8R8A8Unorm.bgra
[LOADER][TRACE] vk.render_work_enter #0 sequence=849 queue=dcb.graphics submission=84 queued_ms=46.148 VulkanOffscreenGuestDraw
[LOADER][TRACE] vk.render_work_enter #7 sequence=854 queue=dcb.graphics submission=84 queued_ms=50.078 VulkanOffscreenGuestDraw
[LOADER][TRACE] vk.render_work_enter #8 sequence=855 queue=dcb.graphics submission=84 queued_ms=50.193 VulkanOffscreenGuestDraw
[LOADER][TRACE] vk.render_work_enter #12 sequence=858 queue=dcb.graphics submission=84 queued_ms=55.843 VulkanOffscreenGuestDraw
[LOADER][TRACE] vk.render_work_enter #2 sequence=861 queue=dcb.graphics submission=84 queued_ms=71.934 VulkanOffscreenGuestDraw
[LOADER][TRACE] vk.render_work_enter #3 sequence=862 queue=dcb.graphics submission=84 queued_ms=72.060 VulkanOffscreenGuestDraw
[LOADER][TRACE] vk.render_work_enter #7 sequence=865 queue=dcb.graphics submission=84 queued_ms=79.865 VulkanOffscreenGuestDraw
[LOADER][TRACE] vk.render_work_enter #2 sequence=868 queue=dcb.graphics submission=84 queued_ms=99.264 VulkanOffscreenGuestDraw
[LOADER][TRACE] vk.render_work_enter #3 sequence=869 queue=dcb.graphics submission=84 queued_ms=99.389 VulkanOffscreenGuestDraw
[LOADER][TRACE] vk.render_work_enter #7 sequence=872 queue=dcb.graphics submission=84 queued_ms=100.674 VulkanOffscreenGuestDraw
[LOADER][TRACE] vk.render_work_enter #11 sequence=875 queue=dcb.graphics submission=84 queued_ms=103.756 VulkanOffscreenGuestDraw
[LOADER][TRACE] vk.render_work_enter #2 sequence=878 queue=dcb.graphics submission=84 queued_ms=130.555 VulkanOffscreenGuestDraw
[LOADER][TRACE] vk.render_work_enter #7 sequence=881 queue=dcb.graphics submission=84 queued_ms=139.306 VulkanOffscreenGuestDraw
[LOADER][TRACE] vk.render_work_enter #8 sequence=882 queue=dcb.graphics submission=84 queued_ms=139.436 VulkanOffscreenGuestDraw
[LOADER][TRACE] vk.render_work_enter #12 sequence=885 queue=dcb.graphics submission=84 queued_ms=140.244 VulkanOffscreenGuestDraw
[LOADER][TRACE] vk.render_work_enter #13 sequence=886 queue=dcb.graphics submission=84 queued_ms=140.282 VulkanOffscreenGuestDraw
[LOADER][TRACE] vk.render_work_enter #2 sequence=889 queue=dcb.graphics submission=84 queued_ms=144.619 VulkanOffscreenGuestDraw
[LOADER][TRACE] vk.render_work_enter #6 sequence=892 queue=dcb.graphics submission=84 queued_ms=148.212 VulkanOffscreenGuestDraw
[DIAG-VERIFY] Import #12000 OK: libKernel::libKernel:scePthreadMutexLock ret=0x0000000000000000
[LOADER][TRACE] vk.present_taken addr=0x0000000003240000 version=84 drawKind=None hasPixels=False hasTranslatedDraw=False
[DIAG-VERIFY] Import #163000 OK: libc::libc:_Getptolower ret=0x00007EF870015100
[DIAG-VERIFY] Import #164000 OK: libSceAgc::libSceAgc:sceAgcSetCxRegIndirectPatchAddRegisters ret=0x0000000000000000
[LOADER][TRACE] vk.swapchain_image size=1280x720 format=B8G8R8A8Unorm nonzero_bytes=3686400/3686400 nonblack_pixels=921600/921600 hash=0xB189F1DBE7814C53
[LOADER][TRACE] vk.swapchain_dump path=/tmp/ds-golden-exp139/present-0084-1280x720-B8G8R8A8Unorm.bgra
[LOADER][TRACE] vk.render_work_enter #0 sequence=909 queue=dcb.graphics submission=85 queued_ms=37.787 VulkanOffscreenGuestDraw
[LOADER][TRACE] vk.render_work_enter #7 sequence=914 queue=dcb.graphics submission=85 queued_ms=40.887 VulkanOffscreenGuestDraw
[LOADER][TRACE] vk.render_work_enter #8 sequence=915 queue=dcb.graphics submission=85 queued_ms=40.974 VulkanOffscreenGuestDraw
[LOADER][TRACE] vk.render_work_enter #12 sequence=918 queue=dcb.graphics submission=85 queued_ms=46.329 VulkanOffscreenGuestDraw
[LOADER][TRACE] vk.render_work_enter #2 sequence=921 queue=dcb.graphics submission=85 queued_ms=67.678 VulkanOffscreenGuestDraw
[LOADER][TRACE] vk.render_work_enter #3 sequence=922 queue=dcb.graphics submission=85 queued_ms=67.771 VulkanOffscreenGuestDraw
[LOADER][TRACE] vk.render_work_enter #7 sequence=925 queue=dcb.graphics submission=85 queued_ms=72.362 VulkanOffscreenGuestDraw
[LOADER][TRACE] vk.render_work_enter #2 sequence=928 queue=dcb.graphics submission=85 queued_ms=90.934 VulkanOffscreenGuestDraw
[LOADER][TRACE] vk.render_work_enter #3 sequence=929 queue=dcb.graphics submission=85 queued_ms=91.038 VulkanOffscreenGuestDraw
[LOADER][TRACE] vk.render_work_enter #7 sequence=932 queue=dcb.graphics submission=85 queued_ms=92.369 VulkanOffscreenGuestDraw
[LOADER][TRACE] vk.render_work_enter #11 sequence=935 queue=dcb.graphics submission=85 queued_ms=95.354 VulkanOffscreenGuestDraw
[LOADER][TRACE] vk.render_work_enter #2 sequence=938 queue=dcb.graphics submission=85 queued_ms=125.039 VulkanOffscreenGuestDraw
[LOADER][TRACE] vk.render_work_enter #7 sequence=941 queue=dcb.graphics submission=85 queued_ms=135.737 VulkanOffscreenGuestDraw
[LOADER][TRACE] vk.render_work_enter #8 sequence=942 queue=dcb.graphics submission=85 queued_ms=135.879 VulkanOffscreenGuestDraw
[LOADER][TRACE] vk.render_work_enter #12 sequence=945 queue=dcb.graphics submission=85 queued_ms=136.751 VulkanOffscreenGuestDraw
[LOADER][TRACE] vk.render_work_enter #0 sequence=946 queue=dcb.graphics submission=85 queued_ms=136.865 VulkanOffscreenGuestDraw
[LOADER][TRACE] vk.render_work_enter #4 sequence=949 queue=dcb.graphics submission=85 queued_ms=141.295 VulkanOffscreenGuestDraw
[LOADER][TRACE] vk.render_work_enter #8 sequence=952 queue=dcb.graphics submission=85 queued_ms=144.644 VulkanOffscreenGuestDraw
[LOADER][TRACE] vk.present_taken addr=0x0000000001260000 version=85 drawKind=None hasPixels=False hasTranslatedDraw=False
[DIAG-VERIFY] Import #165000 OK: libSceAgc::libSceAgc:sceAgcCreatePrimState ret=0x0000000000000000
[LOADER][TRACE] vk.swapchain_image size=1280x720 format=B8G8R8A8Unorm nonzero_bytes=3686400/3686400 nonblack_pixels=921600/921600 hash=0x6D3E6CF63504CF92
[LOADER][TRACE] vk.swapchain_dump path=/tmp/ds-golden-exp139/present-0085-1280x720-B8G8R8A8Unorm.bgra
[LOADER][TRACE] vk.render_work_enter #0 sequence=969 queue=dcb.graphics submission=86 queued_ms=41.621 VulkanOffscreenGuestDraw
[LOADER][TRACE] vk.render_work_enter #7 sequence=974 queue=dcb.graphics submission=86 queued_ms=44.604 VulkanOffscreenGuestDraw
[LOADER][TRACE] vk.render_work_enter #8 sequence=975 queue=dcb.graphics submission=86 queued_ms=44.777 VulkanOffscreenGuestDraw
[LOADER][TRACE] vk.render_work_enter #12 sequence=978 queue=dcb.graphics submission=86 queued_ms=50.420 VulkanOffscreenGuestDraw
[LOADER][TRACE] vk.render_work_enter #2 sequence=981 queue=dcb.graphics submission=86 queued_ms=66.586 VulkanOffscreenGuestDraw
[LOADER][TRACE] vk.render_work_enter #3 sequence=982 queue=dcb.graphics submission=86 queued_ms=66.693 VulkanOffscreenGuestDraw
[LOADER][TRACE] vk.render_work_enter #7 sequence=985 queue=dcb.graphics submission=86 queued_ms=70.736 VulkanOffscreenGuestDraw
[LOADER][TRACE] vk.render_work_enter #2 sequence=988 queue=dcb.graphics submission=86 queued_ms=89.869 VulkanOffscreenGuestDraw
[LOADER][TRACE] vk.render_work_enter #3 sequence=989 queue=dcb.graphics submission=86 queued_ms=89.967 VulkanOffscreenGuestDraw
[LOADER][TRACE] vk.render_work_enter #7 sequence=992 queue=dcb.graphics submission=86 queued_ms=91.008 VulkanOffscreenGuestDraw
[LOADER][TRACE] vk.render_work_enter #11 sequence=995 queue=dcb.graphics submission=86 queued_ms=93.853 VulkanOffscreenGuestDraw
[LOADER][TRACE] vk.render_work_enter #2 sequence=998 queue=dcb.graphics submission=86 queued_ms=123.388 VulkanOffscreenGuestDraw
[LOADER][TRACE] vk.render_work_enter #3 sequence=1001 queue=dcb.graphics submission=86 queued_ms=136.998 VulkanOffscreenGuestDraw
[LOADER][TRACE] vk.render_work_enter #4 sequence=1002 queue=dcb.graphics submission=86 queued_ms=137.094 VulkanOffscreenGuestDraw
[LOADER][TRACE] vk.render_work_enter #8 sequence=1005 queue=dcb.graphics submission=86 queued_ms=138.088 VulkanOffscreenGuestDraw
[LOADER][TRACE] vk.render_work_enter #9 sequence=1006 queue=dcb.graphics submission=86 queued_ms=138.125 VulkanOffscreenGuestDraw
[LOADER][TRACE] vk.render_work_enter #13 sequence=1009 queue=dcb.graphics submission=86 queued_ms=142.443 VulkanOffscreenGuestDraw
[LOADER][TRACE] vk.render_work_enter #17 sequence=1012 queue=dcb.graphics submission=86 queued_ms=146.170 VulkanOffscreenGuestDraw
[LOADER][TRACE] vk.present_taken addr=0x0000000003240000 version=86 drawKind=None hasPixels=False hasTranslatedDraw=False
[DIAG-VERIFY] Import #166000 OK: libc::libc:_Getptolower ret=0x00007EF870015100
[DIAG-VERIFY] Import #167000 OK: libSceAgc::libSceAgc:sceAgcCreateInterpolantMapping ret=0x0000000000000000
[LOADER][TRACE] vk.swapchain_image size=1280x720 format=B8G8R8A8Unorm nonzero_bytes=3686400/3686400 nonblack_pixels=921600/921600 hash=0xDFC1DDE18BF871FB
[LOADER][TRACE] vk.swapchain_dump path=/tmp/ds-golden-exp139/present-0086-1280x720-B8G8R8A8Unorm.bgra
[LOADER][TRACE] vk.render_work_enter #0 sequence=1029 queue=dcb.graphics submission=87 queued_ms=45.345 VulkanOffscreenGuestDraw
[LOADER][TRACE] vk.render_work_enter #7 sequence=1034 queue=dcb.graphics submission=87 queued_ms=48.539 VulkanOffscreenGuestDraw
[LOADER][TRACE] vk.render_work_enter #8 sequence=1035 queue=dcb.graphics submission=87 queued_ms=48.650 VulkanOffscreenGuestDraw
[LOADER][TRACE] vk.render_work_enter #12 sequence=1038 queue=dcb.graphics submission=87 queued_ms=54.477 VulkanOffscreenGuestDraw
[LOADER][TRACE] vk.render_work_enter #2 sequence=1041 queue=dcb.graphics submission=87 queued_ms=70.756 VulkanOffscreenGuestDraw
[LOADER][TRACE] vk.render_work_enter #3 sequence=1042 queue=dcb.graphics submission=87 queued_ms=70.869 VulkanOffscreenGuestDraw
[LOADER][TRACE] vk.render_work_enter #7 sequence=1045 queue=dcb.graphics submission=87 queued_ms=76.233 VulkanOffscreenGuestDraw
[LOADER][TRACE] vk.render_work_enter #2 sequence=1048 queue=dcb.graphics submission=87 queued_ms=95.075 VulkanOffscreenGuestDraw
[LOADER][TRACE] vk.render_work_enter #3 sequence=1049 queue=dcb.graphics submission=87 queued_ms=95.165 VulkanOffscreenGuestDraw
[LOADER][TRACE] vk.render_work_enter #7 sequence=1052 queue=dcb.graphics submission=87 queued_ms=96.237 VulkanOffscreenGuestDraw
[LOADER][TRACE] vk.render_work_enter #2 sequence=1055 queue=dcb.graphics submission=87 queued_ms=121.716 VulkanOffscreenGuestDraw
[LOADER][TRACE] vk.render_work_enter #6 sequence=1058 queue=dcb.graphics submission=87 queued_ms=123.821 VulkanOffscreenGuestDraw
[LOADER][TRACE] vk.render_work_enter #3 sequence=1061 queue=dcb.graphics submission=87 queued_ms=138.104 VulkanOffscreenGuestDraw
[LOADER][TRACE] vk.render_work_enter #4 sequence=1062 queue=dcb.graphics submission=87 queued_ms=138.244 VulkanOffscreenGuestDraw
[LOADER][TRACE] vk.render_work_enter #8 sequence=1065 queue=dcb.graphics submission=87 queued_ms=139.097 VulkanOffscreenGuestDraw
[LOADER][TRACE] vk.render_work_enter #9 sequence=1066 queue=dcb.graphics submission=87 queued_ms=139.207 VulkanOffscreenGuestDraw
[LOADER][TRACE] vk.render_work_enter #13 sequence=1069 queue=dcb.graphics submission=87 queued_ms=143.517 VulkanOffscreenGuestDraw
[LOADER][TRACE] vk.render_work_enter #17 sequence=1072 queue=dcb.graphics submission=87 queued_ms=147.009 VulkanOffscreenGuestDraw
[LOADER][TRACE] vk.present_taken addr=0x0000000001260000 version=87 drawKind=None hasPixels=False hasTranslatedDraw=False
[DIAG-VERIFY] Import #168000 OK: libSceAgc::libSceAgc:sceAgcCreatePrimState ret=0x0000000000000000
[LOADER][TRACE] vk.swapchain_image size=1280x720 format=B8G8R8A8Unorm nonzero_bytes=3686400/3686400 nonblack_pixels=921600/921600 hash=0xDD8AD9E7E5FA3FA8
[LOADER][TRACE] vk.swapchain_dump path=/tmp/ds-golden-exp139/present-0087-1280x720-B8G8R8A8Unorm.bgra
[LOADER][TRACE] vk.render_work_enter #0 sequence=1089 queue=dcb.graphics submission=88 queued_ms=24.741 VulkanOffscreenGuestDraw
[LOADER][TRACE] vk.render_work_enter #7 sequence=1094 queue=dcb.graphics submission=88 queued_ms=26.616 VulkanOffscreenGuestDraw
[LOADER][TRACE] vk.render_work_enter #8 sequence=1095 queue=dcb.graphics submission=88 queued_ms=26.721 VulkanOffscreenGuestDraw
[LOADER][TRACE] vk.render_work_enter #12 sequence=1098 queue=dcb.graphics submission=88 queued_ms=30.596 VulkanOffscreenGuestDraw
[LOADER][TRACE] vk.render_work_enter #2 sequence=1101 queue=dcb.graphics submission=88 queued_ms=46.231 VulkanOffscreenGuestDraw
[LOADER][TRACE] vk.render_work_enter #3 sequence=1102 queue=dcb.graphics submission=88 queued_ms=46.330 VulkanOffscreenGuestDraw
[LOADER][TRACE] vk.render_work_enter #7 sequence=1105 queue=dcb.graphics submission=88 queued_ms=51.782 VulkanOffscreenGuestDraw
[LOADER][TRACE] vk.render_work_enter #2 sequence=1108 queue=dcb.graphics submission=88 queued_ms=93.479 VulkanOffscreenGuestDraw
[LOADER][TRACE] vk.render_work_enter #3 sequence=1109 queue=dcb.graphics submission=88 queued_ms=93.573 VulkanOffscreenGuestDraw
[LOADER][TRACE] vk.render_work_enter #7 sequence=1112 queue=dcb.graphics submission=88 queued_ms=94.758 VulkanOffscreenGuestDraw
[LOADER][TRACE] vk.render_work_enter #11 sequence=1115 queue=dcb.graphics submission=88 queued_ms=97.832 VulkanOffscreenGuestDraw
[LOADER][TRACE] vk.render_work_enter #15 sequence=1118 queue=dcb.graphics submission=88 queued_ms=99.959 VulkanOffscreenGuestDraw
[LOADER][TRACE] vk.render_work_enter #2 sequence=1121 queue=dcb.graphics submission=88 queued_ms=115.128 VulkanOffscreenGuestDraw
[LOADER][TRACE] vk.render_work_enter #3 sequence=1122 queue=dcb.graphics submission=88 queued_ms=115.216 VulkanOffscreenGuestDraw
[LOADER][TRACE] vk.render_work_enter #7 sequence=1125 queue=dcb.graphics submission=88 queued_ms=116.095 VulkanOffscreenGuestDraw
[LOADER][TRACE] vk.render_work_enter #8 sequence=1126 queue=dcb.graphics submission=88 queued_ms=116.160 VulkanOffscreenGuestDraw
[LOADER][TRACE] vk.render_work_enter #13 sequence=1129 queue=dcb.graphics submission=88 queued_ms=122.283 VulkanOffscreenGuestDraw
[LOADER][TRACE] vk.render_work_enter #17 sequence=1132 queue=dcb.graphics submission=88 queued_ms=125.813 VulkanOffscreenGuestDraw
[LOADER][TRACE] vk.present_taken addr=0x0000000003240000 version=88 drawKind=None hasPixels=False hasTranslatedDraw=False
[DIAG-VERIFY] Import #169000 OK: libc::libc:_Getptolower ret=0x00007EF870015100
[DIAG-VERIFY] Import #170000 OK: libSceAgc::libSceAgc:sceAgcSetUcRegIndirectPatchAddRegisters ret=0x0000000000000000
[LOADER][TRACE] vk.swapchain_image size=1280x720 format=B8G8R8A8Unorm nonzero_bytes=3686400/3686400 nonblack_pixels=921600/921600 hash=0xB0903F2BD3109999
[LOADER][TRACE] vk.swapchain_dump path=/tmp/ds-golden-exp139/present-0088-1280x720-B8G8R8A8Unorm.bgra
[LOADER][TRACE] vk.render_work_enter #0 sequence=1149 queue=dcb.graphics submission=89 queued_ms=31.410 VulkanOffscreenGuestDraw
[LOADER][TRACE] vk.render_work_enter #7 sequence=1154 queue=dcb.graphics submission=89 queued_ms=34.417 VulkanOffscreenGuestDraw
[LOADER][TRACE] vk.render_work_enter #8 sequence=1155 queue=dcb.graphics submission=89 queued_ms=34.491 VulkanOffscreenGuestDraw
[LOADER][TRACE] vk.render_work_enter #12 sequence=1158 queue=dcb.graphics submission=89 queued_ms=40.044 VulkanOffscreenGuestDraw
[LOADER][TRACE] vk.render_work_enter #2 sequence=1161 queue=dcb.graphics submission=89 queued_ms=61.649 VulkanOffscreenGuestDraw
[LOADER][TRACE] vk.render_work_enter #3 sequence=1162 queue=dcb.graphics submission=89 queued_ms=61.741 VulkanOffscreenGuestDraw
[LOADER][TRACE] vk.render_work_enter #2 sequence=1165 queue=dcb.graphics submission=89 queued_ms=83.866 VulkanOffscreenGuestDraw
[LOADER][TRACE] vk.render_work_enter #2 sequence=1168 queue=dcb.graphics submission=89 queued_ms=102.909 VulkanOffscreenGuestDraw
[LOADER][TRACE] vk.render_work_enter #3 sequence=1169 queue=dcb.graphics submission=89 queued_ms=102.998 VulkanOffscreenGuestDraw
[LOADER][TRACE] vk.render_work_enter #7 sequence=1172 queue=dcb.graphics submission=89 queued_ms=104.090 VulkanOffscreenGuestDraw
[LOADER][TRACE] vk.render_work_enter #12 sequence=1175 queue=dcb.graphics submission=89 queued_ms=107.253 VulkanOffscreenGuestDraw
[LOADER][TRACE] vk.render_work_enter #16 sequence=1178 queue=dcb.graphics submission=89 queued_ms=108.736 VulkanOffscreenGuestDraw
[DIAG-VERIFY] Import #3000 OK: libSceAudioOut::libSceAudioOut:sceAudioOutOutput ret=0x0000000000000000
[LOADER][TRACE] vk.render_work_enter #2 sequence=1181 queue=dcb.graphics submission=89 queued_ms=116.908 VulkanOffscreenGuestDraw
[LOADER][TRACE] vk.render_work_enter #3 sequence=1182 queue=dcb.graphics submission=89 queued_ms=116.991 VulkanOffscreenGuestDraw
[LOADER][TRACE] vk.render_work_enter #7 sequence=1185 queue=dcb.graphics submission=89 queued_ms=117.801 VulkanOffscreenGuestDraw
[LOADER][TRACE] vk.render_work_enter #8 sequence=1186 queue=dcb.graphics submission=89 queued_ms=117.837 VulkanOffscreenGuestDraw
[LOADER][TRACE] vk.render_work_enter #12 sequence=1189 queue=dcb.graphics submission=89 queued_ms=122.238 VulkanOffscreenGuestDraw
[LOADER][TRACE] vk.render_work_enter #16 sequence=1192 queue=dcb.graphics submission=89 queued_ms=125.782 VulkanOffscreenGuestDraw
[LOADER][TRACE] vk.present_taken addr=0x0000000001260000 version=89 drawKind=None hasPixels=False hasTranslatedDraw=False
[DIAG-VERIFY] Import #171000 OK: libSceAgc::libSceAgc:sceAgcDcbSetIndexSize ret=0x0000000000260448
[LOADER][TRACE] vk.swapchain_image size=1280x720 format=B8G8R8A8Unorm nonzero_bytes=3686400/3686400 nonblack_pixels=921600/921600 hash=0xD2753795A7557E11
[LOADER][TRACE] vk.swapchain_dump path=/tmp/ds-golden-exp139/present-0089-1280x720-B8G8R8A8Unorm.bgra
[LOADER][TRACE] vk.render_work_enter #0 sequence=1209 queue=dcb.graphics submission=90 queued_ms=19.300 VulkanOffscreenGuestDraw
[LOADER][TRACE] vk.render_work_enter #7 sequence=1214 queue=dcb.graphics submission=90 queued_ms=22.309 VulkanOffscreenGuestDraw
[LOADER][TRACE] vk.render_work_enter #8 sequence=1215 queue=dcb.graphics submission=90 queued_ms=22.414 VulkanOffscreenGuestDraw
[LOADER][TRACE] vk.render_work_enter #12 sequence=1218 queue=dcb.graphics submission=90 queued_ms=27.743 VulkanOffscreenGuestDraw
[LOADER][TRACE] vk.render_work_enter #2 sequence=1221 queue=dcb.graphics submission=90 queued_ms=49.436 VulkanOffscreenGuestDraw
[LOADER][TRACE] vk.render_work_enter #3 sequence=1222 queue=dcb.graphics submission=90 queued_ms=49.539 VulkanOffscreenGuestDraw
[LOADER][TRACE] vk.render_work_enter #2 sequence=1225 queue=dcb.graphics submission=90 queued_ms=75.628 VulkanOffscreenGuestDraw
[LOADER][TRACE] vk.render_work_enter #2 sequence=1228 queue=dcb.graphics submission=90 queued_ms=94.430 VulkanOffscreenGuestDraw
[LOADER][TRACE] vk.render_work_enter #3 sequence=1229 queue=dcb.graphics submission=90 queued_ms=94.505 VulkanOffscreenGuestDraw
[LOADER][TRACE] vk.render_work_enter #7 sequence=1232 queue=dcb.graphics submission=90 queued_ms=95.865 VulkanOffscreenGuestDraw
[LOADER][TRACE] vk.render_work_enter #11 sequence=1235 queue=dcb.graphics submission=90 queued_ms=99.015 VulkanOffscreenGuestDraw
[LOADER][TRACE] vk.render_work_enter #15 sequence=1238 queue=dcb.graphics submission=90 queued_ms=101.214 VulkanOffscreenGuestDraw
[LOADER][TRACE] vk.render_work_enter #3 sequence=1241 queue=dcb.graphics submission=90 queued_ms=110.074 VulkanOffscreenGuestDraw
[LOADER][TRACE] vk.render_work_enter #4 sequence=1242 queue=dcb.graphics submission=90 queued_ms=110.163 VulkanOffscreenGuestDraw
[LOADER][TRACE] vk.render_work_enter #8 sequence=1245 queue=dcb.graphics submission=90 queued_ms=111.170 VulkanOffscreenGuestDraw
[LOADER][TRACE] vk.render_work_enter #9 sequence=1246 queue=dcb.graphics submission=90 queued_ms=111.248 VulkanOffscreenGuestDraw
[LOADER][TRACE] vk.render_work_enter #13 sequence=1249 queue=dcb.graphics submission=90 queued_ms=115.473 VulkanOffscreenGuestDraw
[LOADER][TRACE] vk.render_work_enter #17 sequence=1252 queue=dcb.graphics submission=90 queued_ms=118.785 VulkanOffscreenGuestDraw
[LOADER][TRACE] vk.present_taken addr=0x0000000003240000 version=90 drawKind=None hasPixels=False hasTranslatedDraw=False
[DIAG-VERIFY] Import #172000 OK: libc::libc:_Getptolower ret=0x00007EF870015100
[NID-COUNTS] 1D0H2KNjshE=143 hsi9drzHR2k=0
[LOADER][TRACE] vk.swapchain_image size=1280x720 format=B8G8R8A8Unorm nonzero_bytes=3686400/3686400 nonblack_pixels=921600/921600 hash=0x58FF8EBFDF0A395A
[LOADER][TRACE] vk.swapchain_dump path=/tmp/ds-golden-exp139/present-0090-1280x720-B8G8R8A8Unorm.bgra
[LOADER][TRACE] vk.render_work_enter #0 sequence=1269 queue=dcb.graphics submission=91 queued_ms=24.689 VulkanOffscreenGuestDraw
[LOADER][TRACE] vk.render_work_enter #7 sequence=1274 queue=dcb.graphics submission=91 queued_ms=27.622 VulkanOffscreenGuestDraw
[LOADER][TRACE] vk.render_work_enter #8 sequence=1275 queue=dcb.graphics submission=91 queued_ms=27.707 VulkanOffscreenGuestDraw
[LOADER][TRACE] vk.render_work_enter #12 sequence=1278 queue=dcb.graphics submission=91 queued_ms=32.768 VulkanOffscreenGuestDraw
[LOADER][TRACE] vk.render_work_enter #2 sequence=1281 queue=dcb.graphics submission=91 queued_ms=73.136 VulkanOffscreenGuestDraw
[LOADER][TRACE] vk.render_work_enter #3 sequence=1282 queue=dcb.graphics submission=91 queued_ms=73.233 VulkanOffscreenGuestDraw
[LOADER][TRACE] vk.render_work_enter #7 sequence=1285 queue=dcb.graphics submission=91 queued_ms=77.876 VulkanOffscreenGuestDraw
[LOADER][TRACE] vk.render_work_enter #2 sequence=1288 queue=dcb.graphics submission=91 queued_ms=97.135 VulkanOffscreenGuestDraw
[LOADER][TRACE] vk.render_work_enter #3 sequence=1289 queue=dcb.graphics submission=91 queued_ms=97.230 VulkanOffscreenGuestDraw
[LOADER][TRACE] vk.render_work_enter #7 sequence=1292 queue=dcb.graphics submission=91 queued_ms=98.152 VulkanOffscreenGuestDraw
[LOADER][TRACE] vk.render_work_enter #11 sequence=1295 queue=dcb.graphics submission=91 queued_ms=101.209 VulkanOffscreenGuestDraw
[LOADER][TRACE] vk.render_work_enter #15 sequence=1298 queue=dcb.graphics submission=91 queued_ms=103.256 VulkanOffscreenGuestDraw
[DIAG-VERIFY] Import #173000 OK: libKernel::libKernel:sceKernelWaitEqueue ret=0x0000000000000000
[DIAG-VERIFY] Import #13000 OK: libKernel::libKernel:scePthreadMutexLock ret=0x0000000000000000
[LOADER][TRACE] vk.render_work_enter #3 sequence=1301 queue=dcb.graphics submission=91 queued_ms=111.743 VulkanOffscreenGuestDraw
[LOADER][TRACE] vk.render_work_enter #4 sequence=1302 queue=dcb.graphics submission=91 queued_ms=111.872 VulkanOffscreenGuestDraw
[LOADER][TRACE] vk.render_work_enter #8 sequence=1305 queue=dcb.graphics submission=91 queued_ms=112.843 VulkanOffscreenGuestDraw
[LOADER][TRACE] vk.render_work_enter #9 sequence=1306 queue=dcb.graphics submission=91 queued_ms=112.896 VulkanOffscreenGuestDraw
[LOADER][TRACE] vk.render_work_enter #13 sequence=1309 queue=dcb.graphics submission=91 queued_ms=117.220 VulkanOffscreenGuestDraw
[LOADER][TRACE] vk.render_work_enter #17 sequence=1312 queue=dcb.graphics submission=91 queued_ms=120.575 VulkanOffscreenGuestDraw
[LOADER][TRACE] vk.present_taken addr=0x0000000001260000 version=91 drawKind=None hasPixels=False hasTranslatedDraw=False
[DIAG-VERIFY] Import #174000 OK: libSceAgc::libSceAgc:sceAgcSetShRegIndirectPatchAddRegisters ret=0x0000000000000000
[LOADER][TRACE] vk.swapchain_image size=1280x720 format=B8G8R8A8Unorm nonzero_bytes=3686400/3686400 nonblack_pixels=921600/921600 hash=0xF429E11CE2080234
[LOADER][TRACE] vk.swapchain_dump path=/tmp/ds-golden-exp139/present-0091-1280x720-B8G8R8A8Unorm.bgra
[LOADER][TRACE] vk.render_work_enter #0 sequence=1329 queue=dcb.graphics submission=92 queued_ms=19.829 VulkanOffscreenGuestDraw
[LOADER][TRACE] vk.render_work_enter #7 sequence=1334 queue=dcb.graphics submission=92 queued_ms=23.059 VulkanOffscreenGuestDraw
[LOADER][TRACE] vk.render_work_enter #8 sequence=1335 queue=dcb.graphics submission=92 queued_ms=23.151 VulkanOffscreenGuestDraw
[LOADER][TRACE] vk.render_work_enter #12 sequence=1338 queue=dcb.graphics submission=92 queued_ms=28.769 VulkanOffscreenGuestDraw
[LOADER][TRACE] vk.render_work_enter #2 sequence=1341 queue=dcb.graphics submission=92 queued_ms=71.465 VulkanOffscreenGuestDraw
[LOADER][TRACE] vk.render_work_enter #3 sequence=1342 queue=dcb.graphics submission=92 queued_ms=71.574 VulkanOffscreenGuestDraw
[LOADER][TRACE] vk.render_work_enter #7 sequence=1345 queue=dcb.graphics submission=92 queued_ms=76.159 VulkanOffscreenGuestDraw
[LOADER][TRACE] vk.render_work_enter #2 sequence=1348 queue=dcb.graphics submission=92 queued_ms=95.656 VulkanOffscreenGuestDraw
[LOADER][TRACE] vk.render_work_enter #3 sequence=1349 queue=dcb.graphics submission=92 queued_ms=95.746 VulkanOffscreenGuestDraw
[LOADER][TRACE] vk.render_work_enter #7 sequence=1352 queue=dcb.graphics submission=92 queued_ms=96.897 VulkanOffscreenGuestDraw
[LOADER][TRACE] vk.render_work_enter #11 sequence=1355 queue=dcb.graphics submission=92 queued_ms=99.388 VulkanOffscreenGuestDraw
[LOADER][TRACE] vk.render_work_enter #15 sequence=1358 queue=dcb.graphics submission=92 queued_ms=102.042 VulkanOffscreenGuestDraw
[LOADER][TRACE] vk.render_work_enter #3 sequence=1361 queue=dcb.graphics submission=92 queued_ms=114.502 VulkanOffscreenGuestDraw
[LOADER][TRACE] vk.render_work_enter #4 sequence=1362 queue=dcb.graphics submission=92 queued_ms=114.666 VulkanOffscreenGuestDraw
[LOADER][TRACE] vk.render_work_enter #8 sequence=1365 queue=dcb.graphics submission=92 queued_ms=115.715 VulkanOffscreenGuestDraw
[LOADER][TRACE] vk.render_work_enter #9 sequence=1366 queue=dcb.graphics submission=92 queued_ms=115.805 VulkanOffscreenGuestDraw
[LOADER][TRACE] vk.render_work_enter #13 sequence=1369 queue=dcb.graphics submission=92 queued_ms=120.471 VulkanOffscreenGuestDraw
[LOADER][TRACE] vk.render_work_enter #17 sequence=1372 queue=dcb.graphics submission=92 queued_ms=123.826 VulkanOffscreenGuestDraw
[LOADER][TRACE] vk.present_taken addr=0x0000000003240000 version=92 drawKind=None hasPixels=False hasTranslatedDraw=False
[DIAG-VERIFY] Import #175000 OK: libc::libc:_Getptolower ret=0x00007EF870015100
[LOADER][TRACE] vk.swapchain_image size=1280x720 format=B8G8R8A8Unorm nonzero_bytes=3686400/3686400 nonblack_pixels=921600/921600 hash=0xD33FD2A0006CE3C7
[LOADER][TRACE] vk.swapchain_dump path=/tmp/ds-golden-exp139/present-0092-1280x720-B8G8R8A8Unorm.bgra
[LOADER][TRACE] vk.render_work_enter #0 sequence=1389 queue=dcb.graphics submission=93 queued_ms=22.101 VulkanOffscreenGuestDraw
[LOADER][TRACE] vk.render_work_enter #7 sequence=1394 queue=dcb.graphics submission=93 queued_ms=25.221 VulkanOffscreenGuestDraw
[LOADER][TRACE] vk.render_work_enter #8 sequence=1395 queue=dcb.graphics submission=93 queued_ms=25.394 VulkanOffscreenGuestDraw
[LOADER][TRACE] vk.render_work_enter #12 sequence=1398 queue=dcb.graphics submission=93 queued_ms=30.896 VulkanOffscreenGuestDraw
[LOADER][TRACE] vk.render_work_enter #2 sequence=1401 queue=dcb.graphics submission=93 queued_ms=69.220 VulkanOffscreenGuestDraw
[LOADER][TRACE] vk.render_work_enter #3 sequence=1402 queue=dcb.graphics submission=93 queued_ms=69.332 VulkanOffscreenGuestDraw
[LOADER][TRACE] vk.render_work_enter #7 sequence=1405 queue=dcb.graphics submission=93 queued_ms=73.752 VulkanOffscreenGuestDraw
[LOADER][TRACE] vk.render_work_enter #2 sequence=1408 queue=dcb.graphics submission=93 queued_ms=92.955 VulkanOffscreenGuestDraw
[LOADER][TRACE] vk.render_work_enter #3 sequence=1409 queue=dcb.graphics submission=93 queued_ms=93.054 VulkanOffscreenGuestDraw
[LOADER][TRACE] vk.render_work_enter #7 sequence=1412 queue=dcb.graphics submission=93 queued_ms=94.185 VulkanOffscreenGuestDraw
[LOADER][TRACE] vk.render_work_enter #11 sequence=1415 queue=dcb.graphics submission=93 queued_ms=97.218 VulkanOffscreenGuestDraw
[LOADER][TRACE] vk.render_work_enter #15 sequence=1418 queue=dcb.graphics submission=93 queued_ms=99.177 VulkanOffscreenGuestDraw
[LOADER][TRACE] vk.render_work_enter #3 sequence=1421 queue=dcb.graphics submission=93 queued_ms=113.629 VulkanOffscreenGuestDraw
[LOADER][TRACE] vk.render_work_enter #4 sequence=1422 queue=dcb.graphics submission=93 queued_ms=113.771 VulkanOffscreenGuestDraw
[LOADER][TRACE] vk.render_work_enter #8 sequence=1425 queue=dcb.graphics submission=93 queued_ms=114.835 VulkanOffscreenGuestDraw
[LOADER][TRACE] vk.render_work_enter #9 sequence=1426 queue=dcb.graphics submission=93 queued_ms=114.926 VulkanOffscreenGuestDraw
[LOADER][TRACE] vk.render_work_enter #13 sequence=1429 queue=dcb.graphics submission=93 queued_ms=119.383 VulkanOffscreenGuestDraw
[LOADER][TRACE] vk.render_work_enter #17 sequence=1432 queue=dcb.graphics submission=93 queued_ms=122.760 VulkanOffscreenGuestDraw
[LOADER][TRACE] vk.present_taken addr=0x0000000001260000 version=93 drawKind=None hasPixels=False hasTranslatedDraw=False
[DIAG-VERIFY] Import #176000 OK: libc::libc:_Getptolower ret=0x00007EF870015100
[DIAG-VERIFY] Import #177000 OK: libSceAgc::libSceAgc:sceAgcSetCxRegIndirectPatchAddRegisters ret=0x0000000000000000
[LOADER][TRACE] vk.swapchain_image size=1280x720 format=B8G8R8A8Unorm nonzero_bytes=3686400/3686400 nonblack_pixels=921600/921600 hash=0xF6EAC09C7BB9E6B3
[LOADER][TRACE] vk.swapchain_dump path=/tmp/ds-golden-exp139/present-0093-1280x720-B8G8R8A8Unorm.bgra
[LOADER][TRACE] vk.render_work_enter #0 sequence=1449 queue=dcb.graphics submission=94 queued_ms=24.842 VulkanOffscreenGuestDraw
[LOADER][TRACE] vk.render_work_enter #7 sequence=1454 queue=dcb.graphics submission=94 queued_ms=27.810 VulkanOffscreenGuestDraw
[LOADER][TRACE] vk.render_work_enter #8 sequence=1455 queue=dcb.graphics submission=94 queued_ms=27.874 VulkanOffscreenGuestDraw
[LOADER][TRACE] vk.render_work_enter #3 sequence=1458 queue=dcb.graphics submission=94 queued_ms=51.825 VulkanOffscreenGuestDraw
[LOADER][TRACE] vk.render_work_enter #2 sequence=1461 queue=dcb.graphics submission=94 queued_ms=73.352 VulkanOffscreenGuestDraw
[LOADER][TRACE] vk.render_work_enter #3 sequence=1462 queue=dcb.graphics submission=94 queued_ms=73.452 VulkanOffscreenGuestDraw
[LOADER][TRACE] vk.render_work_enter #7 sequence=1465 queue=dcb.graphics submission=94 queued_ms=77.891 VulkanOffscreenGuestDraw
[LOADER][TRACE] vk.render_work_enter #2 sequence=1468 queue=dcb.graphics submission=94 queued_ms=96.929 VulkanOffscreenGuestDraw
[LOADER][TRACE] vk.render_work_enter #3 sequence=1469 queue=dcb.graphics submission=94 queued_ms=97.022 VulkanOffscreenGuestDraw
[LOADER][TRACE] vk.render_work_enter #7 sequence=1472 queue=dcb.graphics submission=94 queued_ms=98.199 VulkanOffscreenGuestDraw
[LOADER][TRACE] vk.render_work_enter #11 sequence=1475 queue=dcb.graphics submission=94 queued_ms=101.177 VulkanOffscreenGuestDraw
[LOADER][TRACE] vk.render_work_enter #15 sequence=1478 queue=dcb.graphics submission=94 queued_ms=103.150 VulkanOffscreenGuestDraw
[LOADER][TRACE] vk.render_work_enter #3 sequence=1481 queue=dcb.graphics submission=94 queued_ms=113.948 VulkanOffscreenGuestDraw
[LOADER][TRACE] vk.render_work_enter #4 sequence=1482 queue=dcb.graphics submission=94 queued_ms=114.020 VulkanOffscreenGuestDraw
[LOADER][TRACE] vk.render_work_enter #8 sequence=1485 queue=dcb.graphics submission=94 queued_ms=114.988 VulkanOffscreenGuestDraw
[LOADER][TRACE] vk.render_work_enter #9 sequence=1486 queue=dcb.graphics submission=94 queued_ms=115.045 VulkanOffscreenGuestDraw
[LOADER][TRACE] vk.render_work_enter #13 sequence=1489 queue=dcb.graphics submission=94 queued_ms=119.140 VulkanOffscreenGuestDraw
[LOADER][TRACE] vk.render_work_enter #2 sequence=1492 queue=dcb.graphics submission=94 queued_ms=146.410 VulkanOffscreenGuestDraw
[LOADER][TRACE] vk.present_taken addr=0x0000000003240000 version=94 drawKind=None hasPixels=False hasTranslatedDraw=False
[DIAG-VERIFY] Import #178000 OK: libc::libc:_Getptolower ret=0x00007EF870015100
[LOADER][TRACE] vk.swapchain_image size=1280x720 format=B8G8R8A8Unorm nonzero_bytes=3686400/3686400 nonblack_pixels=921600/921600 hash=0x970FA6E915A2D4AB
[LOADER][TRACE] vk.swapchain_dump path=/tmp/ds-golden-exp139/present-0094-1280x720-B8G8R8A8Unorm.bgra
[LOADER][TRACE] vk.render_work_enter #0 sequence=1509 queue=dcb.graphics submission=95 queued_ms=18.823 VulkanOffscreenGuestDraw
[LOADER][TRACE] vk.render_work_enter #7 sequence=1514 queue=dcb.graphics submission=95 queued_ms=21.796 VulkanOffscreenGuestDraw
[LOADER][TRACE] vk.render_work_enter #8 sequence=1515 queue=dcb.graphics submission=95 queued_ms=21.862 VulkanOffscreenGuestDraw
[LOADER][TRACE] vk.render_work_enter #3 sequence=1518 queue=dcb.graphics submission=95 queued_ms=47.589 VulkanOffscreenGuestDraw
[LOADER][TRACE] vk.render_work_enter #2 sequence=1521 queue=dcb.graphics submission=95 queued_ms=69.260 VulkanOffscreenGuestDraw
[LOADER][TRACE] vk.render_work_enter #3 sequence=1522 queue=dcb.graphics submission=95 queued_ms=69.515 VulkanOffscreenGuestDraw
[LOADER][TRACE] vk.render_work_enter #7 sequence=1525 queue=dcb.graphics submission=95 queued_ms=74.156 VulkanOffscreenGuestDraw
[LOADER][TRACE] vk.render_work_enter #2 sequence=1528 queue=dcb.graphics submission=95 queued_ms=92.960 VulkanOffscreenGuestDraw
[LOADER][TRACE] vk.render_work_enter #3 sequence=1529 queue=dcb.graphics submission=95 queued_ms=93.016 VulkanOffscreenGuestDraw
[LOADER][TRACE] vk.render_work_enter #7 sequence=1532 queue=dcb.graphics submission=95 queued_ms=94.150 VulkanOffscreenGuestDraw
[LOADER][TRACE] vk.render_work_enter #11 sequence=1535 queue=dcb.graphics submission=95 queued_ms=97.047 VulkanOffscreenGuestDraw
[LOADER][TRACE] vk.render_work_enter #15 sequence=1538 queue=dcb.graphics submission=95 queued_ms=98.963 VulkanOffscreenGuestDraw
[LOADER][TRACE] vk.render_work_enter #3 sequence=1541 queue=dcb.graphics submission=95 queued_ms=111.202 VulkanOffscreenGuestDraw
[LOADER][TRACE] vk.render_work_enter #4 sequence=1542 queue=dcb.graphics submission=95 queued_ms=111.263 VulkanOffscreenGuestDraw
[LOADER][TRACE] vk.render_work_enter #8 sequence=1545 queue=dcb.graphics submission=95 queued_ms=112.174 VulkanOffscreenGuestDraw
[LOADER][TRACE] vk.render_work_enter #9 sequence=1546 queue=dcb.graphics submission=95 queued_ms=112.242 VulkanOffscreenGuestDraw
[LOADER][TRACE] vk.render_work_enter #2 sequence=1549 queue=dcb.graphics submission=95 queued_ms=142.443 VulkanOffscreenGuestDraw
[LOADER][TRACE] vk.render_work_enter #6 sequence=1552 queue=dcb.graphics submission=95 queued_ms=145.844 VulkanOffscreenGuestDraw
[LOADER][TRACE] vk.present_taken addr=0x0000000001260000 version=95 drawKind=None hasPixels=False hasTranslatedDraw=False
[DIAG-VERIFY] Import #179000 OK: libc::libc:_Getptolower ret=0x00007EF870015100
[DIAG-VERIFY] Import #180000 OK: libSceAgc::libSceAgc:sceAgcSetCxRegIndirectPatchAddRegisters ret=0x0000000000000000
[LOADER][TRACE] vk.swapchain_image size=1280x720 format=B8G8R8A8Unorm nonzero_bytes=3686400/3686400 nonblack_pixels=921600/921600 hash=0xDB7CD765E320D625
[LOADER][TRACE] vk.swapchain_dump path=/tmp/ds-golden-exp139/present-0095-1280x720-B8G8R8A8Unorm.bgra
[LOADER][TRACE] vk.render_work_enter #0 sequence=1569 queue=dcb.graphics submission=96 queued_ms=18.656 VulkanOffscreenGuestDraw
[LOADER][TRACE] vk.render_work_enter #7 sequence=1574 queue=dcb.graphics submission=96 queued_ms=20.384 VulkanOffscreenGuestDraw
[LOADER][TRACE] vk.render_work_enter #8 sequence=1575 queue=dcb.graphics submission=96 queued_ms=20.489 VulkanOffscreenGuestDraw
[LOADER][TRACE] vk.render_work_enter #3 sequence=1578 queue=dcb.graphics submission=96 queued_ms=41.926 VulkanOffscreenGuestDraw
[LOADER][TRACE] vk.render_work_enter #2 sequence=1581 queue=dcb.graphics submission=96 queued_ms=57.735 VulkanOffscreenGuestDraw
[LOADER][TRACE] vk.render_work_enter #3 sequence=1582 queue=dcb.graphics submission=96 queued_ms=57.843 VulkanOffscreenGuestDraw
[LOADER][TRACE] vk.render_work_enter #7 sequence=1585 queue=dcb.graphics submission=96 queued_ms=63.289 VulkanOffscreenGuestDraw
[LOADER][TRACE] vk.render_work_enter #2 sequence=1588 queue=dcb.graphics submission=96 queued_ms=83.064 VulkanOffscreenGuestDraw
[LOADER][TRACE] vk.render_work_enter #3 sequence=1589 queue=dcb.graphics submission=96 queued_ms=83.185 VulkanOffscreenGuestDraw
[LOADER][TRACE] vk.render_work_enter #7 sequence=1592 queue=dcb.graphics submission=96 queued_ms=84.465 VulkanOffscreenGuestDraw
[LOADER][TRACE] vk.render_work_enter #11 sequence=1595 queue=dcb.graphics submission=96 queued_ms=87.609 VulkanOffscreenGuestDraw
[LOADER][TRACE] vk.render_work_enter #15 sequence=1598 queue=dcb.graphics submission=96 queued_ms=89.774 VulkanOffscreenGuestDraw
[LOADER][TRACE] vk.render_work_enter #2 sequence=1601 queue=dcb.graphics submission=96 queued_ms=105.734 VulkanOffscreenGuestDraw
[LOADER][TRACE] vk.render_work_enter #3 sequence=1602 queue=dcb.graphics submission=96 queued_ms=105.871 VulkanOffscreenGuestDraw
[LOADER][TRACE] vk.render_work_enter #7 sequence=1605 queue=dcb.graphics submission=96 queued_ms=107.147 VulkanOffscreenGuestDraw
[LOADER][TRACE] vk.render_work_enter #8 sequence=1606 queue=dcb.graphics submission=96 queued_ms=107.230 VulkanOffscreenGuestDraw
[LOADER][TRACE] vk.render_work_enter #12 sequence=1609 queue=dcb.graphics submission=96 queued_ms=114.691 VulkanOffscreenGuestDraw
[LOADER][TRACE] vk.render_work_enter #2 sequence=1612 queue=dcb.graphics submission=96 queued_ms=143.583 VulkanOffscreenGuestDraw
[LOADER][TRACE] vk.present_taken addr=0x0000000003240000 version=96 drawKind=None hasPixels=False hasTranslatedDraw=False
[LOADER][TRACE] vk.swapchain_image size=1280x720 format=B8G8R8A8Unorm nonzero_bytes=3686400/3686400 nonblack_pixels=921600/921600 hash=0xDFDE7D0262EFCEE4
[LOADER][TRACE] vk.swapchain_dump path=/tmp/ds-golden-exp139/present-0096-1280x720-B8G8R8A8Unorm.bgra
[DIAG-VERIFY] Import #181000 OK: libc::libc:_Getptolower ret=0x00007EF870015100
[LOADER][TRACE] vk.render_work_enter #0 sequence=1629 queue=dcb.graphics submission=97 queued_ms=0.027 VulkanOffscreenGuestDraw
[LOADER][TRACE] vk.render_work_enter #5 sequence=1634 queue=dcb.graphics submission=97 queued_ms=19.698 VulkanOffscreenGuestDraw
[LOADER][TRACE] vk.render_work_enter #6 sequence=1635 queue=dcb.graphics submission=97 queued_ms=19.817 VulkanOffscreenGuestDraw
[LOADER][TRACE] vk.render_work_enter #10 sequence=1638 queue=dcb.graphics submission=97 queued_ms=25.240 VulkanOffscreenGuestDraw
[LOADER][TRACE] vk.render_work_enter #2 sequence=1641 queue=dcb.graphics submission=97 queued_ms=47.425 VulkanOffscreenGuestDraw
[LOADER][TRACE] vk.render_work_enter #3 sequence=1642 queue=dcb.graphics submission=97 queued_ms=47.563 VulkanOffscreenGuestDraw
[LOADER][TRACE] vk.render_work_enter #7 sequence=1645 queue=dcb.graphics submission=97 queued_ms=52.543 VulkanOffscreenGuestDraw
[LOADER][TRACE] vk.render_work_enter #2 sequence=1648 queue=dcb.graphics submission=97 queued_ms=66.667 VulkanOffscreenGuestDraw
[LOADER][TRACE] vk.render_work_enter #3 sequence=1649 queue=dcb.graphics submission=97 queued_ms=66.801 VulkanOffscreenGuestDraw
[LOADER][TRACE] vk.render_work_enter #7 sequence=1652 queue=dcb.graphics submission=97 queued_ms=68.238 VulkanOffscreenGuestDraw
[LOADER][TRACE] vk.render_work_enter #11 sequence=1655 queue=dcb.graphics submission=97 queued_ms=70.634 VulkanOffscreenGuestDraw
[LOADER][TRACE] vk.render_work_enter #15 sequence=1658 queue=dcb.graphics submission=97 queued_ms=72.873 VulkanOffscreenGuestDraw
[LOADER][TRACE] vk.render_work_enter #2 sequence=1661 queue=dcb.graphics submission=97 queued_ms=88.040 VulkanOffscreenGuestDraw
[LOADER][TRACE] vk.render_work_enter #3 sequence=1662 queue=dcb.graphics submission=97 queued_ms=88.187 VulkanOffscreenGuestDraw
[LOADER][TRACE] vk.render_work_enter #7 sequence=1665 queue=dcb.graphics submission=97 queued_ms=89.350 VulkanOffscreenGuestDraw
[LOADER][TRACE] vk.render_work_enter #8 sequence=1666 queue=dcb.graphics submission=97 queued_ms=89.427 VulkanOffscreenGuestDraw
[LOADER][TRACE] vk.render_work_enter #3 sequence=1669 queue=dcb.graphics submission=97 queued_ms=122.535 VulkanOffscreenGuestDraw
[LOADER][TRACE] vk.render_work_enter #7 sequence=1672 queue=dcb.graphics submission=97 queued_ms=128.103 VulkanOffscreenGuestDraw
[LOADER][TRACE] vk.present_taken addr=0x0000000001260000 version=97 drawKind=None hasPixels=False hasTranslatedDraw=False
[DIAG-VERIFY] Import #14000 OK: libKernel::libKernel:scePthreadMutexLock ret=0x0000000000000000
[LOADER][TRACE] vk.swapchain_image size=1280x720 format=B8G8R8A8Unorm nonzero_bytes=3686400/3686400 nonblack_pixels=921600/921600 hash=0xF72DC87442A5363E
[LOADER][TRACE] vk.swapchain_dump path=/tmp/ds-golden-exp139/present-0097-1280x720-B8G8R8A8Unorm.bgra
[DIAG-VERIFY] Import #182000 OK: libc::libc:_Getptolower ret=0x00007EF870015100
[DIAG-VERIFY] Import #183000 OK: libSceAgc::libSceAgc:sceAgcSetShRegIndirectPatchAddRegisters ret=0x0000000000000000
[LOADER][TRACE] vk.render_work_enter #0 sequence=1689 queue=dcb.graphics submission=98 queued_ms=0.033 VulkanOffscreenGuestDraw
[LOADER][TRACE] vk.render_work_enter #7 sequence=1694 queue=dcb.graphics submission=98 queued_ms=5.473 VulkanOffscreenGuestDraw
[LOADER][TRACE] vk.render_work_enter #8 sequence=1695 queue=dcb.graphics submission=98 queued_ms=5.588 VulkanOffscreenGuestDraw
[LOADER][TRACE] vk.render_work_enter #12 sequence=1698 queue=dcb.graphics submission=98 queued_ms=10.839 VulkanOffscreenGuestDraw
[LOADER][TRACE] vk.render_work_enter #2 sequence=1701 queue=dcb.graphics submission=98 queued_ms=36.203 VulkanOffscreenGuestDraw
[LOADER][TRACE] vk.render_work_enter #3 sequence=1702 queue=dcb.graphics submission=98 queued_ms=36.299 VulkanOffscreenGuestDraw
[LOADER][TRACE] vk.render_work_enter #7 sequence=1705 queue=dcb.graphics submission=98 queued_ms=41.003 VulkanOffscreenGuestDraw
[LOADER][TRACE] vk.render_work_enter #2 sequence=1708 queue=dcb.graphics submission=98 queued_ms=56.370 VulkanOffscreenGuestDraw
[LOADER][TRACE] vk.render_work_enter #3 sequence=1709 queue=dcb.graphics submission=98 queued_ms=56.471 VulkanOffscreenGuestDraw
[LOADER][TRACE] vk.render_work_enter #7 sequence=1712 queue=dcb.graphics submission=98 queued_ms=59.647 VulkanOffscreenGuestDraw
[LOADER][TRACE] vk.render_work_enter #11 sequence=1715 queue=dcb.graphics submission=98 queued_ms=62.672 VulkanOffscreenGuestDraw
[LOADER][TRACE] vk.render_work_enter #15 sequence=1718 queue=dcb.graphics submission=98 queued_ms=64.797 VulkanOffscreenGuestDraw
[LOADER][TRACE] vk.render_work_enter #2 sequence=1721 queue=dcb.graphics submission=98 queued_ms=103.707 VulkanOffscreenGuestDraw
[LOADER][TRACE] vk.render_work_enter #3 sequence=1722 queue=dcb.graphics submission=98 queued_ms=103.802 VulkanOffscreenGuestDraw
[LOADER][TRACE] vk.render_work_enter #7 sequence=1725 queue=dcb.graphics submission=98 queued_ms=104.955 VulkanOffscreenGuestDraw
[LOADER][TRACE] vk.render_work_enter #8 sequence=1726 queue=dcb.graphics submission=98 queued_ms=105.006 VulkanOffscreenGuestDraw
[LOADER][TRACE] vk.render_work_enter #13 sequence=1729 queue=dcb.graphics submission=98 queued_ms=111.843 VulkanOffscreenGuestDraw
[LOADER][TRACE] vk.render_work_enter #17 sequence=1732 queue=dcb.graphics submission=98 queued_ms=115.185 VulkanOffscreenGuestDraw
[LOADER][TRACE] vk.present_taken addr=0x0000000003240000 version=98 drawKind=None hasPixels=False hasTranslatedDraw=False
[DIAG-VERIFY] Import #184000 OK: libc::libc:_Getptolower ret=0x00007EF870015100
[LOADER][TRACE] vk.swapchain_image size=1280x720 format=B8G8R8A8Unorm nonzero_bytes=3686400/3686400 nonblack_pixels=921600/921600 hash=0x61E47BD18905C029
[LOADER][TRACE] vk.swapchain_dump path=/tmp/ds-golden-exp139/present-0098-1280x720-B8G8R8A8Unorm.bgra
[LOADER][TRACE] vk.render_work_enter #0 sequence=1749 queue=dcb.graphics submission=99 queued_ms=47.527 VulkanOffscreenGuestDraw
[LOADER][TRACE] vk.render_work_enter #7 sequence=1754 queue=dcb.graphics submission=99 queued_ms=50.912 VulkanOffscreenGuestDraw
[LOADER][TRACE] vk.render_work_enter #8 sequence=1755 queue=dcb.graphics submission=99 queued_ms=51.039 VulkanOffscreenGuestDraw
[LOADER][TRACE] vk.render_work_enter #12 sequence=1758 queue=dcb.graphics submission=99 queued_ms=56.523 VulkanOffscreenGuestDraw
[LOADER][TRACE] vk.render_work_enter #2 sequence=1761 queue=dcb.graphics submission=99 queued_ms=78.869 VulkanOffscreenGuestDraw
[LOADER][TRACE] vk.render_work_enter #3 sequence=1762 queue=dcb.graphics submission=99 queued_ms=78.997 VulkanOffscreenGuestDraw
[LOADER][TRACE] vk.render_work_enter #7 sequence=1765 queue=dcb.graphics submission=99 queued_ms=83.867 VulkanOffscreenGuestDraw
[LOADER][TRACE] vk.render_work_enter #2 sequence=1768 queue=dcb.graphics submission=99 queued_ms=123.616 VulkanOffscreenGuestDraw
[LOADER][TRACE] vk.render_work_enter #3 sequence=1769 queue=dcb.graphics submission=99 queued_ms=123.747 VulkanOffscreenGuestDraw
[LOADER][TRACE] vk.render_work_enter #7 sequence=1772 queue=dcb.graphics submission=99 queued_ms=125.247 VulkanOffscreenGuestDraw
[LOADER][TRACE] vk.render_work_enter #11 sequence=1775 queue=dcb.graphics submission=99 queued_ms=128.292 VulkanOffscreenGuestDraw
[LOADER][TRACE] vk.render_work_enter #15 sequence=1778 queue=dcb.graphics submission=99 queued_ms=130.396 VulkanOffscreenGuestDraw
[LOADER][TRACE] vk.render_work_enter #3 sequence=1781 queue=dcb.graphics submission=99 queued_ms=141.330 VulkanOffscreenGuestDraw
[LOADER][TRACE] vk.render_work_enter #4 sequence=1782 queue=dcb.graphics submission=99 queued_ms=141.444 VulkanOffscreenGuestDraw
[LOADER][TRACE] vk.render_work_enter #8 sequence=1785 queue=dcb.graphics submission=99 queued_ms=142.276 VulkanOffscreenGuestDraw
[LOADER][TRACE] vk.render_work_enter #9 sequence=1786 queue=dcb.graphics submission=99 queued_ms=142.352 VulkanOffscreenGuestDraw
[LOADER][TRACE] vk.render_work_enter #13 sequence=1789 queue=dcb.graphics submission=99 queued_ms=146.795 VulkanOffscreenGuestDraw
[LOADER][TRACE] vk.render_work_enter #17 sequence=1792 queue=dcb.graphics submission=99 queued_ms=150.130 VulkanOffscreenGuestDraw
[LOADER][TRACE] vk.present_taken addr=0x0000000001260000 version=99 drawKind=None hasPixels=False hasTranslatedDraw=False
[DIAG-VERIFY] Import #185000 OK: libc::libc:_Getptolower ret=0x00007EF870015100
[DIAG-VERIFY] Import #186000 OK: libSceAgc::libSceAgc:sceAgcSetCxRegIndirectPatchAddRegisters ret=0x0000000000000000
[LOADER][TRACE] vk.swapchain_image size=1280x720 format=B8G8R8A8Unorm nonzero_bytes=3686400/3686400 nonblack_pixels=921600/921600 hash=0x7F2C922D4D9C3DD2
[LOADER][TRACE] vk.swapchain_dump path=/tmp/ds-golden-exp139/present-0099-1280x720-B8G8R8A8Unorm.bgra
[LOADER][TRACE] vk.render_work_enter #0 sequence=1809 queue=dcb.graphics submission=100 queued_ms=32.476 VulkanOffscreenGuestDraw
[LOADER][TRACE] vk.render_work_enter #7 sequence=1814 queue=dcb.graphics submission=100 queued_ms=34.298 VulkanOffscreenGuestDraw
[LOADER][TRACE] vk.render_work_enter #8 sequence=1815 queue=dcb.graphics submission=100 queued_ms=34.419 VulkanOffscreenGuestDraw
[LOADER][TRACE] vk.render_work_enter #12 sequence=1818 queue=dcb.graphics submission=100 queued_ms=39.673 VulkanOffscreenGuestDraw
[LOADER][TRACE] vk.render_work_enter #2 sequence=1821 queue=dcb.graphics submission=100 queued_ms=61.801 VulkanOffscreenGuestDraw
[LOADER][TRACE] vk.render_work_enter #3 sequence=1822 queue=dcb.graphics submission=100 queued_ms=61.944 VulkanOffscreenGuestDraw
[LOADER][TRACE] vk.render_work_enter #7 sequence=1825 queue=dcb.graphics submission=100 queued_ms=66.622 VulkanOffscreenGuestDraw
[LOADER][TRACE] vk.render_work_enter #2 sequence=1828 queue=dcb.graphics submission=100 queued_ms=106.497 VulkanOffscreenGuestDraw
[LOADER][TRACE] vk.render_work_enter #3 sequence=1829 queue=dcb.graphics submission=100 queued_ms=106.614 VulkanOffscreenGuestDraw
[LOADER][TRACE] vk.render_work_enter #7 sequence=1832 queue=dcb.graphics submission=100 queued_ms=107.774 VulkanOffscreenGuestDraw
[LOADER][TRACE] vk.render_work_enter #11 sequence=1835 queue=dcb.graphics submission=100 queued_ms=110.701 VulkanOffscreenGuestDraw
[LOADER][TRACE] vk.render_work_enter #15 sequence=1838 queue=dcb.graphics submission=100 queued_ms=112.648 VulkanOffscreenGuestDraw
[LOADER][TRACE] vk.render_work_enter #3 sequence=1841 queue=dcb.graphics submission=100 queued_ms=121.557 VulkanOffscreenGuestDraw
[NID-COUNTS] 1D0H2KNjshE=143 hsi9drzHR2k=0
[LOADER][TRACE] vk.render_work_enter #4 sequence=1842 queue=dcb.graphics submission=100 queued_ms=121.712 VulkanOffscreenGuestDraw
[LOADER][TRACE] vk.render_work_enter #8 sequence=1845 queue=dcb.graphics submission=100 queued_ms=126.704 VulkanOffscreenGuestDraw
[LOADER][TRACE] vk.render_work_enter #9 sequence=1846 queue=dcb.graphics submission=100 queued_ms=126.821 VulkanOffscreenGuestDraw
[LOADER][TRACE] vk.render_work_enter #13 sequence=1849 queue=dcb.graphics submission=100 queued_ms=131.373 VulkanOffscreenGuestDraw
[LOADER][TRACE] vk.render_work_enter #2 sequence=1852 queue=dcb.graphics submission=100 queued_ms=134.817 VulkanOffscreenGuestDraw
[LOADER][TRACE] vk.present_taken addr=0x0000000003240000 version=100 drawKind=None hasPixels=False hasTranslatedDraw=False
[DIAG-VERIFY] Import #187000 OK: libSceAgc::libSceAgc:sceAgcSetCxRegIndirectPatchAddRegisters ret=0x0000000000000000
[LOADER][TRACE] vk.swapchain_image size=1280x720 format=B8G8R8A8Unorm nonzero_bytes=3686400/3686400 nonblack_pixels=921600/921600 hash=0x26622258CD9F06FA
[LOADER][TRACE] vk.swapchain_dump path=/tmp/ds-golden-exp139/present-0100-1280x720-B8G8R8A8Unorm.bgra
[LOADER][TRACE] vk.render_work_enter #0 sequence=1869 queue=dcb.graphics submission=101 queued_ms=25.701 VulkanOffscreenGuestDraw
[LOADER][TRACE] vk.render_work_enter #7 sequence=1874 queue=dcb.graphics submission=101 queued_ms=28.928 VulkanOffscreenGuestDraw
[LOADER][TRACE] vk.render_work_enter #8 sequence=1875 queue=dcb.graphics submission=101 queued_ms=29.046 VulkanOffscreenGuestDraw
[LOADER][TRACE] vk.render_work_enter #12 sequence=1878 queue=dcb.graphics submission=101 queued_ms=34.726 VulkanOffscreenGuestDraw
[LOADER][TRACE] vk.render_work_enter #2 sequence=1881 queue=dcb.graphics submission=101 queued_ms=57.605 VulkanOffscreenGuestDraw
[LOADER][TRACE] vk.render_work_enter #3 sequence=1882 queue=dcb.graphics submission=101 queued_ms=57.739 VulkanOffscreenGuestDraw
[LOADER][TRACE] vk.render_work_enter #2 sequence=1885 queue=dcb.graphics submission=101 queued_ms=79.089 VulkanOffscreenGuestDraw
[LOADER][TRACE] vk.render_work_enter #2 sequence=1888 queue=dcb.graphics submission=101 queued_ms=99.009 VulkanOffscreenGuestDraw
[LOADER][TRACE] vk.render_work_enter #3 sequence=1889 queue=dcb.graphics submission=101 queued_ms=99.163 VulkanOffscreenGuestDraw
[LOADER][TRACE] vk.render_work_enter #7 sequence=1892 queue=dcb.graphics submission=101 queued_ms=100.463 VulkanOffscreenGuestDraw
[LOADER][TRACE] vk.render_work_enter #11 sequence=1895 queue=dcb.graphics submission=101 queued_ms=103.569 VulkanOffscreenGuestDraw
[LOADER][TRACE] vk.render_work_enter #16 sequence=1898 queue=dcb.graphics submission=101 queued_ms=105.812 VulkanOffscreenGuestDraw
[LOADER][TRACE] vk.render_work_enter #2 sequence=1901 queue=dcb.graphics submission=101 queued_ms=114.093 VulkanOffscreenGuestDraw
[LOADER][TRACE] vk.render_work_enter #3 sequence=1902 queue=dcb.graphics submission=101 queued_ms=114.254 VulkanOffscreenGuestDraw
[LOADER][TRACE] vk.render_work_enter #7 sequence=1905 queue=dcb.graphics submission=101 queued_ms=115.289 VulkanOffscreenGuestDraw
[LOADER][TRACE] vk.render_work_enter #8 sequence=1906 queue=dcb.graphics submission=101 queued_ms=115.377 VulkanOffscreenGuestDraw
[LOADER][TRACE] vk.render_work_enter #12 sequence=1909 queue=dcb.graphics submission=101 queued_ms=119.920 VulkanOffscreenGuestDraw
[LOADER][TRACE] vk.render_work_enter #16 sequence=1912 queue=dcb.graphics submission=101 queued_ms=123.508 VulkanOffscreenGuestDraw
[LOADER][TRACE] vk.present_taken addr=0x0000000001260000 version=101 drawKind=None hasPixels=False hasTranslatedDraw=False
[DIAG-VERIFY] Import #188000 OK: libc::libc:_Getptolower ret=0x00007EF870015100
[DIAG-VERIFY] Import #189000 OK: libSceAgc::libSceAgc:sceAgcSetUcRegIndirectPatchAddRegisters ret=0x0000000000000000
[LOADER][TRACE] vk.swapchain_image size=1280x720 format=B8G8R8A8Unorm nonzero_bytes=3686400/3686400 nonblack_pixels=921600/921600 hash=0x04ED86AD1351451D
[LOADER][TRACE] vk.swapchain_dump path=/tmp/ds-golden-exp139/present-0101-1280x720-B8G8R8A8Unorm.bgra
[LOADER][TRACE] vk.render_work_enter #0 sequence=1929 queue=dcb.graphics submission=102 queued_ms=28.285 VulkanOffscreenGuestDraw
[LOADER][TRACE] vk.render_work_enter #7 sequence=1934 queue=dcb.graphics submission=102 queued_ms=31.957 VulkanOffscreenGuestDraw
[LOADER][TRACE] vk.render_work_enter #8 sequence=1935 queue=dcb.graphics submission=102 queued_ms=32.078 VulkanOffscreenGuestDraw
[LOADER][TRACE] vk.render_work_enter #12 sequence=1938 queue=dcb.graphics submission=102 queued_ms=37.934 VulkanOffscreenGuestDraw
[LOADER][TRACE] vk.render_work_enter #2 sequence=1941 queue=dcb.graphics submission=102 queued_ms=74.296 VulkanOffscreenGuestDraw
[LOADER][TRACE] vk.render_work_enter #3 sequence=1942 queue=dcb.graphics submission=102 queued_ms=74.456 VulkanOffscreenGuestDraw
[LOADER][TRACE] vk.render_work_enter #7 sequence=1945 queue=dcb.graphics submission=102 queued_ms=82.345 VulkanOffscreenGuestDraw
[LOADER][TRACE] vk.render_work_enter #2 sequence=1948 queue=dcb.graphics submission=102 queued_ms=102.492 VulkanOffscreenGuestDraw
[LOADER][TRACE] vk.render_work_enter #3 sequence=1949 queue=dcb.graphics submission=102 queued_ms=102.647 VulkanOffscreenGuestDraw
[LOADER][TRACE] vk.render_work_enter #7 sequence=1952 queue=dcb.graphics submission=102 queued_ms=104.101 VulkanOffscreenGuestDraw
[LOADER][TRACE] vk.render_work_enter #11 sequence=1955 queue=dcb.graphics submission=102 queued_ms=107.342 VulkanOffscreenGuestDraw
[LOADER][TRACE] vk.render_work_enter #15 sequence=1958 queue=dcb.graphics submission=102 queued_ms=109.554 VulkanOffscreenGuestDraw
[LOADER][TRACE] vk.render_work_enter #3 sequence=1961 queue=dcb.graphics submission=102 queued_ms=118.053 VulkanOffscreenGuestDraw
[LOADER][TRACE] vk.render_work_enter #4 sequence=1962 queue=dcb.graphics submission=102 queued_ms=118.196 VulkanOffscreenGuestDraw
[LOADER][TRACE] vk.render_work_enter #8 sequence=1965 queue=dcb.graphics submission=102 queued_ms=119.128 VulkanOffscreenGuestDraw
[LOADER][TRACE] vk.render_work_enter #9 sequence=1966 queue=dcb.graphics submission=102 queued_ms=119.279 VulkanOffscreenGuestDraw
[LOADER][TRACE] vk.render_work_enter #13 sequence=1969 queue=dcb.graphics submission=102 queued_ms=123.913 VulkanOffscreenGuestDraw
[LOADER][TRACE] vk.render_work_enter #17 sequence=1972 queue=dcb.graphics submission=102 queued_ms=127.507 VulkanOffscreenGuestDraw
[LOADER][TRACE] vk.present_taken addr=0x0000000003240000 version=102 drawKind=None hasPixels=False hasTranslatedDraw=False
[DIAG-VERIFY] Import #190000 OK: libSceAgc::libSceAgc:sceAgcSetCxRegIndirectPatchAddRegisters ret=0x0000000000000000
[LOADER][TRACE] vk.swapchain_image size=1280x720 format=B8G8R8A8Unorm nonzero_bytes=3686400/3686400 nonblack_pixels=921600/921600 hash=0xFADEAD0C7EEE9617
[LOADER][TRACE] vk.swapchain_dump path=/tmp/ds-golden-exp139/present-0102-1280x720-B8G8R8A8Unorm.bgra
[LOADER][TRACE] vk.render_work_enter #0 sequence=1989 queue=dcb.graphics submission=103 queued_ms=21.719 VulkanOffscreenGuestDraw
[LOADER][TRACE] vk.render_work_enter #5 sequence=1994 queue=dcb.graphics submission=103 queued_ms=34.979 VulkanOffscreenGuestDraw
[LOADER][TRACE] vk.render_work_enter #6 sequence=1995 queue=dcb.graphics submission=103 queued_ms=35.071 VulkanOffscreenGuestDraw
[LOADER][TRACE] vk.render_work_enter #10 sequence=1998 queue=dcb.graphics submission=103 queued_ms=42.935 VulkanOffscreenGuestDraw
[LOADER][TRACE] vk.render_work_enter #2 sequence=2001 queue=dcb.graphics submission=103 queued_ms=80.377 VulkanOffscreenGuestDraw
[LOADER][TRACE] vk.render_work_enter #3 sequence=2002 queue=dcb.graphics submission=103 queued_ms=80.479 VulkanOffscreenGuestDraw
[LOADER][TRACE] vk.render_work_enter #7 sequence=2005 queue=dcb.graphics submission=103 queued_ms=85.280 VulkanOffscreenGuestDraw
[LOADER][TRACE] vk.render_work_enter #2 sequence=2008 queue=dcb.graphics submission=103 queued_ms=104.460 VulkanOffscreenGuestDraw
[LOADER][TRACE] vk.render_work_enter #3 sequence=2009 queue=dcb.graphics submission=103 queued_ms=104.543 VulkanOffscreenGuestDraw
[LOADER][TRACE] vk.render_work_enter #7 sequence=2012 queue=dcb.graphics submission=103 queued_ms=105.693 VulkanOffscreenGuestDraw
[LOADER][TRACE] vk.render_work_enter #11 sequence=2015 queue=dcb.graphics submission=103 queued_ms=108.688 VulkanOffscreenGuestDraw
[LOADER][TRACE] vk.render_work_enter #15 sequence=2018 queue=dcb.graphics submission=103 queued_ms=110.710 VulkanOffscreenGuestDraw
[LOADER][TRACE] vk.render_work_enter #2 sequence=2021 queue=dcb.graphics submission=103 queued_ms=123.970 VulkanOffscreenGuestDraw
[LOADER][TRACE] vk.render_work_enter #3 sequence=2022 queue=dcb.graphics submission=103 queued_ms=124.080 VulkanOffscreenGuestDraw
[LOADER][TRACE] vk.render_work_enter #7 sequence=2025 queue=dcb.graphics submission=103 queued_ms=125.430 VulkanOffscreenGuestDraw
[LOADER][TRACE] vk.render_work_enter #8 sequence=2026 queue=dcb.graphics submission=103 queued_ms=125.529 VulkanOffscreenGuestDraw
[LOADER][TRACE] vk.render_work_enter #3 sequence=2029 queue=dcb.graphics submission=103 queued_ms=157.806 VulkanOffscreenGuestDraw
[LOADER][TRACE] vk.render_work_enter #7 sequence=2032 queue=dcb.graphics submission=103 queued_ms=161.150 VulkanOffscreenGuestDraw
[LOADER][TRACE] vk.present_taken addr=0x0000000001260000 version=103 drawKind=None hasPixels=False hasTranslatedDraw=False
[DIAG-VERIFY] Import #191000 OK: libc::libc:_Getptolower ret=0x00007EF870015100
[DIAG-VERIFY] Import #192000 OK: libSceAgc::libSceAgc:sceAgcSetUcRegIndirectPatchAddRegisters ret=0x0000000000000000
[LOADER][TRACE] vk.swapchain_image size=1280x720 format=B8G8R8A8Unorm nonzero_bytes=3686400/3686400 nonblack_pixels=921600/921600 hash=0x014C60C6BEDEE894
[LOADER][TRACE] vk.swapchain_dump path=/tmp/ds-golden-exp139/present-0103-1280x720-B8G8R8A8Unorm.bgra
[LOADER][TRACE] vk.render_work_enter #0 sequence=2049 queue=dcb.graphics submission=104 queued_ms=43.713 VulkanOffscreenGuestDraw
[LOADER][TRACE] vk.render_work_enter #7 sequence=2054 queue=dcb.graphics submission=104 queued_ms=45.576 VulkanOffscreenGuestDraw
[LOADER][TRACE] vk.render_work_enter #8 sequence=2055 queue=dcb.graphics submission=104 queued_ms=45.640 VulkanOffscreenGuestDraw
[LOADER][TRACE] vk.render_work_enter #12 sequence=2058 queue=dcb.graphics submission=104 queued_ms=49.406 VulkanOffscreenGuestDraw
[LOADER][TRACE] vk.render_work_enter #2 sequence=2061 queue=dcb.graphics submission=104 queued_ms=64.365 VulkanOffscreenGuestDraw
[LOADER][TRACE] vk.render_work_enter #3 sequence=2062 queue=dcb.graphics submission=104 queued_ms=64.444 VulkanOffscreenGuestDraw
[LOADER][TRACE] vk.render_work_enter #7 sequence=2065 queue=dcb.graphics submission=104 queued_ms=69.721 VulkanOffscreenGuestDraw
[DIAG-VERIFY] Import #15000 OK: libKernel::libKernel:scePthreadMutexLock ret=0x0000000000000000
[LOADER][TRACE] vk.render_work_enter #2 sequence=2068 queue=dcb.graphics submission=104 queued_ms=88.757 VulkanOffscreenGuestDraw
[LOADER][TRACE] vk.render_work_enter #3 sequence=2069 queue=dcb.graphics submission=104 queued_ms=88.829 VulkanOffscreenGuestDraw
[LOADER][TRACE] vk.render_work_enter #7 sequence=2072 queue=dcb.graphics submission=104 queued_ms=89.908 VulkanOffscreenGuestDraw
[LOADER][TRACE] vk.render_work_enter #11 sequence=2075 queue=dcb.graphics submission=104 queued_ms=92.836 VulkanOffscreenGuestDraw
[LOADER][TRACE] vk.render_work_enter #15 sequence=2078 queue=dcb.graphics submission=104 queued_ms=94.796 VulkanOffscreenGuestDraw
[LOADER][TRACE] vk.render_work_enter #2 sequence=2081 queue=dcb.graphics submission=104 queued_ms=109.751 VulkanOffscreenGuestDraw
[LOADER][TRACE] vk.render_work_enter #3 sequence=2082 queue=dcb.graphics submission=104 queued_ms=109.862 VulkanOffscreenGuestDraw
[LOADER][TRACE] vk.render_work_enter #7 sequence=2085 queue=dcb.graphics submission=104 queued_ms=110.815 VulkanOffscreenGuestDraw
[LOADER][TRACE] vk.render_work_enter #8 sequence=2086 queue=dcb.graphics submission=104 queued_ms=110.882 VulkanOffscreenGuestDraw
[LOADER][TRACE] vk.render_work_enter #4 sequence=2089 queue=dcb.graphics submission=104 queued_ms=142.314 VulkanOffscreenGuestDraw
[LOADER][TRACE] vk.render_work_enter #8 sequence=2092 queue=dcb.graphics submission=104 queued_ms=145.946 VulkanOffscreenGuestDraw
[LOADER][TRACE] vk.present_taken addr=0x0000000003240000 version=104 drawKind=None hasPixels=False hasTranslatedDraw=False
[DIAG-VERIFY] Import #193000 OK: libSceAgc::libSceAgc:sceAgcSetCxRegIndirectPatchAddRegisters ret=0x0000000000000000
[LOADER][TRACE] vk.swapchain_image size=1280x720 format=B8G8R8A8Unorm nonzero_bytes=3686400/3686400 nonblack_pixels=921600/921600 hash=0xC2EAFA9F9D7B6E2D
[LOADER][TRACE] vk.swapchain_dump path=/tmp/ds-golden-exp139/present-0104-1280x720-B8G8R8A8Unorm.bgra
[LOADER][TRACE] vk.render_work_enter #0 sequence=2109 queue=dcb.graphics submission=105 queued_ms=18.148 VulkanOffscreenGuestDraw
[LOADER][TRACE] vk.render_work_enter #5 sequence=2114 queue=dcb.graphics submission=105 queued_ms=36.556 VulkanOffscreenGuestDraw
[LOADER][TRACE] vk.render_work_enter #6 sequence=2115 queue=dcb.graphics submission=105 queued_ms=36.668 VulkanOffscreenGuestDraw
[LOADER][TRACE] vk.render_work_enter #10 sequence=2118 queue=dcb.graphics submission=105 queued_ms=41.849 VulkanOffscreenGuestDraw
[LOADER][TRACE] vk.render_work_enter #2 sequence=2121 queue=dcb.graphics submission=105 queued_ms=63.349 VulkanOffscreenGuestDraw
[LOADER][TRACE] vk.render_work_enter #3 sequence=2122 queue=dcb.graphics submission=105 queued_ms=63.460 VulkanOffscreenGuestDraw
[LOADER][TRACE] vk.render_work_enter #7 sequence=2125 queue=dcb.graphics submission=105 queued_ms=68.017 VulkanOffscreenGuestDraw
[LOADER][TRACE] vk.render_work_enter #2 sequence=2128 queue=dcb.graphics submission=105 queued_ms=86.614 VulkanOffscreenGuestDraw
[LOADER][TRACE] vk.render_work_enter #3 sequence=2129 queue=dcb.graphics submission=105 queued_ms=86.714 VulkanOffscreenGuestDraw
[LOADER][TRACE] vk.render_work_enter #7 sequence=2132 queue=dcb.graphics submission=105 queued_ms=87.606 VulkanOffscreenGuestDraw
[LOADER][TRACE] vk.render_work_enter #11 sequence=2135 queue=dcb.graphics submission=105 queued_ms=90.577 VulkanOffscreenGuestDraw
[LOADER][TRACE] vk.render_work_enter #15 sequence=2138 queue=dcb.graphics submission=105 queued_ms=92.528 VulkanOffscreenGuestDraw
[LOADER][TRACE] vk.render_work_enter #2 sequence=2141 queue=dcb.graphics submission=105 queued_ms=103.607 VulkanOffscreenGuestDraw
[LOADER][TRACE] vk.render_work_enter #3 sequence=2142 queue=dcb.graphics submission=105 queued_ms=103.695 VulkanOffscreenGuestDraw
[LOADER][TRACE] vk.render_work_enter #7 sequence=2145 queue=dcb.graphics submission=105 queued_ms=105.217 VulkanOffscreenGuestDraw
[LOADER][TRACE] vk.render_work_enter #8 sequence=2146 queue=dcb.graphics submission=105 queued_ms=105.276 VulkanOffscreenGuestDraw
[LOADER][TRACE] vk.render_work_enter #4 sequence=2149 queue=dcb.graphics submission=105 queued_ms=138.623 VulkanOffscreenGuestDraw
[LOADER][TRACE] vk.render_work_enter #8 sequence=2152 queue=dcb.graphics submission=105 queued_ms=142.063 VulkanOffscreenGuestDraw
[LOADER][TRACE] vk.present_taken addr=0x0000000001260000 version=105 drawKind=None hasPixels=False hasTranslatedDraw=False
[DIAG-VERIFY] Import #194000 OK: libc::libc:_Getptolower ret=0x00007EF870015100
[DIAG-VERIFY] Import #195000 OK: libSceAgc::libSceAgc:sceAgcSetCxRegIndirectPatchAddRegisters ret=0x0000000000000000
[LOADER][TRACE] vk.swapchain_image size=1280x720 format=B8G8R8A8Unorm nonzero_bytes=3686400/3686400 nonblack_pixels=921600/921600 hash=0xA88D2BA272337164
[LOADER][TRACE] vk.swapchain_dump path=/tmp/ds-golden-exp139/present-0105-1280x720-B8G8R8A8Unorm.bgra
[LOADER][TRACE] vk.render_work_enter #0 sequence=2169 queue=dcb.graphics submission=106 queued_ms=43.860 VulkanOffscreenGuestDraw
[LOADER][TRACE] vk.render_work_enter #7 sequence=2174 queue=dcb.graphics submission=106 queued_ms=47.416 VulkanOffscreenGuestDraw
[LOADER][TRACE] vk.render_work_enter #8 sequence=2175 queue=dcb.graphics submission=106 queued_ms=47.549 VulkanOffscreenGuestDraw
[LOADER][TRACE] vk.render_work_enter #12 sequence=2178 queue=dcb.graphics submission=106 queued_ms=53.421 VulkanOffscreenGuestDraw
[LOADER][TRACE] vk.render_work_enter #2 sequence=2181 queue=dcb.graphics submission=106 queued_ms=69.879 VulkanOffscreenGuestDraw
[LOADER][TRACE] vk.render_work_enter #3 sequence=2182 queue=dcb.graphics submission=106 queued_ms=70.025 VulkanOffscreenGuestDraw
[LOADER][TRACE] vk.render_work_enter #7 sequence=2185 queue=dcb.graphics submission=106 queued_ms=74.974 VulkanOffscreenGuestDraw
[LOADER][TRACE] vk.render_work_enter #2 sequence=2188 queue=dcb.graphics submission=106 queued_ms=95.114 VulkanOffscreenGuestDraw
[LOADER][TRACE] vk.render_work_enter #3 sequence=2189 queue=dcb.graphics submission=106 queued_ms=95.237 VulkanOffscreenGuestDraw
[LOADER][TRACE] vk.render_work_enter #7 sequence=2192 queue=dcb.graphics submission=106 queued_ms=96.769 VulkanOffscreenGuestDraw
[LOADER][TRACE] vk.render_work_enter #11 sequence=2195 queue=dcb.graphics submission=106 queued_ms=100.026 VulkanOffscreenGuestDraw
[LOADER][TRACE] vk.render_work_enter #15 sequence=2198 queue=dcb.graphics submission=106 queued_ms=102.215 VulkanOffscreenGuestDraw
[LOADER][TRACE] vk.render_work_enter #3 sequence=2201 queue=dcb.graphics submission=106 queued_ms=138.186 VulkanOffscreenGuestDraw
[LOADER][TRACE] vk.render_work_enter #4 sequence=2202 queue=dcb.graphics submission=106 queued_ms=138.334 VulkanOffscreenGuestDraw
[LOADER][TRACE] vk.render_work_enter #8 sequence=2205 queue=dcb.graphics submission=106 queued_ms=139.330 VulkanOffscreenGuestDraw
[LOADER][TRACE] vk.render_work_enter #9 sequence=2206 queue=dcb.graphics submission=106 queued_ms=139.404 VulkanOffscreenGuestDraw
[LOADER][TRACE] vk.render_work_enter #13 sequence=2209 queue=dcb.graphics submission=106 queued_ms=143.983 VulkanOffscreenGuestDraw
[LOADER][TRACE] vk.render_work_enter #17 sequence=2212 queue=dcb.graphics submission=106 queued_ms=148.966 VulkanOffscreenGuestDraw
[LOADER][TRACE] vk.present_taken addr=0x0000000003240000 version=106 drawKind=None hasPixels=False hasTranslatedDraw=False
[DIAG-VERIFY] Import #196000 OK: libSceAgc::libSceAgc:sceAgcSetCxRegIndirectPatchAddRegisters ret=0x0000000000000000
[LOADER][TRACE] vk.swapchain_image size=1280x720 format=B8G8R8A8Unorm nonzero_bytes=3686400/3686400 nonblack_pixels=921600/921600 hash=0x50FCA2735E7DD8B3
[LOADER][TRACE] vk.swapchain_dump path=/tmp/ds-golden-exp139/present-0106-1280x720-B8G8R8A8Unorm.bgra
[LOADER][TRACE] vk.render_work_enter #0 sequence=2229 queue=dcb.graphics submission=107 queued_ms=44.459 VulkanOffscreenGuestDraw
[LOADER][TRACE] vk.render_work_enter #7 sequence=2234 queue=dcb.graphics submission=107 queued_ms=48.045 VulkanOffscreenGuestDraw
[LOADER][TRACE] vk.render_work_enter #8 sequence=2235 queue=dcb.graphics submission=107 queued_ms=48.197 VulkanOffscreenGuestDraw
[LOADER][TRACE] vk.render_work_enter #12 sequence=2238 queue=dcb.graphics submission=107 queued_ms=54.207 VulkanOffscreenGuestDraw
[LOADER][TRACE] vk.render_work_enter #2 sequence=2241 queue=dcb.graphics submission=107 queued_ms=73.127 VulkanOffscreenGuestDraw
[LOADER][TRACE] vk.render_work_enter #3 sequence=2242 queue=dcb.graphics submission=107 queued_ms=73.260 VulkanOffscreenGuestDraw
[LOADER][TRACE] vk.render_work_enter #7 sequence=2245 queue=dcb.graphics submission=107 queued_ms=76.630 VulkanOffscreenGuestDraw
[LOADER][TRACE] vk.render_work_enter #2 sequence=2248 queue=dcb.graphics submission=107 queued_ms=90.793 VulkanOffscreenGuestDraw
[LOADER][TRACE] vk.render_work_enter #3 sequence=2249 queue=dcb.graphics submission=107 queued_ms=90.941 VulkanOffscreenGuestDraw
[LOADER][TRACE] vk.render_work_enter #7 sequence=2252 queue=dcb.graphics submission=107 queued_ms=91.906 VulkanOffscreenGuestDraw
[LOADER][TRACE] vk.render_work_enter #11 sequence=2255 queue=dcb.graphics submission=107 queued_ms=93.607 VulkanOffscreenGuestDraw
[LOADER][TRACE] vk.render_work_enter #15 sequence=2258 queue=dcb.graphics submission=107 queued_ms=96.456 VulkanOffscreenGuestDraw
[LOADER][TRACE] vk.render_work_enter #2 sequence=2261 queue=dcb.graphics submission=107 queued_ms=138.119 VulkanOffscreenGuestDraw
[LOADER][TRACE] vk.render_work_enter #3 sequence=2262 queue=dcb.graphics submission=107 queued_ms=138.275 VulkanOffscreenGuestDraw
[LOADER][TRACE] vk.render_work_enter #7 sequence=2265 queue=dcb.graphics submission=107 queued_ms=139.333 VulkanOffscreenGuestDraw
[LOADER][TRACE] vk.render_work_enter #8 sequence=2266 queue=dcb.graphics submission=107 queued_ms=139.443 VulkanOffscreenGuestDraw
[LOADER][TRACE] vk.render_work_enter #13 sequence=2269 queue=dcb.graphics submission=107 queued_ms=145.754 VulkanOffscreenGuestDraw
[LOADER][TRACE] vk.render_work_enter #17 sequence=2272 queue=dcb.graphics submission=107 queued_ms=149.326 VulkanOffscreenGuestDraw
[LOADER][TRACE] vk.present_taken addr=0x0000000001260000 version=107 drawKind=None hasPixels=False hasTranslatedDraw=False
[DIAG-VERIFY] Import #197000 OK: libc::libc:_Getptolower ret=0x00007EF870015100
[DIAG-VERIFY] Import #198000 OK: libSceAgc::libSceAgc:sceAgcSetCxRegIndirectPatchAddRegisters ret=0x0000000000000000
[LOADER][TRACE] vk.swapchain_image size=1280x720 format=B8G8R8A8Unorm nonzero_bytes=3686400/3686400 nonblack_pixels=921600/921600 hash=0x32B768D1DAC1A5DC
[LOADER][TRACE] vk.swapchain_dump path=/tmp/ds-golden-exp139/present-0107-1280x720-B8G8R8A8Unorm.bgra
[LOADER][TRACE] vk.render_work_enter #0 sequence=2289 queue=dcb.graphics submission=108 queued_ms=47.225 VulkanOffscreenGuestDraw
[LOADER][TRACE] vk.render_work_enter #7 sequence=2294 queue=dcb.graphics submission=108 queued_ms=50.616 VulkanOffscreenGuestDraw
[LOADER][TRACE] vk.render_work_enter #8 sequence=2295 queue=dcb.graphics submission=108 queued_ms=50.785 VulkanOffscreenGuestDraw
[LOADER][TRACE] vk.render_work_enter #12 sequence=2298 queue=dcb.graphics submission=108 queued_ms=56.441 VulkanOffscreenGuestDraw
[LOADER][TRACE] vk.render_work_enter #2 sequence=2301 queue=dcb.graphics submission=108 queued_ms=79.410 VulkanOffscreenGuestDraw
[LOADER][TRACE] vk.render_work_enter #3 sequence=2302 queue=dcb.graphics submission=108 queued_ms=79.586 VulkanOffscreenGuestDraw
[LOADER][TRACE] vk.render_work_enter #7 sequence=2305 queue=dcb.graphics submission=108 queued_ms=84.895 VulkanOffscreenGuestDraw
[LOADER][TRACE] vk.render_work_enter #2 sequence=2308 queue=dcb.graphics submission=108 queued_ms=123.947 VulkanOffscreenGuestDraw
[LOADER][TRACE] vk.render_work_enter #3 sequence=2309 queue=dcb.graphics submission=108 queued_ms=124.045 VulkanOffscreenGuestDraw
[LOADER][TRACE] vk.render_work_enter #7 sequence=2312 queue=dcb.graphics submission=108 queued_ms=129.679 VulkanOffscreenGuestDraw
[LOADER][TRACE] vk.render_work_enter #11 sequence=2315 queue=dcb.graphics submission=108 queued_ms=132.722 VulkanOffscreenGuestDraw
[LOADER][TRACE] vk.render_work_enter #15 sequence=2318 queue=dcb.graphics submission=108 queued_ms=134.840 VulkanOffscreenGuestDraw
[LOADER][TRACE] vk.render_work_enter #2 sequence=2321 queue=dcb.graphics submission=108 queued_ms=150.095 VulkanOffscreenGuestDraw
[LOADER][TRACE] vk.render_work_enter #3 sequence=2322 queue=dcb.graphics submission=108 queued_ms=150.238 VulkanOffscreenGuestDraw
[LOADER][TRACE] vk.render_work_enter #7 sequence=2325 queue=dcb.graphics submission=108 queued_ms=151.236 VulkanOffscreenGuestDraw
[LOADER][TRACE] vk.render_work_enter #8 sequence=2326 queue=dcb.graphics submission=108 queued_ms=151.345 VulkanOffscreenGuestDraw
[LOADER][TRACE] vk.render_work_enter #13 sequence=2329 queue=dcb.graphics submission=108 queued_ms=157.195 VulkanOffscreenGuestDraw
[LOADER][TRACE] vk.render_work_enter #17 sequence=2332 queue=dcb.graphics submission=108 queued_ms=160.644 VulkanOffscreenGuestDraw
[LOADER][TRACE] vk.present_taken addr=0x0000000003240000 version=108 drawKind=None hasPixels=False hasTranslatedDraw=False
[DIAG-VERIFY] Import #199000 OK: libSceAgc::libSceAgc:sceAgcDcbEventWrite ret=0x0000000000260554
[LOADER][TRACE] vk.swapchain_image size=1280x720 format=B8G8R8A8Unorm nonzero_bytes=3686400/3686400 nonblack_pixels=921600/921600 hash=0x72F0A85C81D5550D
[LOADER][TRACE] vk.swapchain_dump path=/tmp/ds-golden-exp139/present-0108-1280x720-B8G8R8A8Unorm.bgra
[LOADER][TRACE] vk.render_work_enter #0 sequence=2349 queue=dcb.graphics submission=109 queued_ms=24.181 VulkanOffscreenGuestDraw
[LOADER][TRACE] vk.render_work_enter #7 sequence=2354 queue=dcb.graphics submission=109 queued_ms=27.068 VulkanOffscreenGuestDraw
[LOADER][TRACE] vk.render_work_enter #8 sequence=2355 queue=dcb.graphics submission=109 queued_ms=27.181 VulkanOffscreenGuestDraw
[LOADER][TRACE] vk.render_work_enter #12 sequence=2358 queue=dcb.graphics submission=109 queued_ms=32.306 VulkanOffscreenGuestDraw
[LOADER][TRACE] vk.render_work_enter #2 sequence=2361 queue=dcb.graphics submission=109 queued_ms=54.118 VulkanOffscreenGuestDraw
[LOADER][TRACE] vk.render_work_enter #3 sequence=2362 queue=dcb.graphics submission=109 queued_ms=54.202 VulkanOffscreenGuestDraw
[LOADER][TRACE] vk.render_work_enter #7 sequence=2365 queue=dcb.graphics submission=109 queued_ms=58.524 VulkanOffscreenGuestDraw
[LOADER][TRACE] vk.render_work_enter #2 sequence=2368 queue=dcb.graphics submission=109 queued_ms=94.829 VulkanOffscreenGuestDraw
[LOADER][TRACE] vk.render_work_enter #3 sequence=2369 queue=dcb.graphics submission=109 queued_ms=94.946 VulkanOffscreenGuestDraw
[LOADER][TRACE] vk.render_work_enter #7 sequence=2372 queue=dcb.graphics submission=109 queued_ms=96.092 VulkanOffscreenGuestDraw
[LOADER][TRACE] vk.render_work_enter #11 sequence=2375 queue=dcb.graphics submission=109 queued_ms=99.072 VulkanOffscreenGuestDraw
[LOADER][TRACE] vk.render_work_enter #15 sequence=2378 queue=dcb.graphics submission=109 queued_ms=100.943 VulkanOffscreenGuestDraw
[LOADER][TRACE] vk.render_work_enter #3 sequence=2381 queue=dcb.graphics submission=109 queued_ms=112.150 VulkanOffscreenGuestDraw
[LOADER][TRACE] vk.render_work_enter #4 sequence=2382 queue=dcb.graphics submission=109 queued_ms=112.249 VulkanOffscreenGuestDraw
[LOADER][TRACE] vk.render_work_enter #8 sequence=2385 queue=dcb.graphics submission=109 queued_ms=113.170 VulkanOffscreenGuestDraw
[LOADER][TRACE] vk.render_work_enter #9 sequence=2386 queue=dcb.graphics submission=109 queued_ms=113.335 VulkanOffscreenGuestDraw
[LOADER][TRACE] vk.render_work_enter #13 sequence=2389 queue=dcb.graphics submission=109 queued_ms=117.899 VulkanOffscreenGuestDraw
[LOADER][TRACE] vk.render_work_enter #17 sequence=2392 queue=dcb.graphics submission=109 queued_ms=121.355 VulkanOffscreenGuestDraw
[LOADER][TRACE] vk.present_taken addr=0x0000000001260000 version=109 drawKind=None hasPixels=False hasTranslatedDraw=False
[DIAG-VERIFY] Import #200000 OK: libc::libc:_Getptolower ret=0x00007EF870015100
[NID-COUNTS] 1D0H2KNjshE=143 hsi9drzHR2k=0
[LOADER][TRACE] vk.swapchain_image size=1280x720 format=B8G8R8A8Unorm nonzero_bytes=2184711/3686400 nonblack_pixels=421037/921600 hash=0x640238857419DC19
[LOADER][TRACE] vk.swapchain_dump path=/tmp/ds-golden-exp139/present-0109-1280x720-B8G8R8A8Unorm.bgra
[LOADER][TRACE] vk.render_work_enter #0 sequence=2409 queue=dcb.graphics submission=110 queued_ms=24.751 VulkanOffscreenGuestDraw
[LOADER][TRACE] vk.render_work_enter #7 sequence=2414 queue=dcb.graphics submission=110 queued_ms=30.867 VulkanOffscreenGuestDraw
[LOADER][TRACE] vk.render_work_enter #8 sequence=2415 queue=dcb.graphics submission=110 queued_ms=30.977 VulkanOffscreenGuestDraw
[LOADER][TRACE] vk.render_work_enter #3 sequence=2418 queue=dcb.graphics submission=110 queued_ms=41.598 VulkanOffscreenGuestDraw
[LOADER][TRACE] vk.render_work_enter #2 sequence=2421 queue=dcb.graphics submission=110 queued_ms=89.315 VulkanOffscreenGuestDraw
[LOADER][TRACE] vk.render_work_enter #3 sequence=2422 queue=dcb.graphics submission=110 queued_ms=89.467 VulkanOffscreenGuestDraw
[LOADER][TRACE] vk.render_work_enter #7 sequence=2425 queue=dcb.graphics submission=110 queued_ms=98.587 VulkanOffscreenGuestDraw
[LOADER][TRACE] vk.render_work_enter #3 sequence=2428 queue=dcb.graphics submission=110 queued_ms=118.209 VulkanOffscreenGuestDraw
[LOADER][TRACE] vk.render_work_enter #4 sequence=2429 queue=dcb.graphics submission=110 queued_ms=118.355 VulkanOffscreenGuestDraw
[LOADER][TRACE] vk.render_work_enter #8 sequence=2432 queue=dcb.graphics submission=110 queued_ms=119.440 VulkanOffscreenGuestDraw
[LOADER][TRACE] vk.render_work_enter #12 sequence=2435 queue=dcb.graphics submission=110 queued_ms=121.689 VulkanOffscreenGuestDraw
[LOADER][TRACE] vk.render_work_enter #16 sequence=2438 queue=dcb.graphics submission=110 queued_ms=123.504 VulkanOffscreenGuestDraw
[LOADER][TRACE] vk.render_work_enter #2 sequence=2441 queue=dcb.graphics submission=110 queued_ms=133.841 VulkanOffscreenGuestDraw
[LOADER][TRACE] vk.render_work_enter #3 sequence=2442 queue=dcb.graphics submission=110 queued_ms=133.990 VulkanOffscreenGuestDraw
[LOADER][TRACE] vk.render_work_enter #7 sequence=2445 queue=dcb.graphics submission=110 queued_ms=135.078 VulkanOffscreenGuestDraw
[LOADER][TRACE] vk.render_work_enter #8 sequence=2446 queue=dcb.graphics submission=110 queued_ms=135.218 VulkanOffscreenGuestDraw
[LOADER][TRACE] vk.render_work_enter #12 sequence=2449 queue=dcb.graphics submission=110 queued_ms=140.815 VulkanOffscreenGuestDraw
[LOADER][TRACE] vk.render_work_enter #16 sequence=2452 queue=dcb.graphics submission=110 queued_ms=145.281 VulkanOffscreenGuestDraw
[DIAG-VERIFY] Import #16000 OK: libKernel::libKernel:scePthreadMutexLock ret=0x0000000000000000
[LOADER][TRACE] vk.present_taken addr=0x0000000003240000 version=110 drawKind=None hasPixels=False hasTranslatedDraw=False
[DIAG-VERIFY] Import #201000 OK: libKernel::libKernel:scePthreadMutexLock ret=0x0000000000000000
[DIAG-VERIFY] Import #202000 OK: libSceAgc::libSceAgc:sceAgcDcbSetUcRegistersIndirect ret=0x00000000002606B4
[LOADER][TRACE] vk.swapchain_image size=1280x720 format=B8G8R8A8Unorm nonzero_bytes=2185410/3686400 nonblack_pixels=421270/921600 hash=0x22055C052FD9D8AD
[LOADER][TRACE] vk.swapchain_dump path=/tmp/ds-golden-exp139/present-0110-1280x720-B8G8R8A8Unorm.bgra
[LOADER][TRACE] vk.render_work_enter #0 sequence=2469 queue=dcb.graphics submission=111 queued_ms=47.000 VulkanOffscreenGuestDraw
[LOADER][TRACE] vk.render_work_enter #7 sequence=2474 queue=dcb.graphics submission=111 queued_ms=49.237 VulkanOffscreenGuestDraw
[LOADER][TRACE] vk.render_work_enter #8 sequence=2475 queue=dcb.graphics submission=111 queued_ms=49.304 VulkanOffscreenGuestDraw
[LOADER][TRACE] vk.render_work_enter #12 sequence=2478 queue=dcb.graphics submission=111 queued_ms=52.705 VulkanOffscreenGuestDraw
[LOADER][TRACE] vk.render_work_enter #2 sequence=2481 queue=dcb.graphics submission=111 queued_ms=75.249 VulkanOffscreenGuestDraw
[LOADER][TRACE] vk.render_work_enter #3 sequence=2482 queue=dcb.graphics submission=111 queued_ms=75.358 VulkanOffscreenGuestDraw
[LOADER][TRACE] vk.render_work_enter #7 sequence=2485 queue=dcb.graphics submission=111 queued_ms=83.336 VulkanOffscreenGuestDraw
[LOADER][TRACE] vk.render_work_enter #2 sequence=2488 queue=dcb.graphics submission=111 queued_ms=102.688 VulkanOffscreenGuestDraw
[LOADER][TRACE] vk.render_work_enter #3 sequence=2489 queue=dcb.graphics submission=111 queued_ms=102.796 VulkanOffscreenGuestDraw
[LOADER][TRACE] vk.render_work_enter #7 sequence=2492 queue=dcb.graphics submission=111 queued_ms=103.720 VulkanOffscreenGuestDraw
[LOADER][TRACE] vk.render_work_enter #11 sequence=2495 queue=dcb.graphics submission=111 queued_ms=106.702 VulkanOffscreenGuestDraw
[LOADER][TRACE] vk.render_work_enter #15 sequence=2498 queue=dcb.graphics submission=111 queued_ms=108.783 VulkanOffscreenGuestDraw
[LOADER][TRACE] vk.render_work_enter #3 sequence=2501 queue=dcb.graphics submission=111 queued_ms=140.831 VulkanOffscreenGuestDraw
[LOADER][TRACE] vk.render_work_enter #4 sequence=2502 queue=dcb.graphics submission=111 queued_ms=140.976 VulkanOffscreenGuestDraw
[LOADER][TRACE] vk.render_work_enter #8 sequence=2505 queue=dcb.graphics submission=111 queued_ms=141.961 VulkanOffscreenGuestDraw
[LOADER][TRACE] vk.render_work_enter #9 sequence=2506 queue=dcb.graphics submission=111 queued_ms=142.072 VulkanOffscreenGuestDraw
[LOADER][TRACE] vk.render_work_enter #13 sequence=2509 queue=dcb.graphics submission=111 queued_ms=146.573 VulkanOffscreenGuestDraw
[LOADER][TRACE] vk.render_work_enter #17 sequence=2512 queue=dcb.graphics submission=111 queued_ms=150.207 VulkanOffscreenGuestDraw
[LOADER][TRACE] vk.present_taken addr=0x0000000001260000 version=111 drawKind=None hasPixels=False hasTranslatedDraw=False
[DIAG-VERIFY] Import #203000 OK: libc::libc:_Getptolower ret=0x00007EF870015100
[LOADER][TRACE] vk.swapchain_image size=1280x720 format=B8G8R8A8Unorm nonzero_bytes=2187249/3686400 nonblack_pixels=421883/921600 hash=0x1E46ECA9F1991457
[LOADER][TRACE] vk.swapchain_dump path=/tmp/ds-golden-exp139/present-0111-1280x720-B8G8R8A8Unorm.bgra
[LOADER][TRACE] vk.render_work_enter #0 sequence=2529 queue=dcb.graphics submission=112 queued_ms=39.302 VulkanOffscreenGuestDraw
[LOADER][TRACE] vk.render_work_enter #7 sequence=2534 queue=dcb.graphics submission=112 queued_ms=42.433 VulkanOffscreenGuestDraw
[LOADER][TRACE] vk.render_work_enter #8 sequence=2535 queue=dcb.graphics submission=112 queued_ms=42.549 VulkanOffscreenGuestDraw
[LOADER][TRACE] vk.render_work_enter #12 sequence=2538 queue=dcb.graphics submission=112 queued_ms=47.978 VulkanOffscreenGuestDraw
[LOADER][TRACE] vk.render_work_enter #2 sequence=2541 queue=dcb.graphics submission=112 queued_ms=66.141 VulkanOffscreenGuestDraw
[LOADER][TRACE] vk.render_work_enter #3 sequence=2542 queue=dcb.graphics submission=112 queued_ms=66.233 VulkanOffscreenGuestDraw
[LOADER][TRACE] vk.render_work_enter #7 sequence=2545 queue=dcb.graphics submission=112 queued_ms=71.458 VulkanOffscreenGuestDraw
[LOADER][TRACE] vk.render_work_enter #2 sequence=2548 queue=dcb.graphics submission=112 queued_ms=90.607 VulkanOffscreenGuestDraw
[LOADER][TRACE] vk.render_work_enter #3 sequence=2549 queue=dcb.graphics submission=112 queued_ms=90.704 VulkanOffscreenGuestDraw
[LOADER][TRACE] vk.render_work_enter #7 sequence=2552 queue=dcb.graphics submission=112 queued_ms=91.794 VulkanOffscreenGuestDraw
[LOADER][TRACE] vk.render_work_enter #11 sequence=2555 queue=dcb.graphics submission=112 queued_ms=94.802 VulkanOffscreenGuestDraw
[LOADER][TRACE] vk.render_work_enter #15 sequence=2558 queue=dcb.graphics submission=112 queued_ms=96.945 VulkanOffscreenGuestDraw
[LOADER][TRACE] vk.render_work_enter #2 sequence=2561 queue=dcb.graphics submission=112 queued_ms=135.672 VulkanOffscreenGuestDraw
[LOADER][TRACE] vk.render_work_enter #3 sequence=2562 queue=dcb.graphics submission=112 queued_ms=135.776 VulkanOffscreenGuestDraw
[LOADER][TRACE] vk.render_work_enter #7 sequence=2565 queue=dcb.graphics submission=112 queued_ms=136.899 VulkanOffscreenGuestDraw
[LOADER][TRACE] vk.render_work_enter #8 sequence=2566 queue=dcb.graphics submission=112 queued_ms=136.952 VulkanOffscreenGuestDraw
[LOADER][TRACE] vk.render_work_enter #13 sequence=2569 queue=dcb.graphics submission=112 queued_ms=141.972 VulkanOffscreenGuestDraw
[LOADER][TRACE] vk.render_work_enter #17 sequence=2572 queue=dcb.graphics submission=112 queued_ms=145.591 VulkanOffscreenGuestDraw
[LOADER][TRACE] vk.present_taken addr=0x0000000003240000 version=112 drawKind=None hasPixels=False hasTranslatedDraw=False
[DIAG-VERIFY] Import #204000 OK: libc::libc:_Getptolower ret=0x00007EF870015100
[DIAG-VERIFY] Import #205000 OK: libSceAgc::libSceAgc:sceAgcCreatePrimState ret=0x0000000000000000
[LOADER][TRACE] vk.swapchain_image size=1280x720 format=B8G8R8A8Unorm nonzero_bytes=2190015/3686400 nonblack_pixels=422805/921600 hash=0xF9C2B59367B4ED69
[LOADER][TRACE] vk.swapchain_dump path=/tmp/ds-golden-exp139/present-0112-1280x720-B8G8R8A8Unorm.bgra
[LOADER][TRACE] vk.render_work_enter #0 sequence=2589 queue=dcb.graphics submission=113 queued_ms=36.263 VulkanOffscreenGuestDraw
[LOADER][TRACE] vk.render_work_enter #7 sequence=2594 queue=dcb.graphics submission=113 queued_ms=39.228 VulkanOffscreenGuestDraw
[LOADER][TRACE] vk.render_work_enter #8 sequence=2595 queue=dcb.graphics submission=113 queued_ms=39.301 VulkanOffscreenGuestDraw
[LOADER][TRACE] vk.render_work_enter #12 sequence=2598 queue=dcb.graphics submission=113 queued_ms=44.527 VulkanOffscreenGuestDraw
[LOADER][TRACE] vk.render_work_enter #2 sequence=2601 queue=dcb.graphics submission=113 queued_ms=66.398 VulkanOffscreenGuestDraw
[LOADER][TRACE] vk.render_work_enter #3 sequence=2602 queue=dcb.graphics submission=113 queued_ms=66.497 VulkanOffscreenGuestDraw
[LOADER][TRACE] vk.render_work_enter #7 sequence=2605 queue=dcb.graphics submission=113 queued_ms=71.042 VulkanOffscreenGuestDraw
[LOADER][TRACE] vk.render_work_enter #2 sequence=2608 queue=dcb.graphics submission=113 queued_ms=89.456 VulkanOffscreenGuestDraw
[LOADER][TRACE] vk.render_work_enter #3 sequence=2609 queue=dcb.graphics submission=113 queued_ms=89.551 VulkanOffscreenGuestDraw
[LOADER][TRACE] vk.render_work_enter #7 sequence=2612 queue=dcb.graphics submission=113 queued_ms=90.549 VulkanOffscreenGuestDraw
[LOADER][TRACE] vk.render_work_enter #2 sequence=2615 queue=dcb.graphics submission=113 queued_ms=121.003 VulkanOffscreenGuestDraw
[LOADER][TRACE] vk.render_work_enter #6 sequence=2618 queue=dcb.graphics submission=113 queued_ms=123.003 VulkanOffscreenGuestDraw
[LOADER][TRACE] vk.render_work_enter #3 sequence=2621 queue=dcb.graphics submission=113 queued_ms=135.992 VulkanOffscreenGuestDraw
[LOADER][TRACE] vk.render_work_enter #4 sequence=2622 queue=dcb.graphics submission=113 queued_ms=136.147 VulkanOffscreenGuestDraw
[LOADER][TRACE] vk.render_work_enter #8 sequence=2625 queue=dcb.graphics submission=113 queued_ms=137.121 VulkanOffscreenGuestDraw
[LOADER][TRACE] vk.render_work_enter #9 sequence=2626 queue=dcb.graphics submission=113 queued_ms=137.178 VulkanOffscreenGuestDraw
[LOADER][TRACE] vk.render_work_enter #13 sequence=2629 queue=dcb.graphics submission=113 queued_ms=141.475 VulkanOffscreenGuestDraw
[LOADER][TRACE] vk.render_work_enter #17 sequence=2632 queue=dcb.graphics submission=113 queued_ms=144.914 VulkanOffscreenGuestDraw
[LOADER][TRACE] vk.present_taken addr=0x0000000001260000 version=113 drawKind=None hasPixels=False hasTranslatedDraw=False
[DIAG-VERIFY] Import #206000 OK: libc::libc:_Getptolower ret=0x00007EF870015100
[LOADER][TRACE] vk.swapchain_image size=1280x720 format=B8G8R8A8Unorm nonzero_bytes=2193069/3686400 nonblack_pixels=423823/921600 hash=0xA971916A7702D494
[LOADER][TRACE] vk.swapchain_dump path=/tmp/ds-golden-exp139/present-0113-1280x720-B8G8R8A8Unorm.bgra
[LOADER][TRACE] vk.render_work_enter #0 sequence=2649 queue=dcb.graphics submission=114 queued_ms=16.411 VulkanOffscreenGuestDraw
[LOADER][TRACE] vk.render_work_enter #7 sequence=2654 queue=dcb.graphics submission=114 queued_ms=19.599 VulkanOffscreenGuestDraw
[LOADER][TRACE] vk.render_work_enter #8 sequence=2655 queue=dcb.graphics submission=114 queued_ms=19.704 VulkanOffscreenGuestDraw
[LOADER][TRACE] vk.render_work_enter #12 sequence=2658 queue=dcb.graphics submission=114 queued_ms=25.095 VulkanOffscreenGuestDraw
[LOADER][TRACE] vk.render_work_enter #2 sequence=2661 queue=dcb.graphics submission=114 queued_ms=46.829 VulkanOffscreenGuestDraw
[LOADER][TRACE] vk.render_work_enter #3 sequence=2662 queue=dcb.graphics submission=114 queued_ms=46.883 VulkanOffscreenGuestDraw
[LOADER][TRACE] vk.render_work_enter #7 sequence=2665 queue=dcb.graphics submission=114 queued_ms=51.220 VulkanOffscreenGuestDraw
[LOADER][TRACE] vk.render_work_enter #2 sequence=2668 queue=dcb.graphics submission=114 queued_ms=68.757 VulkanOffscreenGuestDraw
[LOADER][TRACE] vk.render_work_enter #3 sequence=2669 queue=dcb.graphics submission=114 queued_ms=68.843 VulkanOffscreenGuestDraw
[LOADER][TRACE] vk.render_work_enter #7 sequence=2672 queue=dcb.graphics submission=114 queued_ms=70.479 VulkanOffscreenGuestDraw
[LOADER][TRACE] vk.render_work_enter #2 sequence=2675 queue=dcb.graphics submission=114 queued_ms=99.147 VulkanOffscreenGuestDraw
[LOADER][TRACE] vk.render_work_enter #6 sequence=2678 queue=dcb.graphics submission=114 queued_ms=101.302 VulkanOffscreenGuestDraw
[LOADER][TRACE] vk.render_work_enter #2 sequence=2681 queue=dcb.graphics submission=114 queued_ms=116.518 VulkanOffscreenGuestDraw
[LOADER][TRACE] vk.render_work_enter #3 sequence=2682 queue=dcb.graphics submission=114 queued_ms=116.572 VulkanOffscreenGuestDraw
[LOADER][TRACE] vk.render_work_enter #8 sequence=2685 queue=dcb.graphics submission=114 queued_ms=117.764 VulkanOffscreenGuestDraw
[LOADER][TRACE] vk.render_work_enter #9 sequence=2686 queue=dcb.graphics submission=114 queued_ms=117.873 VulkanOffscreenGuestDraw
[LOADER][TRACE] vk.render_work_enter #13 sequence=2689 queue=dcb.graphics submission=114 queued_ms=122.226 VulkanOffscreenGuestDraw
[LOADER][TRACE] vk.render_work_enter #17 sequence=2692 queue=dcb.graphics submission=114 queued_ms=125.849 VulkanOffscreenGuestDraw
[LOADER][TRACE] vk.present_taken addr=0x0000000003240000 version=114 drawKind=None hasPixels=False hasTranslatedDraw=False
[DIAG-VERIFY] Import #207000 OK: libc::libc:_Getptolower ret=0x00007EF870015100
[DIAG-VERIFY] Import #208000 OK: libSceAgc::libSceAgc:sceAgcSetShRegIndirectPatchAddRegisters ret=0x0000000000000000
[LOADER][TRACE] vk.swapchain_image size=1280x720 format=B8G8R8A8Unorm nonzero_bytes=2196801/3686400 nonblack_pixels=425067/921600 hash=0x7DC4C317A11E5CD3
[LOADER][TRACE] vk.swapchain_dump path=/tmp/ds-golden-exp139/present-0114-1280x720-B8G8R8A8Unorm.bgra
[LOADER][TRACE] vk.render_work_enter #0 sequence=2709 queue=dcb.graphics submission=115 queued_ms=22.570 VulkanOffscreenGuestDraw
[LOADER][TRACE] vk.render_work_enter #7 sequence=2714 queue=dcb.graphics submission=115 queued_ms=25.853 VulkanOffscreenGuestDraw
[LOADER][TRACE] vk.render_work_enter #8 sequence=2715 queue=dcb.graphics submission=115 queued_ms=26.004 VulkanOffscreenGuestDraw
[LOADER][TRACE] vk.render_work_enter #2 sequence=2718 queue=dcb.graphics submission=115 queued_ms=35.092 VulkanOffscreenGuestDraw
[LOADER][TRACE] vk.render_work_enter #2 sequence=2721 queue=dcb.graphics submission=115 queued_ms=55.480 VulkanOffscreenGuestDraw
[LOADER][TRACE] vk.render_work_enter #3 sequence=2722 queue=dcb.graphics submission=115 queued_ms=55.608 VulkanOffscreenGuestDraw
[LOADER][TRACE] vk.render_work_enter #7 sequence=2725 queue=dcb.graphics submission=115 queued_ms=60.824 VulkanOffscreenGuestDraw
[LOADER][TRACE] vk.render_work_enter #2 sequence=2728 queue=dcb.graphics submission=115 queued_ms=100.979 VulkanOffscreenGuestDraw
[LOADER][TRACE] vk.render_work_enter #3 sequence=2729 queue=dcb.graphics submission=115 queued_ms=101.137 VulkanOffscreenGuestDraw
[LOADER][TRACE] vk.render_work_enter #7 sequence=2732 queue=dcb.graphics submission=115 queued_ms=102.087 VulkanOffscreenGuestDraw
[LOADER][TRACE] vk.render_work_enter #11 sequence=2735 queue=dcb.graphics submission=115 queued_ms=105.121 VulkanOffscreenGuestDraw
[LOADER][TRACE] vk.render_work_enter #16 sequence=2738 queue=dcb.graphics submission=115 queued_ms=107.280 VulkanOffscreenGuestDraw
[LOADER][TRACE] vk.render_work_enter #2 sequence=2741 queue=dcb.graphics submission=115 queued_ms=115.705 VulkanOffscreenGuestDraw
[LOADER][TRACE] vk.render_work_enter #3 sequence=2742 queue=dcb.graphics submission=115 queued_ms=115.821 VulkanOffscreenGuestDraw
[LOADER][TRACE] vk.render_work_enter #7 sequence=2745 queue=dcb.graphics submission=115 queued_ms=116.848 VulkanOffscreenGuestDraw
[LOADER][TRACE] vk.render_work_enter #8 sequence=2746 queue=dcb.graphics submission=115 queued_ms=116.941 VulkanOffscreenGuestDraw
[LOADER][TRACE] vk.render_work_enter #12 sequence=2749 queue=dcb.graphics submission=115 queued_ms=121.421 VulkanOffscreenGuestDraw
[LOADER][TRACE] vk.render_work_enter #16 sequence=2752 queue=dcb.graphics submission=115 queued_ms=124.806 VulkanOffscreenGuestDraw
[LOADER][TRACE] vk.present_taken addr=0x0000000001260000 version=115 drawKind=None hasPixels=False hasTranslatedDraw=False
[DIAG-VERIFY] Import #209000 OK: libc::libc:_Getptolower ret=0x00007EF870015100
[LOADER][TRACE] vk.swapchain_image size=1280x720 format=B8G8R8A8Unorm nonzero_bytes=2200902/3686400 nonblack_pixels=426434/921600 hash=0x8192C5E51DF9B2B4
[LOADER][TRACE] vk.swapchain_dump path=/tmp/ds-golden-exp139/present-0115-1280x720-B8G8R8A8Unorm.bgra
[LOADER][TRACE] vk.render_work_enter #0 sequence=2769 queue=dcb.graphics submission=116 queued_ms=19.478 VulkanOffscreenGuestDraw
[LOADER][TRACE] vk.render_work_enter #7 sequence=2774 queue=dcb.graphics submission=116 queued_ms=21.300 VulkanOffscreenGuestDraw
[LOADER][TRACE] vk.render_work_enter #8 sequence=2775 queue=dcb.graphics submission=116 queued_ms=21.372 VulkanOffscreenGuestDraw
[LOADER][TRACE] vk.render_work_enter #12 sequence=2778 queue=dcb.graphics submission=116 queued_ms=27.021 VulkanOffscreenGuestDraw
[LOADER][TRACE] vk.render_work_enter #2 sequence=2781 queue=dcb.graphics submission=116 queued_ms=49.710 VulkanOffscreenGuestDraw
[LOADER][TRACE] vk.render_work_enter #3 sequence=2782 queue=dcb.graphics submission=116 queued_ms=49.803 VulkanOffscreenGuestDraw
[LOADER][TRACE] vk.render_work_enter #7 sequence=2785 queue=dcb.graphics submission=116 queued_ms=54.447 VulkanOffscreenGuestDraw
[LOADER][TRACE] vk.render_work_enter #2 sequence=2788 queue=dcb.graphics submission=116 queued_ms=89.896 VulkanOffscreenGuestDraw
[LOADER][TRACE] vk.render_work_enter #3 sequence=2789 queue=dcb.graphics submission=116 queued_ms=89.994 VulkanOffscreenGuestDraw
[LOADER][TRACE] vk.render_work_enter #7 sequence=2792 queue=dcb.graphics submission=116 queued_ms=91.211 VulkanOffscreenGuestDraw
[LOADER][TRACE] vk.render_work_enter #11 sequence=2795 queue=dcb.graphics submission=116 queued_ms=94.202 VulkanOffscreenGuestDraw
[LOADER][TRACE] vk.render_work_enter #15 sequence=2798 queue=dcb.graphics submission=116 queued_ms=96.323 VulkanOffscreenGuestDraw
[LOADER][TRACE] vk.render_work_enter #3 sequence=2801 queue=dcb.graphics submission=116 queued_ms=111.644 VulkanOffscreenGuestDraw
[LOADER][TRACE] vk.render_work_enter #4 sequence=2802 queue=dcb.graphics submission=116 queued_ms=111.765 VulkanOffscreenGuestDraw
[LOADER][TRACE] vk.render_work_enter #8 sequence=2805 queue=dcb.graphics submission=116 queued_ms=112.733 VulkanOffscreenGuestDraw
[LOADER][TRACE] vk.render_work_enter #9 sequence=2806 queue=dcb.graphics submission=116 queued_ms=112.794 VulkanOffscreenGuestDraw
[LOADER][TRACE] vk.render_work_enter #13 sequence=2809 queue=dcb.graphics submission=116 queued_ms=117.332 VulkanOffscreenGuestDraw
[LOADER][TRACE] vk.render_work_enter #17 sequence=2812 queue=dcb.graphics submission=116 queued_ms=120.858 VulkanOffscreenGuestDraw
[LOADER][TRACE] vk.present_taken addr=0x0000000003240000 version=116 drawKind=None hasPixels=False hasTranslatedDraw=False
[DIAG-VERIFY] Import #210000 OK: libc::libc:_Getptolower ret=0x00007EF870015100
[DIAG-VERIFY] Import #211000 OK: libSceAgc::libSceAgc:sceAgcSetCxRegIndirectPatchAddRegisters ret=0x0000000000000000
[LOADER][TRACE] vk.swapchain_image size=1280x720 format=B8G8R8A8Unorm nonzero_bytes=2205981/3686400 nonblack_pixels=428127/921600 hash=0x06E874389C37C0F3
[LOADER][TRACE] vk.swapchain_dump path=/tmp/ds-golden-exp139/present-0116-1280x720-B8G8R8A8Unorm.bgra
[LOADER][TRACE] vk.render_work_enter #0 sequence=2829 queue=dcb.graphics submission=117 queued_ms=22.542 VulkanOffscreenGuestDraw
[LOADER][TRACE] vk.render_work_enter #7 sequence=2834 queue=dcb.graphics submission=117 queued_ms=25.887 VulkanOffscreenGuestDraw
[LOADER][TRACE] vk.render_work_enter #8 sequence=2835 queue=dcb.graphics submission=117 queued_ms=26.010 VulkanOffscreenGuestDraw
[LOADER][TRACE] vk.render_work_enter #12 sequence=2838 queue=dcb.graphics submission=117 queued_ms=31.484 VulkanOffscreenGuestDraw
[LOADER][TRACE] vk.render_work_enter #2 sequence=2841 queue=dcb.graphics submission=117 queued_ms=50.500 VulkanOffscreenGuestDraw
[LOADER][TRACE] vk.render_work_enter #3 sequence=2842 queue=dcb.graphics submission=117 queued_ms=50.657 VulkanOffscreenGuestDraw
[DIAG-VERIFY] Import #17000 OK: libKernel::libKernel:scePthreadMutexLock ret=0x0000000000000000
[LOADER][TRACE] vk.render_work_enter #7 sequence=2845 queue=dcb.graphics submission=117 queued_ms=53.703 VulkanOffscreenGuestDraw
[LOADER][TRACE] vk.render_work_enter #2 sequence=2848 queue=dcb.graphics submission=117 queued_ms=89.494 VulkanOffscreenGuestDraw
[LOADER][TRACE] vk.render_work_enter #3 sequence=2849 queue=dcb.graphics submission=117 queued_ms=89.625 VulkanOffscreenGuestDraw
[LOADER][TRACE] vk.render_work_enter #7 sequence=2852 queue=dcb.graphics submission=117 queued_ms=90.858 VulkanOffscreenGuestDraw
[LOADER][TRACE] vk.render_work_enter #11 sequence=2855 queue=dcb.graphics submission=117 queued_ms=93.971 VulkanOffscreenGuestDraw
[LOADER][TRACE] vk.render_work_enter #15 sequence=2858 queue=dcb.graphics submission=117 queued_ms=96.159 VulkanOffscreenGuestDraw
[LOADER][TRACE] vk.render_work_enter #2 sequence=2861 queue=dcb.graphics submission=117 queued_ms=111.549 VulkanOffscreenGuestDraw
[LOADER][TRACE] vk.render_work_enter #3 sequence=2862 queue=dcb.graphics submission=117 queued_ms=111.722 VulkanOffscreenGuestDraw
[LOADER][TRACE] vk.render_work_enter #7 sequence=2865 queue=dcb.graphics submission=117 queued_ms=112.983 VulkanOffscreenGuestDraw
[LOADER][TRACE] vk.render_work_enter #8 sequence=2866 queue=dcb.graphics submission=117 queued_ms=113.094 VulkanOffscreenGuestDraw
[LOADER][TRACE] vk.render_work_enter #13 sequence=2869 queue=dcb.graphics submission=117 queued_ms=117.424 VulkanOffscreenGuestDraw
[LOADER][TRACE] vk.render_work_enter #17 sequence=2872 queue=dcb.graphics submission=117 queued_ms=120.811 VulkanOffscreenGuestDraw
[LOADER][TRACE] vk.present_taken addr=0x0000000001260000 version=117 drawKind=None hasPixels=False hasTranslatedDraw=False
[DIAG-VERIFY] Import #212000 OK: libc::libc:_Getptolower ret=0x00007EF870015100
[LOADER][TRACE] vk.swapchain_image size=1280x720 format=B8G8R8A8Unorm nonzero_bytes=2208165/3686400 nonblack_pixels=428855/921600 hash=0x1A71DDC06534500C
[LOADER][TRACE] vk.swapchain_dump path=/tmp/ds-golden-exp139/present-0117-1280x720-B8G8R8A8Unorm.bgra
[LOADER][TRACE] vk.render_work_enter #0 sequence=2889 queue=dcb.graphics submission=118 queued_ms=22.367 VulkanOffscreenGuestDraw
[LOADER][TRACE] vk.render_work_enter #7 sequence=2894 queue=dcb.graphics submission=118 queued_ms=25.600 VulkanOffscreenGuestDraw
[LOADER][TRACE] vk.render_work_enter #8 sequence=2895 queue=dcb.graphics submission=118 queued_ms=25.735 VulkanOffscreenGuestDraw
[LOADER][TRACE] vk.render_work_enter #12 sequence=2898 queue=dcb.graphics submission=118 queued_ms=31.207 VulkanOffscreenGuestDraw
[LOADER][TRACE] vk.render_work_enter #2 sequence=2901 queue=dcb.graphics submission=118 queued_ms=53.830 VulkanOffscreenGuestDraw
[LOADER][TRACE] vk.render_work_enter #3 sequence=2902 queue=dcb.graphics submission=118 queued_ms=53.970 VulkanOffscreenGuestDraw
[LOADER][TRACE] vk.render_work_enter #2 sequence=2905 queue=dcb.graphics submission=118 queued_ms=75.537 VulkanOffscreenGuestDraw
[LOADER][TRACE] vk.render_work_enter #2 sequence=2908 queue=dcb.graphics submission=118 queued_ms=95.813 VulkanOffscreenGuestDraw
[LOADER][TRACE] vk.render_work_enter #3 sequence=2909 queue=dcb.graphics submission=118 queued_ms=95.979 VulkanOffscreenGuestDraw
[LOADER][TRACE] vk.render_work_enter #7 sequence=2912 queue=dcb.graphics submission=118 queued_ms=97.281 VulkanOffscreenGuestDraw
[LOADER][TRACE] vk.render_work_enter #11 sequence=2915 queue=dcb.graphics submission=118 queued_ms=100.414 VulkanOffscreenGuestDraw
[DIAG-VERIFY] Import #4000 OK: libSceAudioOut::libSceAudioOut:sceAudioOutOutput ret=0x0000000000000000
[LOADER][TRACE] vk.render_work_enter #15 sequence=2918 queue=dcb.graphics submission=118 queued_ms=102.589 VulkanOffscreenGuestDraw
[LOADER][TRACE] vk.render_work_enter #3 sequence=2921 queue=dcb.graphics submission=118 queued_ms=114.157 VulkanOffscreenGuestDraw
[LOADER][TRACE] vk.render_work_enter #4 sequence=2922 queue=dcb.graphics submission=118 queued_ms=114.255 VulkanOffscreenGuestDraw
[LOADER][TRACE] vk.render_work_enter #8 sequence=2925 queue=dcb.graphics submission=118 queued_ms=115.265 VulkanOffscreenGuestDraw
[LOADER][TRACE] vk.render_work_enter #9 sequence=2926 queue=dcb.graphics submission=118 queued_ms=115.335 VulkanOffscreenGuestDraw
[LOADER][TRACE] vk.render_work_enter #13 sequence=2929 queue=dcb.graphics submission=118 queued_ms=119.662 VulkanOffscreenGuestDraw
[LOADER][TRACE] vk.render_work_enter #17 sequence=2932 queue=dcb.graphics submission=118 queued_ms=123.259 VulkanOffscreenGuestDraw
[LOADER][TRACE] vk.present_taken addr=0x0000000003240000 version=118 drawKind=None hasPixels=False hasTranslatedDraw=False
[DIAG-VERIFY] Import #213000 OK: libc::libc:_Getptolower ret=0x00007EF870015100
[DIAG-VERIFY] Import #214000 OK: libSceAgc::libSceAgc:sceAgcCreateInterpolantMapping ret=0x0000000000000000
[LOADER][TRACE] vk.swapchain_image size=1280x720 format=B8G8R8A8Unorm nonzero_bytes=2208723/3686400 nonblack_pixels=429041/921600 hash=0xBA118FD87C2EF575
[LOADER][TRACE] vk.swapchain_dump path=/tmp/ds-golden-exp139/present-0118-1280x720-B8G8R8A8Unorm.bgra
[LOADER][TRACE] vk.render_work_enter #0 sequence=2949 queue=dcb.graphics submission=119 queued_ms=28.733 VulkanOffscreenGuestDraw
[LOADER][TRACE] vk.render_work_enter #7 sequence=2954 queue=dcb.graphics submission=119 queued_ms=31.787 VulkanOffscreenGuestDraw
[LOADER][TRACE] vk.render_work_enter #8 sequence=2955 queue=dcb.graphics submission=119 queued_ms=31.902 VulkanOffscreenGuestDraw
[LOADER][TRACE] vk.render_work_enter #12 sequence=2958 queue=dcb.graphics submission=119 queued_ms=37.706 VulkanOffscreenGuestDraw
[LOADER][TRACE] vk.render_work_enter #2 sequence=2961 queue=dcb.graphics submission=119 queued_ms=77.979 VulkanOffscreenGuestDraw
[LOADER][TRACE] vk.render_work_enter #3 sequence=2962 queue=dcb.graphics submission=119 queued_ms=78.127 VulkanOffscreenGuestDraw
[LOADER][TRACE] vk.render_work_enter #7 sequence=2965 queue=dcb.graphics submission=119 queued_ms=82.876 VulkanOffscreenGuestDraw
[NID-COUNTS] 1D0H2KNjshE=143 hsi9drzHR2k=0
[LOADER][TRACE] vk.render_work_enter #2 sequence=2968 queue=dcb.graphics submission=119 queued_ms=102.800 VulkanOffscreenGuestDraw
[LOADER][TRACE] vk.render_work_enter #3 sequence=2969 queue=dcb.graphics submission=119 queued_ms=102.938 VulkanOffscreenGuestDraw
[LOADER][TRACE] vk.render_work_enter #7 sequence=2972 queue=dcb.graphics submission=119 queued_ms=104.712 VulkanOffscreenGuestDraw
[LOADER][TRACE] vk.render_work_enter #11 sequence=2975 queue=dcb.graphics submission=119 queued_ms=107.825 VulkanOffscreenGuestDraw
[LOADER][TRACE] vk.render_work_enter #15 sequence=2978 queue=dcb.graphics submission=119 queued_ms=109.895 VulkanOffscreenGuestDraw
[LOADER][TRACE] vk.render_work_enter #3 sequence=2981 queue=dcb.graphics submission=119 queued_ms=118.158 VulkanOffscreenGuestDraw
[LOADER][TRACE] vk.render_work_enter #4 sequence=2982 queue=dcb.graphics submission=119 queued_ms=118.277 VulkanOffscreenGuestDraw
[LOADER][TRACE] vk.render_work_enter #8 sequence=2985 queue=dcb.graphics submission=119 queued_ms=119.401 VulkanOffscreenGuestDraw
[LOADER][TRACE] vk.render_work_enter #9 sequence=2986 queue=dcb.graphics submission=119 queued_ms=119.511 VulkanOffscreenGuestDraw
[LOADER][TRACE] vk.render_work_enter #13 sequence=2989 queue=dcb.graphics submission=119 queued_ms=124.012 VulkanOffscreenGuestDraw
[LOADER][TRACE] vk.render_work_enter #17 sequence=2992 queue=dcb.graphics submission=119 queued_ms=129.715 VulkanOffscreenGuestDraw
[LOADER][TRACE] vk.present_taken addr=0x0000000001260000 version=119 drawKind=None hasPixels=False hasTranslatedDraw=False
[LOADER][TRACE] vk.swapchain_image size=1280x720 format=B8G8R8A8Unorm nonzero_bytes=2208528/3686400 nonblack_pixels=428976/921600 hash=0x38F004D6B1DC5EDB
[LOADER][TRACE] vk.swapchain_dump path=/tmp/ds-golden-exp139/present-0119-1280x720-B8G8R8A8Unorm.bgra
[DIAG-VERIFY] Import #215000 OK: libSceAgc::libSceAgc:sceAgcSetCxRegIndirectPatchAddRegisters ret=0x0000000000000000
[LOADER][TRACE] vk.render_work_enter #1 sequence=3009 queue=dcb.graphics submission=120 queued_ms=0.705 VulkanOffscreenGuestDraw
[LOADER][TRACE] vk.render_work_enter #8 sequence=3014 queue=dcb.graphics submission=120 queued_ms=6.291 VulkanOffscreenGuestDraw
[LOADER][TRACE] vk.render_work_enter #9 sequence=3015 queue=dcb.graphics submission=120 queued_ms=6.393 VulkanOffscreenGuestDraw
[LOADER][TRACE] vk.render_work_enter #3 sequence=3018 queue=dcb.graphics submission=120 queued_ms=15.752 VulkanOffscreenGuestDraw
[LOADER][TRACE] vk.render_work_enter #2 sequence=3021 queue=dcb.graphics submission=120 queued_ms=52.861 VulkanOffscreenGuestDraw
[LOADER][TRACE] vk.render_work_enter #3 sequence=3022 queue=dcb.graphics submission=120 queued_ms=52.969 VulkanOffscreenGuestDraw
[LOADER][TRACE] vk.render_work_enter #7 sequence=3025 queue=dcb.graphics submission=120 queued_ms=58.931 VulkanOffscreenGuestDraw
[LOADER][TRACE] vk.render_work_enter #2 sequence=3028 queue=dcb.graphics submission=120 queued_ms=73.731 VulkanOffscreenGuestDraw
[LOADER][TRACE] vk.render_work_enter #3 sequence=3029 queue=dcb.graphics submission=120 queued_ms=73.826 VulkanOffscreenGuestDraw
[LOADER][TRACE] vk.render_work_enter #7 sequence=3032 queue=dcb.graphics submission=120 queued_ms=74.170 VulkanOffscreenGuestDraw
[LOADER][TRACE] vk.render_work_enter #11 sequence=3035 queue=dcb.graphics submission=120 queued_ms=77.331 VulkanOffscreenGuestDraw
[LOADER][TRACE] vk.render_work_enter #15 sequence=3038 queue=dcb.graphics submission=120 queued_ms=79.491 VulkanOffscreenGuestDraw
[LOADER][TRACE] vk.render_work_enter #2 sequence=3041 queue=dcb.graphics submission=120 queued_ms=95.377 VulkanOffscreenGuestDraw
[LOADER][TRACE] vk.render_work_enter #3 sequence=3042 queue=dcb.graphics submission=120 queued_ms=95.514 VulkanOffscreenGuestDraw
[LOADER][TRACE] vk.render_work_enter #7 sequence=3045 queue=dcb.graphics submission=120 queued_ms=96.785 VulkanOffscreenGuestDraw
[LOADER][TRACE] vk.render_work_enter #11 sequence=3048 queue=dcb.graphics submission=120 queued_ms=99.900 VulkanOffscreenGuestDraw
[LOADER][TRACE] vk.render_work_enter #15 sequence=3051 queue=dcb.graphics submission=120 queued_ms=106.171 VulkanOffscreenGuestDraw
[LOADER][TRACE] vk.present_taken addr=0x0000000003240000 version=120 drawKind=None hasPixels=False hasTranslatedDraw=False
[LOADER][TRACE] vk.present_sample frame=120 addr=0x0000000003240000
[LOADER][TRACE] vk.swapchain_image size=1280x720 format=B8G8R8A8Unorm nonzero_bytes=2209872/3686400 nonblack_pixels=429424/921600 hash=0x6A4146CC5B012A35
[LOADER][TRACE] vk.swapchain_dump path=/tmp/ds-golden-exp139/present-0120-1280x720-B8G8R8A8Unorm.bgra
[DIAG-VERIFY] Import #216000 OK: libc::libc:_Getptolower ret=0x00007EF870015100
[DIAG-VERIFY] Import #217000 OK: libSceAgc::libSceAgc:sceAgcDcbSetIndexSize ret=0x0000000000260DB0
[LOADER][TRACE] vk.render_work_enter #0 sequence=3068 queue=dcb.graphics submission=121 queued_ms=0.026 VulkanOffscreenGuestDraw
[LOADER][TRACE] vk.render_work_enter #7 sequence=3073 queue=dcb.graphics submission=121 queued_ms=4.826 VulkanOffscreenGuestDraw
[LOADER][TRACE] vk.render_work_enter #8 sequence=3074 queue=dcb.graphics submission=121 queued_ms=4.955 VulkanOffscreenGuestDraw
[LOADER][TRACE] vk.render_work_enter #12 sequence=3077 queue=dcb.graphics submission=121 queued_ms=10.389 VulkanOffscreenGuestDraw
[LOADER][TRACE] vk.render_work_enter #2 sequence=3080 queue=dcb.graphics submission=121 queued_ms=40.332 VulkanOffscreenGuestDraw
[LOADER][TRACE] vk.render_work_enter #3 sequence=3081 queue=dcb.graphics submission=121 queued_ms=40.481 VulkanOffscreenGuestDraw
[LOADER][TRACE] vk.render_work_enter #7 sequence=3084 queue=dcb.graphics submission=121 queued_ms=46.911 VulkanOffscreenGuestDraw
[LOADER][TRACE] vk.render_work_enter #2 sequence=3087 queue=dcb.graphics submission=121 queued_ms=64.860 VulkanOffscreenGuestDraw
[LOADER][TRACE] vk.render_work_enter #3 sequence=3088 queue=dcb.graphics submission=121 queued_ms=65.019 VulkanOffscreenGuestDraw
[LOADER][TRACE] vk.render_work_enter #7 sequence=3091 queue=dcb.graphics submission=121 queued_ms=65.868 VulkanOffscreenGuestDraw
[LOADER][TRACE] vk.render_work_enter #11 sequence=3094 queue=dcb.graphics submission=121 queued_ms=67.497 VulkanOffscreenGuestDraw
[LOADER][TRACE] vk.render_work_enter #15 sequence=3097 queue=dcb.graphics submission=121 queued_ms=68.927 VulkanOffscreenGuestDraw
[LOADER][TRACE] vk.render_work_enter #2 sequence=3100 queue=dcb.graphics submission=121 queued_ms=88.158 VulkanOffscreenGuestDraw
[LOADER][TRACE] vk.render_work_enter #3 sequence=3101 queue=dcb.graphics submission=121 queued_ms=88.302 VulkanOffscreenGuestDraw
[LOADER][TRACE] vk.render_work_enter #7 sequence=3104 queue=dcb.graphics submission=121 queued_ms=89.616 VulkanOffscreenGuestDraw
[LOADER][TRACE] vk.render_work_enter #11 sequence=3107 queue=dcb.graphics submission=121 queued_ms=92.765 VulkanOffscreenGuestDraw
[LOADER][TRACE] vk.render_work_enter #15 sequence=3110 queue=dcb.graphics submission=121 queued_ms=98.847 VulkanOffscreenGuestDraw
[LOADER][TRACE] vk.present_taken addr=0x0000000001260000 version=121 drawKind=None hasPixels=False hasTranslatedDraw=False
[LOADER][TRACE] vk.swapchain_image size=1280x720 format=B8G8R8A8Unorm nonzero_bytes=2212320/3686400 nonblack_pixels=430240/921600 hash=0xE2CF52B6080ED74E
[LOADER][TRACE] vk.swapchain_dump path=/tmp/ds-golden-exp139/present-0121-1280x720-B8G8R8A8Unorm.bgra
[DIAG-VERIFY] Import #218000 OK: libSceAgc::libSceAgc:sceAgcSetCxRegIndirectPatchAddRegisters ret=0x0000000000000000
[LOADER][TRACE] vk.render_work_enter #0 sequence=3127 queue=dcb.graphics submission=122 queued_ms=0.021 VulkanOffscreenGuestDraw
[LOADER][TRACE] vk.render_work_enter #7 sequence=3132 queue=dcb.graphics submission=122 queued_ms=6.132 VulkanOffscreenGuestDraw
[LOADER][TRACE] vk.render_work_enter #8 sequence=3133 queue=dcb.graphics submission=122 queued_ms=6.223 VulkanOffscreenGuestDraw
[LOADER][TRACE] vk.render_work_enter #3 sequence=3136 queue=dcb.graphics submission=122 queued_ms=29.087 VulkanOffscreenGuestDraw
[LOADER][TRACE] vk.render_work_enter #2 sequence=3139 queue=dcb.graphics submission=122 queued_ms=50.324 VulkanOffscreenGuestDraw
[LOADER][TRACE] vk.render_work_enter #3 sequence=3140 queue=dcb.graphics submission=122 queued_ms=50.415 VulkanOffscreenGuestDraw
[LOADER][TRACE] vk.render_work_enter #7 sequence=3143 queue=dcb.graphics submission=122 queued_ms=55.072 VulkanOffscreenGuestDraw
[LOADER][TRACE] vk.render_work_enter #2 sequence=3146 queue=dcb.graphics submission=122 queued_ms=73.559 VulkanOffscreenGuestDraw
[LOADER][TRACE] vk.render_work_enter #3 sequence=3147 queue=dcb.graphics submission=122 queued_ms=73.650 VulkanOffscreenGuestDraw
[LOADER][TRACE] vk.render_work_enter #7 sequence=3150 queue=dcb.graphics submission=122 queued_ms=74.778 VulkanOffscreenGuestDraw
[LOADER][TRACE] vk.render_work_enter #11 sequence=3153 queue=dcb.graphics submission=122 queued_ms=77.750 VulkanOffscreenGuestDraw
[LOADER][TRACE] vk.render_work_enter #15 sequence=3156 queue=dcb.graphics submission=122 queued_ms=79.809 VulkanOffscreenGuestDraw
[LOADER][TRACE] vk.render_work_enter #2 sequence=3159 queue=dcb.graphics submission=122 queued_ms=94.470 VulkanOffscreenGuestDraw
[LOADER][TRACE] vk.render_work_enter #3 sequence=3160 queue=dcb.graphics submission=122 queued_ms=94.544 VulkanOffscreenGuestDraw
[LOADER][TRACE] vk.render_work_enter #7 sequence=3163 queue=dcb.graphics submission=122 queued_ms=95.680 VulkanOffscreenGuestDraw
[LOADER][TRACE] vk.render_work_enter #3 sequence=3166 queue=dcb.graphics submission=122 queued_ms=124.743 VulkanOffscreenGuestDraw
[LOADER][TRACE] vk.render_work_enter #7 sequence=3169 queue=dcb.graphics submission=122 queued_ms=128.064 VulkanOffscreenGuestDraw
[LOADER][TRACE] vk.present_taken addr=0x0000000003240000 version=122 drawKind=None hasPixels=False hasTranslatedDraw=False
[DIAG-VERIFY] Import #219000 OK: libc::libc:_Getptolower ret=0x00007EF870015100
[DIAG-VERIFY] Import #220000 OK: libSceAgc::libSceAgc:sceAgcSetCxRegIndirectPatchAddRegisters ret=0x0000000000000000
[LOADER][TRACE] vk.swapchain_image size=1280x720 format=B8G8R8A8Unorm nonzero_bytes=2213883/3686400 nonblack_pixels=430761/921600 hash=0x798301868FC42999
[LOADER][TRACE] vk.swapchain_dump path=/tmp/ds-golden-exp139/present-0122-1280x720-B8G8R8A8Unorm.bgra
[LOADER][TRACE] vk.render_work_enter #0 sequence=3186 queue=dcb.graphics submission=123 queued_ms=45.198 VulkanOffscreenGuestDraw
[LOADER][TRACE] vk.render_work_enter #7 sequence=3191 queue=dcb.graphics submission=123 queued_ms=48.275 VulkanOffscreenGuestDraw
[LOADER][TRACE] vk.render_work_enter #8 sequence=3192 queue=dcb.graphics submission=123 queued_ms=48.384 VulkanOffscreenGuestDraw
[LOADER][TRACE] vk.render_work_enter #12 sequence=3195 queue=dcb.graphics submission=123 queued_ms=53.888 VulkanOffscreenGuestDraw
[LOADER][TRACE] vk.render_work_enter #2 sequence=3198 queue=dcb.graphics submission=123 queued_ms=75.956 VulkanOffscreenGuestDraw
[LOADER][TRACE] vk.render_work_enter #3 sequence=3199 queue=dcb.graphics submission=123 queued_ms=76.105 VulkanOffscreenGuestDraw
[LOADER][TRACE] vk.render_work_enter #7 sequence=3202 queue=dcb.graphics submission=123 queued_ms=81.113 VulkanOffscreenGuestDraw
[LOADER][TRACE] vk.render_work_enter #2 sequence=3205 queue=dcb.graphics submission=123 queued_ms=100.647 VulkanOffscreenGuestDraw
[LOADER][TRACE] vk.render_work_enter #3 sequence=3206 queue=dcb.graphics submission=123 queued_ms=100.773 VulkanOffscreenGuestDraw
[LOADER][TRACE] vk.render_work_enter #8 sequence=3209 queue=dcb.graphics submission=123 queued_ms=102.934 VulkanOffscreenGuestDraw
[LOADER][TRACE] vk.render_work_enter #12 sequence=3212 queue=dcb.graphics submission=123 queued_ms=104.648 VulkanOffscreenGuestDraw
[LOADER][TRACE] vk.render_work_enter #16 sequence=3215 queue=dcb.graphics submission=123 queued_ms=105.947 VulkanOffscreenGuestDraw
[LOADER][TRACE] vk.render_work_enter #2 sequence=3218 queue=dcb.graphics submission=123 queued_ms=140.075 VulkanOffscreenGuestDraw
[LOADER][TRACE] vk.render_work_enter #3 sequence=3219 queue=dcb.graphics submission=123 queued_ms=140.227 VulkanOffscreenGuestDraw
[LOADER][TRACE] vk.render_work_enter #7 sequence=3222 queue=dcb.graphics submission=123 queued_ms=141.241 VulkanOffscreenGuestDraw
[LOADER][TRACE] vk.render_work_enter #11 sequence=3225 queue=dcb.graphics submission=123 queued_ms=142.957 VulkanOffscreenGuestDraw
[LOADER][TRACE] vk.render_work_enter #15 sequence=3228 queue=dcb.graphics submission=123 queued_ms=146.547 VulkanOffscreenGuestDraw
[DIAG-VERIFY] Import #18000 OK: libKernel::libKernel:scePthreadMutexLock ret=0x0000000000000000
[LOADER][TRACE] vk.present_taken addr=0x0000000001260000 version=123 drawKind=None hasPixels=False hasTranslatedDraw=False
[DIAG-VERIFY] Import #221000 OK: libSceAgc::libSceAgc:sceAgcSetUcRegIndirectPatchAddRegisters ret=0x0000000000000000
[LOADER][TRACE] vk.swapchain_image size=1280x720 format=B8G8R8A8Unorm nonzero_bytes=2215659/3686400 nonblack_pixels=431353/921600 hash=0xD475376BFC79019E
[LOADER][TRACE] vk.swapchain_dump path=/tmp/ds-golden-exp139/present-0123-1280x720-B8G8R8A8Unorm.bgra
[LOADER][TRACE] vk.render_work_enter #0 sequence=3245 queue=dcb.graphics submission=124 queued_ms=46.140 VulkanOffscreenGuestDraw
[LOADER][TRACE] vk.render_work_enter #7 sequence=3250 queue=dcb.graphics submission=124 queued_ms=49.250 VulkanOffscreenGuestDraw
[LOADER][TRACE] vk.render_work_enter #8 sequence=3251 queue=dcb.graphics submission=124 queued_ms=49.381 VulkanOffscreenGuestDraw
[LOADER][TRACE] vk.render_work_enter #12 sequence=3254 queue=dcb.graphics submission=124 queued_ms=54.882 VulkanOffscreenGuestDraw
[LOADER][TRACE] vk.render_work_enter #2 sequence=3257 queue=dcb.graphics submission=124 queued_ms=77.329 VulkanOffscreenGuestDraw
[LOADER][TRACE] vk.render_work_enter #3 sequence=3258 queue=dcb.graphics submission=124 queued_ms=77.495 VulkanOffscreenGuestDraw
[LOADER][TRACE] vk.render_work_enter #7 sequence=3261 queue=dcb.graphics submission=124 queued_ms=82.526 VulkanOffscreenGuestDraw
[LOADER][TRACE] vk.render_work_enter #3 sequence=3264 queue=dcb.graphics submission=124 queued_ms=102.638 VulkanOffscreenGuestDraw
[LOADER][TRACE] vk.render_work_enter #4 sequence=3265 queue=dcb.graphics submission=124 queued_ms=102.776 VulkanOffscreenGuestDraw
[LOADER][TRACE] vk.render_work_enter #8 sequence=3268 queue=dcb.graphics submission=124 queued_ms=103.493 VulkanOffscreenGuestDraw
[LOADER][TRACE] vk.render_work_enter #12 sequence=3271 queue=dcb.graphics submission=124 queued_ms=105.190 VulkanOffscreenGuestDraw
[LOADER][TRACE] vk.render_work_enter #16 sequence=3274 queue=dcb.graphics submission=124 queued_ms=106.582 VulkanOffscreenGuestDraw
[LOADER][TRACE] vk.render_work_enter #2 sequence=3277 queue=dcb.graphics submission=124 queued_ms=138.851 VulkanOffscreenGuestDraw
[LOADER][TRACE] vk.render_work_enter #3 sequence=3278 queue=dcb.graphics submission=124 queued_ms=138.993 VulkanOffscreenGuestDraw
[LOADER][TRACE] vk.render_work_enter #7 sequence=3281 queue=dcb.graphics submission=124 queued_ms=139.871 VulkanOffscreenGuestDraw
[LOADER][TRACE] vk.render_work_enter #11 sequence=3284 queue=dcb.graphics submission=124 queued_ms=141.682 VulkanOffscreenGuestDraw
[LOADER][TRACE] vk.render_work_enter #15 sequence=3287 queue=dcb.graphics submission=124 queued_ms=145.227 VulkanOffscreenGuestDraw
[LOADER][TRACE] vk.present_taken addr=0x0000000003240000 version=124 drawKind=None hasPixels=False hasTranslatedDraw=False
[DIAG-VERIFY] Import #222000 OK: libc::libc:_Getptolower ret=0x00007EF870015100
[LOADER][TRACE] vk.swapchain_image size=1280x720 format=B8G8R8A8Unorm nonzero_bytes=2218314/3686400 nonblack_pixels=432238/921600 hash=0x91473DADBA6D5584
[LOADER][TRACE] vk.swapchain_dump path=/tmp/ds-golden-exp139/present-0124-1280x720-B8G8R8A8Unorm.bgra
[LOADER][TRACE] vk.render_work_enter #0 sequence=3304 queue=dcb.graphics submission=125 queued_ms=45.509 VulkanOffscreenGuestDraw
[LOADER][TRACE] vk.render_work_enter #7 sequence=3309 queue=dcb.graphics submission=125 queued_ms=48.729 VulkanOffscreenGuestDraw
[LOADER][TRACE] vk.render_work_enter #8 sequence=3310 queue=dcb.graphics submission=125 queued_ms=48.945 VulkanOffscreenGuestDraw
[LOADER][TRACE] vk.render_work_enter #12 sequence=3313 queue=dcb.graphics submission=125 queued_ms=54.615 VulkanOffscreenGuestDraw
[LOADER][TRACE] vk.render_work_enter #2 sequence=3316 queue=dcb.graphics submission=125 queued_ms=77.571 VulkanOffscreenGuestDraw
[LOADER][TRACE] vk.render_work_enter #3 sequence=3317 queue=dcb.graphics submission=125 queued_ms=77.717 VulkanOffscreenGuestDraw
[LOADER][TRACE] vk.render_work_enter #7 sequence=3320 queue=dcb.graphics submission=125 queued_ms=82.880 VulkanOffscreenGuestDraw
[LOADER][TRACE] vk.render_work_enter #2 sequence=3323 queue=dcb.graphics submission=125 queued_ms=99.074 VulkanOffscreenGuestDraw
[LOADER][TRACE] vk.render_work_enter #3 sequence=3324 queue=dcb.graphics submission=125 queued_ms=99.211 VulkanOffscreenGuestDraw
[LOADER][TRACE] vk.render_work_enter #7 sequence=3327 queue=dcb.graphics submission=125 queued_ms=100.253 VulkanOffscreenGuestDraw
[LOADER][TRACE] vk.render_work_enter #11 sequence=3330 queue=dcb.graphics submission=125 queued_ms=103.335 VulkanOffscreenGuestDraw
[LOADER][TRACE] vk.render_work_enter #3 sequence=3333 queue=dcb.graphics submission=125 queued_ms=133.093 VulkanOffscreenGuestDraw
[LOADER][TRACE] vk.render_work_enter #7 sequence=3336 queue=dcb.graphics submission=125 queued_ms=141.550 VulkanOffscreenGuestDraw
[LOADER][TRACE] vk.render_work_enter #8 sequence=3337 queue=dcb.graphics submission=125 queued_ms=141.657 VulkanOffscreenGuestDraw
[LOADER][TRACE] vk.render_work_enter #12 sequence=3340 queue=dcb.graphics submission=125 queued_ms=142.618 VulkanOffscreenGuestDraw
[LOADER][TRACE] vk.render_work_enter #16 sequence=3343 queue=dcb.graphics submission=125 queued_ms=144.414 VulkanOffscreenGuestDraw
[LOADER][TRACE] vk.render_work_enter #2 sequence=3346 queue=dcb.graphics submission=125 queued_ms=148.140 VulkanOffscreenGuestDraw
[LOADER][TRACE] vk.present_taken addr=0x0000000001260000 version=125 drawKind=None hasPixels=False hasTranslatedDraw=False
[DIAG-VERIFY] Import #223000 OK: libc::libc:_Getptolower ret=0x00007EF870015100
[DIAG-VERIFY] Import #224000 OK: libSceAgc::libSceAgc:sceAgcDcbDrawIndexOffset ret=0x0000000000260800
[LOADER][TRACE] vk.swapchain_image size=1280x720 format=B8G8R8A8Unorm nonzero_bytes=2219679/3686400 nonblack_pixels=432693/921600 hash=0x08C7415F13E17BFC
[LOADER][TRACE] vk.swapchain_dump path=/tmp/ds-golden-exp139/present-0125-1280x720-B8G8R8A8Unorm.bgra
[LOADER][TRACE] vk.render_work_enter #0 sequence=3363 queue=dcb.graphics submission=126 queued_ms=41.482 VulkanOffscreenGuestDraw
[LOADER][TRACE] vk.render_work_enter #7 sequence=3368 queue=dcb.graphics submission=126 queued_ms=44.842 VulkanOffscreenGuestDraw
[LOADER][TRACE] vk.render_work_enter #8 sequence=3369 queue=dcb.graphics submission=126 queued_ms=45.096 VulkanOffscreenGuestDraw
[LOADER][TRACE] vk.render_work_enter #12 sequence=3372 queue=dcb.graphics submission=126 queued_ms=51.241 VulkanOffscreenGuestDraw
[LOADER][TRACE] vk.render_work_enter #2 sequence=3375 queue=dcb.graphics submission=126 queued_ms=79.376 VulkanOffscreenGuestDraw
[LOADER][TRACE] vk.render_work_enter #3 sequence=3376 queue=dcb.graphics submission=126 queued_ms=79.504 VulkanOffscreenGuestDraw
[LOADER][TRACE] vk.render_work_enter #2 sequence=3379 queue=dcb.graphics submission=126 queued_ms=91.959 VulkanOffscreenGuestDraw
[LOADER][TRACE] vk.render_work_enter #2 sequence=3382 queue=dcb.graphics submission=126 queued_ms=127.919 VulkanOffscreenGuestDraw
[LOADER][TRACE] vk.render_work_enter #3 sequence=3383 queue=dcb.graphics submission=126 queued_ms=128.065 VulkanOffscreenGuestDraw
[LOADER][TRACE] vk.render_work_enter #7 sequence=3386 queue=dcb.graphics submission=126 queued_ms=129.563 VulkanOffscreenGuestDraw
[LOADER][TRACE] vk.render_work_enter #11 sequence=3389 queue=dcb.graphics submission=126 queued_ms=132.765 VulkanOffscreenGuestDraw
[LOADER][TRACE] vk.render_work_enter #15 sequence=3392 queue=dcb.graphics submission=126 queued_ms=134.871 VulkanOffscreenGuestDraw
[LOADER][TRACE] vk.render_work_enter #2 sequence=3395 queue=dcb.graphics submission=126 queued_ms=150.289 VulkanOffscreenGuestDraw
[LOADER][TRACE] vk.render_work_enter #3 sequence=3396 queue=dcb.graphics submission=126 queued_ms=150.463 VulkanOffscreenGuestDraw
[LOADER][TRACE] vk.render_work_enter #7 sequence=3399 queue=dcb.graphics submission=126 queued_ms=151.406 VulkanOffscreenGuestDraw
[LOADER][TRACE] vk.render_work_enter #12 sequence=3402 queue=dcb.graphics submission=126 queued_ms=154.447 VulkanOffscreenGuestDraw
[LOADER][TRACE] vk.render_work_enter #16 sequence=3405 queue=dcb.graphics submission=126 queued_ms=157.887 VulkanOffscreenGuestDraw
[LOADER][TRACE] vk.present_taken addr=0x0000000003240000 version=126 drawKind=None hasPixels=False hasTranslatedDraw=False
[DIAG-VERIFY] Import #225000 OK: libc::libc:_Getptolower ret=0x00007EF870015100
[LOADER][TRACE] vk.swapchain_image size=1280x720 format=B8G8R8A8Unorm nonzero_bytes=2221737/3686400 nonblack_pixels=433379/921600 hash=0x3123D8A91DDA8E94
[LOADER][TRACE] vk.swapchain_dump path=/tmp/ds-golden-exp139/present-0126-1280x720-B8G8R8A8Unorm.bgra
[LOADER][TRACE] vk.render_work_enter #0 sequence=3422 queue=dcb.graphics submission=127 queued_ms=24.235 VulkanOffscreenGuestDraw
[LOADER][TRACE] vk.render_work_enter #7 sequence=3427 queue=dcb.graphics submission=127 queued_ms=26.184 VulkanOffscreenGuestDraw
[LOADER][TRACE] vk.render_work_enter #8 sequence=3428 queue=dcb.graphics submission=127 queued_ms=26.291 VulkanOffscreenGuestDraw
[LOADER][TRACE] vk.render_work_enter #12 sequence=3431 queue=dcb.graphics submission=127 queued_ms=29.914 VulkanOffscreenGuestDraw
[LOADER][TRACE] vk.render_work_enter #2 sequence=3434 queue=dcb.graphics submission=127 queued_ms=44.503 VulkanOffscreenGuestDraw
[LOADER][TRACE] vk.render_work_enter #3 sequence=3435 queue=dcb.graphics submission=127 queued_ms=44.609 VulkanOffscreenGuestDraw
[LOADER][TRACE] vk.render_work_enter #7 sequence=3438 queue=dcb.graphics submission=127 queued_ms=49.641 VulkanOffscreenGuestDraw
[LOADER][TRACE] vk.render_work_enter #2 sequence=3441 queue=dcb.graphics submission=127 queued_ms=91.026 VulkanOffscreenGuestDraw
[LOADER][TRACE] vk.render_work_enter #3 sequence=3442 queue=dcb.graphics submission=127 queued_ms=91.166 VulkanOffscreenGuestDraw
[LOADER][TRACE] vk.render_work_enter #7 sequence=3445 queue=dcb.graphics submission=127 queued_ms=92.363 VulkanOffscreenGuestDraw
[LOADER][TRACE] vk.render_work_enter #11 sequence=3448 queue=dcb.graphics submission=127 queued_ms=95.559 VulkanOffscreenGuestDraw
[LOADER][TRACE] vk.render_work_enter #15 sequence=3451 queue=dcb.graphics submission=127 queued_ms=97.800 VulkanOffscreenGuestDraw
[LOADER][TRACE] vk.render_work_enter #2 sequence=3454 queue=dcb.graphics submission=127 queued_ms=113.479 VulkanOffscreenGuestDraw
[LOADER][TRACE] vk.render_work_enter #3 sequence=3455 queue=dcb.graphics submission=127 queued_ms=113.624 VulkanOffscreenGuestDraw
[LOADER][TRACE] vk.render_work_enter #7 sequence=3458 queue=dcb.graphics submission=127 queued_ms=114.878 VulkanOffscreenGuestDraw
[LOADER][TRACE] vk.render_work_enter #12 sequence=3461 queue=dcb.graphics submission=127 queued_ms=118.042 VulkanOffscreenGuestDraw
[LOADER][TRACE] vk.render_work_enter #16 sequence=3464 queue=dcb.graphics submission=127 queued_ms=121.573 VulkanOffscreenGuestDraw
[LOADER][TRACE] vk.present_taken addr=0x0000000001260000 version=127 drawKind=None hasPixels=False hasTranslatedDraw=False
[DIAG-VERIFY] Import #226000 OK: libc::libc:_Getptolower ret=0x00007EF870015100
[DIAG-VERIFY] Import #227000 OK: libSceAgc::libSceAgc:sceAgcDcbSetUcRegistersIndirect ret=0x0000000000260A4C
[LOADER][TRACE] vk.swapchain_image size=1280x720 format=B8G8R8A8Unorm nonzero_bytes=2221575/3686400 nonblack_pixels=433325/921600 hash=0x825C51B873770D03
[LOADER][TRACE] vk.swapchain_dump path=/tmp/ds-golden-exp139/present-0127-1280x720-B8G8R8A8Unorm.bgra
[LOADER][TRACE] vk.render_work_enter #0 sequence=3481 queue=dcb.graphics submission=128 queued_ms=27.070 VulkanOffscreenGuestDraw
[LOADER][TRACE] vk.render_work_enter #7 sequence=3486 queue=dcb.graphics submission=128 queued_ms=29.971 VulkanOffscreenGuestDraw
[LOADER][TRACE] vk.render_work_enter #8 sequence=3487 queue=dcb.graphics submission=128 queued_ms=30.084 VulkanOffscreenGuestDraw
[LOADER][TRACE] vk.render_work_enter #12 sequence=3490 queue=dcb.graphics submission=128 queued_ms=35.709 VulkanOffscreenGuestDraw
[LOADER][TRACE] vk.render_work_enter #2 sequence=3493 queue=dcb.graphics submission=128 queued_ms=53.825 VulkanOffscreenGuestDraw
[LOADER][TRACE] vk.render_work_enter #3 sequence=3494 queue=dcb.graphics submission=128 queued_ms=53.970 VulkanOffscreenGuestDraw
[LOADER][TRACE] vk.render_work_enter #7 sequence=3497 queue=dcb.graphics submission=128 queued_ms=58.632 VulkanOffscreenGuestDraw
[LOADER][TRACE] vk.render_work_enter #2 sequence=3500 queue=dcb.graphics submission=128 queued_ms=94.142 VulkanOffscreenGuestDraw
[LOADER][TRACE] vk.render_work_enter #3 sequence=3501 queue=dcb.graphics submission=128 queued_ms=94.273 VulkanOffscreenGuestDraw
[LOADER][TRACE] vk.render_work_enter #7 sequence=3504 queue=dcb.graphics submission=128 queued_ms=95.370 VulkanOffscreenGuestDraw
[LOADER][TRACE] vk.render_work_enter #11 sequence=3507 queue=dcb.graphics submission=128 queued_ms=98.307 VulkanOffscreenGuestDraw
[LOADER][TRACE] vk.render_work_enter #15 sequence=3510 queue=dcb.graphics submission=128 queued_ms=100.450 VulkanOffscreenGuestDraw
[LOADER][TRACE] vk.render_work_enter #3 sequence=3513 queue=dcb.graphics submission=128 queued_ms=113.119 VulkanOffscreenGuestDraw
[LOADER][TRACE] vk.render_work_enter #4 sequence=3514 queue=dcb.graphics submission=128 queued_ms=113.272 VulkanOffscreenGuestDraw
[LOADER][TRACE] vk.render_work_enter #8 sequence=3517 queue=dcb.graphics submission=128 queued_ms=114.056 VulkanOffscreenGuestDraw
[LOADER][TRACE] vk.render_work_enter #12 sequence=3520 queue=dcb.graphics submission=128 queued_ms=115.809 VulkanOffscreenGuestDraw
[LOADER][TRACE] vk.render_work_enter #16 sequence=3523 queue=dcb.graphics submission=128 queued_ms=119.450 VulkanOffscreenGuestDraw
[LOADER][TRACE] vk.present_taken addr=0x0000000003240000 version=128 drawKind=None hasPixels=False hasTranslatedDraw=False
[DIAG-VERIFY] Import #228000 OK: libc::libc:_Getptolower ret=0x00007EF870015100
[NID-COUNTS] 1D0H2KNjshE=143 hsi9drzHR2k=0
[LOADER][TRACE] vk.swapchain_image size=1280x720 format=B8G8R8A8Unorm nonzero_bytes=2221803/3686400 nonblack_pixels=433401/921600 hash=0xD7833996C2CCE167
[LOADER][TRACE] vk.swapchain_dump path=/tmp/ds-golden-exp139/present-0128-1280x720-B8G8R8A8Unorm.bgra
[LOADER][TRACE] vk.render_work_enter #0 sequence=3540 queue=dcb.graphics submission=129 queued_ms=24.502 VulkanOffscreenGuestDraw
[LOADER][TRACE] vk.render_work_enter #7 sequence=3545 queue=dcb.graphics submission=129 queued_ms=27.708 VulkanOffscreenGuestDraw
[LOADER][TRACE] vk.render_work_enter #8 sequence=3546 queue=dcb.graphics submission=129 queued_ms=27.804 VulkanOffscreenGuestDraw
[LOADER][TRACE] vk.render_work_enter #12 sequence=3549 queue=dcb.graphics submission=129 queued_ms=33.034 VulkanOffscreenGuestDraw
[LOADER][TRACE] vk.render_work_enter #2 sequence=3552 queue=dcb.graphics submission=129 queued_ms=54.776 VulkanOffscreenGuestDraw
[LOADER][TRACE] vk.render_work_enter #3 sequence=3553 queue=dcb.graphics submission=129 queued_ms=54.884 VulkanOffscreenGuestDraw
[LOADER][TRACE] vk.render_work_enter #7 sequence=3556 queue=dcb.graphics submission=129 queued_ms=59.292 VulkanOffscreenGuestDraw
[LOADER][TRACE] vk.render_work_enter #2 sequence=3559 queue=dcb.graphics submission=129 queued_ms=94.524 VulkanOffscreenGuestDraw
[LOADER][TRACE] vk.render_work_enter #3 sequence=3560 queue=dcb.graphics submission=129 queued_ms=94.626 VulkanOffscreenGuestDraw
[LOADER][TRACE] vk.render_work_enter #7 sequence=3563 queue=dcb.graphics submission=129 queued_ms=95.699 VulkanOffscreenGuestDraw
[LOADER][TRACE] vk.render_work_enter #11 sequence=3566 queue=dcb.graphics submission=129 queued_ms=98.647 VulkanOffscreenGuestDraw
[LOADER][TRACE] vk.render_work_enter #15 sequence=3569 queue=dcb.graphics submission=129 queued_ms=100.689 VulkanOffscreenGuestDraw
[LOADER][TRACE] vk.render_work_enter #3 sequence=3572 queue=dcb.graphics submission=129 queued_ms=110.807 VulkanOffscreenGuestDraw
[LOADER][TRACE] vk.render_work_enter #4 sequence=3573 queue=dcb.graphics submission=129 queued_ms=110.895 VulkanOffscreenGuestDraw
[LOADER][TRACE] vk.render_work_enter #8 sequence=3576 queue=dcb.graphics submission=129 queued_ms=111.921 VulkanOffscreenGuestDraw
[LOADER][TRACE] vk.render_work_enter #12 sequence=3579 queue=dcb.graphics submission=129 queued_ms=113.725 VulkanOffscreenGuestDraw
[LOADER][TRACE] vk.render_work_enter #16 sequence=3582 queue=dcb.graphics submission=129 queued_ms=117.356 VulkanOffscreenGuestDraw
[LOADER][TRACE] vk.present_taken addr=0x0000000001260000 version=129 drawKind=None hasPixels=False hasTranslatedDraw=False
[DIAG-VERIFY] Import #229000 OK: libc::libc:_Getptolower ret=0x00007EF870015100
[DIAG-VERIFY] Import #230000 OK: libSceAgc::libSceAgc:sceAgcCreateInterpolantMapping ret=0x0000000000000000
[LOADER][TRACE] vk.swapchain_image size=1280x720 format=B8G8R8A8Unorm nonzero_bytes=2222025/3686400 nonblack_pixels=433475/921600 hash=0x4737743537B06DBF
[LOADER][TRACE] vk.swapchain_dump path=/tmp/ds-golden-exp139/present-0129-1280x720-B8G8R8A8Unorm.bgra
[LOADER][TRACE] vk.render_work_enter #0 sequence=3599 queue=dcb.graphics submission=130 queued_ms=25.196 VulkanOffscreenGuestDraw
[LOADER][TRACE] vk.render_work_enter #7 sequence=3604 queue=dcb.graphics submission=130 queued_ms=26.930 VulkanOffscreenGuestDraw
[LOADER][TRACE] vk.render_work_enter #8 sequence=3605 queue=dcb.graphics submission=130 queued_ms=27.053 VulkanOffscreenGuestDraw
[LOADER][TRACE] vk.render_work_enter #12 sequence=3608 queue=dcb.graphics submission=130 queued_ms=31.355 VulkanOffscreenGuestDraw
[LOADER][TRACE] vk.render_work_enter #2 sequence=3611 queue=dcb.graphics submission=130 queued_ms=50.193 VulkanOffscreenGuestDraw
[LOADER][TRACE] vk.render_work_enter #3 sequence=3612 queue=dcb.graphics submission=130 queued_ms=50.325 VulkanOffscreenGuestDraw
[LOADER][TRACE] vk.render_work_enter #7 sequence=3615 queue=dcb.graphics submission=130 queued_ms=55.916 VulkanOffscreenGuestDraw
[LOADER][TRACE] vk.render_work_enter #2 sequence=3618 queue=dcb.graphics submission=130 queued_ms=92.875 VulkanOffscreenGuestDraw
[LOADER][TRACE] vk.render_work_enter #3 sequence=3619 queue=dcb.graphics submission=130 queued_ms=93.001 VulkanOffscreenGuestDraw
[LOADER][TRACE] vk.render_work_enter #7 sequence=3622 queue=dcb.graphics submission=130 queued_ms=94.217 VulkanOffscreenGuestDraw
[LOADER][TRACE] vk.render_work_enter #11 sequence=3625 queue=dcb.graphics submission=130 queued_ms=97.296 VulkanOffscreenGuestDraw
[LOADER][TRACE] vk.render_work_enter #15 sequence=3628 queue=dcb.graphics submission=130 queued_ms=99.420 VulkanOffscreenGuestDraw
[DIAG-VERIFY] Import #19000 OK: libKernel::libKernel:scePthreadMutexLock ret=0x0000000000000000
[LOADER][TRACE] vk.render_work_enter #3 sequence=3631 queue=dcb.graphics submission=130 queued_ms=114.583 VulkanOffscreenGuestDraw
[LOADER][TRACE] vk.render_work_enter #4 sequence=3632 queue=dcb.graphics submission=130 queued_ms=114.695 VulkanOffscreenGuestDraw
[LOADER][TRACE] vk.render_work_enter #8 sequence=3635 queue=dcb.graphics submission=130 queued_ms=115.629 VulkanOffscreenGuestDraw
[LOADER][TRACE] vk.render_work_enter #12 sequence=3638 queue=dcb.graphics submission=130 queued_ms=117.410 VulkanOffscreenGuestDraw
[LOADER][TRACE] vk.render_work_enter #16 sequence=3641 queue=dcb.graphics submission=130 queued_ms=121.078 VulkanOffscreenGuestDraw
[LOADER][TRACE] vk.present_taken addr=0x0000000003240000 version=130 drawKind=None hasPixels=False hasTranslatedDraw=False
[DIAG-VERIFY] Import #231000 OK: libSceAgc::libSceAgc:sceAgcSetCxRegIndirectPatchAddRegisters ret=0x0000000000000000
[LOADER][TRACE] vk.swapchain_image size=1280x720 format=B8G8R8A8Unorm nonzero_bytes=2221044/3686400 nonblack_pixels=433148/921600 hash=0x91F5E75BE20A457C
[LOADER][TRACE] vk.swapchain_dump path=/tmp/ds-golden-exp139/present-0130-1280x720-B8G8R8A8Unorm.bgra
[LOADER][TRACE] vk.render_work_enter #0 sequence=3658 queue=dcb.graphics submission=131 queued_ms=24.682 VulkanOffscreenGuestDraw
[LOADER][TRACE] vk.render_work_enter #7 sequence=3663 queue=dcb.graphics submission=131 queued_ms=27.726 VulkanOffscreenGuestDraw
[LOADER][TRACE] vk.render_work_enter #8 sequence=3664 queue=dcb.graphics submission=131 queued_ms=27.842 VulkanOffscreenGuestDraw
[LOADER][TRACE] vk.render_work_enter #12 sequence=3667 queue=dcb.graphics submission=131 queued_ms=33.696 VulkanOffscreenGuestDraw
[LOADER][TRACE] vk.render_work_enter #2 sequence=3670 queue=dcb.graphics submission=131 queued_ms=47.725 VulkanOffscreenGuestDraw
[LOADER][TRACE] vk.render_work_enter #3 sequence=3671 queue=dcb.graphics submission=131 queued_ms=47.834 VulkanOffscreenGuestDraw
[LOADER][TRACE] vk.render_work_enter #7 sequence=3674 queue=dcb.graphics submission=131 queued_ms=53.174 VulkanOffscreenGuestDraw
[LOADER][TRACE] vk.render_work_enter #2 sequence=3677 queue=dcb.graphics submission=131 queued_ms=89.192 VulkanOffscreenGuestDraw
[LOADER][TRACE] vk.render_work_enter #3 sequence=3678 queue=dcb.graphics submission=131 queued_ms=89.275 VulkanOffscreenGuestDraw
[LOADER][TRACE] vk.render_work_enter #7 sequence=3681 queue=dcb.graphics submission=131 queued_ms=90.229 VulkanOffscreenGuestDraw
[LOADER][TRACE] vk.render_work_enter #11 sequence=3684 queue=dcb.graphics submission=131 queued_ms=93.140 VulkanOffscreenGuestDraw
[LOADER][TRACE] vk.render_work_enter #15 sequence=3687 queue=dcb.graphics submission=131 queued_ms=95.112 VulkanOffscreenGuestDraw
[LOADER][TRACE] vk.render_work_enter #2 sequence=3690 queue=dcb.graphics submission=131 queued_ms=110.339 VulkanOffscreenGuestDraw
[LOADER][TRACE] vk.render_work_enter #3 sequence=3691 queue=dcb.graphics submission=131 queued_ms=110.387 VulkanOffscreenGuestDraw
[LOADER][TRACE] vk.render_work_enter #7 sequence=3694 queue=dcb.graphics submission=131 queued_ms=111.459 VulkanOffscreenGuestDraw
[LOADER][TRACE] vk.render_work_enter #11 sequence=3697 queue=dcb.graphics submission=131 queued_ms=114.475 VulkanOffscreenGuestDraw
[LOADER][TRACE] vk.render_work_enter #16 sequence=3700 queue=dcb.graphics submission=131 queued_ms=119.103 VulkanOffscreenGuestDraw
[LOADER][TRACE] vk.present_taken addr=0x0000000001260000 version=131 drawKind=None hasPixels=False hasTranslatedDraw=False
[DIAG-VERIFY] Import #232000 OK: libc::libc:_Getptolower ret=0x00007EF870015100
[DIAG-VERIFY] Import #233000 OK: libSceAgc::libSceAgc:sceAgcCbSetShRegisterRangeDirect ret=0x0000000000260F0C
[LOADER][TRACE] vk.swapchain_image size=1280x720 format=B8G8R8A8Unorm nonzero_bytes=2219373/3686400 nonblack_pixels=432591/921600 hash=0x74CADBB7C6566AE4
[LOADER][TRACE] vk.swapchain_dump path=/tmp/ds-golden-exp139/present-0131-1280x720-B8G8R8A8Unorm.bgra
[LOADER][TRACE] vk.render_work_enter #0 sequence=3717 queue=dcb.graphics submission=132 queued_ms=19.502 VulkanOffscreenGuestDraw
[LOADER][TRACE] vk.render_work_enter #7 sequence=3722 queue=dcb.graphics submission=132 queued_ms=21.381 VulkanOffscreenGuestDraw
[LOADER][TRACE] vk.render_work_enter #8 sequence=3723 queue=dcb.graphics submission=132 queued_ms=21.521 VulkanOffscreenGuestDraw
[LOADER][TRACE] vk.render_work_enter #12 sequence=3726 queue=dcb.graphics submission=132 queued_ms=25.151 VulkanOffscreenGuestDraw
[LOADER][TRACE] vk.render_work_enter #2 sequence=3729 queue=dcb.graphics submission=132 queued_ms=40.150 VulkanOffscreenGuestDraw
[LOADER][TRACE] vk.render_work_enter #3 sequence=3730 queue=dcb.graphics submission=132 queued_ms=40.281 VulkanOffscreenGuestDraw
[LOADER][TRACE] vk.render_work_enter #7 sequence=3733 queue=dcb.graphics submission=132 queued_ms=45.490 VulkanOffscreenGuestDraw
[LOADER][TRACE] vk.render_work_enter #2 sequence=3736 queue=dcb.graphics submission=132 queued_ms=85.524 VulkanOffscreenGuestDraw
[LOADER][TRACE] vk.render_work_enter #3 sequence=3737 queue=dcb.graphics submission=132 queued_ms=85.663 VulkanOffscreenGuestDraw
[LOADER][TRACE] vk.render_work_enter #7 sequence=3740 queue=dcb.graphics submission=132 queued_ms=86.876 VulkanOffscreenGuestDraw
[LOADER][TRACE] vk.render_work_enter #11 sequence=3743 queue=dcb.graphics submission=132 queued_ms=90.250 VulkanOffscreenGuestDraw
[LOADER][TRACE] vk.render_work_enter #15 sequence=3746 queue=dcb.graphics submission=132 queued_ms=92.353 VulkanOffscreenGuestDraw
[LOADER][TRACE] vk.render_work_enter #2 sequence=3749 queue=dcb.graphics submission=132 queued_ms=107.217 VulkanOffscreenGuestDraw
[LOADER][TRACE] vk.render_work_enter #3 sequence=3750 queue=dcb.graphics submission=132 queued_ms=107.359 VulkanOffscreenGuestDraw
[LOADER][TRACE] vk.render_work_enter #7 sequence=3753 queue=dcb.graphics submission=132 queued_ms=109.832 VulkanOffscreenGuestDraw
[LOADER][TRACE] vk.render_work_enter #11 sequence=3756 queue=dcb.graphics submission=132 queued_ms=113.114 VulkanOffscreenGuestDraw
[LOADER][TRACE] vk.render_work_enter #2 sequence=3759 queue=dcb.graphics submission=132 queued_ms=119.274 VulkanOffscreenGuestDraw
[LOADER][TRACE] vk.present_taken addr=0x0000000003240000 version=132 drawKind=None hasPixels=False hasTranslatedDraw=False
[DIAG-VERIFY] Import #234000 OK: libSceAgc::libSceAgc:sceAgcCreatePrimState ret=0x0000000000000000
[LOADER][TRACE] vk.swapchain_image size=1280x720 format=B8G8R8A8Unorm nonzero_bytes=2216346/3686400 nonblack_pixels=431582/921600 hash=0xDDE85926D38B29CA
[LOADER][TRACE] vk.swapchain_dump path=/tmp/ds-golden-exp139/present-0132-1280x720-B8G8R8A8Unorm.bgra
[LOADER][TRACE] vk.render_work_enter #0 sequence=3776 queue=dcb.graphics submission=133 queued_ms=24.463 VulkanOffscreenGuestDraw
[LOADER][TRACE] vk.render_work_enter #7 sequence=3781 queue=dcb.graphics submission=133 queued_ms=27.400 VulkanOffscreenGuestDraw
[LOADER][TRACE] vk.render_work_enter #8 sequence=3782 queue=dcb.graphics submission=133 queued_ms=27.473 VulkanOffscreenGuestDraw
[LOADER][TRACE] vk.render_work_enter #12 sequence=3785 queue=dcb.graphics submission=133 queued_ms=32.870 VulkanOffscreenGuestDraw
[LOADER][TRACE] vk.render_work_enter #2 sequence=3788 queue=dcb.graphics submission=133 queued_ms=54.282 VulkanOffscreenGuestDraw
[LOADER][TRACE] vk.render_work_enter #3 sequence=3789 queue=dcb.graphics submission=133 queued_ms=54.372 VulkanOffscreenGuestDraw
[LOADER][TRACE] vk.render_work_enter #2 sequence=3792 queue=dcb.graphics submission=133 queued_ms=76.415 VulkanOffscreenGuestDraw
[LOADER][TRACE] vk.render_work_enter #2 sequence=3795 queue=dcb.graphics submission=133 queued_ms=95.138 VulkanOffscreenGuestDraw
[LOADER][TRACE] vk.render_work_enter #3 sequence=3796 queue=dcb.graphics submission=133 queued_ms=95.238 VulkanOffscreenGuestDraw
[LOADER][TRACE] vk.render_work_enter #7 sequence=3799 queue=dcb.graphics submission=133 queued_ms=96.131 VulkanOffscreenGuestDraw
[LOADER][TRACE] vk.render_work_enter #11 sequence=3802 queue=dcb.graphics submission=133 queued_ms=99.075 VulkanOffscreenGuestDraw
[LOADER][TRACE] vk.render_work_enter #15 sequence=3805 queue=dcb.graphics submission=133 queued_ms=101.037 VulkanOffscreenGuestDraw
[LOADER][TRACE] vk.render_work_enter #3 sequence=3808 queue=dcb.graphics submission=133 queued_ms=110.150 VulkanOffscreenGuestDraw
[LOADER][TRACE] vk.render_work_enter #4 sequence=3809 queue=dcb.graphics submission=133 queued_ms=110.262 VulkanOffscreenGuestDraw
[LOADER][TRACE] vk.render_work_enter #8 sequence=3812 queue=dcb.graphics submission=133 queued_ms=111.046 VulkanOffscreenGuestDraw
[LOADER][TRACE] vk.render_work_enter #12 sequence=3815 queue=dcb.graphics submission=133 queued_ms=112.727 VulkanOffscreenGuestDraw
[LOADER][TRACE] vk.render_work_enter #16 sequence=3818 queue=dcb.graphics submission=133 queued_ms=116.055 VulkanOffscreenGuestDraw
[LOADER][TRACE] vk.present_taken addr=0x0000000001260000 version=133 drawKind=None hasPixels=False hasTranslatedDraw=False
[DIAG-VERIFY] Import #235000 OK: libc::libc:_Getptolower ret=0x00007EF870015100
[LOADER][TRACE] vk.swapchain_image size=1280x720 format=B8G8R8A8Unorm nonzero_bytes=2213493/3686400 nonblack_pixels=430631/921600 hash=0x4F590604F8DE77CC
[LOADER][TRACE] vk.swapchain_dump path=/tmp/ds-golden-exp139/present-0133-1280x720-B8G8R8A8Unorm.bgra
[LOADER][TRACE] vk.render_work_enter #0 sequence=3835 queue=dcb.graphics submission=134 queued_ms=19.466 VulkanOffscreenGuestDraw
[LOADER][TRACE] vk.render_work_enter #7 sequence=3840 queue=dcb.graphics submission=134 queued_ms=22.618 VulkanOffscreenGuestDraw
[LOADER][TRACE] vk.render_work_enter #8 sequence=3841 queue=dcb.graphics submission=134 queued_ms=22.697 VulkanOffscreenGuestDraw
[LOADER][TRACE] vk.render_work_enter #12 sequence=3844 queue=dcb.graphics submission=134 queued_ms=28.139 VulkanOffscreenGuestDraw
[LOADER][TRACE] vk.render_work_enter #2 sequence=3847 queue=dcb.graphics submission=134 queued_ms=48.943 VulkanOffscreenGuestDraw
[LOADER][TRACE] vk.render_work_enter #3 sequence=3848 queue=dcb.graphics submission=134 queued_ms=49.042 VulkanOffscreenGuestDraw
[LOADER][TRACE] vk.render_work_enter #7 sequence=3851 queue=dcb.graphics submission=134 queued_ms=53.610 VulkanOffscreenGuestDraw
[LOADER][TRACE] vk.render_work_enter #2 sequence=3854 queue=dcb.graphics submission=134 queued_ms=91.164 VulkanOffscreenGuestDraw
[LOADER][TRACE] vk.render_work_enter #3 sequence=3855 queue=dcb.graphics submission=134 queued_ms=91.261 VulkanOffscreenGuestDraw
[LOADER][TRACE] vk.render_work_enter #7 sequence=3858 queue=dcb.graphics submission=134 queued_ms=92.180 VulkanOffscreenGuestDraw
[LOADER][TRACE] vk.render_work_enter #11 sequence=3861 queue=dcb.graphics submission=134 queued_ms=95.133 VulkanOffscreenGuestDraw
[LOADER][TRACE] vk.render_work_enter #15 sequence=3864 queue=dcb.graphics submission=134 queued_ms=97.188 VulkanOffscreenGuestDraw
[LOADER][TRACE] vk.render_work_enter #3 sequence=3867 queue=dcb.graphics submission=134 queued_ms=110.170 VulkanOffscreenGuestDraw
[LOADER][TRACE] vk.render_work_enter #4 sequence=3868 queue=dcb.graphics submission=134 queued_ms=110.277 VulkanOffscreenGuestDraw
[LOADER][TRACE] vk.render_work_enter #8 sequence=3871 queue=dcb.graphics submission=134 queued_ms=111.067 VulkanOffscreenGuestDraw
[LOADER][TRACE] vk.render_work_enter #12 sequence=3874 queue=dcb.graphics submission=134 queued_ms=112.833 VulkanOffscreenGuestDraw
[LOADER][TRACE] vk.render_work_enter #16 sequence=3877 queue=dcb.graphics submission=134 queued_ms=116.450 VulkanOffscreenGuestDraw
[LOADER][TRACE] vk.present_taken addr=0x0000000003240000 version=134 drawKind=None hasPixels=False hasTranslatedDraw=False
[DIAG-VERIFY] Import #236000 OK: libKernel::libKernel:scePthreadMutexLock ret=0x0000000000000000
[DIAG-VERIFY] Import #237000 OK: libSceAgc::libSceAgc:sceAgcCreateInterpolantMapping ret=0x0000000000000000
[LOADER][TRACE] vk.swapchain_image size=1280x720 format=B8G8R8A8Unorm nonzero_bytes=2211594/3686400 nonblack_pixels=429998/921600 hash=0x3EC828D7C4918804
[LOADER][TRACE] vk.swapchain_dump path=/tmp/ds-golden-exp139/present-0134-1280x720-B8G8R8A8Unorm.bgra
[LOADER][TRACE] vk.render_work_enter #0 sequence=3894 queue=dcb.graphics submission=135 queued_ms=20.188 VulkanOffscreenGuestDraw
[LOADER][TRACE] vk.render_work_enter #7 sequence=3899 queue=dcb.graphics submission=135 queued_ms=23.304 VulkanOffscreenGuestDraw
[LOADER][TRACE] vk.render_work_enter #8 sequence=3900 queue=dcb.graphics submission=135 queued_ms=23.413 VulkanOffscreenGuestDraw
[LOADER][TRACE] vk.render_work_enter #12 sequence=3903 queue=dcb.graphics submission=135 queued_ms=29.135 VulkanOffscreenGuestDraw
[LOADER][TRACE] vk.render_work_enter #2 sequence=3906 queue=dcb.graphics submission=135 queued_ms=52.022 VulkanOffscreenGuestDraw
[LOADER][TRACE] vk.render_work_enter #3 sequence=3907 queue=dcb.graphics submission=135 queued_ms=52.163 VulkanOffscreenGuestDraw
[LOADER][TRACE] vk.render_work_enter #7 sequence=3910 queue=dcb.graphics submission=135 queued_ms=56.806 VulkanOffscreenGuestDraw
[LOADER][TRACE] vk.render_work_enter #2 sequence=3913 queue=dcb.graphics submission=135 queued_ms=97.278 VulkanOffscreenGuestDraw
[LOADER][TRACE] vk.render_work_enter #3 sequence=3914 queue=dcb.graphics submission=135 queued_ms=97.420 VulkanOffscreenGuestDraw
[LOADER][TRACE] vk.render_work_enter #7 sequence=3917 queue=dcb.graphics submission=135 queued_ms=98.711 VulkanOffscreenGuestDraw
[LOADER][TRACE] vk.render_work_enter #11 sequence=3920 queue=dcb.graphics submission=135 queued_ms=101.908 VulkanOffscreenGuestDraw
[LOADER][TRACE] vk.render_work_enter #15 sequence=3923 queue=dcb.graphics submission=135 queued_ms=104.071 VulkanOffscreenGuestDraw
[LOADER][TRACE] vk.render_work_enter #3 sequence=3926 queue=dcb.graphics submission=135 queued_ms=113.388 VulkanOffscreenGuestDraw
[LOADER][TRACE] vk.render_work_enter #4 sequence=3927 queue=dcb.graphics submission=135 queued_ms=113.514 VulkanOffscreenGuestDraw
[LOADER][TRACE] vk.render_work_enter #8 sequence=3930 queue=dcb.graphics submission=135 queued_ms=114.655 VulkanOffscreenGuestDraw
[LOADER][TRACE] vk.render_work_enter #12 sequence=3933 queue=dcb.graphics submission=135 queued_ms=116.513 VulkanOffscreenGuestDraw
[LOADER][TRACE] vk.render_work_enter #16 sequence=3936 queue=dcb.graphics submission=135 queued_ms=120.190 VulkanOffscreenGuestDraw
[LOADER][TRACE] vk.present_taken addr=0x0000000001260000 version=135 drawKind=None hasPixels=False hasTranslatedDraw=False
[DIAG-VERIFY] Import #238000 OK: libc::libc:_Getptolower ret=0x00007EF870015100
[LOADER][TRACE] Import#700000: libSceAgc:sceAgcSetCxRegIndirectPatchAddRegisters (d-6uF9sZDIU)
[LOADER][TRACE] vk.swapchain_image size=1280x720 format=B8G8R8A8Unorm nonzero_bytes=2210340/3686400 nonblack_pixels=429580/921600 hash=0xAC22416326710BF0
[LOADER][TRACE] vk.swapchain_dump path=/tmp/ds-golden-exp139/present-0135-1280x720-B8G8R8A8Unorm.bgra
[LOADER][TRACE] vk.render_work_enter #0 sequence=3953 queue=dcb.graphics submission=136 queued_ms=22.466 VulkanOffscreenGuestDraw
[LOADER][TRACE] vk.render_work_enter #7 sequence=3958 queue=dcb.graphics submission=136 queued_ms=25.613 VulkanOffscreenGuestDraw
[LOADER][TRACE] vk.render_work_enter #8 sequence=3959 queue=dcb.graphics submission=136 queued_ms=25.761 VulkanOffscreenGuestDraw
[LOADER][TRACE] vk.render_work_enter #12 sequence=3962 queue=dcb.graphics submission=136 queued_ms=31.757 VulkanOffscreenGuestDraw
[LOADER][TRACE] vk.render_work_enter #2 sequence=3965 queue=dcb.graphics submission=136 queued_ms=54.879 VulkanOffscreenGuestDraw
[LOADER][TRACE] vk.render_work_enter #3 sequence=3966 queue=dcb.graphics submission=136 queued_ms=54.985 VulkanOffscreenGuestDraw
[LOADER][TRACE] vk.render_work_enter #3 sequence=3969 queue=dcb.graphics submission=136 queued_ms=80.615 VulkanOffscreenGuestDraw
[LOADER][TRACE] vk.render_work_enter #2 sequence=3972 queue=dcb.graphics submission=136 queued_ms=96.474 VulkanOffscreenGuestDraw
[LOADER][TRACE] vk.render_work_enter #3 sequence=3973 queue=dcb.graphics submission=136 queued_ms=96.618 VulkanOffscreenGuestDraw
[LOADER][TRACE] vk.render_work_enter #7 sequence=3976 queue=dcb.graphics submission=136 queued_ms=98.253 VulkanOffscreenGuestDraw
[LOADER][TRACE] vk.render_work_enter #11 sequence=3979 queue=dcb.graphics submission=136 queued_ms=101.262 VulkanOffscreenGuestDraw
[LOADER][TRACE] vk.render_work_enter #15 sequence=3982 queue=dcb.graphics submission=136 queued_ms=103.406 VulkanOffscreenGuestDraw
[LOADER][TRACE] vk.render_work_enter #2 sequence=3985 queue=dcb.graphics submission=136 queued_ms=118.913 VulkanOffscreenGuestDraw
[LOADER][TRACE] vk.render_work_enter #3 sequence=3986 queue=dcb.graphics submission=136 queued_ms=119.090 VulkanOffscreenGuestDraw
[LOADER][TRACE] vk.render_work_enter #7 sequence=3989 queue=dcb.graphics submission=136 queued_ms=120.405 VulkanOffscreenGuestDraw
[LOADER][TRACE] vk.render_work_enter #11 sequence=3992 queue=dcb.graphics submission=136 queued_ms=123.668 VulkanOffscreenGuestDraw
[LOADER][TRACE] vk.render_work_enter #15 sequence=3995 queue=dcb.graphics submission=136 queued_ms=129.992 VulkanOffscreenGuestDraw
[LOADER][TRACE] vk.present_taken addr=0x0000000003240000 version=136 drawKind=None hasPixels=False hasTranslatedDraw=False
