[DEBUG] SharpEmu starting with 1 args
[INFO][SharpEmu.Diagnostics] DiagnosticEngine.cs:83 DiagnosticEngine initialized: /home/z/my-project/github-push/sharpemuT24/work/sharpemuT24/SharpEmu/diagnostics/sessions/eboot-20260804_173943
[DIAG-HOOKS] Diagnostics activated in DirectExecutionBackend
[DIAG] Intelligence Engine activated: profile=Compatibility
[DIAG] Subsystems: CPU Trace, Crash Writer, Memory Map, GPU State, Thread Debug, Syscall, File IO, HLE Quality
[DIAGNOSTICS] Engine initialized: /home/z/my-project/github-push/sharpemuT24/work/sharpemuT24/SharpEmu/diagnostics/sessions/eboot-20260804_173943
[DIAGNOSTICS] Live session: /home/z/my-project/github-push/sharpemuT24/work/sharpemuT24/SharpEmu/diagnostics/live/session.json
[INFO][SharpEmu.CLI] Program.cs:281 SharpEmu UNOFFICIAL — https://github.com/sharpemu/sharpemu

Local build (not produced by CI).
[INFO][SharpEmu.CLI] Program.cs:282 Host hardware: CPU: 2 logical processors; GPU: unknown; RAM: unknown.
[DEBUG] Full path: /tmp/exp125_games/yatzi/eboot.bin
[DEBUG] Creating runtime...
[LOADER][INFO] Kernel TSC frequency: 3200014598 Hz (calibrated-rdtsc)
[HLE] Warmed 3632 type initializers (1 threw) + JIT-compiled 21602 methods (113 skipped) across 13 HLE assemblies, plus 3165 framework type initializers.
[INFO][Aerolib] Aerolib.cs:150 Loaded 154457 NID entries from binary resource
[DEBUG] Running: /tmp/exp125_games/yatzi/eboot.bin
[RUNTIME] Loading: /tmp/exp125_games/yatzi/eboot.bin

========== Boot Dependency Report ==========
App0 root       : /tmp/exp125_games/yatzi
Engine          : Native C/C++
Engine detail   : Native C/C++
Coverage        : 25.0% (1/4 required files present)
Critical miss   : 0
Critical encrypt: 0
Can boot        : YES

Required files:

  [★★★★★] eboot.bin
      Path       : eboot.bin
      Description: Main executable
      Exists     : YES
      Size       : 31.2 MB
      Magic      : 0x7F454C46
      Format     : ELF
      Encrypted  : NO
      Loadable   : YES
      Priority   : Critical
      Status     : OK (31.2 MB)

  [★★☆☆☆] sce_sys/about/right.sprx
      Path       : sce_sys/about/right.sprx
      Description: About page module
      Exists     : NO
      Priority   : Low
      Status     : MISSING

  [★★☆☆☆] sce_module/libc.prx
      Path       : sce_module/libc.prx
      Description: C runtime (OPTIONAL — SharpEmu has built-in HLE for libc)
      Exists     : NO
      Priority   : Low
      Status     : MISSING

  [★★☆☆☆] sce_module/libSceNpCppWebApi.prx
      Path       : sce_module/libSceNpCppWebApi.prx
      Description: PlayStation Network WebApi (if game uses PSN)
      Exists     : NO
      Priority   : Low
      Status     : MISSING


Recommendations:
  • 3 non-critical file(s) missing — game may boot but be incomplete. Upload 'sce_sys/about/right.sprx' to improve coverage.

Next required file to upload: sce_sys/about/right.sprx
============================================

[FORMAT] eboot.bin magic=0x7F454C46 ELF Decrypted Ready
[LOADER] param.json not found (no root path / unknown layout).
[LOADER][TLS] load_start clear=True next=1 assigned=1 has_pt_tls=True
Total image size needed: 0x20695A0 (33985952 bytes)
[LOADER] Segment 0: VAddr=0x0000000800000000, FileSize=0x1938C2C, MemSize=0x1938C2C, Align=0x4000
[LOADER] Segment 1: VAddr=0x000000080193C000, FileSize=0x342D80, MemSize=0x342D80, Align=0x4000
[LOADER] Segment 3: VAddr=0x0000000801C80000, FileSize=0x9C450, MemSize=0x9C450, Align=0x4000
[LOADER] Segment 7: VAddr=0x0000000801D20000, FileSize=0xD5D78, MemSize=0x219970, Align=0x4000
[LOADER] Segment 8: VAddr=0x0000000801F39970, FileSize=0x12FC30, MemSize=0x12FC30, Align=0x4000
[LOADER][TLS] Module 1 TLS template: memsz=0xC0 filesz=0x0 align=0x8 static_offset=0xC0 total_static=0xC0
[LOADER] TryLoadTableBytes: trying location=0x2068A90, size=0xB10, imageBase=0x800000000
[LOADER] TryLoadTableBytes: trying guest address 0x802068A90
[LOADER] TryLoadTableBytes: loaded from guest memory at 0x802068A90
[LOADER] Dynamic Info: StrTab=0x1F39970, StrTabSize=0x2B3D
[LOADER] Dynamic Info: SymTab=0x1F3C4B0, SymTabSize=0x3900
[LOADER] Dynamic Info: Rela=0x1F435F0, RelaSize=0x124170
[LOADER] Dynamic Info: JmpRel=0x1F3FDB0, JmpRelSize=0x3840
[LOADER] Dynamic Info: PltGot=0x1D1A590
[LOADER] TLS module id: 1
[LOADER] HasImportMetadata: True
[LOADER] TryLoadTableBytes: trying location=0x1F435F0, size=0x124170, imageBase=0x800000000
[LOADER] TryLoadTableBytes: trying guest address 0x801F435F0
[LOADER] TryLoadTableBytes: loaded from guest memory at 0x801F435F0
[LOADER] TryLoadTableBytes: trying location=0x1F3FDB0, size=0x3840, imageBase=0x800000000
[LOADER] TryLoadTableBytes: trying guest address 0x801F3FDB0
[LOADER] TryLoadTableBytes: loaded from guest memory at 0x801F3FDB0
[LOADER] ImageBase runtime: 0x0000000800000000
[LOADER] Processing 50450 relocations...
[LOADER] TryLoadTableBytes: trying location=0x1F39970, size=0x2B3D, imageBase=0x800000000
[LOADER] TryLoadTableBytes: trying guest address 0x801F39970
[LOADER] TryLoadTableBytes: loaded from guest memory at 0x801F39970
[LOADER] TryLoadTableBytes: trying location=0x1F3C4B0, size=0x3900, imageBase=0x800000000
[LOADER] TryLoadTableBytes: trying guest address 0x801F3C4B0
[LOADER] TryLoadTableBytes: loaded from guest memory at 0x801F3C4B0
[EXP-026] Found reloc: offset=0x1D1C3B0 type=8 addend=0x4544F0 target=0x0000000801D1C3B0
[EXP-026] Found reloc: offset=0x1D1C3B8 type=8 addend=0x4544B0 target=0x0000000801D1C3B8
[EXP-026] Found reloc: offset=0x1D1C3C0 type=8 addend=0x454470 target=0x0000000801D1C3C0
[EXP-026] Found reloc: offset=0x1D1C3C8 type=8 addend=0x454430 target=0x0000000801D1C3C8
[EXP-026] Found reloc: offset=0x1D1C3D0 type=8 addend=0x4543D0 target=0x0000000801D1C3D0
[LOADER] Found 605 unique NIDs, 50450 descriptors
[LOADER] CreateImportStubMapping: nids=605, required=0x25D0, map_size=0x3000
[LOADER] Created 605 import stubs
[NID-COUNTS] 1D0H2KNjshE=0 hsi9drzHR2k=0
[EXP-026] Constructor reloc: target=0x0000000801D1C3B0 value=0x00000008004544F0 addend=0x4544F0 kind=Pointer write=UInt64
[EXP-026] Constructor reloc: target=0x0000000801D1C3B8 value=0x00000008004544B0 addend=0x4544B0 kind=Pointer write=UInt64
[EXP-026] Constructor reloc: target=0x0000000801D1C3C0 value=0x0000000800454470 addend=0x454470 kind=Pointer write=UInt64
[EXP-026] Constructor reloc: target=0x0000000801D1C3C8 value=0x0000000800454430 addend=0x454430 kind=Pointer write=UInt64
[EXP-026] Constructor reloc: target=0x0000000801D1C3D0 value=0x00000008004543D0 addend=0x4543D0 kind=Pointer write=UInt64
[LOADER] TryLoadTableBytes: trying location=0x2068A90, size=0xB10, imageBase=0x800000000
[LOADER] TryLoadTableBytes: trying guest address 0x802068A90
[LOADER] TryLoadTableBytes: loaded from guest memory at 0x802068A90
[LOADER] TryLoadTableBytes: trying location=0x1F39970, size=0x2B3D, imageBase=0x800000000
[LOADER] TryLoadTableBytes: trying guest address 0x801F39970
[LOADER] TryLoadTableBytes: loaded from guest memory at 0x801F39970
[LOADER] TryLoadTableBytes: trying location=0x1F3C4B0, size=0x3900, imageBase=0x800000000
[LOADER] TryLoadTableBytes: trying guest address 0x801F3C4B0
[LOADER] TryLoadTableBytes: loaded from guest memory at 0x801F3C4B0
[LOADER] Runtime symbol index populated: section=0, dynamic=1, total=2
[LOADER] TryLoadTableBytes: trying location=0x2068A90, size=0xB10, imageBase=0x800000000
[LOADER] TryLoadTableBytes: trying guest address 0x802068A90
[LOADER] TryLoadTableBytes: loaded from guest memory at 0x802068A90
[LOADER][TEST] ResolveMappedAddressOrFallback addr=0x10 imageBase=0x0000000800000000
[LOADER][TEST] -> resolved raw 0x0000000800000010
[LOADER][TEST] ResolveMappedAddressOrFallback addr=0x10 imageBase=0x0000000800000000
[LOADER][TEST] -> resolved raw 0x0000000800000010
[LOADER] Initializers discovered: preinit=0, init=1
[LOADER] ELF e_entry: 0x0000000000000070
[LOADER] Generation: Gen5 (PS5)
[LOADER] Using image base: 0x0000000800000000
[LOADER] Final entry point: 0x0000000800000070
[LOADER] ProcParam: 0x0000000801D1C3F0
[LOADER] PH[0]: type=Load, vaddr=0x0000000000000000 -> 0x0000000800000000, memsz=0x1938C2C
[LOADER] PH[1]: type=Load, vaddr=0x000000000193C000 -> 0x000000080193C000, memsz=0x342D80
[LOADER] PH[2]: type=GnuEhFrame, vaddr=0x000000000193C000 -> 0x000000080193C000, memsz=0x49A1C
[LOADER][TLS] load_done assigned=1 next=2
[RUNTIME] Registered module handle=1 name=eboot.bin base=0x0000000800000000 size=0x00000000020695A0
[RUNTIME] Entry: 0x0000000800000070
[RUNTIME] Imported data rebind: rebound=2, unresolved=2
[RUNTIME] Dispatching, gen: Gen5
[RUNTIME] About to call DispatchEntry with entryPoint=0x0000000800000070
[DISPATCHER] === DispatchEntry START ===
[DISPATCHER] entryPoint=0x0000000800000070, generation=Gen5
[DISPATCHER] DispatchEntryCore STARTING...
[LOADER][INFO] POSIX signal exception bridge installed (SIGSEGV/SIGBUS/SIGILL)
[LOADER][INFO] === Execute START ===
[LOADER][INFO] EntryPoint: 0x0000000800000070, ImportStubs: 605
[LOADER][INFO] RuntimeSymbols: 6
[LOADER][INFO] ExportCheck fputs: libc:fputs
[LOADER][INFO] ExportCheck map_direct: libKernel:sceKernelMapDirectMemory
[LOADER][INFO] Setting up 605 import stubs...
[INTRINSIC-CHECK] strcmp stub at 0x0000700000000280 -> intrinsic 0x00007F814D89F000
[LOADER][INFO] Setup 605/605 import stubs (direct bridge, lle_redirects=0)
[LOADER][INFO] TLS handler at 0x00000007FF000000
[LOADER][INFO] Patched 1101 TLS loads, 0 TLS stores, 0 stack-canary accesses, 0 SSE4a EXTRQ blends
[LOADER][INFO] ExecuteEntry starting at 0x0000000800000070
[LOADER][INFO] RSP=0x00006FFFF01FFF98, RDI=0x00006FFFF01FFFA0
[LOADER][INFO] StackTop: 0x00006FFFF01FFF98
[LOADER][INFO] Calling guest entry...
[LOADER][TRACE] Import#1: libc:_init_env (bzQExy189ZI)
[LOADER][TRACE] bzQExy189ZI#1: rdi=0x00006FFFF01FFFA0 rsi=0x00006FFDD0000000 rdx=0x0000000000000000 ret=0x0000000800000089
[LOADER][TRACE] Import#2: libc:atexit (8G2LB+A3rzg)
[LOADER][TRACE] 8G2LB+A3rzg#2: rdi=0x00006FFDD0000000 rsi=0x00006FFDD0000000 rdx=0x0000000000000000 ret=0x0000000800000091
[LOADER][TRACE] Import#3: libc:atexit (8G2LB+A3rzg)
[LOADER][TRACE] 8G2LB+A3rzg#3: rdi=0x0000000801938BE0 rsi=0x00006FFDD0000000 rdx=0x0000000000000000 ret=0x000000080000009D
[LOADER][TRACE] Import#4: libc:__cxa_atexit (tsvEmnenz48)
[LOADER][TRACE] __cxa_atexit#4: func=0x0000000800454F00 arg=0x0000000801EF2D10 dso=0x0000000801DCC000 ret=0x00000008004545D6
[LOADER][TRACE] Import#5: libc:__cxa_atexit (tsvEmnenz48)
[LOADER][TRACE] __cxa_atexit#5: func=0x0000000800461000 arg=0x0000000801E92658 dso=0x0000000801DCC000 ret=0x0000000800969C25
[LOADER][TRACE] Import#6: libc:__cxa_atexit (tsvEmnenz48)
[LOADER][TRACE] __cxa_atexit#6: func=0x0000000800454F00 arg=0x0000000801EBA248 dso=0x0000000801DCC000 ret=0x0000000800FB8806
[LOADER][TRACE] Import#7: libc:__cxa_atexit (tsvEmnenz48)
[LOADER][TRACE] __cxa_atexit#7: func=0x0000000800454F00 arg=0x0000000801EBCE68 dso=0x0000000801DCC000 ret=0x00000008011EDE96
[LOADER][TRACE] Import#8: libc:__cxa_atexit (tsvEmnenz48)
[LOADER][TRACE] __cxa_atexit#8: func=0x0000000800461000 arg=0x0000000801EEE088 dso=0x0000000801DCC000 ret=0x000000080148FFB5
[LOADER][TRACE] Import#9: libc:__cxa_guard_acquire (3GPpjQdAMTw)
[LOADER][TRACE] Import#10: libc:__cxa_guard_release (9rAeANT2tyE)
[LOADER][TRACE] Import#11: libc:__cxa_guard_acquire (3GPpjQdAMTw)
[LOADER][TRACE] Import#12: libc:__cxa_guard_acquire (3GPpjQdAMTw)
[LOADER][TRACE] Import#13: libc:__cxa_guard_release (9rAeANT2tyE)
[LOADER][TRACE] Import#14: libc:__cxa_guard_acquire (3GPpjQdAMTw)
[LOADER][TRACE] Import#15: libc:__cxa_guard_acquire (3GPpjQdAMTw)
[LOADER][TRACE] Import#16: libc:__cxa_guard_release (9rAeANT2tyE)
[LOADER][TRACE] Import#17: libc:__cxa_guard_acquire (3GPpjQdAMTw)
[LOADER][TRACE] Import#18: libc:__cxa_guard_acquire (3GPpjQdAMTw)
[LOADER][TRACE] Import#19: libc:__cxa_guard_release (9rAeANT2tyE)
[LOADER][TRACE] Import#20: libc:__cxa_guard_acquire (3GPpjQdAMTw)
[LOADER][TRACE] Import#21: libc:__cxa_guard_acquire (3GPpjQdAMTw)
[LOADER][TRACE] Import#22: libc:__cxa_guard_release (9rAeANT2tyE)
[LOADER][TRACE] Import#23: libc:__cxa_guard_acquire (3GPpjQdAMTw)
[LOADER][TRACE] Import#24: libc:__cxa_guard_acquire (3GPpjQdAMTw)
[LOADER][TRACE] Import#25: libc:__cxa_guard_release (9rAeANT2tyE)
[LOADER][TRACE] Import#26: libc:__cxa_guard_acquire (3GPpjQdAMTw)
[LOADER][TRACE] Import#27: libc:__cxa_guard_release (9rAeANT2tyE)
[LOADER][TRACE] Import#28: libc:__cxa_guard_release (9rAeANT2tyE)
[LOADER][TRACE] Import#29: libc:__cxa_guard_release (9rAeANT2tyE)
[LOADER][TRACE] Import#30: libc:__cxa_guard_release (9rAeANT2tyE)
[LOADER][TRACE] Import#31: libc:__cxa_guard_release (9rAeANT2tyE)
[LOADER][TRACE] Import#32: libc:__cxa_guard_release (9rAeANT2tyE)
[LOADER][TRACE] Import#33: libc:__cxa_atexit (tsvEmnenz48)
[LOADER][TRACE] __cxa_atexit#33: func=0x0000000800B8D4F0 arg=0x0000000801E01220 dso=0x0000000801DCC000 ret=0x00000008007C3603
[LOADER][TRACE] Import#34: libc:__cxa_atexit (tsvEmnenz48)
[LOADER][TRACE] __cxa_atexit#34: func=0x00000008007C3880 arg=0x0000000801E01280 dso=0x0000000801DCC000 ret=0x00000008007C3706
[LOADER][TRACE] Import#35: libc:__cxa_atexit (tsvEmnenz48)
[LOADER][TRACE] __cxa_atexit#35: func=0x0000000800B8D4F0 arg=0x0000000801E014B0 dso=0x0000000801DCC000 ret=0x0000000800000064
[LOADER][TRACE] Import#36: libc:__cxa_atexit (tsvEmnenz48)
[LOADER][TRACE] __cxa_atexit#36: func=0x00000008007C3880 arg=0x0000000801E01500 dso=0x0000000801DCC000 ret=0x0000000800000064
[LOADER][TRACE] Import#37: libc:__cxa_atexit (tsvEmnenz48)
[LOADER][TRACE] __cxa_atexit#37: func=0x00000008007DEC60 arg=0x0000000801E01608 dso=0x0000000801DCC000 ret=0x00000008007DE606
[LOADER][TRACE] Import#38: libc:__cxa_atexit (tsvEmnenz48)
[LOADER][TRACE] __cxa_atexit#38: func=0x00000008007DEC60 arg=0x0000000801E01630 dso=0x0000000801DCC000 ret=0x00000008007DE65B
[LOADER][TRACE] Import#39: libc:__cxa_atexit (tsvEmnenz48)
[LOADER][TRACE] __cxa_atexit#39: func=0x00000008007DEC60 arg=0x0000000801E01658 dso=0x0000000801DCC000 ret=0x00000008007DE6B0
[LOADER][TRACE] Import#40: libc:__cxa_atexit (tsvEmnenz48)
[LOADER][TRACE] __cxa_atexit#40: func=0x00000008007DEC60 arg=0x0000000801E01680 dso=0x0000000801DCC000 ret=0x00000008007DE705
[LOADER][TRACE] Import#41: libc:__cxa_atexit (tsvEmnenz48)
[LOADER][TRACE] __cxa_atexit#41: func=0x00000008007DEC60 arg=0x0000000801E016A8 dso=0x0000000801DCC000 ret=0x00000008007DE75A
[LOADER][TRACE] Import#42: libc:__cxa_atexit (tsvEmnenz48)
[LOADER][TRACE] __cxa_atexit#42: func=0x00000008007DEC60 arg=0x0000000801E016D0 dso=0x0000000801DCC000 ret=0x00000008007DE7AF
[LOADER][TRACE] Import#43: libc:__cxa_atexit (tsvEmnenz48)
[LOADER][TRACE] __cxa_atexit#43: func=0x00000008007DEC60 arg=0x0000000801E016F8 dso=0x0000000801DCC000 ret=0x00000008007DE804
[LOADER][TRACE] Import#44: libc:__cxa_atexit (tsvEmnenz48)
[LOADER][TRACE] __cxa_atexit#44: func=0x00000008007DEC60 arg=0x0000000801E01720 dso=0x0000000801DCC000 ret=0x00000008007DE859
[LOADER][TRACE] Import#45: libc:__cxa_atexit (tsvEmnenz48)
[LOADER][TRACE] __cxa_atexit#45: func=0x00000008007DEC60 arg=0x0000000801E01748 dso=0x0000000801DCC000 ret=0x00000008007DE8AE
[LOADER][TRACE] Import#46: libc:__cxa_atexit (tsvEmnenz48)
[LOADER][TRACE] __cxa_atexit#46: func=0x00000008007DEC60 arg=0x0000000801E01770 dso=0x0000000801DCC000 ret=0x00000008007DE903
[LOADER][TRACE] Import#47: libc:__cxa_atexit (tsvEmnenz48)
[LOADER][TRACE] __cxa_atexit#47: func=0x00000008007DEC60 arg=0x0000000801E01798 dso=0x0000000801DCC000 ret=0x00000008007DE958
[LOADER][TRACE] Import#48: libc:__cxa_atexit (tsvEmnenz48)
[LOADER][TRACE] __cxa_atexit#48: func=0x00000008007DEC60 arg=0x0000000801E017C0 dso=0x0000000801DCC000 ret=0x00000008007DE9AD
[LOADER][TRACE] Import#49: libc:__cxa_atexit (tsvEmnenz48)
[LOADER][TRACE] __cxa_atexit#49: func=0x00000008007DEC60 arg=0x0000000801E017E8 dso=0x0000000801DCC000 ret=0x00000008007DEA02
[LOADER][TRACE] Import#50: libc:__cxa_atexit (tsvEmnenz48)
[LOADER][TRACE] __cxa_atexit#50: func=0x00000008007DEC60 arg=0x0000000801E01810 dso=0x0000000801DCC000 ret=0x00000008007DEA57
[LOADER][TRACE] Import#51: libc:__cxa_atexit (tsvEmnenz48)
[LOADER][TRACE] __cxa_atexit#51: func=0x00000008007DEC60 arg=0x0000000801E01838 dso=0x0000000801DCC000 ret=0x00000008007DEAAC
[LOADER][TRACE] Import#52: libc:__cxa_atexit (tsvEmnenz48)
[LOADER][TRACE] __cxa_atexit#52: func=0x00000008007DEC60 arg=0x0000000801E01860 dso=0x0000000801DCC000 ret=0x00000008007DEB01
[LOADER][TRACE] Import#53: libc:__cxa_atexit (tsvEmnenz48)
[LOADER][TRACE] __cxa_atexit#53: func=0x00000008007DEC60 arg=0x0000000801E01888 dso=0x0000000801DCC000 ret=0x00000008007DEB56
[LOADER][TRACE] Import#54: libc:__cxa_atexit (tsvEmnenz48)
[LOADER][TRACE] __cxa_atexit#54: func=0x00000008007DEC60 arg=0x0000000801E018B0 dso=0x0000000801DCC000 ret=0x00000008007DEBAB
[LOADER][TRACE] Import#55: libc:__cxa_atexit (tsvEmnenz48)
[LOADER][TRACE] __cxa_atexit#55: func=0x00000008007DEC60 arg=0x0000000801E018D8 dso=0x0000000801DCC000 ret=0x00000008007DEC00
[LOADER][TRACE] Import#56: libc:__cxa_atexit (tsvEmnenz48)
[LOADER][TRACE] __cxa_atexit#56: func=0x00000008007DEC60 arg=0x0000000801E01900 dso=0x0000000801DCC000 ret=0x0000000800000064
[LOADER][TRACE] Import#57: libc:__cxa_atexit (tsvEmnenz48)
[LOADER][TRACE] __cxa_atexit#57: func=0x00000008007DEC60 arg=0x0000000801E50D98 dso=0x0000000801DCC000 ret=0x00000008007E7F9C
[LOADER][TRACE] Import#58: libc:__cxa_atexit (tsvEmnenz48)
[LOADER][TRACE] __cxa_atexit#58: func=0x00000008007DEC60 arg=0x0000000801E50DC0 dso=0x0000000801DCC000 ret=0x0000000800000064
[LOADER][TRACE] Import#59: libc:__cxa_atexit (tsvEmnenz48)
[LOADER][TRACE] __cxa_atexit#59: func=0x00000008007DEC60 arg=0x0000000801E50DE8 dso=0x0000000801DCC000 ret=0x00000008007E8801
[LOADER][TRACE] Import#60: libc:__cxa_atexit (tsvEmnenz48)
[LOADER][TRACE] __cxa_atexit#60: func=0x00000008007C3880 arg=0x0000000801E50E40 dso=0x0000000801DCC000 ret=0x0000000800000064
[LOADER][TRACE] Import#61: libc:__cxa_atexit (tsvEmnenz48)
[LOADER][TRACE] __cxa_atexit#61: func=0x00000008007C3880 arg=0x0000000801E50F80 dso=0x0000000801DCC000 ret=0x00000008007F198C
[LOADER][TRACE] Import#62: libc:__cxa_atexit (tsvEmnenz48)
[LOADER][TRACE] __cxa_atexit#62: func=0x00000008007C3880 arg=0x0000000801E510C0 dso=0x0000000801DCC000 ret=0x0000000800000064
[LOADER][TRACE] Import#63: libc:__cxa_atexit (tsvEmnenz48)
[LOADER][TRACE] __cxa_atexit#63: func=0x0000000800B8D4F0 arg=0x0000000801E51380 dso=0x0000000801DCC000 ret=0x0000000800000064
[LOADER][TRACE] Import#64: libc:__cxa_atexit (tsvEmnenz48)
[LOADER][TRACE] __cxa_atexit#64: func=0x00000008007C3880 arg=0x0000000801E513C0 dso=0x0000000801DCC000 ret=0x00000008007F3D13
[LOADER][TRACE] Import#65: libc:__cxa_atexit (tsvEmnenz48)
[LOADER][TRACE] Import#66: libc:__cxa_atexit (tsvEmnenz48)
[LOADER][TRACE] Import#67: libc:__cxa_atexit (tsvEmnenz48)
[LOADER][TRACE] Import#68: libKernel:sceKernelCreateSema (188x57JYp0g)
[LOADER][TRACE] sema.create handle=0x00000002 name='Baselib_SystemSemaphore' attr=0x1 init=0 max=2147483647
[LOADER][TRACE] Import#69: libKernel:sceKernelCreateSema (188x57JYp0g)
[LOADER][TRACE] sema.create handle=0x00000003 name='Baselib_SystemSemaphore' attr=0x1 init=0 max=2147483647
[LOADER][TRACE] Import#70: libc:__cxa_atexit (tsvEmnenz48)
[LOADER][TRACE] Import#71: libc:__cxa_atexit (tsvEmnenz48)
[LOADER][TRACE] Import#72: libc:__cxa_atexit (tsvEmnenz48)
[LOADER][TRACE] Import#73: libc:__cxa_atexit (tsvEmnenz48)
[LOADER][TRACE] Import#74: libc:__cxa_atexit (tsvEmnenz48)
[LOADER][TRACE] Import#75: libc:__cxa_atexit (tsvEmnenz48)
[LOADER][TRACE] Import#76: libc:__cxa_atexit (tsvEmnenz48)
[LOADER][TRACE] Import#77: libc:__cxa_atexit (tsvEmnenz48)
[LOADER][TRACE] Import#78: libc:__cxa_atexit (tsvEmnenz48)
[LOADER][TRACE] Import#79: libc:__cxa_atexit (tsvEmnenz48)
[LOADER][TRACE] Import#80: libc:__cxa_atexit (tsvEmnenz48)
[LOADER][TRACE] Import#81: libc:__cxa_atexit (tsvEmnenz48)
[LOADER][TRACE] Import#82: libc:__cxa_atexit (tsvEmnenz48)
[LOADER][TRACE] Import#83: libc:__cxa_atexit (tsvEmnenz48)
[LOADER][TRACE] Import#84: libc:__cxa_atexit (tsvEmnenz48)
[LOADER][TRACE] Import#85: libc:__cxa_atexit (tsvEmnenz48)
[LOADER][TRACE] Import#86: libc:__cxa_atexit (tsvEmnenz48)
[LOADER][TRACE] Import#87: libc:__cxa_atexit (tsvEmnenz48)
[LOADER][TRACE] Import#88: libc:__cxa_atexit (tsvEmnenz48)
[LOADER][TRACE] Import#89: libc:__cxa_atexit (tsvEmnenz48)
[LOADER][TRACE] Import#90: libc:__cxa_atexit (tsvEmnenz48)
[LOADER][TRACE] Import#91: libc:__cxa_atexit (tsvEmnenz48)
[LOADER][TRACE] Import#92: libc:__cxa_atexit (tsvEmnenz48)
[LOADER][TRACE] Import#93: libc:__cxa_atexit (tsvEmnenz48)
[LOADER][TRACE] Import#94: libc:__cxa_atexit (tsvEmnenz48)
[LOADER][TRACE] Import#95: libc:__cxa_atexit (tsvEmnenz48)
[LOADER][TRACE] Import#96: libc:__cxa_atexit (tsvEmnenz48)
[LOADER][TRACE] Import#97: libc:__cxa_atexit (tsvEmnenz48)
[LOADER][TRACE] Import#98: libc:__cxa_atexit (tsvEmnenz48)
[LOADER][TRACE] Import#99: libc:__cxa_atexit (tsvEmnenz48)
[LOADER][TRACE] Import#100: libc:__cxa_atexit (tsvEmnenz48)
[LOADER][TRACE] Import#101: libc:__cxa_atexit (tsvEmnenz48)
[LOADER][TRACE] Import#102: libc:__cxa_atexit (tsvEmnenz48)
[LOADER][TRACE] Import#103: libc:__cxa_atexit (tsvEmnenz48)
[LOADER][TRACE] Import#104: libc:__cxa_atexit (tsvEmnenz48)
[LOADER][TRACE] Import#105: libc:__cxa_atexit (tsvEmnenz48)
[LOADER][TRACE] Import#106: libc:__cxa_atexit (tsvEmnenz48)
[LOADER][TRACE] Import#107: libc:__cxa_atexit (tsvEmnenz48)
[LOADER][TRACE] Import#108: libc:__cxa_atexit (tsvEmnenz48)
[LOADER][TRACE] Import#109: libc:__cxa_atexit (tsvEmnenz48)
[LOADER][TRACE] Import#110: libc:__cxa_atexit (tsvEmnenz48)
[LOADER][TRACE] Import#111: libc:__cxa_atexit (tsvEmnenz48)
[LOADER][TRACE] Import#112: libc:__cxa_atexit (tsvEmnenz48)
[LOADER][TRACE] Import#113: libc:__cxa_atexit (tsvEmnenz48)
[LOADER][TRACE] Import#114: libc:__cxa_atexit (tsvEmnenz48)
[LOADER][TRACE] Import#115: libc:__cxa_atexit (tsvEmnenz48)
[LOADER][TRACE] Import#116: libc:__cxa_atexit (tsvEmnenz48)
[LOADER][TRACE] Import#117: libc:__cxa_atexit (tsvEmnenz48)
[LOADER][TRACE] Import#118: libc:__cxa_atexit (tsvEmnenz48)
[LOADER][TRACE] Import#119: libKernel:sceKernelCreateSema (188x57JYp0g)
[LOADER][TRACE] sema.create handle=0x00000004 name='Baselib_SystemSemaphore' attr=0x1 init=0 max=2147483647
[LOADER][TRACE] Import#120: libc:__cxa_atexit (tsvEmnenz48)
[LOADER][TRACE] Import#121: libKernel:sceKernelCreateSema (188x57JYp0g)
[LOADER][TRACE] sema.create handle=0x00000005 name='Baselib_SystemSemaphore' attr=0x1 init=0 max=2147483647
[LOADER][TRACE] Import#122: libc:__cxa_atexit (tsvEmnenz48)
[LOADER][TRACE] Import#123: libc:__cxa_atexit (tsvEmnenz48)
[LOADER][TRACE] Import#124: libc:__cxa_atexit (tsvEmnenz48)
[LOADER][TRACE] Import#125: libc:__cxa_atexit (tsvEmnenz48)
[LOADER][TRACE] Import#126: libc:__cxa_atexit (tsvEmnenz48)
[LOADER][TRACE] Import#127: libc:__cxa_atexit (tsvEmnenz48)
[LOADER][TRACE] Import#128: libc:__cxa_atexit (tsvEmnenz48)
[LOADER][TRACE] Import#129: libc:__cxa_atexit (tsvEmnenz48)
[LOADER][TRACE] Import#130: libc:__cxa_atexit (tsvEmnenz48)
[LOADER][TRACE] Import#131: libc:__cxa_atexit (tsvEmnenz48)
[LOADER][TRACE] Import#132: libc:__cxa_atexit (tsvEmnenz48)
[LOADER][TRACE] Import#133: libc:__cxa_atexit (tsvEmnenz48)
[LOADER][TRACE] sema.create handle=0x00000006 name='Baselib_SystemSemaphore' attr=0x1 init=0 max=2147483647
[LOADER][TRACE] Import#135: libc:__cxa_atexit (tsvEmnenz48)
[LOADER][TRACE] sema.create handle=0x00000007 name='Baselib_SystemSemaphore' attr=0x1 init=0 max=2147483647
[LOADER][TRACE] Import#137: libc:__cxa_atexit (tsvEmnenz48)
[LOADER][TRACE] Import#138: libc:__cxa_atexit (tsvEmnenz48)
[LOADER][TRACE] Import#139: libc:__cxa_atexit (tsvEmnenz48)
[LOADER][TRACE] Import#140: libc:__cxa_atexit (tsvEmnenz48)
[LOADER][TRACE] Import#141: libc:__cxa_atexit (tsvEmnenz48)
[LOADER][TRACE] Import#142: libc:__cxa_atexit (tsvEmnenz48)
[LOADER][TRACE] Import#143: libc:__cxa_atexit (tsvEmnenz48)
[LOADER][TRACE] Import#144: libc:__cxa_atexit (tsvEmnenz48)
[LOADER][TRACE] Import#145: libc:__cxa_atexit (tsvEmnenz48)
[LOADER][TRACE] Import#146: libc:__cxa_atexit (tsvEmnenz48)
[LOADER][TRACE] Import#147: libc:__cxa_atexit (tsvEmnenz48)
[LOADER][TRACE] Import#148: libc:__cxa_atexit (tsvEmnenz48)
[LOADER][TRACE] Import#149: libc:__cxa_atexit (tsvEmnenz48)
[LOADER][TRACE] Import#150: libc:__cxa_atexit (tsvEmnenz48)
[LOADER][TRACE] Import#151: libc:__cxa_atexit (tsvEmnenz48)
[LOADER][TRACE] Import#152: libc:__cxa_atexit (tsvEmnenz48)
[LOADER][TRACE] Import#153: libc:__cxa_atexit (tsvEmnenz48)
[LOADER][TRACE] Import#154: libc:__cxa_atexit (tsvEmnenz48)
[LOADER][TRACE] Import#155: libc:__cxa_atexit (tsvEmnenz48)
[LOADER][TRACE] Import#156: libc:__cxa_atexit (tsvEmnenz48)
[LOADER][TRACE] Import#157: libc:__cxa_atexit (tsvEmnenz48)
[LOADER][TRACE] Import#158: libc:__cxa_atexit (tsvEmnenz48)
[LOADER][TRACE] Import#159: libc:__cxa_atexit (tsvEmnenz48)
[LOADER][TRACE] Import#160: libc:__cxa_atexit (tsvEmnenz48)
[LOADER][TRACE] Import#161: libc:__cxa_atexit (tsvEmnenz48)
[LOADER][TRACE] Import#162: libc:__cxa_atexit (tsvEmnenz48)
[LOADER][TRACE] Import#163: libc:__cxa_atexit (tsvEmnenz48)
[LOADER][TRACE] Import#164: libc:__cxa_atexit (tsvEmnenz48)
[LOADER][TRACE] Import#165: libc:__cxa_atexit (tsvEmnenz48)
[LOADER][TRACE] Import#166: libc:__cxa_atexit (tsvEmnenz48)
[LOADER][TRACE] Import#168: libc:__cxa_atexit (tsvEmnenz48)
[LOADER][TRACE] Import#175: libc:__cxa_atexit (tsvEmnenz48)
[LOADER][TRACE] Import#176: libc:__cxa_atexit (tsvEmnenz48)
[LOADER][TRACE] Import#177: libc:__cxa_atexit (tsvEmnenz48)
[LOADER][TRACE] Import#178: libc:__cxa_atexit (tsvEmnenz48)
[LOADER][TRACE] Import#179: libc:__cxa_atexit (tsvEmnenz48)
[LOADER][TRACE] Import#180: libc:__cxa_atexit (tsvEmnenz48)
[LOADER][TRACE] Import#181: libc:__cxa_atexit (tsvEmnenz48)
[LOADER][TRACE] Import#182: libc:__cxa_atexit (tsvEmnenz48)
[LOADER][TRACE] Import#183: libc:__cxa_atexit (tsvEmnenz48)
[LOADER][TRACE] Import#184: libc:__cxa_atexit (tsvEmnenz48)
[LOADER][TRACE] Import#185: libc:__cxa_atexit (tsvEmnenz48)
[LOADER][TRACE] Import#186: libc:__cxa_atexit (tsvEmnenz48)
[LOADER][TRACE] Import#187: libc:__cxa_atexit (tsvEmnenz48)
[LOADER][TRACE] Import#188: libc:__cxa_atexit (tsvEmnenz48)
[LOADER][TRACE] Import#189: libc:__cxa_atexit (tsvEmnenz48)
[LOADER][TRACE] Import#190: libc:__cxa_atexit (tsvEmnenz48)
[LOADER][TRACE] Import#191: libc:__cxa_atexit (tsvEmnenz48)
[LOADER][TRACE] Import#192: libc:__cxa_atexit (tsvEmnenz48)
[LOADER][TRACE] Import#198: libc:__cxa_atexit (tsvEmnenz48)
[LOADER][TRACE] Import#199: libc:__cxa_atexit (tsvEmnenz48)
[LOADER][TRACE] Import#200: libc:__cxa_atexit (tsvEmnenz48)
[LOADER][TRACE] Import#201: libc:__cxa_atexit (tsvEmnenz48)
[LOADER][TRACE] Import#202: libc:__cxa_atexit (tsvEmnenz48)
[LOADER][TRACE] Import#203: libc:__cxa_atexit (tsvEmnenz48)
[LOADER][TRACE] Import#204: libc:__cxa_atexit (tsvEmnenz48)
[LOADER][TRACE] Import#210: libc:__cxa_atexit (tsvEmnenz48)
[LOADER][TRACE] Import#211: libc:__cxa_atexit (tsvEmnenz48)
[LOADER][TRACE] Import#217: libc:__cxa_atexit (tsvEmnenz48)
[LOADER][TRACE] Import#218: libc:__cxa_atexit (tsvEmnenz48)
[LOADER][TRACE] Import#219: libc:__cxa_atexit (tsvEmnenz48)
[LOADER][TRACE] Import#220: libc:__cxa_atexit (tsvEmnenz48)
[LOADER][TRACE] Import#221: libc:__cxa_atexit (tsvEmnenz48)
[LOADER][TRACE] Import#222: libc:__cxa_atexit (tsvEmnenz48)
[LOADER][TRACE] Import#223: libc:__cxa_atexit (tsvEmnenz48)
[LOADER][TRACE] Import#224: libc:__cxa_atexit (tsvEmnenz48)
[LOADER][TRACE] Import#225: libc:__cxa_atexit (tsvEmnenz48)
[LOADER][TRACE] Import#226: libc:__cxa_atexit (tsvEmnenz48)
[LOADER][TRACE] Import#227: libc:__cxa_atexit (tsvEmnenz48)
[LOADER][TRACE] Import#228: libc:__cxa_atexit (tsvEmnenz48)
[LOADER][TRACE] Import#229: libc:__cxa_atexit (tsvEmnenz48)
[LOADER][TRACE] Import#230: libc:__cxa_atexit (tsvEmnenz48)
[LOADER][TRACE] Import#231: libc:__cxa_atexit (tsvEmnenz48)
[LOADER][TRACE] Import#232: libc:__cxa_atexit (tsvEmnenz48)
[LOADER][TRACE] Import#233: libc:__cxa_atexit (tsvEmnenz48)
[LOADER][TRACE] Import#234: libc:__cxa_atexit (tsvEmnenz48)
[LOADER][TRACE] sema.create handle=0x00000008 name='Baselib_SystemSemaphore' attr=0x1 init=0 max=2147483647
[LOADER][TRACE] sema.create handle=0x00000009 name='Baselib_SystemSemaphore' attr=0x1 init=0 max=2147483647
[LOADER][TRACE] Import#237: libc:__cxa_atexit (tsvEmnenz48)
[LOADER][TRACE] Import#238: libc:__cxa_atexit (tsvEmnenz48)
[LOADER][TRACE] Import#239: libc:__cxa_atexit (tsvEmnenz48)
[LOADER][TRACE] Import#240: libc:__cxa_atexit (tsvEmnenz48)
[LOADER][TRACE] Import#241: libc:__cxa_atexit (tsvEmnenz48)
[LOADER][TRACE] Import#242: libc:__cxa_atexit (tsvEmnenz48)
[LOADER][TRACE] Import#243: libc:__cxa_atexit (tsvEmnenz48)
[LOADER][TRACE] Import#244: libc:__cxa_atexit (tsvEmnenz48)
[LOADER][TRACE] Import#245: libc:__cxa_atexit (tsvEmnenz48)
[LOADER][TRACE] Import#246: libc:__cxa_atexit (tsvEmnenz48)
[LOADER][TRACE] Import#247: libc:__cxa_atexit (tsvEmnenz48)
[LOADER][TRACE] Import#248: libc:__cxa_atexit (tsvEmnenz48)
[LOADER][TRACE] Import#249: libc:__cxa_atexit (tsvEmnenz48)
[LOADER][TRACE] Import#250: libc:__cxa_atexit (tsvEmnenz48)
[LOADER][TRACE] Import#251: libc:__cxa_atexit (tsvEmnenz48)
[LOADER][TRACE] Import#252: libc:__cxa_atexit (tsvEmnenz48)
[LOADER][TRACE] Import#253: libc:__cxa_atexit (tsvEmnenz48)
[LOADER][TRACE] Import#254: libc:__cxa_atexit (tsvEmnenz48)
[LOADER][TRACE] Import#255: libc:__cxa_atexit (tsvEmnenz48)
[LOADER][TRACE] Import#256: libc:__cxa_atexit (tsvEmnenz48)
[LOADER][TRACE] Import#257: libc:__cxa_atexit (tsvEmnenz48)
[LOADER][TRACE] Import#258: libc:__cxa_atexit (tsvEmnenz48)
[LOADER][TRACE] Import#259: libc:__cxa_atexit (tsvEmnenz48)
[LOADER][TRACE] Import#260: libc:__cxa_atexit (tsvEmnenz48)
[LOADER][TRACE] Import#261: libc:__cxa_atexit (tsvEmnenz48)
[LOADER][TRACE] Import#263: libc:__cxa_atexit (tsvEmnenz48)
[LOADER][TRACE] Import#264: libc:__cxa_atexit (tsvEmnenz48)
[LOADER][TRACE] Import#265: libc:__cxa_atexit (tsvEmnenz48)
[LOADER][TRACE] Import#266: libc:__cxa_atexit (tsvEmnenz48)
[LOADER][TRACE] Import#267: libc:__cxa_atexit (tsvEmnenz48)
[LOADER][TRACE] Import#268: libc:__cxa_atexit (tsvEmnenz48)
[LOADER][TRACE] Import#269: libc:__cxa_atexit (tsvEmnenz48)
[LOADER][TRACE] Import#270: libc:__cxa_atexit (tsvEmnenz48)
[LOADER][TRACE] Import#271: libc:__cxa_atexit (tsvEmnenz48)
[LOADER][TRACE] Import#272: libKernel:sceKernelCreateSema (188x57JYp0g)
[LOADER][TRACE] sema.create handle=0x0000000A name='Baselib_SystemSemaphore' attr=0x1 init=0 max=2147483647
[LOADER][TRACE] Import#273: libc:__cxa_atexit (tsvEmnenz48)
[LOADER][TRACE] Import#274: libKernel:sceKernelCreateSema (188x57JYp0g)
[LOADER][TRACE] sema.create handle=0x0000000B name='Baselib_SystemSemaphore' attr=0x1 init=0 max=2147483647
[LOADER][TRACE] Import#275: libc:__cxa_atexit (tsvEmnenz48)
[LOADER][TRACE] Import#276: libc:__cxa_atexit (tsvEmnenz48)
[LOADER][TRACE] Import#277: libc:__cxa_atexit (tsvEmnenz48)
[LOADER][TRACE] Import#278: libc:__cxa_atexit (tsvEmnenz48)
[LOADER][TRACE] Import#279: libc:__cxa_atexit (tsvEmnenz48)
[LOADER][TRACE] Import#280: libc:__cxa_atexit (tsvEmnenz48)
[LOADER][TRACE] Import#282: libKernel:scePthreadMutexattrInit (F8bUHwAG284)
[LOADER][TRACE] Import#283: libKernel:scePthreadMutexattrSettype (iMp8QpE+XO4)
[LOADER][TRACE] Import#284: libKernel:scePthreadMutexattrSetprotocol (1FGvU0i9saQ)
[LOADER][TRACE] Import#285: libKernel:scePthreadMutexInit (cmo1RIYva9o)
[LOADER][TRACE] Import#286: libKernel:scePthreadMutexattrDestroy (smWEktiyyG0)
[LOADER][TRACE] Import#287: libc:__cxa_atexit (tsvEmnenz48)
[LOADER][TRACE] Import#288: libKernel:sceKernelCreateSema (188x57JYp0g)
[LOADER][TRACE] sema.create handle=0x0000000C name='Baselib_SystemSemaphore' attr=0x1 init=0 max=2147483647
[LOADER][TRACE] Import#289: libc:__cxa_atexit (tsvEmnenz48)
[LOADER][TRACE] Import#290: libc:__cxa_atexit (tsvEmnenz48)
[LOADER][TRACE] Import#291: libc:__cxa_atexit (tsvEmnenz48)
[LOADER][TRACE] Import#292: libc:__cxa_atexit (tsvEmnenz48)
[LOADER][TRACE] Import#293: libc:__cxa_atexit (tsvEmnenz48)
[LOADER][TRACE] Import#294: libc:__cxa_atexit (tsvEmnenz48)
[LOADER][TRACE] Import#295: libc:__cxa_atexit (tsvEmnenz48)
[LOADER][TRACE] Import#296: libc:__cxa_atexit (tsvEmnenz48)
[LOADER][TRACE] Import#297: libc:__cxa_atexit (tsvEmnenz48)
[LOADER][TRACE] Import#298: libc:__cxa_atexit (tsvEmnenz48)
[LOADER][TRACE] Import#299: libKernel:scePthreadMutexattrInit (F8bUHwAG284)
[LOADER][TRACE] Import#300: libKernel:scePthreadMutexattrSettype (iMp8QpE+XO4)
[LOADER][TRACE] Import#301: libKernel:scePthreadMutexattrSetprotocol (1FGvU0i9saQ)
[LOADER][TRACE] Import#302: libKernel:scePthreadMutexInit (cmo1RIYva9o)
[LOADER][TRACE] Import#303: libKernel:scePthreadMutexattrDestroy (smWEktiyyG0)
[LOADER][TRACE] Import#304: libc:__cxa_atexit (tsvEmnenz48)
[LOADER][TRACE] Import#305: libc:__cxa_atexit (tsvEmnenz48)
[LOADER][TRACE] Import#306: libc:__cxa_atexit (tsvEmnenz48)
[LOADER][TRACE] Import#307: libc:__cxa_atexit (tsvEmnenz48)
[LOADER][TRACE] Import#308: libKernel:sceKernelCreateSema (188x57JYp0g)
[LOADER][TRACE] sema.create handle=0x0000000D name='Baselib_SystemSemaphore' attr=0x1 init=0 max=2147483647
[LOADER][TRACE] Import#309: libc:__cxa_atexit (tsvEmnenz48)
[LOADER][TRACE] Import#310: libKernel:sceKernelCreateSema (188x57JYp0g)
[LOADER][TRACE] sema.create handle=0x0000000E name='Baselib_SystemSemaphore' attr=0x1 init=0 max=2147483647
[LOADER][TRACE] Import#311: libc:__cxa_atexit (tsvEmnenz48)
[LOADER][TRACE] Import#312: libc:__cxa_atexit (tsvEmnenz48)
[LOADER][TRACE] Import#313: libc:__cxa_atexit (tsvEmnenz48)
[LOADER][TRACE] Import#314: libc:__cxa_atexit (tsvEmnenz48)
[LOADER][TRACE] Import#315: libc:__cxa_atexit (tsvEmnenz48)
[LOADER][TRACE] Import#316: libc:__cxa_atexit (tsvEmnenz48)
[LOADER][TRACE] Import#317: libc:__cxa_atexit (tsvEmnenz48)
[LOADER][TRACE] Import#318: libc:__cxa_atexit (tsvEmnenz48)
[LOADER][TRACE] Import#319: libc:__cxa_atexit (tsvEmnenz48)
[LOADER][TRACE] Import#320: libc:__cxa_atexit (tsvEmnenz48)
[LOADER][TRACE] Import#321: libc:__cxa_atexit (tsvEmnenz48)
[LOADER][TRACE] Import#322: libc:__cxa_atexit (tsvEmnenz48)
[LOADER][TRACE] Import#323: libc:__cxa_atexit (tsvEmnenz48)
[LOADER][TRACE] Import#324: libc:__cxa_atexit (tsvEmnenz48)
[LOADER][TRACE] Import#325: libc:__cxa_atexit (tsvEmnenz48)
[LOADER][TRACE] Import#326: libc:__cxa_atexit (tsvEmnenz48)
[LOADER][TRACE] Import#327: libc:__cxa_atexit (tsvEmnenz48)
[LOADER][TRACE] Import#328: libc:__cxa_atexit (tsvEmnenz48)
[LOADER][TRACE] Import#329: libKernel:sceKernelCreateSema (188x57JYp0g)
[LOADER][TRACE] sema.create handle=0x0000000F name='Baselib_SystemSemaphore' attr=0x1 init=0 max=2147483647
[LOADER][TRACE] Import#330: libKernel:sceKernelCreateSema (188x57JYp0g)
[LOADER][TRACE] sema.create handle=0x00000010 name='Baselib_SystemSemaphore' attr=0x1 init=0 max=2147483647
[LOADER][TRACE] Import#331: libc:__cxa_atexit (tsvEmnenz48)
[LOADER][TRACE] Import#332: libc:__cxa_atexit (tsvEmnenz48)
[LOADER][TRACE] Import#333: libc:__cxa_atexit (tsvEmnenz48)
[LOADER][TRACE] Import#334: libc:__cxa_atexit (tsvEmnenz48)
[LOADER][TRACE] Import#335: libc:__cxa_atexit (tsvEmnenz48)
[LOADER][TRACE] Import#336: libc:__cxa_atexit (tsvEmnenz48)
[LOADER][TRACE] Import#337: libc:__cxa_atexit (tsvEmnenz48)
[LOADER][TRACE] Import#338: libc:__cxa_atexit (tsvEmnenz48)
[LOADER][TRACE] Import#339: libc:__cxa_atexit (tsvEmnenz48)
[LOADER][TRACE] Import#340: libc:__cxa_atexit (tsvEmnenz48)
[LOADER][TRACE] Import#341: libc:__cxa_atexit (tsvEmnenz48)
[LOADER][TRACE] Import#342: libc:__cxa_atexit (tsvEmnenz48)
[LOADER][TRACE] Import#343: libKernel:scePthreadMutexattrInit (F8bUHwAG284)
[LOADER][TRACE] Import#344: libKernel:scePthreadMutexattrSettype (iMp8QpE+XO4)
[LOADER][TRACE] Import#345: libKernel:scePthreadMutexattrSetprotocol (1FGvU0i9saQ)
[LOADER][TRACE] Import#346: libKernel:scePthreadMutexInit (cmo1RIYva9o)
[LOADER][TRACE] Import#347: libKernel:scePthreadMutexattrDestroy (smWEktiyyG0)
[LOADER][TRACE] Import#348: libc:__cxa_atexit (tsvEmnenz48)
[LOADER][TRACE] Import#349: libc:__cxa_atexit (tsvEmnenz48)
[LOADER][TRACE] Import#350: libc:__cxa_atexit (tsvEmnenz48)
[LOADER][TRACE] Import#351: libKernel:sceKernelCreateSema (188x57JYp0g)
[LOADER][TRACE] sema.create handle=0x00000011 name='Baselib_SystemSemaphore' attr=0x1 init=0 max=2147483647
[LOADER][TRACE] Import#352: libKernel:sceKernelCreateSema (188x57JYp0g)
[LOADER][TRACE] sema.create handle=0x00000012 name='Baselib_SystemSemaphore' attr=0x1 init=0 max=2147483647
[LOADER][TRACE] Import#353: libKernel:sceKernelCreateSema (188x57JYp0g)
[LOADER][TRACE] sema.create handle=0x00000013 name='Baselib_SystemSemaphore' attr=0x1 init=0 max=2147483647
[LOADER][TRACE] Import#354: libc:__cxa_atexit (tsvEmnenz48)
[LOADER][TRACE] Import#355: libc:__cxa_atexit (tsvEmnenz48)
[LOADER][TRACE] Import#356: libc:__cxa_atexit (tsvEmnenz48)
[LOADER][TRACE] Import#357: libc:__cxa_atexit (tsvEmnenz48)
[LOADER][TRACE] Import#358: libKernel:sceKernelCreateSema (188x57JYp0g)
[LOADER][TRACE] sema.create handle=0x00000014 name='Baselib_SystemSemaphore' attr=0x1 init=0 max=2147483647
[LOADER][TRACE] Import#359: libKernel:sceKernelCreateSema (188x57JYp0g)
[LOADER][TRACE] sema.create handle=0x00000015 name='Baselib_SystemSemaphore' attr=0x1 init=0 max=2147483647
[LOADER][TRACE] Import#360: libKernel:sceKernelCreateSema (188x57JYp0g)
[LOADER][TRACE] sema.create handle=0x00000016 name='Baselib_SystemSemaphore' attr=0x1 init=0 max=2147483647
[LOADER][TRACE] Import#361: libc:__cxa_atexit (tsvEmnenz48)
[LOADER][TRACE] Import#362: libKernel:sceKernelCreateSema (188x57JYp0g)
[LOADER][TRACE] sema.create handle=0x00000017 name='Baselib_SystemSemaphore' attr=0x1 init=0 max=2147483647
[LOADER][TRACE] Import#363: libKernel:sceKernelCreateSema (188x57JYp0g)
[LOADER][TRACE] sema.create handle=0x00000018 name='Baselib_SystemSemaphore' attr=0x1 init=0 max=2147483647
[LOADER][TRACE] Import#364: libKernel:sceKernelCreateSema (188x57JYp0g)
[LOADER][TRACE] sema.create handle=0x00000019 name='Baselib_SystemSemaphore' attr=0x1 init=0 max=2147483647
[LOADER][TRACE] Import#365: libc:__cxa_atexit (tsvEmnenz48)
[LOADER][TRACE] Import#366: libc:__cxa_atexit (tsvEmnenz48)
[LOADER][TRACE] Import#367: libc:__cxa_atexit (tsvEmnenz48)
[LOADER][TRACE] Import#368: libKernel:sceKernelCreateSema (188x57JYp0g)
[LOADER][TRACE] sema.create handle=0x0000001A name='Baselib_SystemSemaphore' attr=0x1 init=0 max=2147483647
[LOADER][TRACE] Import#369: libKernel:sceKernelCreateSema (188x57JYp0g)
[LOADER][TRACE] sema.create handle=0x0000001B name='Baselib_SystemSemaphore' attr=0x1 init=0 max=2147483647
[LOADER][TRACE] Import#370: libKernel:sceKernelCreateSema (188x57JYp0g)
[LOADER][TRACE] sema.create handle=0x0000001C name='Baselib_SystemSemaphore' attr=0x1 init=0 max=2147483647
[LOADER][TRACE] Import#371: libc:__cxa_atexit (tsvEmnenz48)
[LOADER][TRACE] Import#372: libc:__cxa_atexit (tsvEmnenz48)
[LOADER][TRACE] Import#373: libKernel:sceKernelCreateSema (188x57JYp0g)
[LOADER][TRACE] sema.create handle=0x0000001D name='Baselib_SystemSemaphore' attr=0x1 init=0 max=2147483647
[LOADER][TRACE] Import#374: libKernel:sceKernelCreateSema (188x57JYp0g)
[LOADER][TRACE] sema.create handle=0x0000001E name='Baselib_SystemSemaphore' attr=0x1 init=0 max=2147483647
[LOADER][TRACE] Import#375: libKernel:sceKernelCreateSema (188x57JYp0g)
[LOADER][TRACE] sema.create handle=0x0000001F name='Baselib_SystemSemaphore' attr=0x1 init=0 max=2147483647
[LOADER][TRACE] Import#376: libc:__cxa_atexit (tsvEmnenz48)
[LOADER][TRACE] Import#377: libc:__cxa_atexit (tsvEmnenz48)
[LOADER][TRACE] Import#378: libc:__cxa_atexit (tsvEmnenz48)
[LOADER][TRACE] Import#379: libc:__cxa_atexit (tsvEmnenz48)
[LOADER][TRACE] Import#380: libc:__cxa_atexit (tsvEmnenz48)
[LOADER][TRACE] Import#381: libc:__cxa_atexit (tsvEmnenz48)
[LOADER][TRACE] Import#382: libc:__cxa_atexit (tsvEmnenz48)
[LOADER][TRACE] Import#383: libc:__cxa_atexit (tsvEmnenz48)
[LOADER][TRACE] Import#384: libc:__cxa_atexit (tsvEmnenz48)
[LOADER][TRACE] Import#385: libc:__cxa_atexit (tsvEmnenz48)
[LOADER][TRACE] Import#386: libc:__cxa_atexit (tsvEmnenz48)
[LOADER][TRACE] Import#387: libc:__cxa_atexit (tsvEmnenz48)
[LOADER][TRACE] Import#388: libc:__cxa_atexit (tsvEmnenz48)
[LOADER][TRACE] Import#389: libc:__cxa_atexit (tsvEmnenz48)
[LOADER][TRACE] Import#390: libc:__cxa_atexit (tsvEmnenz48)
[LOADER][TRACE] Import#391: libc:__cxa_atexit (tsvEmnenz48)
[LOADER][TRACE] Import#392: libc:__cxa_atexit (tsvEmnenz48)
[LOADER][TRACE] Import#393: libc:__cxa_atexit (tsvEmnenz48)
[LOADER][TRACE] Import#394: libc:__cxa_atexit (tsvEmnenz48)
[LOADER][TRACE] Import#395: libc:__cxa_atexit (tsvEmnenz48)
[LOADER][TRACE] Import#396: libc:__cxa_atexit (tsvEmnenz48)
[LOADER][TRACE] Import#397: libc:__cxa_atexit (tsvEmnenz48)
[LOADER][TRACE] Import#398: libc:__cxa_atexit (tsvEmnenz48)
[LOADER][TRACE] Import#399: libc:__cxa_atexit (tsvEmnenz48)
[LOADER][TRACE] Import#400: libc:__cxa_atexit (tsvEmnenz48)
[LOADER][TRACE] Import#900: libc:__cxa_atexit (tsvEmnenz48)
[LOADER][TRACE] Import#901: libc:__cxa_atexit (tsvEmnenz48)
[LOADER][TRACE] Import#902: libc:__cxa_atexit (tsvEmnenz48)
[LOADER][TRACE] Import#903: libc:__cxa_atexit (tsvEmnenz48)
[LOADER][TRACE] Import#904: libc:__cxa_atexit (tsvEmnenz48)
[LOADER][TRACE] Import#905: libc:__cxa_atexit (tsvEmnenz48)
[LOADER][TRACE] Import#906: libc:__cxa_atexit (tsvEmnenz48)
[LOADER][TRACE] Import#907: libc:__cxa_atexit (tsvEmnenz48)
[LOADER][TRACE] Import#908: libc:__cxa_atexit (tsvEmnenz48)
[LOADER][TRACE] Import#909: libc:__cxa_atexit (tsvEmnenz48)
[LOADER][TRACE] Import#910: libc:__cxa_atexit (tsvEmnenz48)
[LOADER][TRACE] Import#911: libc:__cxa_atexit (tsvEmnenz48)
[LOADER][TRACE] Import#912: libc:__cxa_atexit (tsvEmnenz48)
[LOADER][TRACE] Import#913: libc:__cxa_atexit (tsvEmnenz48)
[LOADER][TRACE] Import#914: libc:__cxa_atexit (tsvEmnenz48)
[LOADER][TRACE] Import#915: libc:__cxa_atexit (tsvEmnenz48)
[LOADER][TRACE] Import#916: libc:__cxa_atexit (tsvEmnenz48)
[LOADER][TRACE] Import#917: libc:__cxa_atexit (tsvEmnenz48)
[LOADER][TRACE] Import#918: libc:__cxa_atexit (tsvEmnenz48)
[LOADER][TRACE] Import#919: libc:__cxa_atexit (tsvEmnenz48)
[LOADER][TRACE] Import#920: libc:__cxa_atexit (tsvEmnenz48)
[LOADER][TRACE] Import#921: libc:__cxa_atexit (tsvEmnenz48)
[LOADER][TRACE] Import#922: libc:__cxa_atexit (tsvEmnenz48)
[LOADER][TRACE] Import#923: libc:__cxa_atexit (tsvEmnenz48)
[LOADER][TRACE] Import#924: libc:__cxa_atexit (tsvEmnenz48)
[LOADER][TRACE] Import#925: libc:__cxa_atexit (tsvEmnenz48)
[LOADER][TRACE] Import#926: libc:__cxa_atexit (tsvEmnenz48)
[LOADER][TRACE] Import#927: libc:__cxa_atexit (tsvEmnenz48)
[LOADER][TRACE] Import#928: libc:__cxa_atexit (tsvEmnenz48)
[LOADER][TRACE] Import#929: libc:__cxa_atexit (tsvEmnenz48)
[LOADER][TRACE] Import#930: libc:__cxa_atexit (tsvEmnenz48)
[LOADER][TRACE] Import#931: libc:__cxa_atexit (tsvEmnenz48)
[LOADER][TRACE] Import#932: libc:__cxa_atexit (tsvEmnenz48)
[LOADER][TRACE] Import#933: libc:__cxa_atexit (tsvEmnenz48)
[LOADER][TRACE] Import#934: libc:__cxa_atexit (tsvEmnenz48)
[LOADER][TRACE] Import#935: libc:__cxa_atexit (tsvEmnenz48)
[LOADER][TRACE] Import#936: libc:__cxa_atexit (tsvEmnenz48)
[LOADER][TRACE] Import#937: libc:__cxa_atexit (tsvEmnenz48)
[LOADER][TRACE] Import#938: libc:__cxa_atexit (tsvEmnenz48)
[LOADER][TRACE] Import#939: libc:__cxa_atexit (tsvEmnenz48)
[LOADER][TRACE] Import#940: libc:__cxa_atexit (tsvEmnenz48)
[LOADER][TRACE] Import#941: libc:__cxa_atexit (tsvEmnenz48)
[LOADER][TRACE] Import#942: libc:__cxa_atexit (tsvEmnenz48)
[LOADER][TRACE] Import#943: libc:__cxa_atexit (tsvEmnenz48)
[LOADER][TRACE] Import#944: libc:__cxa_atexit (tsvEmnenz48)
[LOADER][TRACE] Import#945: libc:__cxa_atexit (tsvEmnenz48)
[LOADER][TRACE] Import#946: libc:__cxa_atexit (tsvEmnenz48)
[LOADER][TRACE] Import#947: libc:__cxa_atexit (tsvEmnenz48)
[LOADER][TRACE] Import#948: libc:__cxa_atexit (tsvEmnenz48)
[LOADER][TRACE] Import#949: libc:__cxa_atexit (tsvEmnenz48)
[LOADER][TRACE] Import#950: libc:__cxa_atexit (tsvEmnenz48)
[LOADER][TRACE] Import#951: libc:__cxa_atexit (tsvEmnenz48)
[LOADER][TRACE] Import#952: libc:__cxa_atexit (tsvEmnenz48)
[LOADER][TRACE] Import#953: libc:__cxa_atexit (tsvEmnenz48)
[LOADER][TRACE] Import#954: libc:__cxa_atexit (tsvEmnenz48)
[LOADER][TRACE] Import#955: libc:__cxa_atexit (tsvEmnenz48)
[LOADER][TRACE] Import#956: libc:__cxa_atexit (tsvEmnenz48)
[LOADER][TRACE] Import#957: libc:__cxa_atexit (tsvEmnenz48)
[LOADER][TRACE] Import#958: libc:__cxa_atexit (tsvEmnenz48)
[LOADER][TRACE] Import#959: libc:__cxa_atexit (tsvEmnenz48)
[LOADER][TRACE] Import#960: libc:__cxa_atexit (tsvEmnenz48)
[LOADER][TRACE] Import#961: libc:__cxa_atexit (tsvEmnenz48)
[LOADER][TRACE] Import#962: libc:__cxa_atexit (tsvEmnenz48)
[LOADER][TRACE] Import#963: libc:__cxa_atexit (tsvEmnenz48)
[LOADER][TRACE] Import#964: libc:__cxa_atexit (tsvEmnenz48)
[LOADER][TRACE] Import#965: libc:__cxa_atexit (tsvEmnenz48)
[LOADER][TRACE] Import#966: libc:__cxa_atexit (tsvEmnenz48)
[LOADER][TRACE] Import#967: libc:__cxa_atexit (tsvEmnenz48)
[LOADER][TRACE] Import#968: libc:__cxa_atexit (tsvEmnenz48)
[LOADER][TRACE] Import#969: libc:__cxa_atexit (tsvEmnenz48)
[LOADER][TRACE] Import#970: libc:__cxa_atexit (tsvEmnenz48)
[LOADER][TRACE] Import#971: libc:__cxa_atexit (tsvEmnenz48)
[LOADER][TRACE] Import#972: libc:__cxa_atexit (tsvEmnenz48)
[LOADER][TRACE] Import#973: libc:__cxa_atexit (tsvEmnenz48)
[LOADER][TRACE] Import#974: libc:__cxa_atexit (tsvEmnenz48)
[LOADER][TRACE] Import#975: libc:__cxa_atexit (tsvEmnenz48)
[LOADER][TRACE] Import#976: libc:__cxa_atexit (tsvEmnenz48)
[LOADER][TRACE] Import#977: libc:__cxa_atexit (tsvEmnenz48)
[LOADER][TRACE] Import#978: libc:__cxa_atexit (tsvEmnenz48)
[LOADER][TRACE] Import#979: libc:__cxa_atexit (tsvEmnenz48)
[LOADER][TRACE] Import#980: libc:__cxa_atexit (tsvEmnenz48)
[LOADER][TRACE] Import#981: libc:__cxa_atexit (tsvEmnenz48)
[LOADER][TRACE] Import#982: libc:__cxa_atexit (tsvEmnenz48)
[LOADER][TRACE] Import#983: libc:__cxa_atexit (tsvEmnenz48)
[LOADER][TRACE] Import#984: libc:__cxa_atexit (tsvEmnenz48)
[LOADER][TRACE] Import#985: libc:__cxa_atexit (tsvEmnenz48)
[LOADER][TRACE] Import#986: libc:__cxa_atexit (tsvEmnenz48)
[LOADER][TRACE] Import#987: libKernel:scePthreadMutexattrInit (F8bUHwAG284)
[LOADER][TRACE] Import#988: libKernel:scePthreadMutexattrSettype (iMp8QpE+XO4)
[LOADER][TRACE] Import#989: libKernel:scePthreadMutexattrSetprotocol (1FGvU0i9saQ)
[LOADER][TRACE] Import#990: libKernel:scePthreadMutexInit (cmo1RIYva9o)
[LOADER][TRACE] Import#991: libKernel:scePthreadMutexattrDestroy (smWEktiyyG0)
[LOADER][TRACE] Import#992: libc:__cxa_atexit (tsvEmnenz48)
[LOADER][TRACE] Import#993: libc:__cxa_atexit (tsvEmnenz48)
[LOADER][TRACE] Import#994: libc:__cxa_atexit (tsvEmnenz48)
[LOADER][TRACE] Import#995: libc:__cxa_atexit (tsvEmnenz48)
[LOADER][TRACE] Import#996: libc:__cxa_atexit (tsvEmnenz48)
[LOADER][TRACE] Import#997: libc:__cxa_atexit (tsvEmnenz48)
[LOADER][TRACE] Import#998: libc:__cxa_atexit (tsvEmnenz48)
[LOADER][TRACE] Import#999: libc:__cxa_atexit (tsvEmnenz48)
[LOADER][TRACE] Import#1000: libc:__cxa_atexit (tsvEmnenz48)
[LOADER][TRACE] Import#1001: libc:__cxa_atexit (tsvEmnenz48)
[LOADER][TRACE] Import#1002: libc:__cxa_atexit (tsvEmnenz48)
[DIAG-VERIFY] Import #1000 OK: libc::libc:__cxa_atexit ret=0x0000000000000000
[LOADER][TRACE] Import#1003: libc:__cxa_atexit (tsvEmnenz48)
[LOADER][TRACE] Import#1004: libc:__cxa_atexit (tsvEmnenz48)
[LOADER][TRACE] Import#1005: libc:__cxa_atexit (tsvEmnenz48)
[LOADER][TRACE] Import#1006: libc:__cxa_atexit (tsvEmnenz48)
[LOADER][TRACE] Import#1007: libc:__cxa_atexit (tsvEmnenz48)
[LOADER][TRACE] Import#1008: libc:__cxa_atexit (tsvEmnenz48)
[LOADER][TRACE] Import#1009: libc:__cxa_atexit (tsvEmnenz48)
[LOADER][TRACE] Import#1010: libc:__cxa_atexit (tsvEmnenz48)
[LOADER][TRACE] Import#1011: libc:__cxa_atexit (tsvEmnenz48)
[LOADER][TRACE] Import#1012: libc:__cxa_atexit (tsvEmnenz48)
[LOADER][TRACE] Import#1013: libc:__cxa_atexit (tsvEmnenz48)
[LOADER][TRACE] Import#1014: libKernel:scePthreadMutexattrInit (F8bUHwAG284)
[LOADER][TRACE] Import#1015: libKernel:scePthreadMutexattrSettype (iMp8QpE+XO4)
[LOADER][TRACE] Import#1016: libKernel:scePthreadMutexattrSetprotocol (1FGvU0i9saQ)
[LOADER][TRACE] Import#1017: libKernel:scePthreadMutexInit (cmo1RIYva9o)
[LOADER][TRACE] Import#1018: libKernel:scePthreadMutexattrDestroy (smWEktiyyG0)
[LOADER][TRACE] Import#1019: libc:__cxa_atexit (tsvEmnenz48)
[LOADER][TRACE] Import#1020: libc:__cxa_atexit (tsvEmnenz48)
[LOADER][TRACE] ImportCtx#1020: nid=tsvEmnenz48 ret=0x0000000800000064 rdi=0x0000000800B8D4F0 rsi=0x0000000801EB77B0 rdx=0x0000000801DCC000 rcx=0x0000000801EB77B0
[LOADER][TRACE] ImportNV#1020: rbx=0x0000000801D1BE20 rbp=0x00006FFFF01FFF50 r12=0x0000000000000000 r13=0x00007F7CF4000C58 r14=0x0000000000000001 r15=0x00006FFFF01FFFA8
[LOADER][TRACE] ImportStackHead#1020: rsp=0x00006FFFF01FFF38 [0]=0x0000000800000064 [20]=0x00000008000000A2 [40]=0x00007F7D0B810A30
[LOADER][TRACE] ImportStack#1020: rsp=0x00006FFFF01FFF38 [0]=0x0000000800000064 [8]=0x00006FFDD0000000 [10]=0x0000000000000001 [18]=0x00006FFFF01FFF80 [20]=0x00000008000000A2 [28]=0x0000000800000070 [30]=0x00007F7D0B810AB8 [38]=0x00007F80D19790F8 [40]=0x00007F7D0B810A30
[LOADER][TRACE] ImportRet#1020: nid=tsvEmnenz48 result=ORBIS_GEN2_OK rax=0x0000000000000000
[LOADER][TRACE] Import#1021: libc:__cxa_atexit (tsvEmnenz48)
[LOADER][TRACE] ImportCtx#1021: nid=tsvEmnenz48 ret=0x0000000800000064 rdi=0x00000008007C3880 rsi=0x0000000801EB7840 rdx=0x0000000801DCC000 rcx=0x0000000000000000
[LOADER][TRACE] ImportNV#1021: rbx=0x0000000801D1BE18 rbp=0x00006FFFF01FFF50 r12=0x0000000000000000 r13=0x00007F7CF4000C58 r14=0x0000000000000001 r15=0x00006FFFF01FFFA8
[LOADER][TRACE] ImportStackHead#1021: rsp=0x00006FFFF01FFF38 [0]=0x0000000800000064 [20]=0x00000008000000A2 [40]=0x00007F7D0B810A30
[LOADER][TRACE] ImportStack#1021: rsp=0x00006FFFF01FFF38 [0]=0x0000000800000064 [8]=0x00006FFDD0000000 [10]=0x0000000000000001 [18]=0x00006FFFF01FFF80 [20]=0x00000008000000A2 [28]=0x0000000800000070 [30]=0x00007F7D0B810AB8 [38]=0x00007F80D19790F8 [40]=0x00007F7D0B810A30
[LOADER][TRACE] ImportRet#1021: nid=tsvEmnenz48 result=ORBIS_GEN2_OK rax=0x0000000000000000
[LOADER][TRACE] Import#1022: libc:__cxa_atexit (tsvEmnenz48)
[LOADER][TRACE] ImportCtx#1022: nid=tsvEmnenz48 ret=0x0000000800F4DB52 rdi=0x00000008007C3880 rsi=0x0000000801EB7980 rdx=0x0000000801DCC000 rcx=0x0000000000000000
[LOADER][TRACE] ImportNV#1022: rbx=0x0000000801EB7980 rbp=0x00006FFFF01FFF30 r12=0x0000000000000000 r13=0x00007F7CF4000C58 r14=0x0000000000000001 r15=0x00006FFFF01FFFA8
[LOADER][TRACE] ImportStackHead#1022: rsp=0x00006FFFF01FFF18 [0]=0x0000000800F4DB52 [20]=0x0000000800000064 [40]=0x00000008000000A2
[LOADER][TRACE] ImportStack#1022: rsp=0x00006FFFF01FFF18 [0]=0x0000000800F4DB52 [8]=0x0000000800F4DA80 [10]=0x0000000801D1BE10 [18]=0x00006FFFF01FFF50 [20]=0x0000000800000064 [28]=0x00006FFDD0000000 [30]=0x0000000000000001 [38]=0x00006FFFF01FFF80 [40]=0x00000008000000A2
[LOADER][TRACE] ImportRet#1022: nid=tsvEmnenz48 result=ORBIS_GEN2_OK rax=0x0000000000000000
[LOADER][TRACE] Import#1023: libc:__cxa_atexit (tsvEmnenz48)
[LOADER][TRACE] ImportCtx#1023: nid=tsvEmnenz48 ret=0x0000000800F4DC1B rdi=0x00000008007C3880 rsi=0x0000000801EB7A80 rdx=0x0000000801DCC000 rcx=0x0000000000000000
[LOADER][TRACE] ImportNV#1023: rbx=0x0000000801EB7A80 rbp=0x00006FFFF01FFF30 r12=0x0000000000000000 r13=0x00007F7CF4000C58 r14=0x0000000000000001 r15=0x00006FFFF01FFFA8
[LOADER][TRACE] ImportStackHead#1023: rsp=0x00006FFFF01FFF18 [0]=0x0000000800F4DC1B [20]=0x0000000800000064 [40]=0x00000008000000A2
[LOADER][TRACE] ImportStack#1023: rsp=0x00006FFFF01FFF18 [0]=0x0000000800F4DC1B [8]=0x0000000800F4DA80 [10]=0x0000000801D1BE10 [18]=0x00006FFFF01FFF50 [20]=0x0000000800000064 [28]=0x00006FFDD0000000 [30]=0x0000000000000001 [38]=0x00006FFFF01FFF80 [40]=0x00000008000000A2
[LOADER][TRACE] ImportRet#1023: nid=tsvEmnenz48 result=ORBIS_GEN2_OK rax=0x0000000000000000
[LOADER][TRACE] Import#1024: libc:__cxa_atexit (tsvEmnenz48)
[LOADER][TRACE] ImportCtx#1024: nid=tsvEmnenz48 ret=0x0000000800000064 rdi=0x00000008007C3880 rsi=0x0000000801EB8A00 rdx=0x0000000801DCC000 rcx=0x0000000000000000
[LOADER][TRACE] ImportNV#1024: rbx=0x0000000801D1BE08 rbp=0x00006FFFF01FFF50 r12=0x0000000000000000 r13=0x00007F7CF4000C58 r14=0x0000000000000001 r15=0x00006FFFF01FFFA8
[LOADER][TRACE] ImportStackHead#1024: rsp=0x00006FFFF01FFF38 [0]=0x0000000800000064 [20]=0x00000008000000A2 [40]=0x00007F7D0B810A30
[LOADER][TRACE] ImportStack#1024: rsp=0x00006FFFF01FFF38 [0]=0x0000000800000064 [8]=0x00006FFDD0000000 [10]=0x0000000000000001 [18]=0x00006FFFF01FFF80 [20]=0x00000008000000A2 [28]=0x0000000800000070 [30]=0x00007F7D0B810AB8 [38]=0x00007F80D19790F8 [40]=0x00007F7D0B810A30
[LOADER][TRACE] ImportRet#1024: nid=tsvEmnenz48 result=ORBIS_GEN2_OK rax=0x0000000000000000
[LOADER][TRACE] Import#1025: libc:__cxa_atexit (tsvEmnenz48)
[LOADER][TRACE] ImportCtx#1025: nid=tsvEmnenz48 ret=0x0000000800000064 rdi=0x0000000800B8D4F0 rsi=0x0000000801EB8E20 rdx=0x0000000801DCC000 rcx=0x0000000801EB8E20
[LOADER][TRACE] ImportNV#1025: rbx=0x0000000801D1BDF8 rbp=0x00006FFFF01FFF50 r12=0x0000000000000000 r13=0x00007F7CF4000C58 r14=0x0000000000000001 r15=0x00006FFFF01FFFA8
[LOADER][TRACE] ImportStackHead#1025: rsp=0x00006FFFF01FFF38 [0]=0x0000000800000064 [20]=0x00000008000000A2 [40]=0x00007F7D0B810A30
[LOADER][TRACE] ImportStack#1025: rsp=0x00006FFFF01FFF38 [0]=0x0000000800000064 [8]=0x00006FFDD0000000 [10]=0x0000000000000001 [18]=0x00006FFFF01FFF80 [20]=0x00000008000000A2 [28]=0x0000000800000070 [30]=0x00007F7D0B810AB8 [38]=0x00007F80D19790F8 [40]=0x00007F7D0B810A30
[LOADER][TRACE] ImportRet#1025: nid=tsvEmnenz48 result=ORBIS_GEN2_OK rax=0x0000000000000000
[LOADER][TRACE] Import#1026: libc:__cxa_atexit (tsvEmnenz48)
[LOADER][TRACE] ImportCtx#1026: nid=tsvEmnenz48 ret=0x0000000800F7026C rdi=0x00000008007C3880 rsi=0x0000000801EB8EC0 rdx=0x0000000801DCC000 rcx=0x0000000000000000
[LOADER][TRACE] ImportNV#1026: rbx=0x0000000801EB8EC0 rbp=0x00006FFFF01FFF30 r12=0x0000000000000000 r13=0x00007F7CF4000C58 r14=0x0000000000000001 r15=0x00006FFFF01FFFA8
[LOADER][TRACE] ImportStackHead#1026: rsp=0x00006FFFF01FFF18 [0]=0x0000000800F7026C [20]=0x0000000800000064 [40]=0x00000008000000A2
[LOADER][TRACE] ImportStack#1026: rsp=0x00006FFFF01FFF18 [0]=0x0000000800F7026C [8]=0x0000000800F70190 [10]=0x0000000801D1BDF0 [18]=0x00006FFFF01FFF50 [20]=0x0000000800000064 [28]=0x00006FFDD0000000 [30]=0x0000000000000001 [38]=0x00006FFFF01FFF80 [40]=0x00000008000000A2
[LOADER][TRACE] ImportRet#1026: nid=tsvEmnenz48 result=ORBIS_GEN2_OK rax=0x0000000000000000
[LOADER][TRACE] Import#1027: libc:__cxa_atexit (tsvEmnenz48)
[LOADER][TRACE] ImportCtx#1027: nid=tsvEmnenz48 ret=0x0000000800000064 rdi=0x00000008007C3880 rsi=0x0000000801EB8FC0 rdx=0x0000000801DCC000 rcx=0x0000000000000000
[LOADER][TRACE] ImportNV#1027: rbx=0x0000000801D1BDF0 rbp=0x00006FFFF01FFF50 r12=0x0000000000000000 r13=0x00007F7CF4000C58 r14=0x0000000000000001 r15=0x00006FFFF01FFFA8
[LOADER][TRACE] ImportStackHead#1027: rsp=0x00006FFFF01FFF38 [0]=0x0000000800000064 [20]=0x00000008000000A2 [40]=0x00007F7D0B810A30
[LOADER][TRACE] ImportStack#1027: rsp=0x00006FFFF01FFF38 [0]=0x0000000800000064 [8]=0x00006FFDD0000000 [10]=0x0000000000000001 [18]=0x00006FFFF01FFF80 [20]=0x00000008000000A2 [28]=0x0000000800000070 [30]=0x00007F7D0B810AB8 [38]=0x00007F80D19790F8 [40]=0x00007F7D0B810A30
[LOADER][TRACE] ImportRet#1027: nid=tsvEmnenz48 result=ORBIS_GEN2_OK rax=0x0000000000000000
[LOADER][TRACE] Import#1028: libc:__cxa_atexit (tsvEmnenz48)
[LOADER][TRACE] ImportCtx#1028: nid=tsvEmnenz48 ret=0x0000000800F7D919 rdi=0x00000008007FD690 rsi=0x0000000801EBD458 rdx=0x0000000801DCC000 rcx=0x0000000801BE75C5
[LOADER][TRACE] ImportNV#1028: rbx=0x0000000801D1BDE8 rbp=0x00006FFFF01FFF30 r12=0x0000000000000000 r13=0x00007F7CF4000C58 r14=0x0000000000000001 r15=0x00006FFFF01FFFA8
[LOADER][TRACE] ImportStackHead#1028: rsp=0x00006FFFF01FFF28 [0]=0x0000000800F7D919 [20]=0x0000000000000001 [40]=0x00007F7D0B810AB8
[LOADER][TRACE] ImportStack#1028: rsp=0x00006FFFF01FFF28 [0]=0x0000000800F7D919 [8]=0x00006FFFF01FFF50 [10]=0x0000000800000064 [18]=0x00006FFDD0000000 [20]=0x0000000000000001 [28]=0x00006FFFF01FFF80 [30]=0x00000008000000A2 [38]=0x0000000800000070 [40]=0x00007F7D0B810AB8
[LOADER][TRACE] ImportRet#1028: nid=tsvEmnenz48 result=ORBIS_GEN2_OK rax=0x0000000000000000
[LOADER][TRACE] Import#1029: libc:__cxa_atexit (tsvEmnenz48)
[LOADER][TRACE] ImportCtx#1029: nid=tsvEmnenz48 ret=0x0000000800000064 rdi=0x00000008007C3880 rsi=0x0000000801EB9540 rdx=0x0000000801DCC000 rcx=0x0000000000000000
[LOADER][TRACE] ImportNV#1029: rbx=0x0000000801D1BDD8 rbp=0x00006FFFF01FFF50 r12=0x0000000000000000 r13=0x00007F7CF4000C58 r14=0x0000000000000001 r15=0x00006FFFF01FFFA8
[LOADER][TRACE] ImportStackHead#1029: rsp=0x00006FFFF01FFF38 [0]=0x0000000800000064 [20]=0x00000008000000A2 [40]=0x00007F7D0B810A30
[LOADER][TRACE] ImportStack#1029: rsp=0x00006FFFF01FFF38 [0]=0x0000000800000064 [8]=0x00006FFDD0000000 [10]=0x0000000000000001 [18]=0x00006FFFF01FFF80 [20]=0x00000008000000A2 [28]=0x0000000800000070 [30]=0x00007F7D0B810AB8 [38]=0x00007F80D19790F8 [40]=0x00007F7D0B810A30
[LOADER][TRACE] ImportRet#1029: nid=tsvEmnenz48 result=ORBIS_GEN2_OK rax=0x0000000000000000
[LOADER][TRACE] Import#1030: libc:__cxa_atexit (tsvEmnenz48)
[LOADER][TRACE] ImportCtx#1030: nid=tsvEmnenz48 ret=0x0000000800F9C3D1 rdi=0x00000008007DF600 rsi=0x0000000801EB96A0 rdx=0x0000000801DCC000 rcx=0x0000000000000020
[LOADER][TRACE] ImportNV#1030: rbx=0x0000000801DCC000 rbp=0x00006FFFF01FFF30 r12=0x0000000000000000 r13=0x00007F7CF4000C58 r14=0x0000000000000001 r15=0x00006FFFF01FFFA8
[LOADER][TRACE] ImportStackHead#1030: rsp=0x00006FFFF01FFF08 [0]=0x0000000800F9C3D1 [20]=0x00006FFFF01FFFA8 [40]=0x0000000000000001
[LOADER][TRACE] ImportStack#1030: rsp=0x00006FFFF01FFF08 [0]=0x0000000800F9C3D1 [8]=0x0000000801D1BDC8 [10]=0x0000000000000000 [18]=0x0000000000000001 [20]=0x00006FFFF01FFFA8 [28]=0x00006FFFF01FFF50 [30]=0x0000000800000064 [38]=0x00006FFDD0000000 [40]=0x0000000000000001
[LOADER][TRACE] ImportRet#1030: nid=tsvEmnenz48 result=ORBIS_GEN2_OK rax=0x0000000000000000
[LOADER][TRACE] Import#1031: libc:__cxa_atexit (tsvEmnenz48)
[LOADER][TRACE] ImportCtx#1031: nid=tsvEmnenz48 ret=0x0000000800F9C40C rdi=0x0000000800461000 rsi=0x0000000801EB9700 rdx=0x0000000801DCC000 rcx=0x0000000000000020
[LOADER][TRACE] ImportNV#1031: rbx=0x0000000801DCC000 rbp=0x00006FFFF01FFF30 r12=0x0000000000000000 r13=0x00007F7CF4000C58 r14=0x0000000000000001 r15=0x00006FFFF01FFFA8
[LOADER][TRACE] ImportStackHead#1031: rsp=0x00006FFFF01FFF08 [0]=0x0000000800F9C40C [20]=0x00006FFFF01FFFA8 [40]=0x0000000000000001
[LOADER][TRACE] ImportStack#1031: rsp=0x00006FFFF01FFF08 [0]=0x0000000800F9C40C [8]=0x0000000801D1BDC8 [10]=0x0000000000000000 [18]=0x0000000000000001 [20]=0x00006FFFF01FFFA8 [28]=0x00006FFFF01FFF50 [30]=0x0000000800000064 [38]=0x00006FFDD0000000 [40]=0x0000000000000001
[LOADER][TRACE] ImportRet#1031: nid=tsvEmnenz48 result=ORBIS_GEN2_OK rax=0x0000000000000000
[LOADER][TRACE] Import#1032: libc:__cxa_atexit (tsvEmnenz48)
[LOADER][TRACE] ImportCtx#1032: nid=tsvEmnenz48 ret=0x0000000800F9C440 rdi=0x0000000800F9C9A0 rsi=0x0000000801EB9730 rdx=0x0000000801DCC000 rcx=0x0000000000000020
[LOADER][TRACE] ImportNV#1032: rbx=0x0000000801DCC000 rbp=0x00006FFFF01FFF30 r12=0x0000000000000000 r13=0x00007F7CF4000C58 r14=0x0000000000000001 r15=0x0000000801C29660
[LOADER][TRACE] ImportStackHead#1032: rsp=0x00006FFFF01FFF08 [0]=0x0000000800F9C440 [20]=0x00006FFFF01FFFA8 [40]=0x0000000000000001
[LOADER][TRACE] ImportStack#1032: rsp=0x00006FFFF01FFF08 [0]=0x0000000800F9C440 [8]=0x0000000801D1BDC8 [10]=0x0000000000000000 [18]=0x0000000000000001 [20]=0x00006FFFF01FFFA8 [28]=0x00006FFFF01FFF50 [30]=0x0000000800000064 [38]=0x00006FFDD0000000 [40]=0x0000000000000001
[LOADER][TRACE] ImportRet#1032: nid=tsvEmnenz48 result=ORBIS_GEN2_OK rax=0x0000000000000000
[LOADER][TRACE] Import#1033: libc:__cxa_atexit (tsvEmnenz48)
[LOADER][TRACE] ImportCtx#1033: nid=tsvEmnenz48 ret=0x0000000800F9C4B8 rdi=0x00000008007DF600 rsi=0x0000000801EB9748 rdx=0x0000000801DCC000 rcx=0x0000000000000018
[LOADER][TRACE] ImportNV#1033: rbx=0x0000000801DCC000 rbp=0x00006FFFF01FFF30 r12=0x0000000000000000 r13=0x00007F7CF4000C58 r14=0x0000000000000001 r15=0x0000000801C29660
[LOADER][TRACE] ImportStackHead#1033: rsp=0x00006FFFF01FFF08 [0]=0x0000000800F9C4B8 [20]=0x00006FFFF01FFFA8 [40]=0x0000000000000001
[LOADER][TRACE] ImportStack#1033: rsp=0x00006FFFF01FFF08 [0]=0x0000000800F9C4B8 [8]=0x0000000801D1BDC8 [10]=0x0000000000000000 [18]=0x0000000000000001 [20]=0x00006FFFF01FFFA8 [28]=0x00006FFFF01FFF50 [30]=0x0000000800000064 [38]=0x00006FFDD0000000 [40]=0x0000000000000001
[LOADER][TRACE] ImportRet#1033: nid=tsvEmnenz48 result=ORBIS_GEN2_OK rax=0x0000000000000000
[LOADER][TRACE] Import#1034: libc:__cxa_atexit (tsvEmnenz48)
[LOADER][TRACE] ImportCtx#1034: nid=tsvEmnenz48 ret=0x0000000800F9C533 rdi=0x00000008007DF600 rsi=0x0000000801EB9770 rdx=0x0000000801DCC000 rcx=0x0000000000000018
[LOADER][TRACE] ImportNV#1034: rbx=0x0000000801DCC000 rbp=0x00006FFFF01FFF30 r12=0x0000000000000000 r13=0x00007F7CF4000C58 r14=0x0000000000000001 r15=0x0000000801C29660
[LOADER][TRACE] ImportStackHead#1034: rsp=0x00006FFFF01FFF08 [0]=0x0000000800F9C533 [20]=0x00006FFFF01FFFA8 [40]=0x0000000000000001
[LOADER][TRACE] ImportStack#1034: rsp=0x00006FFFF01FFF08 [0]=0x0000000800F9C533 [8]=0x0000000801D1BDC8 [10]=0x0000000000000000 [18]=0x0000000000000001 [20]=0x00006FFFF01FFFA8 [28]=0x00006FFFF01FFF50 [30]=0x0000000800000064 [38]=0x00006FFDD0000000 [40]=0x0000000000000001
[LOADER][TRACE] ImportRet#1034: nid=tsvEmnenz48 result=ORBIS_GEN2_OK rax=0x0000000000000000
[LOADER][TRACE] Import#1035: libc:__cxa_atexit (tsvEmnenz48)
[LOADER][TRACE] ImportCtx#1035: nid=tsvEmnenz48 ret=0x0000000800F9C560 rdi=0x0000000800F9C9B0 rsi=0x0000000801EB9798 rdx=0x0000000801DCC000 rcx=0x0000000000000018
[LOADER][TRACE] ImportNV#1035: rbx=0x0000000801DCC000 rbp=0x00006FFFF01FFF30 r12=0x0000000000000000 r13=0x00007F7CF4000C58 r14=0x0000000000000001 r15=0x0000000801C29660
[LOADER][TRACE] ImportStackHead#1035: rsp=0x00006FFFF01FFF08 [0]=0x0000000800F9C560 [20]=0x00006FFFF01FFFA8 [40]=0x0000000000000001
[LOADER][TRACE] ImportStack#1035: rsp=0x00006FFFF01FFF08 [0]=0x0000000800F9C560 [8]=0x0000000801D1BDC8 [10]=0x0000000000000000 [18]=0x0000000000000001 [20]=0x00006FFFF01FFFA8 [28]=0x00006FFFF01FFF50 [30]=0x0000000800000064 [38]=0x00006FFDD0000000 [40]=0x0000000000000001
[LOADER][TRACE] ImportRet#1035: nid=tsvEmnenz48 result=ORBIS_GEN2_OK rax=0x0000000000000000
[LOADER][TRACE] Import#1036: libc:__cxa_atexit (tsvEmnenz48)
[LOADER][TRACE] ImportCtx#1036: nid=tsvEmnenz48 ret=0x0000000800F9C62C rdi=0x00000008007C3880 rsi=0x0000000801EB97C0 rdx=0x0000000801DCC000 rcx=0x0000000000000000
[LOADER][TRACE] ImportNV#1036: rbx=0x0000000801EB97C0 rbp=0x00006FFFF01FFF30 r12=0x0000000800F9CA60 r13=0x00007F7CF4000C58 r14=0x0000000800F9CA40 r15=0x0000000801C29660
[LOADER][TRACE] ImportStackHead#1036: rsp=0x00006FFFF01FFF08 [0]=0x0000000800F9C62C [20]=0x00006FFFF01FFFA8 [40]=0x0000000000000001
[LOADER][TRACE] ImportStack#1036: rsp=0x00006FFFF01FFF08 [0]=0x0000000800F9C62C [8]=0x0000000801D1BDC8 [10]=0x0000000000000000 [18]=0x0000000000000001 [20]=0x00006FFFF01FFFA8 [28]=0x00006FFFF01FFF50 [30]=0x0000000800000064 [38]=0x00006FFDD0000000 [40]=0x0000000000000001
[LOADER][TRACE] ImportRet#1036: nid=tsvEmnenz48 result=ORBIS_GEN2_OK rax=0x0000000000000000
[LOADER][TRACE] Import#1037: libc:__cxa_atexit (tsvEmnenz48)
[LOADER][TRACE] ImportCtx#1037: nid=tsvEmnenz48 ret=0x0000000800F9C6ED rdi=0x00000008007C3880 rsi=0x0000000801EB98C0 rdx=0x0000000801DCC000 rcx=0x0000000000000000
[LOADER][TRACE] ImportNV#1037: rbx=0x0000000801DCC000 rbp=0x00006FFFF01FFF30 r12=0x0000000800F9CA60 r13=0x00007F7CF4000C58 r14=0x0000000801EB98C0 r15=0x0000000801C29660
[LOADER][TRACE] ImportStackHead#1037: rsp=0x00006FFFF01FFF08 [0]=0x0000000800F9C6ED [20]=0x00006FFFF01FFFA8 [40]=0x0000000000000001
[LOADER][TRACE] ImportStack#1037: rsp=0x00006FFFF01FFF08 [0]=0x0000000800F9C6ED [8]=0x0000000801D1BDC8 [10]=0x0000000000000000 [18]=0x0000000000000001 [20]=0x00006FFFF01FFFA8 [28]=0x00006FFFF01FFF50 [30]=0x0000000800000064 [38]=0x00006FFDD0000000 [40]=0x0000000000000001
[LOADER][TRACE] ImportRet#1037: nid=tsvEmnenz48 result=ORBIS_GEN2_OK rax=0x0000000000000000
[LOADER][TRACE] Import#1038: libc:__cxa_atexit (tsvEmnenz48)
[LOADER][TRACE] ImportCtx#1038: nid=tsvEmnenz48 ret=0x0000000800F9C728 rdi=0x0000000800461000 rsi=0x0000000801EB99C0 rdx=0x0000000801DCC000 rcx=0x0000000000000000
[LOADER][TRACE] ImportNV#1038: rbx=0x0000000801DCC000 rbp=0x00006FFFF01FFF30 r12=0x0000000800F9CA60 r13=0x00007F7CF4000C58 r14=0x0000000801EB98C0 r15=0x0000000801C29660
[LOADER][TRACE] ImportStackHead#1038: rsp=0x00006FFFF01FFF08 [0]=0x0000000800F9C728 [20]=0x00006FFFF01FFFA8 [40]=0x0000000000000001
[LOADER][TRACE] ImportStack#1038: rsp=0x00006FFFF01FFF08 [0]=0x0000000800F9C728 [8]=0x0000000801D1BDC8 [10]=0x0000000000000000 [18]=0x0000000000000001 [20]=0x00006FFFF01FFFA8 [28]=0x00006FFFF01FFF50 [30]=0x0000000800000064 [38]=0x00006FFDD0000000 [40]=0x0000000000000001
[LOADER][TRACE] ImportRet#1038: nid=tsvEmnenz48 result=ORBIS_GEN2_OK rax=0x0000000000000000
[LOADER][TRACE] Import#1039: libc:__cxa_atexit (tsvEmnenz48)
[LOADER][TRACE] ImportCtx#1039: nid=tsvEmnenz48 ret=0x0000000800F9C763 rdi=0x0000000800461000 rsi=0x0000000801EB99E0 rdx=0x0000000801DCC000 rcx=0x0000000000000000
[LOADER][TRACE] ImportNV#1039: rbx=0x0000000801DCC000 rbp=0x00006FFFF01FFF30 r12=0x0000000800F9CA60 r13=0x00007F7CF4000C58 r14=0x0000000801EB98C0 r15=0x0000000801C29660
[LOADER][TRACE] ImportStackHead#1039: rsp=0x00006FFFF01FFF08 [0]=0x0000000800F9C763 [20]=0x00006FFFF01FFFA8 [40]=0x0000000000000001
[LOADER][TRACE] ImportStack#1039: rsp=0x00006FFFF01FFF08 [0]=0x0000000800F9C763 [8]=0x0000000801D1BDC8 [10]=0x0000000000000000 [18]=0x0000000000000001 [20]=0x00006FFFF01FFFA8 [28]=0x00006FFFF01FFF50 [30]=0x0000000800000064 [38]=0x00006FFDD0000000 [40]=0x0000000000000001
[LOADER][TRACE] ImportRet#1039: nid=tsvEmnenz48 result=ORBIS_GEN2_OK rax=0x0000000000000000
[LOADER][TRACE] Import#1040: libc:__cxa_atexit (tsvEmnenz48)
[LOADER][TRACE] ImportCtx#1040: nid=tsvEmnenz48 ret=0x0000000800F9C79E rdi=0x0000000800461000 rsi=0x0000000801EB9A00 rdx=0x0000000801DCC000 rcx=0x0000000000000000
[LOADER][TRACE] ImportNV#1040: rbx=0x0000000801DCC000 rbp=0x00006FFFF01FFF30 r12=0x0000000800F9CA60 r13=0x00007F7CF4000C58 r14=0x0000000801EB98C0 r15=0x0000000801C29660
[LOADER][TRACE] ImportStackHead#1040: rsp=0x00006FFFF01FFF08 [0]=0x0000000800F9C79E [20]=0x00006FFFF01FFFA8 [40]=0x0000000000000001
[LOADER][TRACE] ImportStack#1040: rsp=0x00006FFFF01FFF08 [0]=0x0000000800F9C79E [8]=0x0000000801D1BDC8 [10]=0x0000000000000000 [18]=0x0000000000000001 [20]=0x00006FFFF01FFFA8 [28]=0x00006FFFF01FFF50 [30]=0x0000000800000064 [38]=0x00006FFDD0000000 [40]=0x0000000000000001
[LOADER][TRACE] ImportRet#1040: nid=tsvEmnenz48 result=ORBIS_GEN2_OK rax=0x0000000000000000
[LOADER][TRACE] Import#1041: libc:__cxa_atexit (tsvEmnenz48)
[LOADER][TRACE] Import#1042: libc:__cxa_atexit (tsvEmnenz48)
[LOADER][TRACE] Import#1043: libc:__cxa_atexit (tsvEmnenz48)
[LOADER][TRACE] Import#1044: libc:__cxa_atexit (tsvEmnenz48)
[LOADER][TRACE] Import#1045: libc:__cxa_atexit (tsvEmnenz48)
[LOADER][TRACE] Import#1046: libc:__cxa_atexit (tsvEmnenz48)
[LOADER][TRACE] Import#1047: libc:__cxa_atexit (tsvEmnenz48)
[LOADER][TRACE] Import#1048: libc:__cxa_atexit (tsvEmnenz48)
[LOADER][TRACE] Import#1049: libc:__cxa_atexit (tsvEmnenz48)
[LOADER][TRACE] Import#1050: libc:__cxa_atexit (tsvEmnenz48)
[LOADER][TRACE] Import#1051: libc:__cxa_atexit (tsvEmnenz48)
[LOADER][TRACE] Import#1052: libc:__cxa_atexit (tsvEmnenz48)
[LOADER][TRACE] Import#1053: libc:__cxa_atexit (tsvEmnenz48)
[LOADER][TRACE] Import#1054: libc:__cxa_atexit (tsvEmnenz48)
[LOADER][TRACE] Import#1055: libc:__cxa_atexit (tsvEmnenz48)
[LOADER][TRACE] Import#1056: libc:__cxa_atexit (tsvEmnenz48)
[LOADER][TRACE] Import#1057: libc:__cxa_atexit (tsvEmnenz48)
[LOADER][TRACE] Import#1058: libc:__cxa_atexit (tsvEmnenz48)
[LOADER][TRACE] Import#1059: libc:__cxa_atexit (tsvEmnenz48)
[LOADER][TRACE] Import#1060: libc:__cxa_atexit (tsvEmnenz48)
[LOADER][TRACE] Import#1061: libc:__cxa_atexit (tsvEmnenz48)
[LOADER][TRACE] Import#1062: libc:__cxa_atexit (tsvEmnenz48)
[LOADER][TRACE] Import#1063: libc:__cxa_atexit (tsvEmnenz48)
[LOADER][TRACE] Import#1064: libc:__cxa_atexit (tsvEmnenz48)
[LOADER][TRACE] Import#1065: libc:__cxa_atexit (tsvEmnenz48)
[LOADER][TRACE] Import#1066: libc:__cxa_atexit (tsvEmnenz48)
[LOADER][TRACE] Import#1067: libc:__cxa_atexit (tsvEmnenz48)
[LOADER][TRACE] Import#1068: libc:__cxa_atexit (tsvEmnenz48)
[LOADER][TRACE] Import#1069: libc:__cxa_atexit (tsvEmnenz48)
[LOADER][TRACE] Import#1070: libc:__cxa_atexit (tsvEmnenz48)
[LOADER][TRACE] Import#1071: libc:__cxa_atexit (tsvEmnenz48)
[LOADER][TRACE] Import#1072: libc:__cxa_atexit (tsvEmnenz48)
[LOADER][TRACE] Import#1073: libc:__cxa_atexit (tsvEmnenz48)
[LOADER][TRACE] Import#1074: libc:__cxa_atexit (tsvEmnenz48)
[LOADER][TRACE] Import#1075: libc:__cxa_atexit (tsvEmnenz48)
[LOADER][TRACE] Import#1076: libc:__cxa_atexit (tsvEmnenz48)
[LOADER][TRACE] Import#1077: libc:__cxa_atexit (tsvEmnenz48)
[LOADER][TRACE] Import#1078: libc:__cxa_atexit (tsvEmnenz48)
[LOADER][TRACE] Import#1079: libc:__cxa_atexit (tsvEmnenz48)
[LOADER][TRACE] Import#1080: libc:__cxa_atexit (tsvEmnenz48)
[LOADER][TRACE] Import#1081: libc:__cxa_atexit (tsvEmnenz48)
[LOADER][TRACE] Import#1082: libc:__cxa_atexit (tsvEmnenz48)
[LOADER][TRACE] Import#1083: libc:__cxa_atexit (tsvEmnenz48)
[LOADER][TRACE] Import#1084: libc:__cxa_atexit (tsvEmnenz48)
[LOADER][TRACE] Import#1085: libc:__cxa_atexit (tsvEmnenz48)
[LOADER][TRACE] Import#1086: libc:__cxa_atexit (tsvEmnenz48)
[LOADER][TRACE] Import#1087: libc:__cxa_atexit (tsvEmnenz48)
[LOADER][TRACE] Import#1088: libc:__cxa_atexit (tsvEmnenz48)
[LOADER][TRACE] Import#1089: libc:__cxa_atexit (tsvEmnenz48)
[LOADER][TRACE] Import#1090: libc:__cxa_atexit (tsvEmnenz48)
[LOADER][TRACE] Import#1091: libc:__cxa_atexit (tsvEmnenz48)
[LOADER][TRACE] Import#1092: libc:__cxa_atexit (tsvEmnenz48)
[LOADER][TRACE] Import#1093: libc:__cxa_atexit (tsvEmnenz48)
[LOADER][TRACE] Import#1094: libc:__cxa_atexit (tsvEmnenz48)
[LOADER][TRACE] Import#1095: libc:__cxa_atexit (tsvEmnenz48)
[LOADER][TRACE] Import#1096: libc:__cxa_atexit (tsvEmnenz48)
[LOADER][TRACE] Import#1097: libc:__cxa_atexit (tsvEmnenz48)
[LOADER][TRACE] Import#1098: libc:__cxa_atexit (tsvEmnenz48)
[LOADER][TRACE] Import#1099: libc:__cxa_atexit (tsvEmnenz48)
[LOADER][TRACE] Import#1100: libc:__cxa_atexit (tsvEmnenz48)
[LOADER][TRACE] Import#1101: libc:__cxa_atexit (tsvEmnenz48)
[LOADER][TRACE] Import#1102: libc:__cxa_atexit (tsvEmnenz48)
[LOADER][TRACE] Import#1103: libc:__cxa_atexit (tsvEmnenz48)
[LOADER][TRACE] Import#1104: libc:__cxa_atexit (tsvEmnenz48)
[LOADER][TRACE] Import#1105: libc:__cxa_atexit (tsvEmnenz48)
[LOADER][TRACE] Import#1106: libc:__cxa_atexit (tsvEmnenz48)
[LOADER][TRACE] Import#1107: libc:__cxa_atexit (tsvEmnenz48)
[LOADER][TRACE] Import#1108: libc:__cxa_atexit (tsvEmnenz48)
[LOADER][TRACE] Import#1109: libc:__cxa_atexit (tsvEmnenz48)
[LOADER][TRACE] Import#1110: libc:__cxa_atexit (tsvEmnenz48)
[LOADER][TRACE] Import#1111: libc:__cxa_atexit (tsvEmnenz48)
[LOADER][TRACE] Import#1112: libc:__cxa_atexit (tsvEmnenz48)
[LOADER][TRACE] Import#1113: libc:__cxa_atexit (tsvEmnenz48)
[LOADER][TRACE] Import#1114: libc:__cxa_atexit (tsvEmnenz48)
[LOADER][TRACE] Import#1115: libc:__cxa_atexit (tsvEmnenz48)
[LOADER][TRACE] Import#1116: libc:__cxa_atexit (tsvEmnenz48)
[LOADER][TRACE] Import#1117: libc:__cxa_atexit (tsvEmnenz48)
[LOADER][TRACE] Import#1118: libc:__cxa_atexit (tsvEmnenz48)
[LOADER][TRACE] Import#1119: libc:__cxa_atexit (tsvEmnenz48)
[LOADER][TRACE] Import#1120: libc:__cxa_atexit (tsvEmnenz48)
[LOADER][TRACE] Import#1121: libc:__cxa_atexit (tsvEmnenz48)
[LOADER][TRACE] Import#1122: libc:__cxa_atexit (tsvEmnenz48)
[LOADER][TRACE] Import#1123: libc:__cxa_atexit (tsvEmnenz48)
[LOADER][TRACE] Import#1124: libc:__cxa_atexit (tsvEmnenz48)
[LOADER][TRACE] Import#1125: libc:_ZSt13_Execute_onceRSt9once_flagPFiPvS1_PS1_ES1_ (DiGVep5yB5w)
[EXECUTE_ONCE] flag=0x0000000801E50D90 callback=0x00000008007DEE60 arg=0x00006FFFF01FFE18 current_value=0 thread=0x0000000000000000
[EXECUTE_ONCE-G2] BEFORE: RAX=0x00007F814D8A4000 RBX=0x0000000000000058 R12=0x0000000000000000 R13=0x00007F7CF4000C58 R14=0x0000000801EC1270 R15=0x00007F7CF4EBC130 RBP=0x00006FFFF01FFE50 RSP=0x00006FFFF01FFDF8
[LOADER][TRACE] Import#1126: libc:__cxa_decrement_exception_refcount (MQFPAqQPt1s)
[LOADER][TRACE] posix-signal#1: sig=11 rip=0x00000008007E17C5 fault=0x0000000000001836 access=0 rsp=0x00006FFFF01FFA50
[UNMAPPED] #1 READ rip=0x00000008007E17C5 fault=0x0000000000001836 instr='cmp byte ptr [rdi+1836h],0' len=7
  RAX=0xC0DEC0DECAFEBA00 RBX=0x0000000000000058 RCX=0x0000000000000058 RDX=0x0000000000010068
  RSI=0x0000000000000058 RDI=0x0000000000000000 R8=0x0000000000000000 R9=0x0000000801BD49F0
  R10=0x0000000001112478 R11=0x00007F80D0992398 R12=0x0000000000000000 R13=0x0000000000000010
  R14=0x0000000000000000 R15=0x000000000000000C RBP=0x00006FFFF01FFDF0 RSP=0x00006FFFF01FFA50
  thread=0x0000000000000000 name='?'
[LOADER][TRACE] posix-signal#1: recovered=True new_rip=0x00000008007E17CC
[LOADER][TRACE] posix-signal#2: sig=11 rip=0x00000008007E18FC fault=0x0000000000001837 access=0 rsp=0x00006FFFF01FFA50
[UNMAPPED] #2 READ rip=0x00000008007E18FC fault=0x0000000000001837 instr='cmp byte ptr [r12+1837h],0' len=9
  RAX=0x000000000000000C RBX=0x0000000000000058 RCX=0x0000000000001A00 RDX=0x0000000000010068
  RSI=0x0000000000000058 RDI=0x0000000000000000 R8=0x0000000000000000 R9=0x0000000801BD49F0
  R10=0x0000000001112478 R11=0x00007F80D0992398 R12=0x0000000000000000 R13=0x0000000000000010
  R14=0x0000000000000000 R15=0x000000000000000C RBP=0x00006FFFF01FFDF0 RSP=0x00006FFFF01FFA50
  thread=0x0000000000000000 name='?'
[LOADER][TRACE] posix-signal#2: recovered=True new_rip=0x00000008007E1905
[LOADER][TRACE] posix-signal#3: sig=11 rip=0x00000008007E1915 fault=0x0000000000001868 access=0 rsp=0x00006FFFF01FFA50
[UNMAPPED] #3 READ rip=0x00000008007E1915 fault=0x0000000000001868 instr='mov rbx,[rcx]' len=3
  RAX=0x000000000000000C RBX=0x0000000000000000 RCX=0x0000000000001868 RDX=0x0000000000010068
  RSI=0x0000000000000058 RDI=0x0000000000000000 R8=0x0000000000000000 R9=0x0000000801BD49F0
  R10=0x0000000001112478 R11=0x00007F80D0992398 R12=0x0000000000000000 R13=0x000000000000000C
  R14=0x0000000000000000 R15=0x000000000000000C RBP=0x00006FFFF01FFDF0 RSP=0x00006FFFF01FFA50
  thread=0x0000000000000000 name='?'
[LOADER][TRACE] posix-signal#3: recovered=True new_rip=0x00000008007E1918
[LOADER][TRACE] posix-signal#4: sig=11 rip=0x00000008007E19C0 fault=0x0000000000000000 access=0 rsp=0x00006FFFF01FFA50
[UNMAPPED] #4 READ rip=0x00000008007E19C0 fault=0x0000000000000000 instr='mov rax,[rbx]' len=3
  RAX=0x0000000000000000 RBX=0x0000000000000000 RCX=0x0000000000001868 RDX=0x0000000000010068
  RSI=0x0000000000000058 RDI=0x0000000000000000 R8=0x0000000000000000 R9=0x0000000801BD49F0
  R10=0x0000000001112478 R11=0x00007F80D0992398 R12=0x0000000000000000 R13=0x000000000000000C
  R14=0x0000000000000000 R15=0x000000000000000C RBP=0x00006FFFF01FFDF0 RSP=0x00006FFFF01FFA50
  thread=0x0000000000000000 name='?'
[LOADER][TRACE] posix-signal#4: recovered=True new_rip=0x00000008007E19C3
[LOADER][TRACE] posix-signal#5: sig=11 rip=0x00000008007E19D4 fault=0x0000000000000010 access=0 rsp=0x00006FFFF01FFA50
[UNMAPPED] #5 READ rip=0x00000008007E19D4 fault=0x0000000000000010 instr='call qword ptr [rax+10h]' len=3
  RAX=0x0000000000000000 RBX=0x0000000000000000 RCX=0x0000000000001868 RDX=0x0000000000000010
  RSI=0x0000000000000058 RDI=0x0000000000000000 R8=0x0000000000000000 R9=0x0000000801BD49F0
  R10=0x0000000001112478 R11=0x00007F80D0992398 R12=0x0000000000000000 R13=0x000000000000000C
  R14=0x0000000000000000 R15=0x000000000000000C RBP=0x00006FFFF01FFDF0 RSP=0x00006FFFF01FFA50
  thread=0x0000000000000000 name='?'
[LOADER][TRACE] posix-signal#5: recovered=True new_rip=0x00000008007E19D7
[LOADER][TRACE] posix-signal#6: sig=11 rip=0x00000008007E1A14 fault=0x000000000000334C access=0 rsp=0x00006FFFF01FFA50
[LOADER][TRACE] posix-signal#6: recovered=True new_rip=0x00000008007E1A1A
[LOADER][TRACE] Import#1128: libc:memalign (Ujf3KzMvRmI)
[LOADER][TRACE] Import#1129: libc:_ZSt13_Execute_onceRSt9once_flagPFiPvS1_PS1_ES1_ (DiGVep5yB5w)
[LOADER][TRACE] Import#1130: libc:__cxa_decrement_exception_refcount (MQFPAqQPt1s)
[LOADER][WARN] Import#1131 result: ORBIS_GEN2_ERROR_MEMORY_FAULT (Q2V+iqvjgC0) rdi=0x00007F7CF4F3C6E0 rsi=0x0000000000008000 rdx=0x0000000801B106D2 rcx=0x00006FFFF01FF9F0 r8=0x0000003000000018 r9=0x0000000801BFD57F ret=0x0000000800B85A36
[LOADER][TRACE] Import#1133: libKernel:scePthreadMutexLock (9UK1vLZQft4)
[LOADER][TRACE] Import#1135: libc:_ZSt13_Execute_onceRSt9once_flagPFiPvS1_PS1_ES1_ (DiGVep5yB5w)
[LOADER][TRACE] Import#1136: libc:__cxa_decrement_exception_refcount (MQFPAqQPt1s)
[LOADER][TRACE] posix-signal#7: sig=11 rip=0x00000008007E17C5 fault=0x0000000000001836 access=0 rsp=0x00006FFFF01FF3C0
[LOADER][TRACE] posix-signal#7: recovered=True new_rip=0x00000008007E17CC
[LOADER][TRACE] posix-signal#8: sig=11 rip=0x00000008007E185A fault=0x0000000000001840 access=0 rsp=0x00006FFFF01FF3C0
[LOADER][TRACE] posix-signal#8: recovered=True new_rip=0x00000008007E1863
[LOADER][TRACE] posix-signal#9: sig=11 rip=0x00000008007E189B fault=0x0000000000001838 access=0 rsp=0x00006FFFF01FF3C0
[LOADER][TRACE] posix-signal#9: recovered=True new_rip=0x00000008007E18A3
[LOADER][TRACE] posix-signal#10: sig=11 rip=0x00000008007E18A3 fault=0x0000000000000000 access=0 rsp=0x00006FFFF01FF3C0
[LOADER][TRACE] posix-signal#10: recovered=True new_rip=0x00000008007E18A6
[LOADER][TRACE] posix-signal#11: sig=11 rip=0x00000008007E18A6 fault=0x0000000000000040 access=0 rsp=0x00006FFFF01FF3C0
[LOADER][TRACE] posix-signal#11: recovered=True new_rip=0x00000008007E18A9
[LOADER][TRACE] posix-signal#12: sig=11 rip=0x00000008007E18D0 fault=0x0000000000001836 access=0 rsp=0x00006FFFF01FF3C0
[LOADER][TRACE] posix-signal#12: recovered=True new_rip=0x00000008007E18D9
[LOADER][TRACE] posix-signal#13: sig=11 rip=0x00000008007E18D9 fault=0x0000000000003244 access=0 rsp=0x00006FFFF01FF3C0
[LOADER][TRACE] posix-signal#13: recovered=True new_rip=0x00000008007E18DC
[LOADER][TRACE] posix-signal#14: sig=11 rip=0x00000008007E1A6C fault=0x0000000000001850 access=0 rsp=0x00006FFFF01FF3C0
[LOADER][TRACE] posix-signal#14: recovered=True new_rip=0x00000008007E1A74
[LOADER][TRACE] posix-signal#15: sig=11 rip=0x00000008007E1A7B fault=0x0000000000000000 access=0 rsp=0x00006FFFF01FF3C0
[LOADER][TRACE] posix-signal#15: recovered=True new_rip=0x00000008007E1A7E
[LOADER][TRACE] posix-signal#16: sig=11 rip=0x00000008007E1A7E fault=0x0000000000000010 access=0 rsp=0x00006FFFF01FF3C0
[LOADER][TRACE] posix-signal#16: recovered=True new_rip=0x00000008007E1A82
[EXP-024-T4] NULL fault #1: rsp=0x00006FFFF01FF768 rbp=0x00006FFFF01FF7E0 return_addr=0x00000008007E21DF caller_module=eboot.bin
[LOADER][WARN] NULL execute fault recovered #1
[LOADER][TRACE] Import#1138: libc:_ZSt13_Execute_onceRSt9once_flagPFiPvS1_PS1_ES1_ (DiGVep5yB5w)
[LOADER][TRACE] Import#1139: libc:__cxa_decrement_exception_refcount (MQFPAqQPt1s)
[EXP-024-T4] NULL fault #2: rsp=0x00006FFFF01FF628 rbp=0x00006FFFF01FF720 return_addr=0x00000008007E2999 caller_module=eboot.bin
[LOADER][WARN] NULL execute fault recovered #2
[LOADER][TRACE] Import#1141: libc:_ZSt13_Execute_onceRSt9once_flagPFiPvS1_PS1_ES1_ (DiGVep5yB5w)
[LOADER][TRACE] Import#1142: libc:__cxa_decrement_exception_refcount (MQFPAqQPt1s)
[LOADER][TRACE] Import#1143: libc:free (tIhsqj0qsFE)
[LOADER][TRACE] Import#1144: libc:__cxa_atexit (tsvEmnenz48)
[LOADER][TRACE] Import#1145: libc:__cxa_atexit (tsvEmnenz48)
[LOADER][TRACE] Import#1146: libc:__cxa_atexit (tsvEmnenz48)
[LOADER][TRACE] Import#1147: libc:__cxa_atexit (tsvEmnenz48)
[LOADER][TRACE] Import#1148: libc:__cxa_atexit (tsvEmnenz48)
[LOADER][TRACE] Import#1149: libc:__cxa_atexit (tsvEmnenz48)
[LOADER][TRACE] Import#1150: libc:__cxa_atexit (tsvEmnenz48)
[LOADER][TRACE] Import#1151: libc:__cxa_atexit (tsvEmnenz48)
[LOADER][TRACE] Import#1152: libc:__cxa_atexit (tsvEmnenz48)
[LOADER][TRACE] Import#1153: libc:__cxa_atexit (tsvEmnenz48)
[LOADER][TRACE] Import#1154: libc:__cxa_atexit (tsvEmnenz48)
[LOADER][TRACE] Import#1155: libc:__cxa_atexit (tsvEmnenz48)
[LOADER][TRACE] Import#1156: libc:__cxa_atexit (tsvEmnenz48)
[LOADER][TRACE] Import#1157: libc:__cxa_atexit (tsvEmnenz48)
[LOADER][TRACE] Import#1158: libc:__cxa_atexit (tsvEmnenz48)
[LOADER][TRACE] Import#1159: libc:__cxa_atexit (tsvEmnenz48)
[LOADER][TRACE] Import#1160: libc:__cxa_atexit (tsvEmnenz48)
[LOADER][TRACE] Import#1161: libc:__cxa_atexit (tsvEmnenz48)
[LOADER][TRACE] Import#1162: libc:__cxa_atexit (tsvEmnenz48)
[LOADER][TRACE] Import#1163: libc:__cxa_atexit (tsvEmnenz48)
[LOADER][TRACE] Import#1164: libc:__cxa_atexit (tsvEmnenz48)
[LOADER][TRACE] Import#1165: libc:__cxa_atexit (tsvEmnenz48)
[LOADER][TRACE] Import#1166: libc:__cxa_atexit (tsvEmnenz48)
[LOADER][TRACE] Import#1167: libc:__cxa_atexit (tsvEmnenz48)
[LOADER][TRACE] Import#1168: libc:__cxa_atexit (tsvEmnenz48)
[LOADER][TRACE] Import#1169: libc:__cxa_atexit (tsvEmnenz48)
[LOADER][TRACE] Import#1170: libc:__cxa_atexit (tsvEmnenz48)
[LOADER][TRACE] Import#1171: libc:__cxa_atexit (tsvEmnenz48)
[LOADER][TRACE] Import#1172: libc:_ZSt13_Execute_onceRSt9once_flagPFiPvS1_PS1_ES1_ (DiGVep5yB5w)
[LOADER][TRACE] Import#1173: libc:__cxa_decrement_exception_refcount (MQFPAqQPt1s)
[LOADER][TRACE] Import#1175: libc:memalign (Ujf3KzMvRmI)
[LOADER][TRACE] Import#1176: libc:_ZSt13_Execute_onceRSt9once_flagPFiPvS1_PS1_ES1_ (DiGVep5yB5w)
[LOADER][TRACE] Import#1177: libc:__cxa_decrement_exception_refcount (MQFPAqQPt1s)
[LOADER][WARN] Import#1178 result: ORBIS_GEN2_ERROR_MEMORY_FAULT (Q2V+iqvjgC0) rdi=0x00007F7CF4F3C6E0 rsi=0x0000000000008000 rdx=0x0000000801B106D2 rcx=0x00006FFFF01FF9A0 r8=0x0000003000000018 r9=0x0000000801B700B8 ret=0x0000000800B85A36
[LOADER][TRACE] Import#1180: libKernel:scePthreadMutexLock (9UK1vLZQft4)
[LOADER][TRACE] Import#1182: libc:_ZSt13_Execute_onceRSt9once_flagPFiPvS1_PS1_ES1_ (DiGVep5yB5w)
[LOADER][TRACE] Import#1183: libc:__cxa_decrement_exception_refcount (MQFPAqQPt1s)
[EXP-024-T4] NULL fault #3: rsp=0x00006FFFF01FF718 rbp=0x00006FFFF01FF790 return_addr=0x00000008007E21DF caller_module=eboot.bin
[LOADER][WARN] NULL execute fault recovered #3
[LOADER][TRACE] Import#1185: libc:_ZSt13_Execute_onceRSt9once_flagPFiPvS1_PS1_ES1_ (DiGVep5yB5w)
[LOADER][TRACE] Import#1186: libc:__cxa_decrement_exception_refcount (MQFPAqQPt1s)
[EXP-024-T4] NULL fault #4: rsp=0x00006FFFF01FF5D8 rbp=0x00006FFFF01FF6D0 return_addr=0x00000008007E2999 caller_module=eboot.bin
[LOADER][WARN] NULL execute fault recovered #4
[LOADER][TRACE] Import#1188: libc:_ZSt13_Execute_onceRSt9once_flagPFiPvS1_PS1_ES1_ (DiGVep5yB5w)
[LOADER][TRACE] Import#1189: libc:__cxa_decrement_exception_refcount (MQFPAqQPt1s)
[LOADER][TRACE] Import#1190: libc:free (tIhsqj0qsFE)
[LOADER][TRACE] Import#1191: libc:_ZSt13_Execute_onceRSt9once_flagPFiPvS1_PS1_ES1_ (DiGVep5yB5w)
[LOADER][TRACE] Import#1192: libc:__cxa_decrement_exception_refcount (MQFPAqQPt1s)
[EXP-024-T4] NULL fault #5: rsp=0x00006FFFF01FFC68 rbp=0x00006FFFF01FFD60 return_addr=0x00000008007E2999 caller_module=eboot.bin
[LOADER][WARN] NULL execute fault recovered #5
[LOADER][WARN] Unmapped read recovery #100: rip=0x000000080045CC63 fault=0x0000000000000020 instr='cmp byte ptr [rbx+20h],1' len=4
[LOADER][TRACE] Import#1194: libc:_ZSt13_Execute_onceRSt9once_flagPFiPvS1_PS1_ES1_ (DiGVep5yB5w)
[LOADER][TRACE] Import#1195: libc:__cxa_decrement_exception_refcount (MQFPAqQPt1s)
[EXP-024-T4] NULL fault #6: rsp=0x00006FFFF01FFC68 rbp=0x00006FFFF01FFD60 return_addr=0x00000008007E2999 caller_module=eboot.bin
[LOADER][TRACE] Import#1197: libc:_ZSt13_Execute_onceRSt9once_flagPFiPvS1_PS1_ES1_ (DiGVep5yB5w)
[LOADER][TRACE] Import#1198: libc:__cxa_decrement_exception_refcount (MQFPAqQPt1s)
[EXP-024-T4] NULL fault #7: rsp=0x00006FFFF01FFC68 rbp=0x00006FFFF01FFD60 return_addr=0x00000008007E2999 caller_module=eboot.bin
[LOADER][TRACE] Import#1200: libc:_ZSt13_Execute_onceRSt9once_flagPFiPvS1_PS1_ES1_ (DiGVep5yB5w)
[LOADER][TRACE] Import#1201: libc:__cxa_decrement_exception_refcount (MQFPAqQPt1s)
[EXP-024-T4] NULL fault #8: rsp=0x00006FFFF01FFC68 rbp=0x00006FFFF01FFD60 return_addr=0x00000008007E2999 caller_module=eboot.bin
[LOADER][WARN] Unmapped write recovery #200: rip=0x000000080045CC73 fault=0x0000000000000088 instr='mov [rbx+10h],r14' len=4
[LOADER][TRACE] Import#1203: libc:__cxa_atexit (tsvEmnenz48)
[LOADER][TRACE] Import#1204: libc:_ZSt13_Execute_onceRSt9once_flagPFiPvS1_PS1_ES1_ (DiGVep5yB5w)
[LOADER][TRACE] Import#1205: libc:__cxa_decrement_exception_refcount (MQFPAqQPt1s)
[LOADER][TRACE] Import#1207: libc:memalign (Ujf3KzMvRmI)
[LOADER][TRACE] Import#1208: libc:_ZSt13_Execute_onceRSt9once_flagPFiPvS1_PS1_ES1_ (DiGVep5yB5w)
[LOADER][TRACE] Import#1209: libc:__cxa_decrement_exception_refcount (MQFPAqQPt1s)
[LOADER][WARN] Import#1210 result: ORBIS_GEN2_ERROR_MEMORY_FAULT (Q2V+iqvjgC0) rdi=0x00007F7CF4F3C6E0 rsi=0x0000000000008000 rdx=0x0000000801B106D2 rcx=0x00006FFFF01FF9A0 r8=0x0000003000000018 r9=0x0000000801B700B8 ret=0x0000000800B85A36
[LOADER][TRACE] Import#1212: libKernel:scePthreadMutexLock (9UK1vLZQft4)
[LOADER][TRACE] Import#1214: libc:_ZSt13_Execute_onceRSt9once_flagPFiPvS1_PS1_ES1_ (DiGVep5yB5w)
[LOADER][TRACE] Import#1215: libc:__cxa_decrement_exception_refcount (MQFPAqQPt1s)
[EXP-024-T4] NULL fault #9: rsp=0x00006FFFF01FF718 rbp=0x00006FFFF01FF790 return_addr=0x00000008007E21DF caller_module=eboot.bin
[LOADER][TRACE] Import#1217: libc:_ZSt13_Execute_onceRSt9once_flagPFiPvS1_PS1_ES1_ (DiGVep5yB5w)
[LOADER][TRACE] Import#1218: libc:__cxa_decrement_exception_refcount (MQFPAqQPt1s)
[EXP-024-T4] NULL fault #10: rsp=0x00006FFFF01FF5D8 rbp=0x00006FFFF01FF6D0 return_addr=0x00000008007E2999 caller_module=eboot.bin
[LOADER][TRACE] Import#1220: libc:_ZSt13_Execute_onceRSt9once_flagPFiPvS1_PS1_ES1_ (DiGVep5yB5w)
[LOADER][TRACE] Import#1221: libc:__cxa_decrement_exception_refcount (MQFPAqQPt1s)
[LOADER][TRACE] Import#1222: libc:free (tIhsqj0qsFE)
[LOADER][TRACE] Import#1223: libc:_ZSt13_Execute_onceRSt9once_flagPFiPvS1_PS1_ES1_ (DiGVep5yB5w)
[LOADER][TRACE] Import#1224: libc:__cxa_decrement_exception_refcount (MQFPAqQPt1s)
[LOADER][TRACE] Import#1226: libc:_ZSt13_Execute_onceRSt9once_flagPFiPvS1_PS1_ES1_ (DiGVep5yB5w)
[LOADER][TRACE] Import#1227: libc:__cxa_decrement_exception_refcount (MQFPAqQPt1s)
[LOADER][WARN] Unmapped write recovery #300: rip=0x00000008013E3C36 fault=0x0000000000000050 instr='mov byte ptr [rbx+50h],0' len=4
[LOADER][TRACE] Import#1229: libc:_ZSt13_Execute_onceRSt9once_flagPFiPvS1_PS1_ES1_ (DiGVep5yB5w)
[LOADER][TRACE] Import#1230: libc:__cxa_decrement_exception_refcount (MQFPAqQPt1s)
[LOADER][TRACE] Import#1232: libc:_ZSt13_Execute_onceRSt9once_flagPFiPvS1_PS1_ES1_ (DiGVep5yB5w)
[LOADER][TRACE] Import#1233: libc:__cxa_decrement_exception_refcount (MQFPAqQPt1s)
[LOADER][TRACE] Import#1235: libc:__cxa_atexit (tsvEmnenz48)
[LOADER][TRACE] Import#1236: libc:_ZSt13_Execute_onceRSt9once_flagPFiPvS1_PS1_ES1_ (DiGVep5yB5w)
[LOADER][TRACE] Import#1237: libc:__cxa_decrement_exception_refcount (MQFPAqQPt1s)
[LOADER][TRACE] Import#1239: libc:memalign (Ujf3KzMvRmI)
[LOADER][TRACE] Import#1240: libc:_ZSt13_Execute_onceRSt9once_flagPFiPvS1_PS1_ES1_ (DiGVep5yB5w)
[LOADER][TRACE] Import#1241: libc:__cxa_decrement_exception_refcount (MQFPAqQPt1s)
[LOADER][WARN] Import#1242 result: ORBIS_GEN2_ERROR_MEMORY_FAULT (Q2V+iqvjgC0) rdi=0x00007F7CF4F3C6E0 rsi=0x0000000000008000 rdx=0x0000000801B106D2 rcx=0x00006FFFF01FF9F0 r8=0x0000003000000018 r9=0x0000000801BFD57F ret=0x0000000800B85A36
[LOADER][TRACE] Import#1244: libKernel:scePthreadMutexLock (9UK1vLZQft4)
[LOADER][TRACE] Import#1246: libc:_ZSt13_Execute_onceRSt9once_flagPFiPvS1_PS1_ES1_ (DiGVep5yB5w)
[LOADER][TRACE] Import#1247: libc:__cxa_decrement_exception_refcount (MQFPAqQPt1s)
[LOADER][TRACE] Import#1249: libc:_ZSt13_Execute_onceRSt9once_flagPFiPvS1_PS1_ES1_ (DiGVep5yB5w)
[LOADER][TRACE] Import#1250: libc:__cxa_decrement_exception_refcount (MQFPAqQPt1s)
[LOADER][TRACE] Import#1252: libc:_ZSt13_Execute_onceRSt9once_flagPFiPvS1_PS1_ES1_ (DiGVep5yB5w)
[LOADER][TRACE] Import#1253: libc:__cxa_decrement_exception_refcount (MQFPAqQPt1s)
[LOADER][TRACE] Import#1254: libc:free (tIhsqj0qsFE)
[LOADER][TRACE] Import#1255: libc:__cxa_atexit (tsvEmnenz48)
[LOADER][TRACE] Import#1256: libc:__cxa_atexit (tsvEmnenz48)
[LOADER][TRACE] Import#1257: libc:__cxa_atexit (tsvEmnenz48)
[LOADER][TRACE] Import#1258: libc:__cxa_atexit (tsvEmnenz48)
[LOADER][TRACE] Import#1259: libc:__cxa_atexit (tsvEmnenz48)
[LOADER][TRACE] Import#1260: libc:__cxa_atexit (tsvEmnenz48)
[LOADER][TRACE] Import#1261: libc:malloc_stats_fast (KuOuD58hqn4)
[LOADER][TRACE] Import#1262: libKernel:sceKernelVirtualQuery (rVjRvHJ0X6c)
[LOADER][WARN] Import#1262 result: ORBIS_GEN2_ERROR_NOT_FOUND (rVjRvHJ0X6c) rdi=0x0000000000000000 rsi=0x0000000000000001 rdx=0x00006FFFF01FFEB8 rcx=0x0000000000000048 ret=0x00000008013EB4B2
[LOADER][TRACE] Import#1263: libKernel:sceKernelGetDirectMemorySize (pO96TwzOm5E)
[LOADER][TRACE] Import#1264: libKernel:sceKernelDirectMemoryQuery (BHouLQzh0X0)
[LOADER][WARN] Import#1264 result: ORBIS_GEN2_ERROR_NOT_FOUND (BHouLQzh0X0) rdi=0x0000000000000000 rsi=0x0000000000000001 rdx=0x00006FFFF01FFEB8 rcx=0x0000000000000018 ret=0x00000008013EB515
[LOADER][TRACE] Import#1265: libc:_ZSt13_Execute_onceRSt9once_flagPFiPvS1_PS1_ES1_ (DiGVep5yB5w)
[LOADER][TRACE] Import#1266: libc:__cxa_decrement_exception_refcount (MQFPAqQPt1s)
[LOADER][TRACE] Import#1267: libKernel:scePthreadMutexLock (9UK1vLZQft4)
[LOADER][WARN] Import#1267 result: ORBIS_GEN2_ERROR_NOT_FOUND (9UK1vLZQft4) rdi=0x0000000000004248 rsi=0x0000000801ED97E8 rdx=0x00006FFFF01FFF00 rcx=0x0000000801CE7C88 ret=0x00000008007E3A48
[LOADER][TRACE] Import#1268: libc:printf (hcuQgD53UxM)
[DEBUG][PRINF] [SCE] scePthreadMutexLock(&m_Mutex) returned 0x80020002 in .\PlatformDependent/PS5/Source/Threads/PlatformMutex.cpp(48) : 
[LOADER][WARN] Unmapped read recovery #400: rip=0x00000008007E3B27 fault=0x0000000000044260 instr='movzx eax,word ptr [rbx+r15*8+44260h]' len=9
[LOADER][WARN] Import#1269 result: ORBIS_GEN2_ERROR_NOT_FOUND (tn3VlD0hG60) rdi=0x0000000000004248 rsi=0x0000000801B2B7FE rdx=0x0000000080020002 rcx=0x0000000801B7996D r8=0x0000000000000030 r9=0x0000000000000100 ret=0x00000008007E3B47
[LOADER][TRACE] Import#1270: libc:printf (hcuQgD53UxM)
[DEBUG][PRINF] [SCE] scePthreadMutexUnlock(&m_Mutex) returned 0x80020002 in .\PlatformDependent/PS5/Source/Threads/PlatformMutex.cpp(53) : 
[LOADER][TRACE] Import#1271: libc:__cxa_atexit (tsvEmnenz48)
[LOADER][TRACE] Import#1272: libc:__cxa_atexit (tsvEmnenz48)
[LOADER][TRACE] Import#1273: libKernel:scePthreadMutexattrInit (F8bUHwAG284)
[LOADER][TRACE] Import#1274: libKernel:scePthreadMutexattrSettype (iMp8QpE+XO4)
[LOADER][TRACE] Import#1275: libKernel:scePthreadMutexattrSetprotocol (1FGvU0i9saQ)
[LOADER][TRACE] Import#1276: libKernel:scePthreadMutexInit (cmo1RIYva9o)
[LOADER][TRACE] Import#1277: libKernel:scePthreadMutexattrDestroy (smWEktiyyG0)
[LOADER][TRACE] Import#1278: libc:__cxa_atexit (tsvEmnenz48)
[LOADER][TRACE] Import#1279: libc:__cxa_atexit (tsvEmnenz48)
[LOADER][TRACE] Import#1280: libc:__cxa_atexit (tsvEmnenz48)
[LOADER][TRACE] Import#1281: libc:_ZSt13_Execute_onceRSt9once_flagPFiPvS1_PS1_ES1_ (DiGVep5yB5w)
[LOADER][TRACE] Import#1282: libc:__cxa_decrement_exception_refcount (MQFPAqQPt1s)
[LOADER][TRACE] Import#1284: libc:memalign (Ujf3KzMvRmI)
[LOADER][TRACE] Import#1285: libc:_ZSt13_Execute_onceRSt9once_flagPFiPvS1_PS1_ES1_ (DiGVep5yB5w)
[LOADER][TRACE] Import#1286: libc:__cxa_decrement_exception_refcount (MQFPAqQPt1s)
[LOADER][WARN] Import#1287 result: ORBIS_GEN2_ERROR_MEMORY_FAULT (Q2V+iqvjgC0) rdi=0x00007F7CF4F3C6E0 rsi=0x0000000000008000 rdx=0x0000000801B106D2 rcx=0x00006FFFF01FFAB0 r8=0x0000003000000018 r9=0x0000000801BFD57F ret=0x0000000800B85A36
[LOADER][TRACE] Import#1289: libKernel:scePthreadMutexLock (9UK1vLZQft4)
[LOADER][TRACE] Import#1291: libc:_ZSt13_Execute_onceRSt9once_flagPFiPvS1_PS1_ES1_ (DiGVep5yB5w)
[LOADER][TRACE] Import#1292: libc:__cxa_decrement_exception_refcount (MQFPAqQPt1s)
[LOADER][TRACE] Import#1294: libc:_ZSt13_Execute_onceRSt9once_flagPFiPvS1_PS1_ES1_ (DiGVep5yB5w)
[LOADER][TRACE] Import#1295: libc:__cxa_decrement_exception_refcount (MQFPAqQPt1s)
[LOADER][TRACE] Import#1297: libc:_ZSt13_Execute_onceRSt9once_flagPFiPvS1_PS1_ES1_ (DiGVep5yB5w)
[LOADER][TRACE] Import#1298: libc:__cxa_decrement_exception_refcount (MQFPAqQPt1s)
[LOADER][TRACE] Import#1299: libc:free (tIhsqj0qsFE)
[LOADER][TRACE] Import#1300: libc:__cxa_atexit (tsvEmnenz48)
[LOADER][TRACE] sema.create handle=0x00000020 name='Baselib_SystemSemaphore' attr=0x1 init=0 max=2147483647
[LOADER][TRACE] sema.create handle=0x00000021 name='Baselib_SystemSemaphore' attr=0x1 init=0 max=2147483647
[LOADER][TRACE] sema.create handle=0x00000022 name='Baselib_SystemSemaphore' attr=0x1 init=0 max=2147483647
[LOADER][TRACE] sema.create handle=0x00000023 name='Baselib_SystemSemaphore' attr=0x1 init=0 max=2147483647
[DEBUG][PRINF] Argument Count = 1
[DEBUG][PRINF] Arg 0 = eboot.bin
[DEBUG][PRINF] 	File System Root = NONE SPECIFIED
[DEBUG][PRINF] 	Launcher Path = NONE SPECIFIED
[DEBUG][PRINF] 	Launcher Arguments NONE SPECIFIED
[LOADER][WARN] Import#1402 result: ORBIS_GEN2_ERROR_NOT_FOUND (xeYO4u7uyJ0) rdi=0x00006FFFF01FFC00 rsi=0x0000000801BA8D19 rdx=0x00006FFFF01FFC00 rcx=0x00006FFFF01FFCE0 ret=0x00000008008044B3
[LOADER][WARN] Import#1419 unresolved: nid=cJ2Y4E-t258 ret=0x00000008013FB254 rdi=0x00006FFFF01FFBB0 rsi=0x00006FFFF01FFBE3 rdx=0x000000000000000B rcx=0x0000000000000000 r8=0x0000000000000000 r9=0x0000000000000000
[RESOLVER-TRACE] Entry #1: rdi=0x0000000801B5A62C name='il2cpp_init' ret=0x0000000000000000
[RESOLVER-TRACE] Entry #1: NO SCHEDULER — returning 0
[RESOLVER-TRACE] Entry #2: rdi=0x0000000801C074AB name='il2cpp_init_utf16' ret=0x0000000000000000
[RESOLVER-TRACE] Entry #2: NO SCHEDULER — returning 0
[RESOLVER-TRACE] Entry #3: rdi=0x0000000801BA0427 name='il2cpp_shutdown' ret=0x0000000000000000
[RESOLVER-TRACE] Entry #3: NO SCHEDULER — returning 0
[RESOLVER-TRACE] Entry #4: rdi=0x0000000801BD7A72 name='il2cpp_set_config_dir' ret=0x0000000000000000
[RESOLVER-TRACE] Entry #4: NO SCHEDULER — returning 0
[RESOLVER-TRACE] Entry #5: rdi=0x0000000801B52A20 name='il2cpp_set_data_dir' ret=0x0000000000000000
[RESOLVER-TRACE] Entry #5: NO SCHEDULER — returning 0
[RESOLVER-TRACE] Entry #6: rdi=0x0000000801BC6F15 name='il2cpp_set_temp_dir' ret=0x0000000000000000
[RESOLVER-TRACE] Entry #6: NO SCHEDULER — returning 0
[RESOLVER-TRACE] Entry #7: rdi=0x0000000801BD7A88 name='il2cpp_set_commandline_arguments' ret=0x0000000000000000
[RESOLVER-TRACE] Entry #7: NO SCHEDULER — returning 0
[RESOLVER-TRACE] Entry #8: rdi=0x0000000801B89426 name='il2cpp_set_commandline_arguments_utf16' ret=0x0000000000000000
[RESOLVER-TRACE] Entry #8: NO SCHEDULER — returning 0
[RESOLVER-TRACE] Entry #9: rdi=0x0000000801B3B6A8 name='il2cpp_set_config_utf16' ret=0x0000000000000000
[RESOLVER-TRACE] Entry #9: NO SCHEDULER — returning 0
[RESOLVER-TRACE] Entry #10: rdi=0x0000000801B6A3A7 name='il2cpp_set_config' ret=0x0000000000000000
[RESOLVER-TRACE] Entry #10: NO SCHEDULER — returning 0
[RESOLVER-TRACE] Entry #11: rdi=0x0000000801B12D84 name='il2cpp_set_memory_callbacks' ret=0x0000000000000000
[RESOLVER-TRACE] Entry #11: NO SCHEDULER — returning 0
[RESOLVER-TRACE] Entry #12: rdi=0x0000000801B12DA0 name='il2cpp_get_corlib' ret=0x0000000000000000
[RESOLVER-TRACE] Entry #12: NO SCHEDULER — returning 0
[RESOLVER-TRACE] Entry #13: rdi=0x0000000801B1ADE2 name='il2cpp_add_internal_call' ret=0x0000000000000000
[RESOLVER-TRACE] Entry #13: NO SCHEDULER — returning 0
[RESOLVER-TRACE] Entry #14: rdi=0x0000000801B4AA76 name='il2cpp_resolve_icall' ret=0x0000000000000000
[RESOLVER-TRACE] Entry #14: NO SCHEDULER — returning 0
[RESOLVER-TRACE] Entry #15: rdi=0x0000000801BC6F29 name='il2cpp_alloc' ret=0x0000000000000000
[RESOLVER-TRACE] Entry #15: NO SCHEDULER — returning 0
[RESOLVER-TRACE] Entry #16: rdi=0x0000000801B52A34 name='il2cpp_free' ret=0x0000000000000000
[RESOLVER-TRACE] Entry #16: NO SCHEDULER — returning 0
[RESOLVER-TRACE] Entry #17: rdi=0x0000000801B6A3B9 name='il2cpp_array_class_get' ret=0x0000000000000000
[RESOLVER-TRACE] Entry #17: NO SCHEDULER — returning 0
[RESOLVER-TRACE] Entry #18: rdi=0x0000000801B79837 name='il2cpp_array_length' ret=0x0000000000000000
[RESOLVER-TRACE] Entry #18: NO SCHEDULER — returning 0
[RESOLVER-TRACE] Entry #19: rdi=0x0000000801BE7F2E name='il2cpp_array_get_byte_length' ret=0x0000000000000000
[RESOLVER-TRACE] Entry #19: NO SCHEDULER — returning 0
[RESOLVER-TRACE] Entry #20: rdi=0x0000000801BBEC73 name='il2cpp_array_new' ret=0x0000000000000000
[RESOLVER-TRACE] Entry #20: NO SCHEDULER — returning 0
[RESOLVER-TRACE] Entry #21: rdi=0x0000000801B42FA7 name='il2cpp_array_new_specific' ret=0x0000000000000000
[RESOLVER-TRACE] Entry #21: NO SCHEDULER — returning 0
[RESOLVER-TRACE] Entry #22: rdi=0x0000000801BEFBF9 name='il2cpp_array_new_full' ret=0x0000000000000000
[RESOLVER-TRACE] Entry #22: NO SCHEDULER — returning 0
[RESOLVER-TRACE] Entry #23: rdi=0x0000000801BCF4F1 name='il2cpp_bounded_array_class_get' ret=0x0000000000000000
[RESOLVER-TRACE] Entry #23: NO SCHEDULER — returning 0
[RESOLVER-TRACE] Entry #24: rdi=0x0000000801BC6F36 name='il2cpp_array_element_size' ret=0x0000000000000000
[RESOLVER-TRACE] Entry #24: NO SCHEDULER — returning 0
[RESOLVER-TRACE] Entry #25: rdi=0x0000000801B3344D name='il2cpp_assembly_get_image' ret=0x0000000000000000
[RESOLVER-TRACE] Entry #25: NO SCHEDULER — returning 0
[RESOLVER-TRACE] Entry #26: rdi=0x0000000801BF76C7 name='il2cpp_class_for_each' ret=0x0000000000000000
[RESOLVER-TRACE] Entry #26: NO SCHEDULER — returning 0
[RESOLVER-TRACE] Entry #27: rdi=0x0000000801B3B6C0 name='il2cpp_class_enum_basetype' ret=0x0000000000000000
[RESOLVER-TRACE] Entry #27: NO SCHEDULER — returning 0
[RESOLVER-TRACE] Entry #28: rdi=0x0000000801BAFB62 name='il2cpp_class_is_inited' ret=0x0000000000000000
[RESOLVER-TRACE] Entry #28: NO SCHEDULER — returning 0
[RESOLVER-TRACE] Entry #29: rdi=0x0000000801B42FC1 name='il2cpp_class_is_generic' ret=0x0000000000000000
[RESOLVER-TRACE] Entry #29: NO SCHEDULER — returning 0
[RESOLVER-TRACE] Entry #30: rdi=0x0000000801B6A3D0 name='il2cpp_class_is_inflated' ret=0x0000000000000000
[RESOLVER-TRACE] Entry #30: NO SCHEDULER — returning 0
[RESOLVER-TRACE] Entry #31: rdi=0x0000000801BEFC0F name='il2cpp_class_is_assignable_from' ret=0x0000000000000000
[RESOLVER-TRACE] Entry #31: NO SCHEDULER — returning 0
[RESOLVER-TRACE] Entry #32: rdi=0x0000000801B33467 name='il2cpp_class_is_subclass_of' ret=0x0000000000000000
[RESOLVER-TRACE] Entry #32: NO SCHEDULER — returning 0
[RESOLVER-TRACE] Entry #33: rdi=0x0000000801BA0437 name='il2cpp_class_has_parent' ret=0x0000000000000000
[RESOLVER-TRACE] Entry #33: NO SCHEDULER — returning 0
[RESOLVER-TRACE] Entry #34: rdi=0x0000000801B62596 name='il2cpp_class_from_il2cpp_type' ret=0x0000000000000000
[RESOLVER-TRACE] Entry #34: NO SCHEDULER — returning 0
[RESOLVER-TRACE] Entry #35: rdi=0x0000000801B12DB2 name='il2cpp_class_from_name' ret=0x0000000000000000
[RESOLVER-TRACE] Entry #35: NO SCHEDULER — returning 0
[RESOLVER-TRACE] Entry #36: rdi=0x0000000801B231A6 name='il2cpp_class_from_system_type' ret=0x0000000000000000
[RESOLVER-TRACE] Entry #36: NO SCHEDULER — returning 0
[RESOLVER-TRACE] Entry #37: rdi=0x0000000801BE7F4B name='il2cpp_class_get_element_class' ret=0x0000000000000000
[RESOLVER-TRACE] Entry #37: NO SCHEDULER — returning 0
[RESOLVER-TRACE] Entry #38: rdi=0x0000000801BEFC2F name='il2cpp_class_get_events' ret=0x0000000000000000
[RESOLVER-TRACE] Entry #38: NO SCHEDULER — returning 0
[RESOLVER-TRACE] Entry #39: rdi=0x0000000801BC6F50 name='il2cpp_class_get_fields' ret=0x0000000000000000
[RESOLVER-TRACE] Entry #39: NO SCHEDULER — returning 0
[RESOLVER-TRACE] Entry #40: rdi=0x0000000801B2B5A0 name='il2cpp_class_get_nested_types' ret=0x0000000000000000
[RESOLVER-TRACE] Entry #40: NO SCHEDULER — returning 0
[RESOLVER-TRACE] Entry #41: rdi=0x0000000801B42FD9 name='il2cpp_class_get_interfaces' ret=0x0000000000000000
[RESOLVER-TRACE] Entry #41: NO SCHEDULER — returning 0
[RESOLVER-TRACE] Entry #42: rdi=0x0000000801B12DC9 name='il2cpp_class_get_properties' ret=0x0000000000000000
[RESOLVER-TRACE] Entry #42: NO SCHEDULER — returning 0
[RESOLVER-TRACE] Entry #43: rdi=0x0000000801B2B5BE name='il2cpp_class_get_property_from_name' ret=0x0000000000000000
[RESOLVER-TRACE] Entry #43: NO SCHEDULER — returning 0
[RESOLVER-TRACE] Entry #44: rdi=0x0000000801BAFB79 name='il2cpp_class_get_field_from_name' ret=0x0000000000000000
[RESOLVER-TRACE] Entry #44: NO SCHEDULER — returning 0
[RESOLVER-TRACE] Entry #45: rdi=0x0000000801B986ED name='il2cpp_class_get_methods' ret=0x0000000000000000
[RESOLVER-TRACE] Entry #45: NO SCHEDULER — returning 0
[RESOLVER-TRACE] Entry #46: rdi=0x0000000801BA7E1C name='il2cpp_class_get_method_from_name' ret=0x0000000000000000
[RESOLVER-TRACE] Entry #46: NO SCHEDULER — returning 0
[RESOLVER-TRACE] Entry #47: rdi=0x0000000801BD7AA9 name='il2cpp_class_get_name' ret=0x0000000000000000
[RESOLVER-TRACE] Entry #47: NO SCHEDULER — returning 0
[RESOLVER-TRACE] Entry #48: rdi=0x0000000801BEFC47 name='il2cpp_type_get_name_chunked' ret=0x0000000000000000
[RESOLVER-TRACE] Entry #48: NO SCHEDULER — returning 0
[RESOLVER-TRACE] Entry #49: rdi=0x0000000801B33483 name='il2cpp_class_get_namespace' ret=0x0000000000000000
[RESOLVER-TRACE] Entry #49: NO SCHEDULER — returning 0
[RESOLVER-TRACE] Entry #50: rdi=0x0000000801BF76DD name='il2cpp_class_get_parent' ret=0x0000000000000000
[RESOLVER-TRACE] Entry #50: NO SCHEDULER — returning 0
[RESOLVER-TRACE] Entry #51: rdi=0x0000000801B12DE5 name='il2cpp_class_get_declaring_type' ret=0x0000000000000000
[RESOLVER-TRACE] Entry #51: NO SCHEDULER — returning 0
[RESOLVER-TRACE] Entry #52: rdi=0x0000000801BB7275 name='il2cpp_class_instance_size' ret=0x0000000000000000
[RESOLVER-TRACE] Entry #52: NO SCHEDULER — returning 0
[RESOLVER-TRACE] Entry #53: rdi=0x0000000801B42FF5 name='il2cpp_class_num_fields' ret=0x0000000000000000
[RESOLVER-TRACE] Entry #53: NO SCHEDULER — returning 0
[RESOLVER-TRACE] Entry #54: rdi=0x0000000801B1ADFB name='il2cpp_class_is_valuetype' ret=0x0000000000000000
[RESOLVER-TRACE] Entry #54: NO SCHEDULER — returning 0
[RESOLVER-TRACE] Entry #55: rdi=0x0000000801BB7290 name='il2cpp_class_value_size' ret=0x0000000000000000
[RESOLVER-TRACE] Entry #55: NO SCHEDULER — returning 0
[RESOLVER-TRACE] Entry #56: rdi=0x0000000801BC6F68 name='il2cpp_class_is_blittable' ret=0x0000000000000000
[RESOLVER-TRACE] Entry #56: NO SCHEDULER — returning 0
[RESOLVER-TRACE] Entry #57: rdi=0x0000000801B72018 name='il2cpp_class_get_flags' ret=0x0000000000000000
[RESOLVER-TRACE] Entry #57: NO SCHEDULER — returning 0
[RESOLVER-TRACE] Entry #58: rdi=0x0000000801BE0024 name='il2cpp_class_is_abstract' ret=0x0000000000000000
[RESOLVER-TRACE] Entry #58: NO SCHEDULER — returning 0
[RESOLVER-TRACE] Entry #59: rdi=0x0000000801B3B6DB name='il2cpp_class_is_interface' ret=0x0000000000000000
[RESOLVER-TRACE] Entry #59: NO SCHEDULER — returning 0
[RESOLVER-TRACE] Entry #60: rdi=0x0000000801BA7E3E name='il2cpp_class_array_element_size' ret=0x0000000000000000
[RESOLVER-TRACE] Entry #60: NO SCHEDULER — returning 0
[RESOLVER-TRACE] Entry #61: rdi=0x0000000801BAFB9A name='il2cpp_class_from_type' ret=0x0000000000000000
[RESOLVER-TRACE] Entry #61: NO SCHEDULER — returning 0
[RESOLVER-TRACE] Entry #62: rdi=0x0000000801B3B6F5 name='il2cpp_class_get_type' ret=0x0000000000000000
[RESOLVER-TRACE] Entry #62: NO SCHEDULER — returning 0
[RESOLVER-TRACE] Entry #63: rdi=0x0000000801B7202F name='il2cpp_class_get_type_token' ret=0x0000000000000000
[RESOLVER-TRACE] Entry #63: NO SCHEDULER — returning 0
[RESOLVER-TRACE] Entry #64: rdi=0x0000000801BE003D name='il2cpp_class_has_attribute' ret=0x0000000000000000
[RESOLVER-TRACE] Entry #64: NO SCHEDULER — returning 0
[RESOLVER-TRACE] Entry #65: rdi=0x0000000801BCF510 name='il2cpp_class_has_references' ret=0x0000000000000000
[RESOLVER-TRACE] Entry #65: NO SCHEDULER — returning 0
[RESOLVER-TRACE] Entry #66: rdi=0x0000000801BC6F82 name='il2cpp_class_is_enum' ret=0x0000000000000000
[RESOLVER-TRACE] Entry #66: NO SCHEDULER — returning 0
[RESOLVER-TRACE] Entry #67: rdi=0x0000000801BD7ABF name='il2cpp_class_get_image' ret=0x0000000000000000
[RESOLVER-TRACE] Entry #67: NO SCHEDULER — returning 0
[RESOLVER-TRACE] Entry #68: rdi=0x0000000801BA7E5E name='il2cpp_class_get_assemblyname' ret=0x0000000000000000
[RESOLVER-TRACE] Entry #68: NO SCHEDULER — returning 0
[RESOLVER-TRACE] Entry #69: rdi=0x0000000801B8944D name='il2cpp_class_get_rank' ret=0x0000000000000000
[RESOLVER-TRACE] Entry #69: NO SCHEDULER — returning 0
[RESOLVER-TRACE] Entry #70: rdi=0x0000000801BA7E7C name='il2cpp_class_get_data_size' ret=0x0000000000000000
[RESOLVER-TRACE] Entry #70: NO SCHEDULER — returning 0
[RESOLVER-TRACE] Entry #71: rdi=0x0000000801B625B4 name='il2cpp_class_get_static_field_data' ret=0x0000000000000000
[RESOLVER-TRACE] Entry #71: NO SCHEDULER — returning 0
[RESOLVER-TRACE] Entry #72: rdi=0x0000000801B3349E name='il2cpp_class_get_bitmap_size' ret=0x0000000000000000
[RESOLVER-TRACE] Entry #72: NO SCHEDULER — returning 0
[RESOLVER-TRACE] Entry #73: rdi=0x0000000801BCF52C name='il2cpp_class_get_bitmap' ret=0x0000000000000000
[RESOLVER-TRACE] Entry #73: NO SCHEDULER — returning 0
[RESOLVER-TRACE] Entry #74: rdi=0x0000000801BE7F6A name='il2cpp_stats_dump_to_file' ret=0x0000000000000000
[RESOLVER-TRACE] Entry #74: NO SCHEDULER — returning 0
[RESOLVER-TRACE] Entry #75: rdi=0x0000000801B3B70B name='il2cpp_stats_get_value' ret=0x0000000000000000
[RESOLVER-TRACE] Entry #75: NO SCHEDULER — returning 0
[RESOLVER-TRACE] Entry #76: rdi=0x0000000801B1AE15 name='il2cpp_domain_get' ret=0x0000000000000000
[RESOLVER-TRACE] Entry #76: NO SCHEDULER — returning 0
[RESOLVER-TRACE] Entry #77: rdi=0x0000000801BE0058 name='il2cpp_domain_assembly_open' ret=0x0000000000000000
[RESOLVER-TRACE] Entry #77: NO SCHEDULER — returning 0
[RESOLVER-TRACE] Entry #78: rdi=0x0000000801BA7E97 name='il2cpp_domain_get_assemblies' ret=0x0000000000000000
[RESOLVER-TRACE] Entry #78: NO SCHEDULER — returning 0
[RESOLVER-TRACE] Entry #79: rdi=0x0000000801B4AA8B name='il2cpp_raise_exception' ret=0x0000000000000000
[RESOLVER-TRACE] Entry #79: NO SCHEDULER — returning 0
[RESOLVER-TRACE] Entry #80: rdi=0x0000000801B90C56 name='il2cpp_exception_from_name_msg' ret=0x0000000000000000
[RESOLVER-TRACE] Entry #80: NO SCHEDULER — returning 0
[RESOLVER-TRACE] Entry #81: rdi=0x0000000801B7204B name='il2cpp_get_exception_argument_null' ret=0x0000000000000000
[RESOLVER-TRACE] Entry #81: NO SCHEDULER — returning 0
[RESOLVER-TRACE] Entry #82: rdi=0x0000000801BE0074 name='il2cpp_format_exception' ret=0x0000000000000000
[RESOLVER-TRACE] Entry #82: NO SCHEDULER — returning 0
[RESOLVER-TRACE] Entry #83: rdi=0x0000000801BC6F97 name='il2cpp_format_stack_trace' ret=0x0000000000000000
[RESOLVER-TRACE] Entry #83: NO SCHEDULER — returning 0
[RESOLVER-TRACE] Entry #84: rdi=0x0000000801BAFBB1 name='il2cpp_unhandled_exception' ret=0x0000000000000000
[RESOLVER-TRACE] Entry #84: NO SCHEDULER — returning 0
[RESOLVER-TRACE] Entry #85: rdi=0x0000000801BFF6C1 name='il2cpp_native_stack_trace' ret=0x0000000000000000
[RESOLVER-TRACE] Entry #85: NO SCHEDULER — returning 0
[RESOLVER-TRACE] Entry #86: rdi=0x0000000801BD7AD6 name='il2cpp_field_get_flags' ret=0x0000000000000000
[RESOLVER-TRACE] Entry #86: NO SCHEDULER — returning 0
[RESOLVER-TRACE] Entry #87: rdi=0x0000000801B5A638 name='il2cpp_field_get_name' ret=0x0000000000000000
[RESOLVER-TRACE] Entry #87: NO SCHEDULER — returning 0
[RESOLVER-TRACE] Entry #88: rdi=0x0000000801BB72A8 name='il2cpp_field_get_parent' ret=0x0000000000000000
[RESOLVER-TRACE] Entry #88: NO SCHEDULER — returning 0
[RESOLVER-TRACE] Entry #89: rdi=0x0000000801BE008C name='il2cpp_field_get_offset' ret=0x0000000000000000
[RESOLVER-TRACE] Entry #89: NO SCHEDULER — returning 0
[RESOLVER-TRACE] Entry #90: rdi=0x0000000801B625D7 name='il2cpp_field_get_type' ret=0x0000000000000000
[RESOLVER-TRACE] Entry #90: NO SCHEDULER — returning 0
[RESOLVER-TRACE] Entry #91: rdi=0x0000000801BE7F84 name='il2cpp_field_get_value' ret=0x0000000000000000
[RESOLVER-TRACE] Entry #91: NO SCHEDULER — returning 0
[RESOLVER-TRACE] Entry #92: rdi=0x0000000801B8183C name='il2cpp_field_get_value_object' ret=0x0000000000000000
[RESOLVER-TRACE] Entry #92: NO SCHEDULER — returning 0
[RESOLVER-TRACE] Entry #93: rdi=0x0000000801BFF6DB name='il2cpp_field_has_attribute' ret=0x0000000000000000
[RESOLVER-TRACE] Entry #93: NO SCHEDULER — returning 0
[RESOLVER-TRACE] Entry #94: rdi=0x0000000801B90C75 name='il2cpp_field_set_value' ret=0x0000000000000000
[RESOLVER-TRACE] Entry #94: NO SCHEDULER — returning 0
[RESOLVER-TRACE] Entry #95: rdi=0x0000000801BE00A4 name='il2cpp_field_static_get_value' ret=0x0000000000000000
[RESOLVER-TRACE] Entry #95: NO SCHEDULER — returning 0
[RESOLVER-TRACE] Entry #96: rdi=0x0000000801BAFBCC name='il2cpp_field_static_set_value' ret=0x0000000000000000
[RESOLVER-TRACE] Entry #96: NO SCHEDULER — returning 0
[RESOLVER-TRACE] Entry #97: rdi=0x0000000801B4AAA2 name='il2cpp_field_set_value_object' ret=0x0000000000000000
[RESOLVER-TRACE] Entry #97: NO SCHEDULER — returning 0
[RESOLVER-TRACE] Entry #98: rdi=0x0000000801B90C8C name='il2cpp_field_is_literal' ret=0x0000000000000000
[RESOLVER-TRACE] Entry #98: NO SCHEDULER — returning 0
[RESOLVER-TRACE] Entry #99: rdi=0x0000000801B4300D name='il2cpp_gc_collect' ret=0x0000000000000000
[RESOLVER-TRACE] Entry #99: NO SCHEDULER — returning 0
[RESOLVER-TRACE] Entry #100: rdi=0x0000000801B89463 name='il2cpp_gc_collect_a_little' ret=0x0000000000000000
[RESOLVER-TRACE] Entry #100: NO SCHEDULER — returning 0
[RESOLVER-TRACE] Entry #101: rdi=0x0000000801B98706 name='il2cpp_gc_start_incremental_collection' ret=0x0000000000000000
[RESOLVER-TRACE] Entry #101: NO SCHEDULER — returning 0
[RESOLVER-TRACE] Entry #102: rdi=0x0000000801BBEC84 name='il2cpp_gc_disable' ret=0x0000000000000000
[RESOLVER-TRACE] Entry #102: NO SCHEDULER — returning 0
[RESOLVER-TRACE] Entry #103: rdi=0x0000000801B2B5E2 name='il2cpp_gc_enable' ret=0x0000000000000000
[RESOLVER-TRACE] Entry #103: NO SCHEDULER — returning 0
[RESOLVER-TRACE] Entry #104: rdi=0x0000000801B4301F name='il2cpp_gc_is_disabled' ret=0x0000000000000000
[RESOLVER-TRACE] Entry #104: NO SCHEDULER — returning 0
[RESOLVER-TRACE] Entry #105: rdi=0x0000000801B4AAC0 name='il2cpp_gc_set_mode' ret=0x0000000000000000
[RESOLVER-TRACE] Entry #105: NO SCHEDULER — returning 0
[RESOLVER-TRACE] Entry #106: rdi=0x0000000801BA7EB4 name='il2cpp_gc_get_max_time_slice_ns' ret=0x0000000000000000
[RESOLVER-TRACE] Entry #106: NO SCHEDULER — returning 0
[RESOLVER-TRACE] Entry #107: rdi=0x0000000801BC6FB1 name='il2cpp_gc_set_max_time_slice_ns' ret=0x0000000000000000
[RESOLVER-TRACE] Entry #107: NO SCHEDULER — returning 0
[RESOLVER-TRACE] Entry #108: rdi=0x0000000801BD7AED name='il2cpp_gc_is_incremental' ret=0x0000000000000000
[RESOLVER-TRACE] Entry #108: NO SCHEDULER — returning 0
[RESOLVER-TRACE] Entry #109: rdi=0x0000000801BFF6F6 name='il2cpp_gc_get_used_size' ret=0x0000000000000000
[RESOLVER-TRACE] Entry #109: NO SCHEDULER — returning 0
[RESOLVER-TRACE] Entry #110: rdi=0x0000000801B8185A name='il2cpp_gc_get_heap_size' ret=0x0000000000000000
[RESOLVER-TRACE] Entry #110: NO SCHEDULER — returning 0
[RESOLVER-TRACE] Entry #111: rdi=0x0000000801B7984B name='il2cpp_gc_wbarrier_set_field' ret=0x0000000000000000
[RESOLVER-TRACE] Entry #111: NO SCHEDULER — returning 0
[RESOLVER-TRACE] Entry #112: rdi=0x0000000801B3B722 name='il2cpp_gc_has_strict_wbarriers' ret=0x0000000000000000
[RESOLVER-TRACE] Entry #112: NO SCHEDULER — returning 0
[RESOLVER-TRACE] Entry #113: rdi=0x0000000801B9872D name='il2cpp_gc_set_external_allocation_tracker' ret=0x0000000000000000
[RESOLVER-TRACE] Entry #113: NO SCHEDULER — returning 0
[RESOLVER-TRACE] Entry #114: rdi=0x0000000801B5A64E name='il2cpp_gc_set_external_wbarrier_tracker' ret=0x0000000000000000
[RESOLVER-TRACE] Entry #114: NO SCHEDULER — returning 0
[RESOLVER-TRACE] Entry #115: rdi=0x0000000801BE00C2 name='il2cpp_gc_foreach_heap' ret=0x0000000000000000
[RESOLVER-TRACE] Entry #115: NO SCHEDULER — returning 0
[RESOLVER-TRACE] Entry #116: rdi=0x0000000801B3B741 name='il2cpp_stop_gc_world' ret=0x0000000000000000
[RESOLVER-TRACE] Entry #116: NO SCHEDULER — returning 0
[RESOLVER-TRACE] Entry #117: rdi=0x0000000801B12E05 name='il2cpp_start_gc_world' ret=0x0000000000000000
[RESOLVER-TRACE] Entry #117: NO SCHEDULER — returning 0
[RESOLVER-TRACE] Entry #118: rdi=0x0000000801B3B756 name='il2cpp_gc_alloc_fixed' ret=0x0000000000000000
[RESOLVER-TRACE] Entry #118: NO SCHEDULER — returning 0
[RESOLVER-TRACE] Entry #119: rdi=0x0000000801B334BB name='il2cpp_gc_free_fixed' ret=0x0000000000000000
[RESOLVER-TRACE] Entry #119: NO SCHEDULER — returning 0
[RESOLVER-TRACE] Entry #120: rdi=0x0000000801B81872 name='il2cpp_gchandle_new' ret=0x0000000000000000
[RESOLVER-TRACE] Entry #120: NO SCHEDULER — returning 0
[RESOLVER-TRACE] Entry #121: rdi=0x0000000801B7206E name='il2cpp_gchandle_new_weakref' ret=0x0000000000000000
[RESOLVER-TRACE] Entry #121: NO SCHEDULER — returning 0
[RESOLVER-TRACE] Entry #122: rdi=0x0000000801B98757 name='il2cpp_gchandle_get_target' ret=0x0000000000000000
[RESOLVER-TRACE] Entry #122: NO SCHEDULER — returning 0
[RESOLVER-TRACE] Entry #123: rdi=0x0000000801BB72C0 name='il2cpp_gchandle_free' ret=0x0000000000000000
[RESOLVER-TRACE] Entry #123: NO SCHEDULER — returning 0
[RESOLVER-TRACE] Entry #124: rdi=0x0000000801BBEC96 name='il2cpp_gchandle_foreach_get_target' ret=0x0000000000000000
[RESOLVER-TRACE] Entry #124: NO SCHEDULER — returning 0
[RESOLVER-TRACE] Entry #125: rdi=0x0000000801BB72D5 name='il2cpp_object_header_size' ret=0x0000000000000000
[RESOLVER-TRACE] Entry #125: NO SCHEDULER — returning 0
[RESOLVER-TRACE] Entry #126: rdi=0x0000000801B90CA4 name='il2cpp_array_object_header_size' ret=0x0000000000000000
[RESOLVER-TRACE] Entry #126: NO SCHEDULER — returning 0
[RESOLVER-TRACE] Entry #127: rdi=0x0000000801B7208A name='il2cpp_offset_of_array_length_in_array_object_header' ret=0x0000000000000000
[RESOLVER-TRACE] Entry #127: NO SCHEDULER — returning 0
[RESOLVER-TRACE] Entry #128: rdi=0x0000000801BE00D9 name='il2cpp_offset_of_array_bounds_in_array_object_header' ret=0x0000000000000000
[RESOLVER-TRACE] Entry #128: NO SCHEDULER — returning 0
[RESOLVER-TRACE] Entry #129: rdi=0x0000000801B43035 name='il2cpp_allocation_granularity' ret=0x0000000000000000
[RESOLVER-TRACE] Entry #129: NO SCHEDULER — returning 0
[RESOLVER-TRACE] Entry #130: rdi=0x0000000801C074BD name='il2cpp_unity_liveness_allocate_struct' ret=0x0000000000000000
[RESOLVER-TRACE] Entry #130: NO SCHEDULER — returning 0
[RESOLVER-TRACE] Entry #131: rdi=0x0000000801BB72EF name='il2cpp_unity_liveness_calculation_from_root' ret=0x0000000000000000
[RESOLVER-TRACE] Entry #131: NO SCHEDULER — returning 0
[RESOLVER-TRACE] Entry #132: rdi=0x0000000801B4AAD3 name='il2cpp_unity_liveness_calculation_from_statics' ret=0x0000000000000000
[RESOLVER-TRACE] Entry #132: NO SCHEDULER — returning 0
[RESOLVER-TRACE] Entry #133: rdi=0x0000000801B231C4 name='il2cpp_unity_liveness_finalize' ret=0x0000000000000000
[RESOLVER-TRACE] Entry #133: NO SCHEDULER — returning 0
[RESOLVER-TRACE] Entry #134: rdi=0x0000000801B52A40 name='il2cpp_unity_liveness_free_struct' ret=0x0000000000000000
[RESOLVER-TRACE] Entry #134: NO SCHEDULER — returning 0
[RESOLVER-TRACE] Entry #135: rdi=0x0000000801BA044F name='il2cpp_method_get_return_type' ret=0x0000000000000000
[RESOLVER-TRACE] Entry #135: NO SCHEDULER — returning 0
[RESOLVER-TRACE] Entry #136: rdi=0x0000000801B98772 name='il2cpp_method_get_declaring_type' ret=0x0000000000000000
[RESOLVER-TRACE] Entry #136: NO SCHEDULER — returning 0
[RESOLVER-TRACE] Entry #137: rdi=0x0000000801BBECB9 name='il2cpp_method_get_name' ret=0x0000000000000000
[RESOLVER-TRACE] Entry #137: NO SCHEDULER — returning 0
[RESOLVER-TRACE] Entry #138: rdi=0x0000000801B98793 name='il2cpp_method_get_from_reflection' ret=0x0000000000000000
[RESOLVER-TRACE] Entry #138: NO SCHEDULER — returning 0
[RESOLVER-TRACE] Entry #139: rdi=0x0000000801B2B5F3 name='il2cpp_method_get_object' ret=0x0000000000000000
[RESOLVER-TRACE] Entry #139: NO SCHEDULER — returning 0
[RESOLVER-TRACE] Entry #140: rdi=0x0000000801BA7ED4 name='il2cpp_method_is_generic' ret=0x0000000000000000
[RESOLVER-TRACE] Entry #140: NO SCHEDULER — returning 0
[RESOLVER-TRACE] Entry #141: rdi=0x0000000801BCF544 name='il2cpp_method_is_inflated' ret=0x0000000000000000
[RESOLVER-TRACE] Entry #141: NO SCHEDULER — returning 0
[RESOLVER-TRACE] Entry #142: rdi=0x0000000801B987B5 name='il2cpp_method_is_instance' ret=0x0000000000000000
[RESOLVER-TRACE] Entry #142: NO SCHEDULER — returning 0
[RESOLVER-TRACE] Entry #143: rdi=0x0000000801BA7EED name='il2cpp_method_get_param_count' ret=0x0000000000000000
[RESOLVER-TRACE] Entry #143: NO SCHEDULER — returning 0
[RESOLVER-TRACE] Entry #144: rdi=0x0000000801B1AE27 name='il2cpp_method_get_param' ret=0x0000000000000000
[RESOLVER-TRACE] Entry #144: NO SCHEDULER — returning 0
[RESOLVER-TRACE] Entry #145: rdi=0x0000000801B90CC4 name='il2cpp_method_get_class' ret=0x0000000000000000
[RESOLVER-TRACE] Entry #145: NO SCHEDULER — returning 0
[RESOLVER-TRACE] Entry #146: rdi=0x0000000801BEFC64 name='il2cpp_method_has_attribute' ret=0x0000000000000000
[RESOLVER-TRACE] Entry #146: NO SCHEDULER — returning 0
[RESOLVER-TRACE] Entry #147: rdi=0x0000000801B2B60C name='il2cpp_method_get_flags' ret=0x0000000000000000
[RESOLVER-TRACE] Entry #147: NO SCHEDULER — returning 0
[RESOLVER-TRACE] Entry #148: rdi=0x0000000801BCF55E name='il2cpp_method_get_token' ret=0x0000000000000000
[RESOLVER-TRACE] Entry #148: NO SCHEDULER — returning 0
[RESOLVER-TRACE] Entry #149: rdi=0x0000000801B625ED name='il2cpp_method_get_param_name' ret=0x0000000000000000
[RESOLVER-TRACE] Entry #149: NO SCHEDULER — returning 0
[RESOLVER-TRACE] Entry #150: rdi=0x0000000801BE7F9B name='il2cpp_property_get_flags' ret=0x0000000000000000
[RESOLVER-TRACE] Entry #150: NO SCHEDULER — returning 0
[RESOLVER-TRACE] Entry #151: rdi=0x0000000801BF76F5 name='il2cpp_property_get_get_method' ret=0x0000000000000000
[RESOLVER-TRACE] Entry #151: NO SCHEDULER — returning 0
[RESOLVER-TRACE] Entry #152: rdi=0x0000000801B8947E name='il2cpp_property_get_set_method' ret=0x0000000000000000
[RESOLVER-TRACE] Entry #152: NO SCHEDULER — returning 0
[RESOLVER-TRACE] Entry #153: rdi=0x0000000801BE7FB5 name='il2cpp_property_get_name' ret=0x0000000000000000
[RESOLVER-TRACE] Entry #153: NO SCHEDULER — returning 0
[RESOLVER-TRACE] Entry #154: rdi=0x0000000801B2B624 name='il2cpp_property_get_parent' ret=0x0000000000000000
[RESOLVER-TRACE] Entry #154: NO SCHEDULER — returning 0
[RESOLVER-TRACE] Entry #155: rdi=0x0000000801BB731B name='il2cpp_object_get_class' ret=0x0000000000000000
[RESOLVER-TRACE] Entry #155: NO SCHEDULER — returning 0
[RESOLVER-TRACE] Entry #156: rdi=0x0000000801C074E3 name='il2cpp_object_get_size' ret=0x0000000000000000
[RESOLVER-TRACE] Entry #156: NO SCHEDULER — returning 0
[RESOLVER-TRACE] Entry #157: rdi=0x0000000801BE7FCE name='il2cpp_object_get_virtual_method' ret=0x0000000000000000
[RESOLVER-TRACE] Entry #157: NO SCHEDULER — returning 0
[RESOLVER-TRACE] Entry #158: rdi=0x0000000801B43053 name='il2cpp_object_new' ret=0x0000000000000000
[RESOLVER-TRACE] Entry #158: NO SCHEDULER — returning 0
[RESOLVER-TRACE] Entry #159: rdi=0x0000000801BFF70E name='il2cpp_object_unbox' ret=0x0000000000000000
[RESOLVER-TRACE] Entry #159: NO SCHEDULER — returning 0
[RESOLVER-TRACE] Entry #160: rdi=0x0000000801B2B63F name='il2cpp_value_box' ret=0x0000000000000000
[RESOLVER-TRACE] Entry #160: NO SCHEDULER — returning 0
[RESOLVER-TRACE] Entry #161: rdi=0x0000000801B2B650 name='il2cpp_monitor_enter' ret=0x0000000000000000
[RESOLVER-TRACE] Entry #161: NO SCHEDULER — returning 0
[RESOLVER-TRACE] Entry #162: rdi=0x0000000801BB7333 name='il2cpp_monitor_try_enter' ret=0x0000000000000000
[RESOLVER-TRACE] Entry #162: NO SCHEDULER — returning 0
[RESOLVER-TRACE] Entry #163: rdi=0x0000000801BE7FEF name='il2cpp_monitor_exit' ret=0x0000000000000000
[RESOLVER-TRACE] Entry #163: NO SCHEDULER — returning 0
[RESOLVER-TRACE] Entry #164: rdi=0x0000000801BBECD0 name='il2cpp_monitor_pulse' ret=0x0000000000000000
[RESOLVER-TRACE] Entry #164: NO SCHEDULER — returning 0
[RESOLVER-TRACE] Entry #165: rdi=0x0000000801BE8003 name='il2cpp_monitor_pulse_all' ret=0x0000000000000000
[RESOLVER-TRACE] Entry #165: NO SCHEDULER — returning 0
[RESOLVER-TRACE] Entry #166: rdi=0x0000000801BFF722 name='il2cpp_monitor_wait' ret=0x0000000000000000
[RESOLVER-TRACE] Entry #166: NO SCHEDULER — returning 0
[RESOLVER-TRACE] Entry #167: rdi=0x0000000801B6A3E9 name='il2cpp_monitor_try_wait' ret=0x0000000000000000
[RESOLVER-TRACE] Entry #167: NO SCHEDULER — returning 0
[RESOLVER-TRACE] Entry #168: rdi=0x0000000801C074FA name='il2cpp_runtime_invoke' ret=0x0000000000000000
[RESOLVER-TRACE] Entry #168: NO SCHEDULER — returning 0
[RESOLVER-TRACE] Entry #169: rdi=0x0000000801B8949D name='il2cpp_runtime_invoke_convert_args' ret=0x0000000000000000
[RESOLVER-TRACE] Entry #169: NO SCHEDULER — returning 0
[RESOLVER-TRACE] Entry #170: rdi=0x0000000801B334D0 name='il2cpp_runtime_class_init' ret=0x0000000000000000
[RESOLVER-TRACE] Entry #170: NO SCHEDULER — returning 0
[RESOLVER-TRACE] Entry #171: rdi=0x0000000801B6A401 name='il2cpp_runtime_object_init' ret=0x0000000000000000
[RESOLVER-TRACE] Entry #171: NO SCHEDULER — returning 0
[RESOLVER-TRACE] Entry #172: rdi=0x0000000801B2B665 name='il2cpp_runtime_object_init_exception' ret=0x0000000000000000
[RESOLVER-TRACE] Entry #172: NO SCHEDULER — returning 0
[RESOLVER-TRACE] Entry #173: rdi=0x0000000801B3B76C name='il2cpp_runtime_unhandled_exception_policy_set' ret=0x0000000000000000
[RESOLVER-TRACE] Entry #173: NO SCHEDULER — returning 0
[RESOLVER-TRACE] Entry #174: rdi=0x0000000801B894C0 name='il2cpp_string_length' ret=0x0000000000000000
[RESOLVER-TRACE] Entry #174: NO SCHEDULER — returning 0
[RESOLVER-TRACE] Entry #175: rdi=0x0000000801BA046D name='il2cpp_string_chars' ret=0x0000000000000000
[RESOLVER-TRACE] Entry #175: NO SCHEDULER — returning 0
[RESOLVER-TRACE] Entry #176: rdi=0x0000000801BC6FD1 name='il2cpp_string_new' ret=0x0000000000000000
[RESOLVER-TRACE] Entry #176: NO SCHEDULER — returning 0
[RESOLVER-TRACE] Entry #177: rdi=0x0000000801BB734C name='il2cpp_string_new_len' ret=0x0000000000000000
[RESOLVER-TRACE] Entry #177: NO SCHEDULER — returning 0
[RESOLVER-TRACE] Entry #178: rdi=0x0000000801BE010E name='il2cpp_string_new_utf16' ret=0x0000000000000000
[RESOLVER-TRACE] Entry #178: NO SCHEDULER — returning 0
[RESOLVER-TRACE] Entry #179: rdi=0x0000000801BA7F0B name='il2cpp_string_new_wrapper' ret=0x0000000000000000
[RESOLVER-TRACE] Entry #179: NO SCHEDULER — returning 0
[RESOLVER-TRACE] Entry #180: rdi=0x0000000801B2B68A name='il2cpp_string_intern' ret=0x0000000000000000
[RESOLVER-TRACE] Entry #180: NO SCHEDULER — returning 0
[RESOLVER-TRACE] Entry #181: rdi=0x0000000801BCF576 name='il2cpp_string_is_interned' ret=0x0000000000000000
[RESOLVER-TRACE] Entry #181: NO SCHEDULER — returning 0
[RESOLVER-TRACE] Entry #182: rdi=0x0000000801BB7362 name='il2cpp_thread_current' ret=0x0000000000000000
[RESOLVER-TRACE] Entry #182: NO SCHEDULER — returning 0
[RESOLVER-TRACE] Entry #183: rdi=0x0000000801B90CDC name='il2cpp_thread_attach' ret=0x0000000000000000
[RESOLVER-TRACE] Entry #183: NO SCHEDULER — returning 0
[RESOLVER-TRACE] Entry #184: rdi=0x0000000801BAFBEA name='il2cpp_thread_detach' ret=0x0000000000000000
[RESOLVER-TRACE] Entry #184: NO SCHEDULER — returning 0
[RESOLVER-TRACE] Entry #185: rdi=0x0000000801BE801C name='il2cpp_thread_get_all_attached_threads' ret=0x0000000000000000
[RESOLVER-TRACE] Entry #185: NO SCHEDULER — returning 0
[RESOLVER-TRACE] Entry #186: rdi=0x0000000801B6260A name='il2cpp_is_vm_thread' ret=0x0000000000000000
[RESOLVER-TRACE] Entry #186: NO SCHEDULER — returning 0
[RESOLVER-TRACE] Entry #187: rdi=0x0000000801BA7F25 name='il2cpp_current_thread_walk_frame_stack' ret=0x0000000000000000
[RESOLVER-TRACE] Entry #187: NO SCHEDULER — returning 0
[RESOLVER-TRACE] Entry #188: rdi=0x0000000801BC6FE3 name='il2cpp_thread_walk_frame_stack' ret=0x0000000000000000
[RESOLVER-TRACE] Entry #188: NO SCHEDULER — returning 0
[RESOLVER-TRACE] Entry #189: rdi=0x0000000801B894D5 name='il2cpp_current_thread_get_top_frame' ret=0x0000000000000000
[RESOLVER-TRACE] Entry #189: NO SCHEDULER — returning 0
[RESOLVER-TRACE] Entry #190: rdi=0x0000000801B1AE3F name='il2cpp_thread_get_top_frame' ret=0x0000000000000000
[RESOLVER-TRACE] Entry #190: NO SCHEDULER — returning 0
[RESOLVER-TRACE] Entry #191: rdi=0x0000000801B720BF name='il2cpp_current_thread_get_frame_at' ret=0x0000000000000000
[RESOLVER-TRACE] Entry #191: NO SCHEDULER — returning 0
[RESOLVER-TRACE] Entry #192: rdi=0x0000000801B43065 name='il2cpp_thread_get_frame_at' ret=0x0000000000000000
[RESOLVER-TRACE] Entry #192: NO SCHEDULER — returning 0
[RESOLVER-TRACE] Entry #193: rdi=0x0000000801BF7714 name='il2cpp_current_thread_get_stack_depth' ret=0x0000000000000000
[RESOLVER-TRACE] Entry #193: NO SCHEDULER — returning 0
[RESOLVER-TRACE] Entry #194: rdi=0x0000000801B90CF1 name='il2cpp_thread_get_stack_depth' ret=0x0000000000000000
[RESOLVER-TRACE] Entry #194: NO SCHEDULER — returning 0
[RESOLVER-TRACE] Entry #195: rdi=0x0000000801B43080 name='il2cpp_override_stack_backtrace' ret=0x0000000000000000
[RESOLVER-TRACE] Entry #195: NO SCHEDULER — returning 0
[RESOLVER-TRACE] Entry #196: rdi=0x0000000801B430A0 name='il2cpp_type_get_object' ret=0x0000000000000000
[RESOLVER-TRACE] Entry #196: NO SCHEDULER — returning 0
[RESOLVER-TRACE] Entry #197: rdi=0x0000000801B3B79A name='il2cpp_type_get_type' ret=0x0000000000000000
[RESOLVER-TRACE] Entry #197: NO SCHEDULER — returning 0
[RESOLVER-TRACE] Entry #198: rdi=0x0000000801B5A676 name='il2cpp_type_get_class_or_element_class' ret=0x0000000000000000
[RESOLVER-TRACE] Entry #198: NO SCHEDULER — returning 0
[RESOLVER-TRACE] Entry #199: rdi=0x0000000801BA7F4C name='il2cpp_type_get_name' ret=0x0000000000000000
[RESOLVER-TRACE] Entry #199: NO SCHEDULER — returning 0
[RESOLVER-TRACE] Entry #200: rdi=0x0000000801B81886 name='il2cpp_type_is_byref' ret=0x0000000000000000
[RESOLVER-TRACE] Entry #200: NO SCHEDULER — returning 0
[RESOLVER-TRACE] Entry #201: rdi=0x0000000801B12E1B name='il2cpp_type_get_attrs' ret=0x0000000000000000
[RESOLVER-TRACE] Entry #201: NO SCHEDULER — returning 0
[RESOLVER-TRACE] Entry #202: rdi=0x0000000801BC7002 name='il2cpp_type_equals' ret=0x0000000000000000
[RESOLVER-TRACE] Entry #202: NO SCHEDULER — returning 0
[RESOLVER-TRACE] Entry #203: rdi=0x0000000801B231E3 name='il2cpp_type_get_assembly_qualified_name' ret=0x0000000000000000
[RESOLVER-TRACE] Entry #203: NO SCHEDULER — returning 0
[RESOLVER-TRACE] Entry #204: rdi=0x0000000801B6A41C name='il2cpp_type_get_reflection_name' ret=0x0000000000000000
[RESOLVER-TRACE] Entry #204: NO SCHEDULER — returning 0
[RESOLVER-TRACE] Entry #205: rdi=0x0000000801BD7B06 name='il2cpp_type_is_static' ret=0x0000000000000000
[RESOLVER-TRACE] Entry #205: NO SCHEDULER — returning 0
[RESOLVER-TRACE] Entry #206: rdi=0x0000000801BE0126 name='il2cpp_type_is_pointer_type' ret=0x0000000000000000
[RESOLVER-TRACE] Entry #206: NO SCHEDULER — returning 0
[RESOLVER-TRACE] Entry #207: rdi=0x0000000801BAFBFF name='il2cpp_image_get_assembly' ret=0x0000000000000000
[RESOLVER-TRACE] Entry #207: NO SCHEDULER — returning 0
[RESOLVER-TRACE] Entry #208: rdi=0x0000000801BB7378 name='il2cpp_image_get_name' ret=0x0000000000000000
[RESOLVER-TRACE] Entry #208: NO SCHEDULER — returning 0
[RESOLVER-TRACE] Entry #209: rdi=0x0000000801B12E31 name='il2cpp_image_get_filename' ret=0x0000000000000000
[RESOLVER-TRACE] Entry #209: NO SCHEDULER — returning 0
[RESOLVER-TRACE] Entry #210: rdi=0x0000000801B6261E name='il2cpp_image_get_entry_point' ret=0x0000000000000000
[RESOLVER-TRACE] Entry #210: NO SCHEDULER — returning 0
[RESOLVER-TRACE] Entry #211: rdi=0x0000000801BA7F61 name='il2cpp_image_get_class_count' ret=0x0000000000000000
[RESOLVER-TRACE] Entry #211: NO SCHEDULER — returning 0
[RESOLVER-TRACE] Entry #212: rdi=0x0000000801B4AB02 name='il2cpp_image_get_class' ret=0x0000000000000000
[RESOLVER-TRACE] Entry #212: NO SCHEDULER — returning 0
[RESOLVER-TRACE] Entry #213: rdi=0x0000000801BC7015 name='il2cpp_capture_memory_snapshot' ret=0x0000000000000000
[RESOLVER-TRACE] Entry #213: NO SCHEDULER — returning 0
[RESOLVER-TRACE] Entry #214: rdi=0x0000000801BE8043 name='il2cpp_free_captured_memory_snapshot' ret=0x0000000000000000
[RESOLVER-TRACE] Entry #214: NO SCHEDULER — returning 0
[RESOLVER-TRACE] Entry #215: rdi=0x0000000801B52A62 name='il2cpp_set_find_plugin_callback' ret=0x0000000000000000
[RESOLVER-TRACE] Entry #215: NO SCHEDULER — returning 0
[RESOLVER-TRACE] Entry #216: rdi=0x0000000801B720E2 name='il2cpp_register_log_callback' ret=0x0000000000000000
[RESOLVER-TRACE] Entry #216: NO SCHEDULER — returning 0
[RESOLVER-TRACE] Entry #217: rdi=0x0000000801B4AB19 name='il2cpp_debugger_set_agent_options' ret=0x0000000000000000
[RESOLVER-TRACE] Entry #217: NO SCHEDULER — returning 0
[RESOLVER-TRACE] Entry #218: rdi=0x0000000801BAFC19 name='il2cpp_is_debugger_attached' ret=0x0000000000000000
[RESOLVER-TRACE] Entry #218: NO SCHEDULER — returning 0
[RESOLVER-TRACE] Entry #219: rdi=0x0000000801B430B7 name='il2cpp_register_debugger_agent_transport' ret=0x0000000000000000
[RESOLVER-TRACE] Entry #219: NO SCHEDULER — returning 0
[RESOLVER-TRACE] Entry #220: rdi=0x0000000801B79868 name='il2cpp_debug_get_method_info' ret=0x0000000000000000
[RESOLVER-TRACE] Entry #220: NO SCHEDULER — returning 0
[RESOLVER-TRACE] Entry #221: rdi=0x0000000801B987CF name='il2cpp_unity_install_unitytls_interface' ret=0x0000000000000000
[RESOLVER-TRACE] Entry #221: NO SCHEDULER — returning 0
[RESOLVER-TRACE] Entry #222: rdi=0x0000000801BEFC80 name='il2cpp_custom_attrs_from_class' ret=0x0000000000000000
[RESOLVER-TRACE] Entry #222: NO SCHEDULER — returning 0
[RESOLVER-TRACE] Entry #223: rdi=0x0000000801BFF736 name='il2cpp_custom_attrs_from_method' ret=0x0000000000000000
[RESOLVER-TRACE] Entry #223: NO SCHEDULER — returning 0
[RESOLVER-TRACE] Entry #224: rdi=0x0000000801B5A69D name='il2cpp_custom_attrs_from_field' ret=0x0000000000000000
[RESOLVER-TRACE] Entry #224: NO SCHEDULER — returning 0
[RESOLVER-TRACE] Entry #225: rdi=0x0000000801B894F9 name='il2cpp_custom_attrs_get_attr' ret=0x0000000000000000
[RESOLVER-TRACE] Entry #225: NO SCHEDULER — returning 0
[RESOLVER-TRACE] Entry #226: rdi=0x0000000801BD7B1C name='il2cpp_custom_attrs_has_attr' ret=0x0000000000000000
[RESOLVER-TRACE] Entry #226: NO SCHEDULER — returning 0
[RESOLVER-TRACE] Entry #227: rdi=0x0000000801B6263B name='il2cpp_custom_attrs_construct' ret=0x0000000000000000
[RESOLVER-TRACE] Entry #227: NO SCHEDULER — returning 0
[RESOLVER-TRACE] Entry #228: rdi=0x0000000801B2B69F name='il2cpp_custom_attrs_free' ret=0x0000000000000000
[RESOLVER-TRACE] Entry #228: NO SCHEDULER — returning 0
[RESOLVER-TRACE] Entry #229: rdi=0x0000000801B5A6BC name='il2cpp_class_set_userdata' ret=0x0000000000000000
[RESOLVER-TRACE] Entry #229: NO SCHEDULER — returning 0
[RESOLVER-TRACE] Entry #230: rdi=0x0000000801B430E0 name='il2cpp_class_get_userdata_offset' ret=0x0000000000000000
[RESOLVER-TRACE] Entry #230: NO SCHEDULER — returning 0
[RESOLVER-TRACE] Entry #231: rdi=0x0000000801B334EA name='il2cpp_set_default_thread_affinity' ret=0x0000000000000000
[RESOLVER-TRACE] Entry #231: NO SCHEDULER — returning 0
[RESOLVER-TRACE] Entry #232: rdi=0x0000000801BA0481 name='il2cpp_unity_set_android_network_up_state_func' ret=0x0000000000000000
[RESOLVER-TRACE] Entry #232: NO SCHEDULER — returning 0
[G3-GOT] FAILED to read strcmp GOT slot at 0x808924090
[RESOLVER-TRACE] === POST-WRAPPER COMPARISON (Import#2084: unity_mono_set_user_malloc_mutex) ===
[RESOLVER-TRACE] ERROR: No pre-wrapper snapshot was taken!
[FLAG-WATCH] === RESOLVER NODE DUMP (post-wrapper (Import#2084)) ===
[FLAG-WATCH] Cannot dump — flag address not initialized (list head still 0?)
[BST-WALK] === INDEPENDENT BST WALK (post-wrapper (Import#2084)) ===
[BST-WALK] ERROR: Cannot read list head pointer
[LOADER][WARN] Import#1662 result: ORBIS_GEN2_ERROR_MEMORY_FAULT (Q2V+iqvjgC0) rdi=0x00007F7CF4F3C6E0 rsi=0x0000000000008000 rdx=0x0000000801B106D2 rcx=0x00006FFFF01FB610 r8=0x0000003000000018 r9=0x0000000801B99B4A ret=0x0000000800B85A36
[LOADER][WARN] Import#1681 result: ORBIS_GEN2_ERROR_MEMORY_FAULT (Q2V+iqvjgC0) rdi=0x00007F7CF4F3C6E0 rsi=0x0000000000008000 rdx=0x0000000801B106D2 rcx=0x00006FFFF01FB620 r8=0x0000003000000018 r9=0x0000000801B99B4A ret=0x0000000800B85A36
[LOADER][WARN] Unmapped read recovery #500: rip=0x00000008007E1A7B fault=0x0000000000000000 instr='mov rax,[rdi]' len=3
[LOADER][TRACE] sema.create handle=0x00000024 name='Baselib_SystemSemaphore' attr=0x1 init=0 max=2147483647
[LOADER][TRACE] sema.create handle=0x00000025 name='Baselib_SystemSemaphore' attr=0x1 init=0 max=2147483647
[LOADER][WARN] Import#1702 result: ORBIS_GEN2_ERROR_MEMORY_FAULT (Q2V+iqvjgC0) rdi=0x00007F7CF4F3C6E0 rsi=0x0000000000008000 rdx=0x0000000801B106D2 rcx=0x00006FFFF01FB620 r8=0x0000003000000018 r9=0x0000000801B99B4A ret=0x0000000800B85A36
[LOADER][WARN] Import#1718 result: ORBIS_GEN2_ERROR_MEMORY_FAULT (cmo1RIYva9o) rdi=0x0000000000000008 rsi=0x00006FFFF01FB958 rdx=0x0000000000000000 rcx=0x0000000000000011 ret=0x0000000801585F3B
[DEBUG][PRINF] [SCE] scePthreadMutexInit(&m_Mutex, &mutexAttr, mutexNamePtr) returned 0x80020101 in .\PlatformDependent/PS5/Source/Threads/PlatformMutex.cpp(32) : 
[LOADER][WARN] Import#1727 result: ORBIS_GEN2_ERROR_MEMORY_FAULT (Q2V+iqvjgC0) rdi=0x00007F7CF4F3C6E0 rsi=0x0000000000008000 rdx=0x0000000801B106D2 rcx=0x00006FFFF01FB620 r8=0x0000003000000018 r9=0x0000000801B99B4A ret=0x0000000800B85A36
[LOADER][WARN] Import#1746 result: ORBIS_GEN2_ERROR_MEMORY_FAULT (Q2V+iqvjgC0) rdi=0x00007F7CF4F3C6E0 rsi=0x0000000000008000 rdx=0x0000000801B106D2 rcx=0x00006FFFF01FB630 r8=0x0000003000000018 r9=0x0000000801BFD57F ret=0x0000000800B85A36
[LOADER][WARN] Unmapped read recovery #600: rip=0x00000008007E189B fault=0x0000000000001838 instr='mov rdi,[r12+1838h]' len=8
[LOADER][TRACE] sema.create handle=0x00000026 name='Baselib_SystemSemaphore' attr=0x1 init=0 max=2147483647
[LOADER][TRACE] sema.create handle=0x00000027 name='Baselib_SystemSemaphore' attr=0x1 init=0 max=2147483647
[LOADER][WARN] Import#1767 result: ORBIS_GEN2_ERROR_MEMORY_FAULT (Q2V+iqvjgC0) rdi=0x00007F7CF4F3C6E0 rsi=0x0000000000008000 rdx=0x0000000801B106D2 rcx=0x00006FFFF01FB620 r8=0x0000003000000018 r9=0x0000000801B99B4A ret=0x0000000800B85A36
[LOADER][WARN] Import#1786 result: ORBIS_GEN2_ERROR_MEMORY_FAULT (Q2V+iqvjgC0) rdi=0x00007F7CF4F3C6E0 rsi=0x0000000000008000 rdx=0x0000000801B106D2 rcx=0x00006FFFF01FB610 r8=0x0000003000000018 r9=0x0000000801B99B4A ret=0x0000000800B85A36
[LOADER][WARN] Unmapped read recovery #700: rip=0x00000008007E1A7B fault=0x0000000000000000 instr='mov rax,[rdi]' len=3
[LOADER][WARN] Import#1802 result: ORBIS_GEN2_ERROR_MEMORY_FAULT (cmo1RIYva9o) rdi=0x0000000000000028 rsi=0x00006FFFF01FB958 rdx=0x0000000000000000 rcx=0x0000000000000011 ret=0x0000000801585F3B
[DEBUG][PRINF] [SCE] scePthreadMutexInit(&m_Mutex, &mutexAttr, mutexNamePtr) returned 0x80020101 in .\PlatformDependent/PS5/Source/Threads/PlatformMutex.cpp(32) : 
[LOADER][WARN] Import#1814 result: ORBIS_GEN2_ERROR_MEMORY_FAULT (Q2V+iqvjgC0) rdi=0x00007F7CF4F3C6E0 rsi=0x0000000000008000 rdx=0x0000000801B106D2 rcx=0x00006FFFF01FB520 r8=0x0000003000000018 r9=0x0000000801B99B4A ret=0x0000000800B85A36
[LOADER][WARN] Unmapped read recovery #800: rip=0x00000008007E18D9 fault=0x0000000000003244 instr='mov r15d,[rbx]' len=3
[LOADER][WARN] Unmapped write recovery #900: rip=0x0000000800B8D5A8 fault=0x0000000000000120 instr='mov [rax+r12*8],rbx' len=4
[LOADER][TRACE] posix-signal#1024: sig=11 rip=0x0000000800B8D5A8 fault=0x0000000000000350 access=1 rsp=0x00006FFFF01FBA40
[LOADER][TRACE] posix-signal#1024: recovered=True new_rip=0x0000000800B8D5AC
[LOADER][WARN] Unmapped write recovery #1000: rip=0x0000000800B8D5A8 fault=0x00000000000003F0 instr='mov [rax+r12*8],rbx' len=4
[LOADER][WARN] Unmapped write recovery #1100: rip=0x0000000800B8D5A8 fault=0x00000000000006C0 instr='mov [rax+r12*8],rbx' len=4
[LOADER][WARN] Unmapped write recovery #1200: rip=0x0000000800B8D5A8 fault=0x0000000000000990 instr='mov [rax+r12*8],rbx' len=4
[LOADER][WARN] Unmapped write recovery #1300: rip=0x0000000800B8D5A8 fault=0x0000000000000CB0 instr='mov [rax+r12*8],rbx' len=4
[LOADER][WARN] Unmapped write recovery #1400: rip=0x0000000800B8D5A8 fault=0x0000000000000FD0 instr='mov [rax+r12*8],rbx' len=4
[LOADER][WARN] Unmapped write recovery #1500: rip=0x0000000800B8D5A8 fault=0x00000000000012A0 instr='mov [rax+r12*8],rbx' len=4
[LOADER][WARN] Unmapped write recovery #1600: rip=0x0000000800B8D5A8 fault=0x00000000000015C0 instr='mov [rax+r12*8],rbx' len=4
[LOADER][WARN] Unmapped write recovery #1700: rip=0x0000000800B8D5A8 fault=0x00000000000018E0 instr='mov [rax+r12*8],rbx' len=4
[LOADER][WARN] Unmapped read recovery #1800: rip=0x0000000800B8D782 fault=0x0000000000000000 instr='mov eax,[rsi]' len=2
[LOADER][WARN] Unmapped read recovery #1900: rip=0x0000000800B8D978 fault=0x0000000000000D30 instr='mov rdi,[r9-8]' len=4
[LOADER][WARN] Unmapped read recovery #2000: rip=0x0000000800B8D978 fault=0x0000000000000C68 instr='mov rdi,[r9-8]' len=4
[LOADER][TRACE] posix-signal#2048: sig=11 rip=0x0000000800B8D97C fault=0x0000000000000C70 access=0 rsp=0x00006FFFF01FB9F0
[LOADER][TRACE] posix-signal#2048: recovered=True new_rip=0x0000000800B8D97F
[LOADER][WARN] Unmapped read recovery #2100: rip=0x0000000800B8D978 fault=0x0000000000000BA0 instr='mov rdi,[r9-8]' len=4
[LOADER][WARN] Unmapped read recovery #2200: rip=0x0000000800B8D978 fault=0x0000000000000AD8 instr='mov rdi,[r9-8]' len=4
[LOADER][WARN] Unmapped read recovery #2300: rip=0x0000000800B8D978 fault=0x0000000000000A10 instr='mov rdi,[r9-8]' len=4
[LOADER][WARN] Unmapped read recovery #2400: rip=0x0000000800B8D978 fault=0x0000000000000948 instr='mov rdi,[r9-8]' len=4
[LOADER][WARN] Unmapped read recovery #2500: rip=0x0000000800B8D978 fault=0x0000000000000880 instr='mov rdi,[r9-8]' len=4
[LOADER][WARN] Unmapped read recovery #2600: rip=0x0000000800B8D978 fault=0x00000000000007B8 instr='mov rdi,[r9-8]' len=4
[LOADER][WARN] Unmapped read recovery #2700: rip=0x0000000800B8D978 fault=0x00000000000006F0 instr='mov rdi,[r9-8]' len=4
[LOADER][WARN] Unmapped read recovery #2800: rip=0x0000000800B8D978 fault=0x0000000000000628 instr='mov rdi,[r9-8]' len=4
[LOADER][WARN] Unmapped read recovery #2900: rip=0x0000000800B8D978 fault=0x0000000000000560 instr='mov rdi,[r9-8]' len=4
[LOADER][WARN] Unmapped read recovery #3000: rip=0x0000000800B8D978 fault=0x0000000000000498 instr='mov rdi,[r9-8]' len=4
[LOADER][TRACE] posix-signal#3072: sig=11 rip=0x0000000800B8D97C fault=0x0000000000000470 access=0 rsp=0x00006FFFF01FB9F0
[LOADER][TRACE] posix-signal#3072: recovered=True new_rip=0x0000000800B8D97F
[LOADER][WARN] Unmapped read recovery #3100: rip=0x0000000800B8D978 fault=0x00000000000003D0 instr='mov rdi,[r9-8]' len=4
[LOADER][WARN] Unmapped read recovery #3200: rip=0x0000000800B8D978 fault=0x0000000000000308 instr='mov rdi,[r9-8]' len=4
[LOADER][WARN] Unmapped read recovery #3300: rip=0x0000000800B8D978 fault=0x0000000000000240 instr='mov rdi,[r9-8]' len=4
[LOADER][WARN] Unmapped read recovery #3400: rip=0x0000000800B8D978 fault=0x0000000000000178 instr='mov rdi,[r9-8]' len=4
[LOADER][WARN] Unmapped read recovery #3500: rip=0x0000000800B8D978 fault=0x00000000000000B0 instr='mov rdi,[r9-8]' len=4
[LOADER][WARN] Unmapped read recovery #3600: rip=0x0000000800B8D9C8 fault=0x0000000000000DF8 instr='mov rdx,[r10]' len=3
[LOADER][WARN] Unmapped read recovery #3700: rip=0x0000000800B8D9C8 fault=0x0000000000000EC0 instr='mov rdx,[r10]' len=3
[LOADER][WARN] Unmapped read recovery #3800: rip=0x0000000800B8D9C8 fault=0x0000000000000F88 instr='mov rdx,[r10]' len=3
[LOADER][WARN] Unmapped read recovery #3900: rip=0x0000000800B8D9C8 fault=0x0000000000001050 instr='mov rdx,[r10]' len=3
[LOADER][WARN] Unmapped read recovery #4000: rip=0x0000000800B8D9C8 fault=0x0000000000001118 instr='mov rdx,[r10]' len=3
[LOADER][TRACE] posix-signal#4096: sig=11 rip=0x0000000800B8D9CB fault=0x0000000000000000 access=0 rsp=0x00006FFFF01FB9F0
[LOADER][TRACE] posix-signal#4096: recovered=True new_rip=0x0000000800B8D9CE
[LOADER][WARN] Unmapped read recovery #4100: rip=0x0000000800B8D9C8 fault=0x00000000000011E0 instr='mov rdx,[r10]' len=3
[LOADER][WARN] Unmapped read recovery #4200: rip=0x0000000800B8D9C8 fault=0x00000000000012A8 instr='mov rdx,[r10]' len=3
[LOADER][WARN] Unmapped read recovery #4300: rip=0x0000000800B8D9C8 fault=0x0000000000001370 instr='mov rdx,[r10]' len=3
[LOADER][WARN] Unmapped read recovery #4400: rip=0x0000000800B8D9C8 fault=0x0000000000001438 instr='mov rdx,[r10]' len=3
[LOADER][WARN] Unmapped read recovery #4500: rip=0x0000000800B8D9C8 fault=0x0000000000001500 instr='mov rdx,[r10]' len=3
[LOADER][WARN] Unmapped read recovery #4600: rip=0x0000000800B8D9C8 fault=0x00000000000015C8 instr='mov rdx,[r10]' len=3
[LOADER][WARN] Unmapped read recovery #4700: rip=0x0000000800B8D9C8 fault=0x0000000000001690 instr='mov rdx,[r10]' len=3
[LOADER][WARN] Unmapped read recovery #4800: rip=0x0000000800B8D9C8 fault=0x0000000000001758 instr='mov rdx,[r10]' len=3
[LOADER][WARN] Unmapped read recovery #4900: rip=0x0000000800B8D9C8 fault=0x0000000000001820 instr='mov rdx,[r10]' len=3
[LOADER][WARN] Unmapped read recovery #5000: rip=0x0000000800B8D9C8 fault=0x00000000000018E8 instr='mov rdx,[r10]' len=3
[LOADER][TRACE] posix-signal#5120: sig=11 rip=0x0000000800B8D9CB fault=0x0000000000000000 access=0 rsp=0x00006FFFF01FB9F0
[LOADER][TRACE] posix-signal#5120: recovered=True new_rip=0x0000000800B8D9CE
[LOADER][WARN] Unmapped read recovery #5100: rip=0x0000000800B8D9C8 fault=0x00000000000019B0 instr='mov rdx,[r10]' len=3
[LOADER][WARN] Unmapped read recovery #5200: rip=0x0000000800B8D9C8 fault=0x0000000000001A78 instr='mov rdx,[r10]' len=3
[LOADER][WARN] Unmapped read recovery #5300: rip=0x0000000800B8D9C8 fault=0x0000000000001B40 instr='mov rdx,[r10]' len=3
[LOADER][WARN] Unmapped read recovery #5400: rip=0x0000000800B8D60C fault=0x0000000000000060 instr='mov rax,[r14+rbx*8]' len=4
[LOADER][WARN] Unmapped read recovery #5500: rip=0x0000000800B8D610 fault=0x0000000000000010 instr='mov rcx,[rax+10h]' len=4
[LOADER][WARN] Unmapped write recovery #5600: rip=0x0000000800B8D603 fault=0x0000000000000020 instr='mov byte ptr [rax+20h],1' len=4
[LOADER][WARN] Unmapped read recovery #5700: rip=0x0000000800B8D60C fault=0x0000000000000380 instr='mov rax,[r14+rbx*8]' len=4
[LOADER][WARN] Unmapped read recovery #5800: rip=0x0000000800B8D610 fault=0x0000000000000010 instr='mov rcx,[rax+10h]' len=4
[LOADER][WARN] Unmapped write recovery #5900: rip=0x0000000800B8D603 fault=0x0000000000000020 instr='mov byte ptr [rax+20h],1' len=4
[LOADER][WARN] Unmapped read recovery #6000: rip=0x0000000800B8D60C fault=0x00000000000006A0 instr='mov rax,[r14+rbx*8]' len=4
[LOADER][TRACE] posix-signal#6144: sig=11 rip=0x0000000800B8D610 fault=0x0000000000000010 access=0 rsp=0x00006FFFF01FBA40
[LOADER][TRACE] posix-signal#6144: recovered=True new_rip=0x0000000800B8D614
[LOADER][WARN] Unmapped read recovery #6100: rip=0x0000000800B8D610 fault=0x0000000000000010 instr='mov rcx,[rax+10h]' len=4
[LOADER][WARN] Unmapped write recovery #6200: rip=0x0000000800B8D603 fault=0x0000000000000020 instr='mov byte ptr [rax+20h],1' len=4
[LOADER][WARN] Unmapped read recovery #6300: rip=0x0000000800B8D60C fault=0x00000000000009C0 instr='mov rax,[r14+rbx*8]' len=4
[LOADER][WARN] Unmapped read recovery #6400: rip=0x0000000800B8D610 fault=0x0000000000000010 instr='mov rcx,[rax+10h]' len=4
[LOADER][WARN] Unmapped write recovery #6500: rip=0x0000000800B8D603 fault=0x0000000000000020 instr='mov byte ptr [rax+20h],1' len=4
[LOADER][WARN] Unmapped read recovery #6600: rip=0x0000000800B8D60C fault=0x0000000000000CE0 instr='mov rax,[r14+rbx*8]' len=4
[LOADER][WARN] Unmapped read recovery #6700: rip=0x0000000800B8D610 fault=0x0000000000000010 instr='mov rcx,[rax+10h]' len=4
[LOADER][WARN] Unmapped write recovery #6800: rip=0x0000000800B8D603 fault=0x0000000000000020 instr='mov byte ptr [rax+20h],1' len=4
[LOADER][WARN] Unmapped read recovery #6900: rip=0x0000000800B8D60C fault=0x0000000000001000 instr='mov rax,[r14+rbx*8]' len=4
[LOADER][WARN] Unmapped read recovery #7000: rip=0x0000000800B8D610 fault=0x0000000000000010 instr='mov rcx,[rax+10h]' len=4
[LOADER][WARN] Unmapped write recovery #7100: rip=0x0000000800B8D603 fault=0x0000000000000020 instr='mov byte ptr [rax+20h],1' len=4
[LOADER][TRACE] posix-signal#7168: sig=11 rip=0x0000000800B8D603 fault=0x0000000000000020 access=1 rsp=0x00006FFFF01FBA40
[LOADER][TRACE] posix-signal#7168: recovered=True new_rip=0x0000000800B8D607
[LOADER][WARN] Unmapped read recovery #7200: rip=0x0000000800B8D60C fault=0x0000000000001320 instr='mov rax,[r14+rbx*8]' len=4
[LOADER][WARN] Unmapped read recovery #7300: rip=0x0000000800B8D610 fault=0x0000000000000010 instr='mov rcx,[rax+10h]' len=4
[LOADER][WARN] Unmapped write recovery #7400: rip=0x0000000800B8D603 fault=0x0000000000000020 instr='mov byte ptr [rax+20h],1' len=4
[LOADER][WARN] Unmapped read recovery #7500: rip=0x0000000800B8D60C fault=0x0000000000001640 instr='mov rax,[r14+rbx*8]' len=4
[LOADER][WARN] Unmapped read recovery #7600: rip=0x0000000800B8D610 fault=0x0000000000000010 instr='mov rcx,[rax+10h]' len=4
[LOADER][WARN] Unmapped write recovery #7700: rip=0x0000000800B8D603 fault=0x0000000000000020 instr='mov byte ptr [rax+20h],1' len=4
[LOADER][WARN] Unmapped read recovery #7800: rip=0x0000000800B8D60C fault=0x0000000000001960 instr='mov rax,[r14+rbx*8]' len=4
[LOADER][WARN] Unmapped read recovery #7900: rip=0x0000000800B8D610 fault=0x0000000000000010 instr='mov rcx,[rax+10h]' len=4
[LOADER][WARN] Unmapped write recovery #8000: rip=0x0000000800B8D603 fault=0x0000000000000020 instr='mov byte ptr [rax+20h],1' len=4
[LOADER][WARN] Import#1870 result: ORBIS_GEN2_ERROR_MEMORY_FAULT (Q2V+iqvjgC0) rdi=0x00007F7CF4F3C6E0 rsi=0x0000000000008000 rdx=0x0000000801B106D2 rcx=0x00006FFFF01FB610 r8=0x0000003000000018 r9=0x0000000801B89A27 ret=0x0000000800B85A36
[LOADER][WARN] Import#1892 result: ORBIS_GEN2_ERROR_MEMORY_FAULT (Q2V+iqvjgC0) rdi=0x00007F7CF4F3C6E0 rsi=0x0000000000008000 rdx=0x0000000801B106D2 rcx=0x00006FFFF01FB620 r8=0x0000003000000018 r9=0x0000000801B48C76 ret=0x0000000800B85A36
[LOADER][WARN] Import#1911 result: ORBIS_GEN2_ERROR_MEMORY_FAULT (Q2V+iqvjgC0) rdi=0x00007F7CF4F3C6E0 rsi=0x0000000000008000 rdx=0x0000000801B106D2 rcx=0x00006FFFF01FB620 r8=0x0000003000000018 r9=0x0000000801B48C76 ret=0x0000000800B85A36
[LOADER][WARN] Unmapped read recovery #8100: rip=0x00000008007E17C5 fault=0x0000000000001836 instr='cmp byte ptr [rdi+1836h],0' len=7
[LOADER][WARN] Import#1941 result: ORBIS_GEN2_ERROR_MEMORY_FAULT (Q2V+iqvjgC0) rdi=0x00007F7CF4F3C6E0 rsi=0x0000000000008000 rdx=0x0000000801B106D2 rcx=0x00006FFFF01FB620 r8=0x0000003000000018 r9=0x0000000801B48C76 ret=0x0000000800B85A36
[LOADER][TRACE] posix-signal#8192: sig=11 rip=0x00000008007E17C5 fault=0x0000000000001836 access=0 rsp=0x00006FFFF01FAFF0
[LOADER][TRACE] posix-signal#8192: recovered=True new_rip=0x00000008007E17CC
[LOADER][WARN] Import#1969 result: ORBIS_GEN2_ERROR_MEMORY_FAULT (Q2V+iqvjgC0) rdi=0x00007F7CF4F3C6E0 rsi=0x0000000000008000 rdx=0x0000000801B106D2 rcx=0x00006FFFF01FB610 r8=0x0000003000000018 r9=0x0000000801BEE1AC ret=0x0000000800B85A36
[LOADER][WARN] Unmapped read recovery #8200: rip=0x00000008007E185A fault=0x0000000000001840 instr='cmp qword ptr [r12+1840h],0' len=9
[LOADER][WARN] Unmapped write recovery #8300: rip=0x00000008013EC92E fault=0x00000000000003C0 instr='vmovdqu xmmword ptr [rax+10h],xmm0' len=5
[LOADER][WARN] Unmapped write recovery #8400: rip=0x00000008013EC920 fault=0x00000000000007F0 instr='mov qword ptr [rax],0' len=7
[LOADER][WARN] Unmapped write recovery #8500: rip=0x00000008013EC927 fault=0x0000000000000C18 instr='mov dword ptr [rax+8],4Bh' len=7
[LOADER][WARN] Unmapped write recovery #8600: rip=0x00000008013EC92E fault=0x0000000000001040 instr='vmovdqu xmmword ptr [rax+10h],xmm0' len=5
[LOADER][WARN] Unmapped write recovery #8700: rip=0x00000008013EC920 fault=0x0000000000001470 instr='mov qword ptr [rax],0' len=7
[LOADER][WARN] Unmapped write recovery #8800: rip=0x00000008013EC927 fault=0x0000000000001898 instr='mov dword ptr [rax+8],4Bh' len=7
[LOADER][WARN] Unmapped write recovery #8900: rip=0x00000008013EC92E fault=0x0000000000001CC0 instr='vmovdqu xmmword ptr [rax+10h],xmm0' len=5
[LOADER][WARN] Unmapped write recovery #9000: rip=0x00000008013EC920 fault=0x00000000000020F0 instr='mov qword ptr [rax],0' len=7
[LOADER][WARN] Unmapped write recovery #9100: rip=0x00000008013EC927 fault=0x0000000000002518 instr='mov dword ptr [rax+8],4Bh' len=7
[LOADER][TRACE] posix-signal#9216: sig=11 rip=0x00000008013EC920 fault=0x0000000000002790 access=1 rsp=0x00006FFFF01FBAA0
[LOADER][TRACE] posix-signal#9216: recovered=True new_rip=0x00000008013EC927
[LOADER][WARN] Unmapped write recovery #9200: rip=0x00000008013EC92E fault=0x0000000000002940 instr='vmovdqu xmmword ptr [rax+10h],xmm0' len=5
[LOADER][WARN] Unmapped write recovery #9300: rip=0x00000008013EC920 fault=0x0000000000002D70 instr='mov qword ptr [rax],0' len=7
[LOADER][WARN] Unmapped write recovery #9400: rip=0x00000008013EC927 fault=0x0000000000003198 instr='mov dword ptr [rax+8],4Bh' len=7
[LOADER][WARN] Unmapped write recovery #9500: rip=0x00000008013EC92E fault=0x00000000000035C0 instr='vmovdqu xmmword ptr [rax+10h],xmm0' len=5
[LOADER][WARN] Unmapped write recovery #9600: rip=0x00000008013EC920 fault=0x00000000000039F0 instr='mov qword ptr [rax],0' len=7
[LOADER][WARN] Unmapped write recovery #9700: rip=0x00000008013EC927 fault=0x0000000000003E18 instr='mov dword ptr [rax+8],4Bh' len=7
[LOADER][WARN] Unmapped write recovery #9800: rip=0x00000008013EC92E fault=0x0000000000004240 instr='vmovdqu xmmword ptr [rax+10h],xmm0' len=5
[LOADER][WARN] Unmapped write recovery #9900: rip=0x00000008013EC920 fault=0x0000000000004670 instr='mov qword ptr [rax],0' len=7
[LOADER][WARN] Unmapped write recovery #10000: rip=0x00000008013EC927 fault=0x0000000000004A98 instr='mov dword ptr [rax+8],4Bh' len=7
[LOADER][WARN] Unmapped write recovery #10100: rip=0x00000008013EC92E fault=0x0000000000004EC0 instr='vmovdqu xmmword ptr [rax+10h],xmm0' len=5
[LOADER][TRACE] posix-signal#10240: sig=11 rip=0x00000008013EC927 fault=0x0000000000005238 access=1 rsp=0x00006FFFF01FBAA0
[LOADER][TRACE] posix-signal#10240: recovered=True new_rip=0x00000008013EC92E
[LOADER][WARN] Unmapped write recovery #10200: rip=0x00000008013EC920 fault=0x00000000000052F0 instr='mov qword ptr [rax],0' len=7
[LOADER][WARN] Unmapped write recovery #10300: rip=0x00000008013EC927 fault=0x0000000000005718 instr='mov dword ptr [rax+8],4Bh' len=7
[LOADER][WARN] Unmapped write recovery #10400: rip=0x00000008013EC92E fault=0x0000000000005B40 instr='vmovdqu xmmword ptr [rax+10h],xmm0' len=5
[LOADER][WARN] Unmapped write recovery #10500: rip=0x00000008013EC920 fault=0x0000000000005F70 instr='mov qword ptr [rax],0' len=7
[LOADER][WARN] Unmapped write recovery #10600: rip=0x00000008013EC927 fault=0x0000000000006398 instr='mov dword ptr [rax+8],4Bh' len=7
[LOADER][WARN] Unmapped write recovery #10700: rip=0x00000008013EC92E fault=0x00000000000067C0 instr='vmovdqu xmmword ptr [rax+10h],xmm0' len=5
[LOADER][WARN] Unmapped write recovery #10800: rip=0x00000008013EC920 fault=0x0000000000006BF0 instr='mov qword ptr [rax],0' len=7
[LOADER][WARN] Unmapped write recovery #10900: rip=0x00000008013EC927 fault=0x0000000000007018 instr='mov dword ptr [rax+8],4Bh' len=7
[LOADER][WARN] Unmapped write recovery #11000: rip=0x00000008013EC92E fault=0x0000000000007440 instr='vmovdqu xmmword ptr [rax+10h],xmm0' len=5
[LOADER][WARN] Unmapped write recovery #11100: rip=0x00000008013EC920 fault=0x0000000000007870 instr='mov qword ptr [rax],0' len=7
[LOADER][WARN] Unmapped write recovery #11200: rip=0x00000008013EC927 fault=0x0000000000007C98 instr='mov dword ptr [rax+8],4Bh' len=7
[LOADER][TRACE] posix-signal#11264: sig=11 rip=0x00000008013EC92E fault=0x0000000000007CE0 access=1 rsp=0x00006FFFF01FBAA0
[LOADER][TRACE] posix-signal#11264: recovered=True new_rip=0x00000008013EC933
[LOADER][TRACE] sema.create handle=0x00000028 name='Baselib_SystemSemaphore' attr=0x1 init=0 max=2147483647
[LOADER][WARN] Unmapped read recovery #11300: rip=0x00000008007E183D fault=0x0000000000000000 instr='mov rax,[rdi]' len=3
[LOADER][WARN] Unmapped read recovery #11400: rip=0x00000008013ECA26 fault=0x00000000000000C8 instr='cmp qword ptr [r14+rbx+28h],0Fh' len=6
[LOADER][WARN] Unmapped read recovery #11500: rip=0x00000008007E18D0 fault=0x0000000000001836 instr='cmp byte ptr [r12+1836h],0' len=9
[LOADER][WARN] Unmapped read recovery #11600: rip=0x0000000800B8E0D3 fault=0x00000000000001D8 instr='mov edx,[rbx+8]' len=3
[LOADER][WARN] Unmapped read recovery #11700: rip=0x00000008007E1A6C fault=0x0000000000001850 instr='mov rdi,[r12+1850h]' len=8
[LOADER][WARN] Unmapped read recovery #11800: rip=0x00000008007E185A fault=0x0000000000001840 instr='cmp qword ptr [r12+1840h],0' len=9
[LOADER][WARN] Unmapped read recovery #11900: rip=0x00000008007E1A7E fault=0x0000000000000010 instr='mov rax,[rax+10h]' len=4
[LOADER][WARN] Unmapped read recovery #12000: rip=0x00000008007E183A fault=0x0000000000001868 instr='mov rdi,[rax]' len=3
[LOADER][WARN] Unmapped read recovery #12100: rip=0x0000000800B8E0FE fault=0x0000000000000490 instr='mov rsi,[rbx]' len=3
[LOADER][TRACE] posix-signal#12288: sig=11 rip=0x0000000800B8E113 fault=0x0000000000000510 access=1 rsp=0x00006FFFF01FBA70
[LOADER][TRACE] posix-signal#12288: recovered=True new_rip=0x0000000800B8E116
[LOADER][WARN] Unmapped read recovery #12200: rip=0x00000008007E1840 fault=0x0000000000000010 instr='call qword ptr [rax+10h]' len=3
[LOADER][WARN] NULL execute fault recovered #100
[LOADER][WARN] Unmapped write recovery #12300: rip=0x0000000800B8E113 fault=0x00000000000005B0 instr='mov [rbx],r12' len=3
[LOADER][WARN] Unmapped read recovery #12400: rip=0x00000008007E18A3 fault=0x0000000000000000 instr='mov rax,[rdi]' len=3
[LOADER][WARN] Unmapped read recovery #12500: rip=0x00000008013ECA26 fault=0x0000000000000708 instr='cmp qword ptr [r14+rbx+28h],0Fh' len=6
[LOADER][WARN] Unmapped read recovery #12600: rip=0x00000008007E18D0 fault=0x0000000000001836 instr='cmp byte ptr [r12+1836h],0' len=9
[LOADER][WARN] Unmapped read recovery #12700: rip=0x0000000800B8E0D3 fault=0x0000000000000818 instr='mov edx,[rbx+8]' len=3
[LOADER][WARN] Unmapped read recovery #12800: rip=0x00000008007E1A6C fault=0x0000000000001850 instr='mov rdi,[r12+1850h]' len=8
[LOADER][WARN] Unmapped read recovery #12900: rip=0x00000008007E185A fault=0x0000000000001840 instr='cmp qword ptr [r12+1840h],0' len=9
[DIAG-VERIFY] Import #2000 OK: libc::libc:_ZSt13_Execute_onceRSt9once_flagPFiPvS1_PS1_ES1_ ret=0x0000000000000000
[LOADER][WARN] Unmapped read recovery #13000: rip=0x00000008007E1A7E fault=0x0000000000000010 instr='mov rax,[rax+10h]' len=4
[LOADER][WARN] Unmapped read recovery #13100: rip=0x00000008007E183A fault=0x0000000000001868 instr='mov rdi,[rax]' len=3
[LOADER][TRACE] posix-signal#13312: sig=11 rip=0x00000008007E18A3 fault=0x0000000000000000 access=0 rsp=0x00006FFFF01FB640
[LOADER][TRACE] posix-signal#13312: recovered=True new_rip=0x00000008007E18A6
[LOADER][WARN] Unmapped read recovery #13200: rip=0x0000000800B8E0FE fault=0x0000000000000AD0 instr='mov rsi,[rbx]' len=3
[LOADER][WARN] Unmapped read recovery #13300: rip=0x00000008007E1840 fault=0x0000000000000010 instr='call qword ptr [rax+10h]' len=3
[LOADER][WARN] Unmapped write recovery #13400: rip=0x0000000800B8E113 fault=0x0000000000000BF0 instr='mov [rbx],r12' len=3
[LOADER][WARN] Unmapped read recovery #13500: rip=0x00000008007E18A3 fault=0x0000000000000000 instr='mov rax,[rdi]' len=3
[LOADER][WARN] Unmapped read recovery #13600: rip=0x00000008013ECA26 fault=0x0000000000000D48 instr='cmp qword ptr [r14+rbx+28h],0Fh' len=6
[LOADER][WARN] Unmapped read recovery #13700: rip=0x00000008007E18D0 fault=0x0000000000001836 instr='cmp byte ptr [r12+1836h],0' len=9
[LOADER][WARN] Unmapped read recovery #13800: rip=0x0000000800B8E0D3 fault=0x0000000000000E58 instr='mov edx,[rbx+8]' len=3
[LOADER][WARN] Unmapped read recovery #13900: rip=0x00000008007E1A6C fault=0x0000000000001850 instr='mov rdi,[r12+1850h]' len=8
[LOADER][WARN] Unmapped read recovery #14000: rip=0x00000008007E185A fault=0x0000000000001840 instr='cmp qword ptr [r12+1840h],0' len=9
[LOADER][WARN] Unmapped read recovery #14100: rip=0x00000008007E1A7E fault=0x0000000000000010 instr='mov rax,[rax+10h]' len=4
[LOADER][TRACE] posix-signal#14336: sig=11 rip=0x00000008013ECA1D fault=0x0000000000001058 access=1 rsp=0x00006FFFF01FBAA0
[LOADER][TRACE] posix-signal#14336: recovered=True new_rip=0x00000008013ECA26
[LOADER][WARN] Unmapped read recovery #14200: rip=0x00000008007E183A fault=0x0000000000001868 instr='mov rdi,[rax]' len=3
[LOADER][WARN] Unmapped read recovery #14300: rip=0x0000000800B8E0FE fault=0x0000000000001110 instr='mov rsi,[rbx]' len=3
[LOADER][WARN] Unmapped read recovery #14400: rip=0x00000008007E1840 fault=0x0000000000000010 instr='call qword ptr [rax+10h]' len=3
[LOADER][WARN] NULL execute fault recovered #200
[LOADER][WARN] Unmapped write recovery #14500: rip=0x0000000800B8E113 fault=0x0000000000001230 instr='mov [rbx],r12' len=3
[LOADER][WARN] Unmapped read recovery #14600: rip=0x00000008007E18A3 fault=0x0000000000000000 instr='mov rax,[rdi]' len=3
[LOADER][WARN] Unmapped read recovery #14700: rip=0x00000008013ECA26 fault=0x0000000000001388 instr='cmp qword ptr [r14+rbx+28h],0Fh' len=6
[LOADER][WARN] Unmapped read recovery #14800: rip=0x00000008007E18D0 fault=0x0000000000001836 instr='cmp byte ptr [r12+1836h],0' len=9
[LOADER][WARN] Unmapped read recovery #14900: rip=0x0000000800B8E0D3 fault=0x0000000000001498 instr='mov edx,[rbx+8]' len=3
[LOADER][WARN] Unmapped read recovery #15000: rip=0x00000008007E1A6C fault=0x0000000000001850 instr='mov rdi,[r12+1850h]' len=8
[LOADER][WARN] Unmapped read recovery #15100: rip=0x00000008007E185A fault=0x0000000000001840 instr='cmp qword ptr [r12+1840h],0' len=9
[LOADER][TRACE] posix-signal#15360: sig=11 rip=0x00000008007E18A6 fault=0x0000000000000040 access=0 rsp=0x00006FFFF01FB640
[LOADER][TRACE] posix-signal#15360: recovered=True new_rip=0x00000008007E18A9
[LOADER][WARN] Unmapped read recovery #15200: rip=0x00000008007E1A7E fault=0x0000000000000010 instr='mov rax,[rax+10h]' len=4
[LOADER][WARN] Unmapped read recovery #15300: rip=0x00000008007E183A fault=0x0000000000001868 instr='mov rdi,[rax]' len=3
[LOADER][WARN] Unmapped read recovery #15400: rip=0x0000000800B8E0FE fault=0x0000000000001750 instr='mov rsi,[rbx]' len=3
[LOADER][WARN] Unmapped read recovery #15500: rip=0x00000008007E1840 fault=0x0000000000000010 instr='call qword ptr [rax+10h]' len=3
[LOADER][WARN] Unmapped write recovery #15600: rip=0x0000000800B8E113 fault=0x0000000000001870 instr='mov [rbx],r12' len=3
[LOADER][WARN] Unmapped read recovery #15700: rip=0x00000008007E18A3 fault=0x0000000000000000 instr='mov rax,[rdi]' len=3
[LOADER][WARN] Unmapped read recovery #15800: rip=0x00000008013ECA26 fault=0x00000000000019C8 instr='cmp qword ptr [r14+rbx+28h],0Fh' len=6
[LOADER][WARN] Unmapped read recovery #15900: rip=0x00000008007E18D0 fault=0x0000000000001836 instr='cmp byte ptr [r12+1836h],0' len=9
[LOADER][WARN] Unmapped read recovery #16000: rip=0x0000000800B8E0D3 fault=0x0000000000001AD8 instr='mov edx,[rbx+8]' len=3
[LOADER][WARN] Unmapped read recovery #16100: rip=0x00000008007E1A6C fault=0x0000000000001850 instr='mov rdi,[r12+1850h]' len=8
[LOADER][TRACE] posix-signal#16384: sig=11 rip=0x00000008013ECA26 fault=0x0000000000001B88 access=0 rsp=0x00006FFFF01FBAA0
[LOADER][TRACE] posix-signal#16384: recovered=True new_rip=0x00000008013ECA2C
[LOADER][WARN] Unmapped read recovery #16200: rip=0x00000008007E185A fault=0x0000000000001840 instr='cmp qword ptr [r12+1840h],0' len=9
[LOADER][WARN] Unmapped read recovery #16300: rip=0x00000008007E1A7E fault=0x0000000000000010 instr='mov rax,[rax+10h]' len=4
[LOADER][WARN] Unmapped read recovery #16400: rip=0x00000008007E183A fault=0x0000000000001868 instr='mov rdi,[rax]' len=3
[LOADER][WARN] Unmapped read recovery #16500: rip=0x0000000800B8E0FE fault=0x0000000000001D90 instr='mov rsi,[rbx]' len=3
[LOADER][WARN] Unmapped read recovery #16600: rip=0x00000008007E1840 fault=0x0000000000000010 instr='call qword ptr [rax+10h]' len=3
[LOADER][WARN] NULL execute fault recovered #300
[LOADER][WARN] Unmapped write recovery #16700: rip=0x0000000800B8E113 fault=0x0000000000001EB0 instr='mov [rbx],r12' len=3
[LOADER][WARN] Unmapped read recovery #16800: rip=0x00000008007E18A3 fault=0x0000000000000000 instr='mov rax,[rdi]' len=3
[LOADER][WARN] Unmapped read recovery #16900: rip=0x00000008013ECA26 fault=0x0000000000002008 instr='cmp qword ptr [r14+rbx+28h],0Fh' len=6
[LOADER][WARN] Unmapped read recovery #17000: rip=0x00000008007E18D0 fault=0x0000000000001836 instr='cmp byte ptr [r12+1836h],0' len=9
[LOADER][TRACE] posix-signal#17408: sig=11 rip=0x00000008007E18D0 fault=0x0000000000001836 access=0 rsp=0x00006FFFF01FB640
[LOADER][TRACE] posix-signal#17408: recovered=True new_rip=0x00000008007E18D9
[LOADER][WARN] Unmapped read recovery #17100: rip=0x0000000800B8E0D3 fault=0x0000000000002118 instr='mov edx,[rbx+8]' len=3
[LOADER][WARN] Unmapped read recovery #17200: rip=0x00000008007E1A6C fault=0x0000000000001850 instr='mov rdi,[r12+1850h]' len=8
[LOADER][WARN] Unmapped read recovery #17300: rip=0x00000008007E185A fault=0x0000000000001840 instr='cmp qword ptr [r12+1840h],0' len=9
[LOADER][WARN] Unmapped read recovery #17400: rip=0x00000008007E1A7E fault=0x0000000000000010 instr='mov rax,[rax+10h]' len=4
[LOADER][WARN] Unmapped read recovery #17500: rip=0x00000008007E183A fault=0x0000000000001868 instr='mov rdi,[rax]' len=3
[LOADER][WARN] Unmapped read recovery #17600: rip=0x0000000800B8E0FE fault=0x00000000000023D0 instr='mov rsi,[rbx]' len=3
[LOADER][WARN] Unmapped read recovery #17700: rip=0x00000008007E1840 fault=0x0000000000000010 instr='call qword ptr [rax+10h]' len=3
[LOADER][WARN] Unmapped write recovery #17800: rip=0x0000000800B8E113 fault=0x00000000000024F0 instr='mov [rbx],r12' len=3
[LOADER][WARN] Unmapped read recovery #17900: rip=0x00000008007E18A3 fault=0x0000000000000000 instr='mov rax,[rdi]' len=3
[LOADER][WARN] Unmapped read recovery #18000: rip=0x00000008013ECA26 fault=0x0000000000002648 instr='cmp qword ptr [r14+rbx+28h],0Fh' len=6
[LOADER][TRACE] posix-signal#18432: sig=11 rip=0x0000000800B8E08B fault=0x00000000000026A8 access=0 rsp=0x00006FFFF01FBA70
[LOADER][TRACE] posix-signal#18432: recovered=True new_rip=0x0000000800B8E08F
[LOADER][WARN] Unmapped read recovery #18100: rip=0x00000008007E18D0 fault=0x0000000000001836 instr='cmp byte ptr [r12+1836h],0' len=9
[LOADER][WARN] Unmapped read recovery #18200: rip=0x0000000800B8E0D3 fault=0x0000000000002758 instr='mov edx,[rbx+8]' len=3
[LOADER][WARN] Unmapped read recovery #18300: rip=0x00000008007E1A6C fault=0x0000000000001850 instr='mov rdi,[r12+1850h]' len=8
[LOADER][WARN] Unmapped read recovery #18400: rip=0x00000008007E185A fault=0x0000000000001840 instr='cmp qword ptr [r12+1840h],0' len=9
[LOADER][WARN] Unmapped read recovery #18500: rip=0x00000008007E1A7E fault=0x0000000000000010 instr='mov rax,[rax+10h]' len=4
[LOADER][WARN] Unmapped read recovery #18600: rip=0x00000008007E183A fault=0x0000000000001868 instr='mov rdi,[rax]' len=3
[LOADER][WARN] Unmapped read recovery #18700: rip=0x0000000800B8E0FE fault=0x0000000000002A10 instr='mov rsi,[rbx]' len=3
[LOADER][WARN] Unmapped read recovery #18800: rip=0x00000008007E1840 fault=0x0000000000000010 instr='call qword ptr [rax+10h]' len=3
[LOADER][WARN] NULL execute fault recovered #400
[LOADER][WARN] Unmapped write recovery #18900: rip=0x0000000800B8E113 fault=0x0000000000002B30 instr='mov [rbx],r12' len=3
[LOADER][WARN] Unmapped read recovery #19000: rip=0x00000008007E18A3 fault=0x0000000000000000 instr='mov rax,[rdi]' len=3
[LOADER][TRACE] posix-signal#19456: sig=11 rip=0x00000008007E18D9 fault=0x000000000000322C access=0 rsp=0x00006FFFF01FB640
[LOADER][TRACE] posix-signal#19456: recovered=True new_rip=0x00000008007E18DC
[LOADER][WARN] Unmapped read recovery #19100: rip=0x00000008013ECA26 fault=0x0000000000002C88 instr='cmp qword ptr [r14+rbx+28h],0Fh' len=6
[LOADER][WARN] Unmapped read recovery #19200: rip=0x00000008007E18D0 fault=0x0000000000001836 instr='cmp byte ptr [r12+1836h],0' len=9
[LOADER][WARN] Unmapped read recovery #19300: rip=0x0000000800B8E0D3 fault=0x0000000000002D98 instr='mov edx,[rbx+8]' len=3
[LOADER][WARN] Unmapped read recovery #19400: rip=0x00000008007E1A6C fault=0x0000000000001850 instr='mov rdi,[r12+1850h]' len=8
[LOADER][WARN] Unmapped read recovery #19500: rip=0x00000008007E185A fault=0x0000000000001840 instr='cmp qword ptr [r12+1840h],0' len=9
[LOADER][WARN] Unmapped read recovery #19600: rip=0x00000008007E1A7E fault=0x0000000000000010 instr='mov rax,[rax+10h]' len=4
[LOADER][WARN] Unmapped read recovery #19700: rip=0x00000008007E183A fault=0x0000000000001868 instr='mov rdi,[rax]' len=3
[LOADER][WARN] Unmapped read recovery #19800: rip=0x0000000800B8E0FE fault=0x0000000000003050 instr='mov rsi,[rbx]' len=3
[LOADER][WARN] Unmapped read recovery #19900: rip=0x00000008007E1840 fault=0x0000000000000010 instr='call qword ptr [rax+10h]' len=3
[LOADER][WARN] Unmapped write recovery #20000: rip=0x0000000800B8E113 fault=0x0000000000003170 instr='mov [rbx],r12' len=3
[LOADER][TRACE] posix-signal#20480: sig=11 rip=0x0000000800B8E0D3 fault=0x00000000000031B8 access=0 rsp=0x00006FFFF01FBA70
[LOADER][TRACE] posix-signal#20480: recovered=True new_rip=0x0000000800B8E0D6
[LOADER][WARN] Unmapped read recovery #20100: rip=0x00000008007E18A3 fault=0x0000000000000000 instr='mov rax,[rdi]' len=3
[LOADER][WARN] Unmapped read recovery #20200: rip=0x00000008013ECA26 fault=0x00000000000032C8 instr='cmp qword ptr [r14+rbx+28h],0Fh' len=6
[LOADER][WARN] Unmapped read recovery #20300: rip=0x00000008007E18D0 fault=0x0000000000001836 instr='cmp byte ptr [r12+1836h],0' len=9
[LOADER][WARN] Unmapped read recovery #20400: rip=0x0000000800B8E0D3 fault=0x00000000000033D8 instr='mov edx,[rbx+8]' len=3
[LOADER][WARN] Unmapped read recovery #20500: rip=0x00000008007E1A6C fault=0x0000000000001850 instr='mov rdi,[r12+1850h]' len=8
[LOADER][WARN] Unmapped read recovery #20600: rip=0x00000008007E185A fault=0x0000000000001840 instr='cmp qword ptr [r12+1840h],0' len=9
[LOADER][WARN] Unmapped read recovery #20700: rip=0x00000008007E1A7E fault=0x0000000000000010 instr='mov rax,[rax+10h]' len=4
[LOADER][WARN] Unmapped read recovery #20800: rip=0x00000008007E183A fault=0x0000000000001868 instr='mov rdi,[rax]' len=3
[LOADER][WARN] Unmapped read recovery #20900: rip=0x0000000800B8E0FE fault=0x0000000000003690 instr='mov rsi,[rbx]' len=3
[LOADER][WARN] Unmapped read recovery #21000: rip=0x00000008007E1840 fault=0x0000000000000010 instr='call qword ptr [rax+10h]' len=3
[LOADER][TRACE] posix-signal#21504: sig=11 rip=0x00000008007E1A6C fault=0x0000000000001850 access=0 rsp=0x00006FFFF01FB640
[LOADER][TRACE] posix-signal#21504: recovered=True new_rip=0x00000008007E1A74
[LOADER][WARN] NULL execute fault recovered #500
[LOADER][WARN] Unmapped write recovery #21100: rip=0x0000000800B8E113 fault=0x00000000000037B0 instr='mov [rbx],r12' len=3
[LOADER][WARN] Unmapped read recovery #21200: rip=0x00000008007E18A3 fault=0x0000000000000000 instr='mov rax,[rdi]' len=3
[LOADER][WARN] Unmapped read recovery #21300: rip=0x00000008013ECA26 fault=0x0000000000003908 instr='cmp qword ptr [r14+rbx+28h],0Fh' len=6
[LOADER][WARN] Unmapped read recovery #21400: rip=0x00000008007E18D0 fault=0x0000000000001836 instr='cmp byte ptr [r12+1836h],0' len=9
[LOADER][WARN] Unmapped read recovery #21500: rip=0x0000000800B8E0D3 fault=0x0000000000003A18 instr='mov edx,[rbx+8]' len=3
[LOADER][WARN] Unmapped read recovery #21600: rip=0x00000008007E1A6C fault=0x0000000000001850 instr='mov rdi,[r12+1850h]' len=8
[LOADER][WARN] Unmapped read recovery #21700: rip=0x00000008007E185A fault=0x0000000000001840 instr='cmp qword ptr [r12+1840h],0' len=9
[LOADER][WARN] Unmapped read recovery #21800: rip=0x00000008007E1A7E fault=0x0000000000000010 instr='mov rax,[rax+10h]' len=4
[LOADER][WARN] Unmapped read recovery #21900: rip=0x00000008007E183A fault=0x0000000000001868 instr='mov rdi,[rax]' len=3
[LOADER][TRACE] posix-signal#22528: sig=11 rip=0x00000008007E17C5 fault=0x0000000000001836 access=0 rsp=0x00006FFFF01FB640
[LOADER][TRACE] posix-signal#22528: recovered=True new_rip=0x00000008007E17CC
[LOADER][WARN] Unmapped read recovery #22000: rip=0x0000000800B8E0FE fault=0x0000000000003CD0 instr='mov rsi,[rbx]' len=3
[LOADER][WARN] Unmapped read recovery #22100: rip=0x00000008007E1840 fault=0x0000000000000010 instr='call qword ptr [rax+10h]' len=3
[LOADER][WARN] Unmapped write recovery #22200: rip=0x0000000800B8E113 fault=0x0000000000003DF0 instr='mov [rbx],r12' len=3
[LOADER][WARN] Unmapped read recovery #22300: rip=0x00000008007E18A3 fault=0x0000000000000000 instr='mov rax,[rdi]' len=3
[LOADER][WARN] Unmapped read recovery #22400: rip=0x00000008013ECA26 fault=0x0000000000003F48 instr='cmp qword ptr [r14+rbx+28h],0Fh' len=6
[LOADER][WARN] Unmapped read recovery #22500: rip=0x00000008007E18D0 fault=0x0000000000001836 instr='cmp byte ptr [r12+1836h],0' len=9
[LOADER][WARN] Unmapped read recovery #22600: rip=0x0000000800B8E0D3 fault=0x0000000000004058 instr='mov edx,[rbx+8]' len=3
[LOADER][WARN] Unmapped read recovery #22700: rip=0x00000008007E1A6C fault=0x0000000000001850 instr='mov rdi,[r12+1850h]' len=8
[LOADER][WARN] Unmapped read recovery #22800: rip=0x00000008007E185A fault=0x0000000000001840 instr='cmp qword ptr [r12+1840h],0' len=9
[LOADER][WARN] Unmapped read recovery #22900: rip=0x00000008007E1A7E fault=0x0000000000000010 instr='mov rax,[rax+10h]' len=4
[LOADER][TRACE] posix-signal#23552: sig=11 rip=0x00000008007E1A7B fault=0x0000000000000000 access=0 rsp=0x00006FFFF01FB640
[LOADER][TRACE] posix-signal#23552: recovered=True new_rip=0x00000008007E1A7E
[LOADER][WARN] Unmapped read recovery #23000: rip=0x00000008007E183A fault=0x0000000000001868 instr='mov rdi,[rax]' len=3
[LOADER][WARN] Unmapped read recovery #23100: rip=0x0000000800B8E0FE fault=0x0000000000004310 instr='mov rsi,[rbx]' len=3
[LOADER][WARN] Unmapped read recovery #23200: rip=0x00000008007E1840 fault=0x0000000000000010 instr='call qword ptr [rax+10h]' len=3
[LOADER][WARN] NULL execute fault recovered #600
[LOADER][WARN] Unmapped write recovery #23300: rip=0x0000000800B8E113 fault=0x0000000000004430 instr='mov [rbx],r12' len=3
[LOADER][WARN] Unmapped read recovery #23400: rip=0x00000008007E18A3 fault=0x0000000000000000 instr='mov rax,[rdi]' len=3
[LOADER][WARN] Unmapped read recovery #23500: rip=0x00000008013ECA26 fault=0x0000000000004588 instr='cmp qword ptr [r14+rbx+28h],0Fh' len=6
[LOADER][WARN] Unmapped read recovery #23600: rip=0x00000008007E18D0 fault=0x0000000000001836 instr='cmp byte ptr [r12+1836h],0' len=9
[LOADER][WARN] Unmapped read recovery #23700: rip=0x0000000800B8E0D3 fault=0x0000000000004698 instr='mov edx,[rbx+8]' len=3
[LOADER][WARN] Unmapped read recovery #23800: rip=0x00000008007E1A6C fault=0x0000000000001850 instr='mov rdi,[r12+1850h]' len=8
[LOADER][WARN] Unmapped read recovery #23900: rip=0x00000008007E185A fault=0x0000000000001840 instr='cmp qword ptr [r12+1840h],0' len=9
[LOADER][TRACE] posix-signal#24576: sig=11 rip=0x00000008007E185A fault=0x0000000000001840 access=0 rsp=0x00006FFFF01FB640
[LOADER][TRACE] posix-signal#24576: recovered=True new_rip=0x00000008007E1863
[DIAG-VERIFY] Import #3000 OK: libc::libc:_ZSt13_Execute_onceRSt9once_flagPFiPvS1_PS1_ES1_ ret=0x0000000000000000
[LOADER][WARN] Unmapped read recovery #24000: rip=0x00000008007E1A7E fault=0x0000000000000010 instr='mov rax,[rax+10h]' len=4
[LOADER][WARN] Unmapped read recovery #24100: rip=0x00000008007E183A fault=0x0000000000001868 instr='mov rdi,[rax]' len=3
[LOADER][WARN] Unmapped read recovery #24200: rip=0x0000000800B8E0FE fault=0x0000000000004950 instr='mov rsi,[rbx]' len=3
[LOADER][WARN] Unmapped read recovery #24300: rip=0x00000008007E1840 fault=0x0000000000000010 instr='call qword ptr [rax+10h]' len=3
[LOADER][WARN] Unmapped write recovery #24400: rip=0x0000000800B8E113 fault=0x0000000000004A70 instr='mov [rbx],r12' len=3
[LOADER][WARN] Unmapped read recovery #24500: rip=0x00000008007E18A3 fault=0x0000000000000000 instr='mov rax,[rdi]' len=3
[LOADER][WARN] Unmapped read recovery #24600: rip=0x00000008013ECA26 fault=0x0000000000004BC8 instr='cmp qword ptr [r14+rbx+28h],0Fh' len=6
[LOADER][WARN] Unmapped read recovery #24700: rip=0x00000008007E18D0 fault=0x0000000000001836 instr='cmp byte ptr [r12+1836h],0' len=9
[LOADER][WARN] Unmapped read recovery #24800: rip=0x0000000800B8E0D3 fault=0x0000000000004CD8 instr='mov edx,[rbx+8]' len=3
[LOADER][WARN] Unmapped read recovery #24900: rip=0x00000008007E1A6C fault=0x0000000000001850 instr='mov rdi,[r12+1850h]' len=8
[LOADER][TRACE] posix-signal#25600: sig=11 rip=0x00000008007E1A7E fault=0x0000000000000010 access=0 rsp=0x00006FFFF01FB640
[LOADER][TRACE] posix-signal#25600: recovered=True new_rip=0x00000008007E1A82
[LOADER][WARN] Unmapped read recovery #25000: rip=0x00000008007E185A fault=0x0000000000001840 instr='cmp qword ptr [r12+1840h],0' len=9
[LOADER][WARN] Unmapped read recovery #25100: rip=0x00000008007E1A7E fault=0x0000000000000010 instr='mov rax,[rax+10h]' len=4
[LOADER][WARN] Unmapped read recovery #25200: rip=0x00000008007E183A fault=0x0000000000001868 instr='mov rdi,[rax]' len=3
[LOADER][WARN] Unmapped read recovery #25300: rip=0x0000000800B8E0FE fault=0x0000000000004F90 instr='mov rsi,[rbx]' len=3
[LOADER][WARN] Unmapped read recovery #25400: rip=0x00000008007E1840 fault=0x0000000000000010 instr='call qword ptr [rax+10h]' len=3
[LOADER][WARN] NULL execute fault recovered #700
[LOADER][WARN] Unmapped write recovery #25500: rip=0x0000000800B8E113 fault=0x00000000000050B0 instr='mov [rbx],r12' len=3
[LOADER][WARN] Unmapped read recovery #25600: rip=0x00000008007E18A3 fault=0x0000000000000000 instr='mov rax,[rdi]' len=3
[LOADER][WARN] Unmapped read recovery #25700: rip=0x00000008013ECA26 fault=0x0000000000005208 instr='cmp qword ptr [r14+rbx+28h],0Fh' len=6
[LOADER][WARN] Unmapped read recovery #25800: rip=0x00000008007E18D0 fault=0x0000000000001836 instr='cmp byte ptr [r12+1836h],0' len=9
[LOADER][WARN] Unmapped read recovery #25900: rip=0x0000000800B8E0D3 fault=0x0000000000005318 instr='mov edx,[rbx+8]' len=3
[LOADER][TRACE] posix-signal#26624: sig=11 rip=0x00000008007E1813 fault=0x0000000000001837 access=0 rsp=0x00006FFFF01FB640
[LOADER][TRACE] posix-signal#26624: recovered=True new_rip=0x00000008007E181C
[LOADER][WARN] Unmapped read recovery #26000: rip=0x00000008007E1A6C fault=0x0000000000001850 instr='mov rdi,[r12+1850h]' len=8
[LOADER][WARN] Unmapped read recovery #26100: rip=0x00000008007E185A fault=0x0000000000001840 instr='cmp qword ptr [r12+1840h],0' len=9
[LOADER][WARN] Unmapped read recovery #26200: rip=0x00000008007E1A7E fault=0x0000000000000010 instr='mov rax,[rax+10h]' len=4
[LOADER][WARN] Unmapped read recovery #26300: rip=0x00000008007E183A fault=0x0000000000001868 instr='mov rdi,[rax]' len=3
[LOADER][WARN] Unmapped read recovery #26400: rip=0x0000000800B8E0FE fault=0x00000000000055D0 instr='mov rsi,[rbx]' len=3
[LOADER][WARN] Unmapped read recovery #26500: rip=0x00000008007E1840 fault=0x0000000000000010 instr='call qword ptr [rax+10h]' len=3
[LOADER][WARN] Unmapped write recovery #26600: rip=0x0000000800B8E113 fault=0x00000000000056F0 instr='mov [rbx],r12' len=3
[LOADER][WARN] Unmapped read recovery #26700: rip=0x00000008007E18A3 fault=0x0000000000000000 instr='mov rax,[rdi]' len=3
[LOADER][WARN] Unmapped read recovery #26800: rip=0x00000008013ECA26 fault=0x0000000000005848 instr='cmp qword ptr [r14+rbx+28h],0Fh' len=6
[LOADER][TRACE] posix-signal#27648: sig=11 rip=0x0000000000000000 fault=0x0000000000000000 access=8 rsp=0x00006FFFF01FB9E8
[LOADER][TRACE] posix-signal#27648: recovered=True new_rip=0x00007F814D89E000
[LOADER][WARN] Unmapped read recovery #26900: rip=0x00000008007E18D0 fault=0x0000000000001836 instr='cmp byte ptr [r12+1836h],0' len=9
[LOADER][WARN] Unmapped read recovery #27000: rip=0x0000000800B8E0D3 fault=0x0000000000005958 instr='mov edx,[rbx+8]' len=3
[LOADER][WARN] Unmapped read recovery #27100: rip=0x00000008007E1A6C fault=0x0000000000001850 instr='mov rdi,[r12+1850h]' len=8
[LOADER][WARN] Unmapped read recovery #27200: rip=0x00000008007E185A fault=0x0000000000001840 instr='cmp qword ptr [r12+1840h],0' len=9
[LOADER][WARN] Unmapped read recovery #27300: rip=0x00000008007E1A7E fault=0x0000000000000010 instr='mov rax,[rax+10h]' len=4
[LOADER][WARN] Unmapped read recovery #27400: rip=0x00000008007E183A fault=0x0000000000001868 instr='mov rdi,[rax]' len=3
[LOADER][WARN] Unmapped read recovery #27500: rip=0x0000000800B8E0FE fault=0x0000000000005C10 instr='mov rsi,[rbx]' len=3
[LOADER][WARN] Unmapped read recovery #27600: rip=0x00000008007E1840 fault=0x0000000000000010 instr='call qword ptr [rax+10h]' len=3
[LOADER][WARN] NULL execute fault recovered #800
[LOADER][WARN] Unmapped write recovery #27700: rip=0x0000000800B8E113 fault=0x0000000000005D30 instr='mov [rbx],r12' len=3
[LOADER][WARN] Unmapped read recovery #27800: rip=0x00000008007E18A3 fault=0x0000000000000000 instr='mov rax,[rdi]' len=3
[LOADER][TRACE] posix-signal#28672: sig=11 rip=0x00000008007E183A fault=0x0000000000001868 access=0 rsp=0x00006FFFF01FB640
[LOADER][TRACE] posix-signal#28672: recovered=True new_rip=0x00000008007E183D
[LOADER][WARN] Unmapped read recovery #27900: rip=0x00000008013ECA26 fault=0x0000000000005E88 instr='cmp qword ptr [r14+rbx+28h],0Fh' len=6
[LOADER][WARN] Unmapped read recovery #28000: rip=0x00000008007E18D0 fault=0x0000000000001836 instr='cmp byte ptr [r12+1836h],0' len=9
[LOADER][WARN] Unmapped read recovery #28100: rip=0x0000000800B8E0D3 fault=0x0000000000005F98 instr='mov edx,[rbx+8]' len=3
[LOADER][WARN] Unmapped read recovery #28200: rip=0x00000008007E1A6C fault=0x0000000000001850 instr='mov rdi,[r12+1850h]' len=8
[LOADER][WARN] Unmapped read recovery #28300: rip=0x00000008007E185A fault=0x0000000000001840 instr='cmp qword ptr [r12+1840h],0' len=9
[LOADER][WARN] Unmapped read recovery #28400: rip=0x00000008007E1A7E fault=0x0000000000000010 instr='mov rax,[rax+10h]' len=4
[LOADER][WARN] Unmapped read recovery #28500: rip=0x00000008007E183A fault=0x0000000000001868 instr='mov rdi,[rax]' len=3
[LOADER][WARN] Unmapped read recovery #28600: rip=0x0000000800B8E0FE fault=0x0000000000006250 instr='mov rsi,[rbx]' len=3
[LOADER][WARN] Unmapped read recovery #28700: rip=0x00000008007E1840 fault=0x0000000000000010 instr='call qword ptr [rax+10h]' len=3
[LOADER][WARN] Unmapped write recovery #28800: rip=0x0000000800B8E113 fault=0x0000000000006370 instr='mov [rbx],r12' len=3
[LOADER][TRACE] posix-signal#29696: sig=11 rip=0x0000000800B8E0F9 fault=0x00000000000063C0 access=0 rsp=0x00006FFFF01FBA70
[LOADER][TRACE] posix-signal#29696: recovered=True new_rip=0x0000000800B8E0FE
[LOADER][WARN] Unmapped read recovery #28900: rip=0x00000008007E18A3 fault=0x0000000000000000 instr='mov rax,[rdi]' len=3
[LOADER][WARN] Unmapped read recovery #29000: rip=0x00000008013ECA26 fault=0x00000000000064C8 instr='cmp qword ptr [r14+rbx+28h],0Fh' len=6
[LOADER][WARN] Unmapped read recovery #29100: rip=0x00000008007E18D0 fault=0x0000000000001836 instr='cmp byte ptr [r12+1836h],0' len=9
[LOADER][WARN] Unmapped read recovery #29200: rip=0x0000000800B8E0D3 fault=0x00000000000065D8 instr='mov edx,[rbx+8]' len=3
[LOADER][WARN] Unmapped read recovery #29300: rip=0x00000008007E1A6C fault=0x0000000000001850 instr='mov rdi,[r12+1850h]' len=8
[LOADER][WARN] Unmapped read recovery #29400: rip=0x00000008007E185A fault=0x0000000000001840 instr='cmp qword ptr [r12+1840h],0' len=9
[LOADER][WARN] Unmapped read recovery #29500: rip=0x00000008007E1A7E fault=0x0000000000000010 instr='mov rax,[rax+10h]' len=4
[LOADER][WARN] Unmapped read recovery #29600: rip=0x00000008007E183A fault=0x0000000000001868 instr='mov rdi,[rax]' len=3
[LOADER][WARN] Unmapped read recovery #29700: rip=0x0000000800B8E0FE fault=0x0000000000006890 instr='mov rsi,[rbx]' len=3
[LOADER][WARN] Unmapped read recovery #29800: rip=0x00000008007E1840 fault=0x0000000000000010 instr='call qword ptr [rax+10h]' len=3
[LOADER][TRACE] posix-signal#30720: sig=11 rip=0x00000008007E183D fault=0x0000000000000000 access=0 rsp=0x00006FFFF01FB640
[LOADER][TRACE] posix-signal#30720: recovered=True new_rip=0x00000008007E1840
[LOADER][WARN] NULL execute fault recovered #900
[LOADER][WARN] Unmapped write recovery #29900: rip=0x0000000800B8E113 fault=0x00000000000069B0 instr='mov [rbx],r12' len=3
[LOADER][WARN] Unmapped read recovery #30000: rip=0x00000008007E18A3 fault=0x0000000000000000 instr='mov rax,[rdi]' len=3
[LOADER][WARN] Unmapped read recovery #30100: rip=0x00000008013ECA26 fault=0x0000000000006B08 instr='cmp qword ptr [r14+rbx+28h],0Fh' len=6
[LOADER][WARN] Unmapped read recovery #30200: rip=0x00000008007E18D0 fault=0x0000000000001836 instr='cmp byte ptr [r12+1836h],0' len=9
[LOADER][WARN] Unmapped read recovery #30300: rip=0x0000000800B8E0D3 fault=0x0000000000006C18 instr='mov edx,[rbx+8]' len=3
[LOADER][WARN] Unmapped read recovery #30400: rip=0x00000008007E1A6C fault=0x0000000000001850 instr='mov rdi,[r12+1850h]' len=8
[LOADER][WARN] Unmapped read recovery #30500: rip=0x00000008007E185A fault=0x0000000000001840 instr='cmp qword ptr [r12+1840h],0' len=9
[LOADER][WARN] Unmapped read recovery #30600: rip=0x00000008007E1A7E fault=0x0000000000000010 instr='mov rax,[rax+10h]' len=4
[LOADER][WARN] Unmapped read recovery #30700: rip=0x00000008007E183A fault=0x0000000000001868 instr='mov rdi,[rax]' len=3
[LOADER][TRACE] posix-signal#31744: sig=11 rip=0x0000000800B8E0FE fault=0x0000000000006ED0 access=0 rsp=0x00006FFFF01FBA70
[LOADER][WARN] Unmapped read recovery #30800: rip=0x0000000800B8E0FE fault=0x0000000000006ED0 instr='mov rsi,[rbx]' len=3
[LOADER][TRACE] posix-signal#31744: recovered=True new_rip=0x0000000800B8E101
[LOADER][WARN] Unmapped read recovery #30900: rip=0x00000008007E1840 fault=0x0000000000000010 instr='call qword ptr [rax+10h]' len=3
[LOADER][WARN] Unmapped write recovery #31000: rip=0x0000000800B8E113 fault=0x0000000000006FF0 instr='mov [rbx],r12' len=3
[LOADER][WARN] Unmapped read recovery #31100: rip=0x00000008007E18A3 fault=0x0000000000000000 instr='mov rax,[rdi]' len=3
[LOADER][WARN] Unmapped read recovery #31200: rip=0x00000008013ECA26 fault=0x0000000000007148 instr='cmp qword ptr [r14+rbx+28h],0Fh' len=6
[LOADER][WARN] Unmapped read recovery #31300: rip=0x00000008007E18D0 fault=0x0000000000001836 instr='cmp byte ptr [r12+1836h],0' len=9
[LOADER][WARN] Unmapped read recovery #31400: rip=0x0000000800B8E0D3 fault=0x0000000000007258 instr='mov edx,[rbx+8]' len=3
[LOADER][WARN] Unmapped read recovery #31500: rip=0x00000008007E1A6C fault=0x0000000000001850 instr='mov rdi,[r12+1850h]' len=8
[LOADER][WARN] Unmapped read recovery #31600: rip=0x00000008007E185A fault=0x0000000000001840 instr='cmp qword ptr [r12+1840h],0' len=9
[LOADER][WARN] Unmapped read recovery #31700: rip=0x00000008007E1A7E fault=0x0000000000000010 instr='mov rax,[rax+10h]' len=4
[LOADER][TRACE] posix-signal#32768: sig=11 rip=0x00000008007E1840 fault=0x0000000000000010 access=0 rsp=0x00006FFFF01FB640
[LOADER][TRACE] posix-signal#32768: recovered=True new_rip=0x00000008007E1843
[LOADER][WARN] Unmapped read recovery #31800: rip=0x00000008007E183A fault=0x0000000000001868 instr='mov rdi,[rax]' len=3
[LOADER][WARN] Unmapped read recovery #31900: rip=0x0000000800B8E0FE fault=0x0000000000007510 instr='mov rsi,[rbx]' len=3
[LOADER][WARN] Unmapped read recovery #32000: rip=0x00000008007E1840 fault=0x0000000000000010 instr='call qword ptr [rax+10h]' len=3
[LOADER][WARN] NULL execute fault recovered #1000
[LOADER][WARN] Unmapped write recovery #32100: rip=0x0000000800B8E113 fault=0x0000000000007630 instr='mov [rbx],r12' len=3
[LOADER][WARN] Unmapped read recovery #32200: rip=0x00000008007E18A3 fault=0x0000000000000000 instr='mov rax,[rdi]' len=3
[LOADER][WARN] Unmapped read recovery #32300: rip=0x00000008013ECA26 fault=0x0000000000007788 instr='cmp qword ptr [r14+rbx+28h],0Fh' len=6
[LOADER][WARN] Unmapped read recovery #32400: rip=0x00000008007E18D0 fault=0x0000000000001836 instr='cmp byte ptr [r12+1836h],0' len=9
[LOADER][WARN] Unmapped read recovery #32500: rip=0x0000000800B8E0D3 fault=0x0000000000007898 instr='mov edx,[rbx+8]' len=3
[LOADER][WARN] Unmapped read recovery #32600: rip=0x00000008007E1A6C fault=0x0000000000001850 instr='mov rdi,[r12+1850h]' len=8
[LOADER][WARN] Unmapped read recovery #32700: rip=0x00000008007E185A fault=0x0000000000001840 instr='cmp qword ptr [r12+1840h],0' len=9
[LOADER][TRACE] posix-signal#33792: sig=11 rip=0x0000000800B8E10F fault=0x0000000000007A08 access=1 rsp=0x00006FFFF01FBA70
[LOADER][TRACE] posix-signal#33792: recovered=True new_rip=0x0000000800B8E113
[LOADER][WARN] Unmapped read recovery #32800: rip=0x00000008007E1A7E fault=0x0000000000000010 instr='mov rax,[rax+10h]' len=4
[LOADER][WARN] Unmapped read recovery #32900: rip=0x00000008007E183A fault=0x0000000000001868 instr='mov rdi,[rax]' len=3
[LOADER][WARN] Unmapped read recovery #33000: rip=0x0000000800B8E0FE fault=0x0000000000007B50 instr='mov rsi,[rbx]' len=3
[LOADER][WARN] Unmapped read recovery #33100: rip=0x00000008007E1840 fault=0x0000000000000010 instr='call qword ptr [rax+10h]' len=3
[LOADER][WARN] Unmapped write recovery #33200: rip=0x0000000800B8E113 fault=0x0000000000007C70 instr='mov [rbx],r12' len=3
[LOADER][WARN] Unmapped read recovery #33300: rip=0x00000008007E18A3 fault=0x0000000000000000 instr='mov rax,[rdi]' len=3
[LOADER][WARN] Unmapped read recovery #33400: rip=0x00000008013ECA26 fault=0x0000000000007DC8 instr='cmp qword ptr [r14+rbx+28h],0Fh' len=6
[LOADER][WARN] Unmapped read recovery #33500: rip=0x00000008007E18D0 fault=0x0000000000001836 instr='cmp byte ptr [r12+1836h],0' len=9
[LOADER][WARN] Unmapped read recovery #33600: rip=0x0000000800B8E0D3 fault=0x0000000000007ED8 instr='mov edx,[rbx+8]' len=3
[LOADER][WARN] Unmapped read recovery #33700: rip=0x00000008007E1A6C fault=0x0000000000001850 instr='mov rdi,[r12+1850h]' len=8
[LOADER][TRACE] posix-signal#34816: sig=11 rip=0x00000008007E189B fault=0x0000000000001838 access=0 rsp=0x00006FFFF01FB640
[LOADER][TRACE] posix-signal#34816: recovered=True new_rip=0x00000008007E18A3
[LOADER][WARN] Unmapped read recovery #33800: rip=0x00000008007E185A fault=0x0000000000001840 instr='cmp qword ptr [r12+1840h],0' len=9
[LOADER][WARN] Unmapped write recovery #33900: rip=0x00000008013ECAFB fault=0x00000000000007E8 instr='vmovdqu ymmword ptr [rbx+rax-80h],ymm0' len=6
[LOADER][WARN] Unmapped write recovery #34000: rip=0x00000008013ECB13 fault=0x0000000000001468 instr='vmovdqu ymmword ptr [rbx+rax],ymm0' len=5
[LOADER][WARN] Import#5070 result: ORBIS_GEN2_ERROR_MEMORY_FAULT (Q2V+iqvjgC0) rdi=0x00007F7CF4F3C6E0 rsi=0x0000000000008000 rdx=0x0000000801B106D2 rcx=0x00006FFFF01FB5E0 r8=0x0000003000000018 r9=0x0000000801B48C76 ret=0x0000000800B85A36
[LOADER][WARN] Unmapped read recovery #34100: rip=0x00000008007E17C5 fault=0x0000000000001836 instr='cmp byte ptr [rdi+1836h],0' len=7
[LOADER][WARN] Unmapped write recovery #34200: rip=0x0000000800BB2000 fault=0x0000000000000378 instr='vmovups [rax+rcx],xmm0' len=5
[LOADER][WARN] Unmapped write recovery #34300: rip=0x0000000800BB2000 fault=0x0000000000000828 instr='vmovups [rax+rcx],xmm0' len=5
[LOADER][WARN] Unmapped write recovery #34400: rip=0x0000000800BB2040 fault=0x0000000000000CD8 instr='vmovups [rax+rcx],xmm0' len=5
[LOADER][WARN] Unmapped write recovery #34500: rip=0x0000000800BB2040 fault=0x0000000000001188 instr='vmovups [rax+rcx],xmm0' len=5
[LOADER][WARN] Unmapped write recovery #34600: rip=0x0000000800BB2040 fault=0x0000000000001638 instr='vmovups [rax+rcx],xmm0' len=5
[LOADER][WARN] Unmapped write recovery #34700: rip=0x0000000800BB2080 fault=0x0000000000001AE8 instr='vmovups [rax+rcx],xmm0' len=5
[LOADER][TRACE] posix-signal#35840: sig=11 rip=0x0000000800BB2085 fault=0x0000000000001D68 access=1 rsp=0x00006FFFF01FBA68
[LOADER][TRACE] posix-signal#35840: recovered=True new_rip=0x0000000800BB208A
[LOADER][WARN] Unmapped write recovery #34800: rip=0x0000000800BB2080 fault=0x0000000000001F98 instr='vmovups [rax+rcx],xmm0' len=5
[LOADER][WARN] Unmapped write recovery #34900: rip=0x0000000800BB20C0 fault=0x0000000000002448 instr='vmovups [rax+rcx],xmm0' len=5
[LOADER][WARN] Unmapped write recovery #35000: rip=0x0000000800BB20C0 fault=0x00000000000028F8 instr='vmovups [rax+rcx],xmm0' len=5
[LOADER][WARN] Unmapped write recovery #35100: rip=0x0000000800BB20C0 fault=0x0000000000002DA8 instr='vmovups [rax+rcx],xmm0' len=5
[LOADER][WARN] Unmapped read recovery #35200: rip=0x00000008007FDBF5 fault=0x0000000000000000 instr='mov eax,[r8+rdx]' len=4
[LOADER][WARN] Unmapped read recovery #35300: rip=0x00000008007FDBF5 fault=0x0000000000000000 instr='mov eax,[r8+rdx]' len=4
[LOADER][WARN] Unmapped read recovery #35400: rip=0x00000008007FDBF5 fault=0x0000000000000000 instr='mov eax,[r8+rdx]' len=4
[LOADER][WARN] Unmapped read recovery #35500: rip=0x00000008007FDBF5 fault=0x0000000000000000 instr='mov eax,[r8+rdx]' len=4
[LOADER][WARN] Unmapped read recovery #35600: rip=0x00000008007FDBF5 fault=0x0000000000000000 instr='mov eax,[r8+rdx]' len=4
[LOADER][WARN] Unmapped read recovery #35700: rip=0x00000008007FDBF5 fault=0x0000000000000000 instr='mov eax,[r8+rdx]' len=4
[LOADER][TRACE] posix-signal#36864: sig=11 rip=0x00000008007FDBF5 fault=0x0000000000000000 access=0 rsp=0x00006FFFF01FB920
[LOADER][TRACE] posix-signal#36864: recovered=True new_rip=0x00000008007FDBF9
[LOADER][WARN] Unmapped read recovery #35800: rip=0x00000008007FDBF5 fault=0x0000000000000000 instr='mov eax,[r8+rdx]' len=4
[LOADER][WARN] Unmapped read recovery #35900: rip=0x00000008007FDBF5 fault=0x0000000000000000 instr='mov eax,[r8+rdx]' len=4
[LOADER][WARN] Unmapped read recovery #36000: rip=0x00000008007FDBF5 fault=0x0000000000000000 instr='mov eax,[r8+rdx]' len=4
[LOADER][WARN] Unmapped read recovery #36100: rip=0x00000008007FDBF5 fault=0x0000000000000000 instr='mov eax,[r8+rdx]' len=4
[LOADER][WARN] Unmapped read recovery #36200: rip=0x00000008007FDBF5 fault=0x0000000000000000 instr='mov eax,[r8+rdx]' len=4
[LOADER][WARN] Unmapped read recovery #36300: rip=0x00000008007FDBF5 fault=0x0000000000000000 instr='mov eax,[r8+rdx]' len=4
[LOADER][WARN] Unmapped read recovery #36400: rip=0x00000008007FDBF5 fault=0x0000000000000000 instr='mov eax,[r8+rdx]' len=4
[LOADER][WARN] Unmapped read recovery #36500: rip=0x00000008007FDBF5 fault=0x0000000000000000 instr='mov eax,[r8+rdx]' len=4
[LOADER][WARN] Unmapped read recovery #36600: rip=0x00000008007FDBF5 fault=0x0000000000000000 instr='mov eax,[r8+rdx]' len=4
[LOADER][WARN] Unmapped read recovery #36700: rip=0x00000008007FDBF5 fault=0x0000000000000000 instr='mov eax,[r8+rdx]' len=4
[LOADER][WARN] Unmapped read recovery #36800: rip=0x00000008007FDBF5 fault=0x0000000000000000 instr='mov eax,[r8+rdx]' len=4
[LOADER][TRACE] posix-signal#37888: sig=11 rip=0x00000008007FDBF5 fault=0x0000000000000000 access=0 rsp=0x00006FFFF01FB920
[LOADER][TRACE] posix-signal#37888: recovered=True new_rip=0x00000008007FDBF9
[LOADER][WARN] Unmapped read recovery #36900: rip=0x00000008007FDBF5 fault=0x0000000000000000 instr='mov eax,[r8+rdx]' len=4
[LOADER][WARN] Unmapped read recovery #37000: rip=0x00000008007FDBF5 fault=0x0000000000000000 instr='mov eax,[r8+rdx]' len=4
[LOADER][WARN] Unmapped read recovery #37100: rip=0x00000008007FDBF5 fault=0x0000000000000000 instr='mov eax,[r8+rdx]' len=4
[LOADER][WARN] Unmapped read recovery #37200: rip=0x00000008007FDBF5 fault=0x0000000000000000 instr='mov eax,[r8+rdx]' len=4
[LOADER][WARN] Unmapped read recovery #37300: rip=0x00000008007FDBF5 fault=0x0000000000000000 instr='mov eax,[r8+rdx]' len=4
[LOADER][WARN] Unmapped read recovery #37400: rip=0x00000008007FDBF5 fault=0x0000000000000000 instr='mov eax,[r8+rdx]' len=4
[LOADER][WARN] Unmapped read recovery #37500: rip=0x00000008007FDBF5 fault=0x0000000000000000 instr='mov eax,[r8+rdx]' len=4
[LOADER][WARN] Unmapped read recovery #37600: rip=0x00000008007FDBF5 fault=0x0000000000000000 instr='mov eax,[r8+rdx]' len=4
[LOADER][WARN] Unmapped read recovery #37700: rip=0x00000008007FDBF5 fault=0x0000000000000000 instr='mov eax,[r8+rdx]' len=4
[LOADER][WARN] Unmapped read recovery #37800: rip=0x00000008007FDBF5 fault=0x0000000000000000 instr='mov eax,[r8+rdx]' len=4
[LOADER][TRACE] posix-signal#38912: sig=11 rip=0x00000008007FDBF5 fault=0x0000000000000000 access=0 rsp=0x00006FFFF01FB920
[LOADER][TRACE] posix-signal#38912: recovered=True new_rip=0x00000008007FDBF9
[LOADER][WARN] Unmapped read recovery #37900: rip=0x00000008007FDBF5 fault=0x0000000000000000 instr='mov eax,[r8+rdx]' len=4
[LOADER][WARN] Unmapped read recovery #38000: rip=0x00000008007FDBF5 fault=0x0000000000000000 instr='mov eax,[r8+rdx]' len=4
[LOADER][WARN] Unmapped read recovery #38100: rip=0x00000008007FDBF5 fault=0x0000000000000000 instr='mov eax,[r8+rdx]' len=4
[LOADER][WARN] Unmapped read recovery #38200: rip=0x00000008007FDBF5 fault=0x0000000000000000 instr='mov eax,[r8+rdx]' len=4
[LOADER][WARN] Unmapped read recovery #38300: rip=0x00000008007FDBF5 fault=0x0000000000000000 instr='mov eax,[r8+rdx]' len=4
[LOADER][WARN] Unmapped read recovery #38400: rip=0x00000008007FDBF5 fault=0x0000000000000000 instr='mov eax,[r8+rdx]' len=4
[LOADER][WARN] Unmapped read recovery #38500: rip=0x00000008007FDBF5 fault=0x0000000000000000 instr='mov eax,[r8+rdx]' len=4
[LOADER][WARN] Unmapped read recovery #38600: rip=0x00000008007FDBF5 fault=0x0000000000000000 instr='mov eax,[r8+rdx]' len=4
[LOADER][WARN] Unmapped read recovery #38700: rip=0x00000008007FDBF5 fault=0x0000000000000000 instr='mov eax,[r8+rdx]' len=4
[LOADER][WARN] Unmapped read recovery #38800: rip=0x00000008007FDBF5 fault=0x0000000000000000 instr='mov eax,[r8+rdx]' len=4
[LOADER][TRACE] posix-signal#39936: sig=11 rip=0x00000008007FDBF5 fault=0x0000000000000000 access=0 rsp=0x00006FFFF01FB920
[LOADER][TRACE] posix-signal#39936: recovered=True new_rip=0x00000008007FDBF9
[LOADER][WARN] Unmapped read recovery #38900: rip=0x00000008007FDBF5 fault=0x0000000000000000 instr='mov eax,[r8+rdx]' len=4
[LOADER][WARN] Unmapped read recovery #39000: rip=0x00000008007FDBF5 fault=0x0000000000000000 instr='mov eax,[r8+rdx]' len=4
[LOADER][WARN] Unmapped read recovery #39100: rip=0x00000008007FDBF5 fault=0x0000000000000000 instr='mov eax,[r8+rdx]' len=4
[LOADER][WARN] Unmapped read recovery #39200: rip=0x00000008007FDBF5 fault=0x0000000000000000 instr='mov eax,[r8+rdx]' len=4
[LOADER][WARN] Unmapped read recovery #39300: rip=0x00000008007FDBF5 fault=0x0000000000000000 instr='mov eax,[r8+rdx]' len=4
[LOADER][WARN] Unmapped read recovery #39400: rip=0x00000008007FDBF5 fault=0x0000000000000000 instr='mov eax,[r8+rdx]' len=4
[LOADER][WARN] Unmapped read recovery #39500: rip=0x00000008007FDBF5 fault=0x0000000000000000 instr='mov eax,[r8+rdx]' len=4
[LOADER][WARN] Unmapped read recovery #39600: rip=0x00000008007FDBF5 fault=0x0000000000000000 instr='mov eax,[r8+rdx]' len=4
[LOADER][WARN] Unmapped read recovery #39700: rip=0x00000008007FDBF5 fault=0x0000000000000000 instr='mov eax,[r8+rdx]' len=4
[LOADER][WARN] Unmapped read recovery #39800: rip=0x00000008007FDBF5 fault=0x0000000000000000 instr='mov eax,[r8+rdx]' len=4
[LOADER][TRACE] posix-signal#40960: sig=11 rip=0x00000008007FDBF5 fault=0x0000000000000000 access=0 rsp=0x00006FFFF01FB920
[LOADER][TRACE] posix-signal#40960: recovered=True new_rip=0x00000008007FDBF9
[LOADER][WARN] Unmapped read recovery #39900: rip=0x00000008007FDBF5 fault=0x0000000000000000 instr='mov eax,[r8+rdx]' len=4
[LOADER][WARN] Unmapped read recovery #40000: rip=0x00000008007FDBF5 fault=0x0000000000000000 instr='mov eax,[r8+rdx]' len=4
[LOADER][WARN] Unmapped read recovery #40100: rip=0x00000008007FDBF5 fault=0x0000000000000000 instr='mov eax,[r8+rdx]' len=4
[LOADER][WARN] Unmapped read recovery #40200: rip=0x00000008007FDBF5 fault=0x0000000000000000 instr='mov eax,[r8+rdx]' len=4
[LOADER][WARN] Unmapped read recovery #40300: rip=0x00000008007FDBF5 fault=0x0000000000000000 instr='mov eax,[r8+rdx]' len=4
[LOADER][WARN] Unmapped read recovery #40400: rip=0x00000008007FDBF5 fault=0x0000000000000000 instr='mov eax,[r8+rdx]' len=4
[LOADER][WARN] Unmapped read recovery #40500: rip=0x00000008007FDBF5 fault=0x0000000000000000 instr='mov eax,[r8+rdx]' len=4
[LOADER][WARN] Unmapped read recovery #40600: rip=0x00000008007FDBF5 fault=0x0000000000000000 instr='mov eax,[r8+rdx]' len=4
[LOADER][WARN] Unmapped read recovery #40700: rip=0x00000008007FDBF5 fault=0x0000000000000000 instr='mov eax,[r8+rdx]' len=4
[LOADER][WARN] Unmapped read recovery #40800: rip=0x00000008007FDBF5 fault=0x0000000000000000 instr='mov eax,[r8+rdx]' len=4
[LOADER][TRACE] posix-signal#41984: sig=11 rip=0x00000008007FDBF5 fault=0x0000000000000000 access=0 rsp=0x00006FFFF01FB920
[LOADER][TRACE] posix-signal#41984: recovered=True new_rip=0x00000008007FDBF9
[LOADER][WARN] Unmapped read recovery #40900: rip=0x00000008007FDBF5 fault=0x0000000000000000 instr='mov eax,[r8+rdx]' len=4
[LOADER][WARN] Unmapped read recovery #41000: rip=0x00000008007FDBF5 fault=0x0000000000000000 instr='mov eax,[r8+rdx]' len=4
[LOADER][WARN] Unmapped read recovery #41100: rip=0x00000008007FDBF5 fault=0x0000000000000000 instr='mov eax,[r8+rdx]' len=4
[LOADER][WARN] Unmapped read recovery #41200: rip=0x00000008007FDBF5 fault=0x0000000000000000 instr='mov eax,[r8+rdx]' len=4
[LOADER][WARN] Unmapped read recovery #41300: rip=0x00000008007FDBF5 fault=0x0000000000000000 instr='mov eax,[r8+rdx]' len=4
[LOADER][WARN] Unmapped read recovery #41400: rip=0x00000008007FDBF5 fault=0x0000000000000000 instr='mov eax,[r8+rdx]' len=4
[LOADER][WARN] Unmapped read recovery #41500: rip=0x00000008007FDBF5 fault=0x0000000000000000 instr='mov eax,[r8+rdx]' len=4
[LOADER][WARN] Unmapped read recovery #41600: rip=0x00000008007FDBF5 fault=0x0000000000000000 instr='mov eax,[r8+rdx]' len=4
[LOADER][WARN] Unmapped read recovery #41700: rip=0x00000008007FDBF5 fault=0x0000000000000000 instr='mov eax,[r8+rdx]' len=4
[LOADER][WARN] Unmapped read recovery #41800: rip=0x00000008007FDBF5 fault=0x0000000000000000 instr='mov eax,[r8+rdx]' len=4
[LOADER][WARN] Unmapped read recovery #41900: rip=0x00000008007FDBF5 fault=0x0000000000000000 instr='mov eax,[r8+rdx]' len=4
[LOADER][TRACE] posix-signal#43008: sig=11 rip=0x00000008007FDBF5 fault=0x0000000000000000 access=0 rsp=0x00006FFFF01FB920
[LOADER][TRACE] posix-signal#43008: recovered=True new_rip=0x00000008007FDBF9
[LOADER][WARN] Unmapped read recovery #42000: rip=0x00000008007FDBF5 fault=0x0000000000000000 instr='mov eax,[r8+rdx]' len=4
[LOADER][WARN] Unmapped read recovery #42100: rip=0x00000008007FDBF5 fault=0x0000000000000000 instr='mov eax,[r8+rdx]' len=4
[LOADER][WARN] Unmapped read recovery #42200: rip=0x00000008007FDBF5 fault=0x0000000000000000 instr='mov eax,[r8+rdx]' len=4
[LOADER][WARN] Unmapped read recovery #42300: rip=0x00000008007FDBF5 fault=0x0000000000000000 instr='mov eax,[r8+rdx]' len=4
[LOADER][WARN] Unmapped read recovery #42400: rip=0x00000008007FDBF5 fault=0x0000000000000000 instr='mov eax,[r8+rdx]' len=4
[LOADER][WARN] Unmapped read recovery #42500: rip=0x00000008007FDBF5 fault=0x0000000000000000 instr='mov eax,[r8+rdx]' len=4
[LOADER][WARN] Unmapped read recovery #42600: rip=0x00000008007FDBF5 fault=0x0000000000000000 instr='mov eax,[r8+rdx]' len=4
[LOADER][WARN] Unmapped read recovery #42700: rip=0x00000008007FDBF5 fault=0x0000000000000000 instr='mov eax,[r8+rdx]' len=4
[LOADER][WARN] Unmapped read recovery #42800: rip=0x00000008007FDBF5 fault=0x0000000000000000 instr='mov eax,[r8+rdx]' len=4
[LOADER][WARN] Unmapped read recovery #42900: rip=0x00000008007FDBF5 fault=0x0000000000000000 instr='mov eax,[r8+rdx]' len=4
[LOADER][TRACE] posix-signal#44032: sig=11 rip=0x00000008007FDBF5 fault=0x0000000000000000 access=0 rsp=0x00006FFFF01FB920
[LOADER][TRACE] posix-signal#44032: recovered=True new_rip=0x00000008007FDBF9
[LOADER][WARN] Unmapped read recovery #43000: rip=0x00000008007FDBF5 fault=0x0000000000000000 instr='mov eax,[r8+rdx]' len=4
[LOADER][WARN] Unmapped read recovery #43100: rip=0x00000008007FDBF5 fault=0x0000000000000000 instr='mov eax,[r8+rdx]' len=4
[LOADER][WARN] Unmapped read recovery #43200: rip=0x00000008007FDBF5 fault=0x0000000000000000 instr='mov eax,[r8+rdx]' len=4
[LOADER][WARN] Unmapped read recovery #43300: rip=0x00000008007FDBF5 fault=0x0000000000000000 instr='mov eax,[r8+rdx]' len=4
[LOADER][WARN] Unmapped read recovery #43400: rip=0x00000008007FDBF5 fault=0x0000000000000000 instr='mov eax,[r8+rdx]' len=4
[LOADER][WARN] Unmapped read recovery #43500: rip=0x00000008007FDBF5 fault=0x0000000000000000 instr='mov eax,[r8+rdx]' len=4
[LOADER][WARN] Unmapped read recovery #43600: rip=0x00000008007FDBF5 fault=0x0000000000000000 instr='mov eax,[r8+rdx]' len=4
[LOADER][WARN] Unmapped read recovery #43700: rip=0x00000008007FDBF5 fault=0x0000000000000000 instr='mov eax,[r8+rdx]' len=4
[LOADER][WARN] Unmapped read recovery #43800: rip=0x00000008007FDBF5 fault=0x0000000000000000 instr='mov eax,[r8+rdx]' len=4
[LOADER][WARN] Unmapped read recovery #43900: rip=0x00000008007FDBF5 fault=0x0000000000000000 instr='mov eax,[r8+rdx]' len=4
[LOADER][TRACE] posix-signal#45056: sig=11 rip=0x00000008007FDBF5 fault=0x0000000000000000 access=0 rsp=0x00006FFFF01FB920
[LOADER][TRACE] posix-signal#45056: recovered=True new_rip=0x00000008007FDBF9
[LOADER][WARN] Unmapped read recovery #44000: rip=0x00000008007FDBF5 fault=0x0000000000000000 instr='mov eax,[r8+rdx]' len=4
[LOADER][WARN] Unmapped read recovery #44100: rip=0x00000008007FDBF5 fault=0x0000000000000000 instr='mov eax,[r8+rdx]' len=4
[LOADER][WARN] Unmapped read recovery #44200: rip=0x00000008007FDBF5 fault=0x0000000000000000 instr='mov eax,[r8+rdx]' len=4
[LOADER][WARN] Unmapped read recovery #44300: rip=0x00000008007FDBF5 fault=0x0000000000000000 instr='mov eax,[r8+rdx]' len=4
[LOADER][WARN] Unmapped read recovery #44400: rip=0x00000008007FDBF5 fault=0x0000000000000000 instr='mov eax,[r8+rdx]' len=4
[LOADER][WARN] Unmapped read recovery #44500: rip=0x00000008007FDBF5 fault=0x0000000000000000 instr='mov eax,[r8+rdx]' len=4
[LOADER][WARN] Unmapped read recovery #44600: rip=0x00000008007FDBF5 fault=0x0000000000000000 instr='mov eax,[r8+rdx]' len=4
[LOADER][WARN] Unmapped read recovery #44700: rip=0x00000008007FDBF5 fault=0x0000000000000000 instr='mov eax,[r8+rdx]' len=4
[LOADER][WARN] Unmapped read recovery #44800: rip=0x00000008007FDBF5 fault=0x0000000000000000 instr='mov eax,[r8+rdx]' len=4
[LOADER][WARN] Unmapped read recovery #44900: rip=0x00000008007FDBF5 fault=0x0000000000000000 instr='mov eax,[r8+rdx]' len=4
[LOADER][TRACE] posix-signal#46080: sig=11 rip=0x00000008007FDBF5 fault=0x0000000000000000 access=0 rsp=0x00006FFFF01FB920
[LOADER][TRACE] posix-signal#46080: recovered=True new_rip=0x00000008007FDBF9
[LOADER][WARN] Unmapped read recovery #45000: rip=0x00000008007FDBF5 fault=0x0000000000000000 instr='mov eax,[r8+rdx]' len=4
[LOADER][WARN] Unmapped read recovery #45100: rip=0x00000008007FDBF5 fault=0x0000000000000000 instr='mov eax,[r8+rdx]' len=4
[LOADER][WARN] Unmapped read recovery #45200: rip=0x00000008007FDBF5 fault=0x0000000000000000 instr='mov eax,[r8+rdx]' len=4
[LOADER][WARN] Unmapped read recovery #45300: rip=0x00000008007FDBF5 fault=0x0000000000000000 instr='mov eax,[r8+rdx]' len=4
[LOADER][WARN] Unmapped read recovery #45400: rip=0x00000008007FDBF5 fault=0x0000000000000000 instr='mov eax,[r8+rdx]' len=4
[LOADER][WARN] Unmapped read recovery #45500: rip=0x00000008007FDBF5 fault=0x0000000000000000 instr='mov eax,[r8+rdx]' len=4
[LOADER][WARN] Unmapped read recovery #45600: rip=0x00000008007FDBF5 fault=0x0000000000000000 instr='mov eax,[r8+rdx]' len=4
[LOADER][WARN] Unmapped read recovery #45700: rip=0x00000008007FDBF5 fault=0x0000000000000000 instr='mov eax,[r8+rdx]' len=4
[LOADER][WARN] Unmapped read recovery #45800: rip=0x00000008007FDBF5 fault=0x0000000000000000 instr='mov eax,[r8+rdx]' len=4
[LOADER][WARN] Unmapped read recovery #45900: rip=0x00000008007FDBF5 fault=0x0000000000000000 instr='mov eax,[r8+rdx]' len=4
[LOADER][WARN] Unmapped read recovery #46000: rip=0x00000008007FDBF5 fault=0x0000000000000000 instr='mov eax,[r8+rdx]' len=4
[LOADER][TRACE] posix-signal#47104: sig=11 rip=0x00000008007FDBF5 fault=0x0000000000000000 access=0 rsp=0x00006FFFF01FB920
[LOADER][TRACE] posix-signal#47104: recovered=True new_rip=0x00000008007FDBF9
[LOADER][WARN] Unmapped read recovery #46100: rip=0x00000008007FDBF5 fault=0x0000000000000000 instr='mov eax,[r8+rdx]' len=4
[LOADER][WARN] Unmapped read recovery #46200: rip=0x00000008007FDBF5 fault=0x0000000000000000 instr='mov eax,[r8+rdx]' len=4
[LOADER][WARN] Unmapped read recovery #46300: rip=0x00000008007FDBF5 fault=0x0000000000000000 instr='mov eax,[r8+rdx]' len=4
[LOADER][WARN] Unmapped read recovery #46400: rip=0x00000008007FDBF5 fault=0x0000000000000000 instr='mov eax,[r8+rdx]' len=4
[LOADER][WARN] Unmapped read recovery #46500: rip=0x00000008007FDBF5 fault=0x0000000000000000 instr='mov eax,[r8+rdx]' len=4
[LOADER][WARN] Unmapped read recovery #46600: rip=0x00000008007FDBF5 fault=0x0000000000000000 instr='mov eax,[r8+rdx]' len=4
[LOADER][WARN] Unmapped read recovery #46700: rip=0x00000008007FDBF5 fault=0x0000000000000000 instr='mov eax,[r8+rdx]' len=4
[LOADER][WARN] Unmapped read recovery #46800: rip=0x00000008007FDBF5 fault=0x0000000000000000 instr='mov eax,[r8+rdx]' len=4
[LOADER][WARN] Unmapped read recovery #46900: rip=0x00000008007FDBF5 fault=0x0000000000000000 instr='mov eax,[r8+rdx]' len=4
[LOADER][WARN] Unmapped read recovery #47000: rip=0x00000008007FDBF5 fault=0x0000000000000000 instr='mov eax,[r8+rdx]' len=4
[LOADER][TRACE] posix-signal#48128: sig=11 rip=0x00000008007FDBF5 fault=0x0000000000000000 access=0 rsp=0x00006FFFF01FB920
[LOADER][TRACE] posix-signal#48128: recovered=True new_rip=0x00000008007FDBF9
[LOADER][WARN] Unmapped read recovery #47100: rip=0x00000008007FDBF5 fault=0x0000000000000000 instr='mov eax,[r8+rdx]' len=4
[LOADER][WARN] Unmapped read recovery #47200: rip=0x00000008007FDBF5 fault=0x0000000000000000 instr='mov eax,[r8+rdx]' len=4
[LOADER][WARN] Unmapped read recovery #47300: rip=0x00000008007FDBF5 fault=0x0000000000000000 instr='mov eax,[r8+rdx]' len=4
[LOADER][WARN] Unmapped read recovery #47400: rip=0x00000008007FDBF5 fault=0x0000000000000000 instr='mov eax,[r8+rdx]' len=4
[LOADER][WARN] Unmapped read recovery #47500: rip=0x00000008007FDBF5 fault=0x0000000000000000 instr='mov eax,[r8+rdx]' len=4
[LOADER][WARN] Unmapped read recovery #47600: rip=0x00000008007FDBF5 fault=0x0000000000000000 instr='mov eax,[r8+rdx]' len=4
[LOADER][WARN] Unmapped read recovery #47700: rip=0x00000008007FDBF5 fault=0x0000000000000000 instr='mov eax,[r8+rdx]' len=4
[LOADER][WARN] Unmapped read recovery #47800: rip=0x00000008007FDBF5 fault=0x0000000000000000 instr='mov eax,[r8+rdx]' len=4
[LOADER][WARN] Unmapped read recovery #47900: rip=0x00000008007FDBF5 fault=0x0000000000000000 instr='mov eax,[r8+rdx]' len=4
[LOADER][WARN] Unmapped read recovery #48000: rip=0x00000008007FDBF5 fault=0x0000000000000000 instr='mov eax,[r8+rdx]' len=4
[LOADER][TRACE] posix-signal#49152: sig=11 rip=0x00000008007FDBF5 fault=0x0000000000000000 access=0 rsp=0x00006FFFF01FB920
[LOADER][TRACE] posix-signal#49152: recovered=True new_rip=0x00000008007FDBF9
[LOADER][WARN] Unmapped read recovery #48100: rip=0x00000008007FDBF5 fault=0x0000000000000000 instr='mov eax,[r8+rdx]' len=4
[LOADER][WARN] Unmapped read recovery #48200: rip=0x00000008007FDBF5 fault=0x0000000000000000 instr='mov eax,[r8+rdx]' len=4
[LOADER][WARN] Unmapped read recovery #48300: rip=0x00000008007FDBF5 fault=0x0000000000000000 instr='mov eax,[r8+rdx]' len=4
[LOADER][WARN] Unmapped read recovery #48400: rip=0x00000008007FDBF5 fault=0x0000000000000000 instr='mov eax,[r8+rdx]' len=4
[LOADER][WARN] Unmapped read recovery #48500: rip=0x00000008007FDBF5 fault=0x0000000000000000 instr='mov eax,[r8+rdx]' len=4
[LOADER][WARN] Unmapped read recovery #48600: rip=0x00000008007FDBF5 fault=0x0000000000000000 instr='mov eax,[r8+rdx]' len=4
[LOADER][WARN] Unmapped read recovery #48700: rip=0x00000008007FDBF5 fault=0x0000000000000000 instr='mov eax,[r8+rdx]' len=4
[LOADER][WARN] Unmapped read recovery #48800: rip=0x00000008007FDBF5 fault=0x0000000000000000 instr='mov eax,[r8+rdx]' len=4
[LOADER][WARN] Unmapped read recovery #48900: rip=0x00000008007FDBF5 fault=0x0000000000000000 instr='mov eax,[r8+rdx]' len=4
[LOADER][WARN] Unmapped read recovery #49000: rip=0x00000008007FDBF5 fault=0x0000000000000000 instr='mov eax,[r8+rdx]' len=4
[LOADER][TRACE] posix-signal#50176: sig=11 rip=0x00000008007FDBF5 fault=0x0000000000000000 access=0 rsp=0x00006FFFF01FB920
[LOADER][TRACE] posix-signal#50176: recovered=True new_rip=0x00000008007FDBF9
[LOADER][WARN] Unmapped read recovery #49100: rip=0x00000008007FDBF5 fault=0x0000000000000000 instr='mov eax,[r8+rdx]' len=4
[LOADER][WARN] Unmapped read recovery #49200: rip=0x00000008007FDBF5 fault=0x0000000000000000 instr='mov eax,[r8+rdx]' len=4
[LOADER][WARN] Unmapped read recovery #49300: rip=0x00000008007FDBF5 fault=0x0000000000000000 instr='mov eax,[r8+rdx]' len=4
[LOADER][WARN] Unmapped read recovery #49400: rip=0x00000008007FDBF5 fault=0x0000000000000000 instr='mov eax,[r8+rdx]' len=4
[LOADER][WARN] Unmapped read recovery #49500: rip=0x00000008007FDBF5 fault=0x0000000000000000 instr='mov eax,[r8+rdx]' len=4
[LOADER][WARN] Unmapped read recovery #49600: rip=0x00000008007FDBF5 fault=0x0000000000000000 instr='mov eax,[r8+rdx]' len=4
[LOADER][WARN] Unmapped read recovery #49700: rip=0x00000008007FDBF5 fault=0x0000000000000000 instr='mov eax,[r8+rdx]' len=4
[LOADER][WARN] Unmapped read recovery #49800: rip=0x00000008007FDBF5 fault=0x0000000000000000 instr='mov eax,[r8+rdx]' len=4
[LOADER][WARN] Unmapped read recovery #49900: rip=0x00000008007FDBF5 fault=0x0000000000000000 instr='mov eax,[r8+rdx]' len=4
[LOADER][WARN] Unmapped read recovery #50000: rip=0x00000008007FDBF5 fault=0x0000000000000000 instr='mov eax,[r8+rdx]' len=4
[LOADER][WARN] Unmapped read recovery #50100: rip=0x00000008007FDBF5 fault=0x0000000000000000 instr='mov eax,[r8+rdx]' len=4
[LOADER][TRACE] posix-signal#51200: sig=11 rip=0x00000008007FDBF5 fault=0x0000000000000000 access=0 rsp=0x00006FFFF01FB920
[LOADER][TRACE] posix-signal#51200: recovered=True new_rip=0x00000008007FDBF9
[LOADER][WARN] Unmapped read recovery #50200: rip=0x00000008007FDBF5 fault=0x0000000000000000 instr='mov eax,[r8+rdx]' len=4
[LOADER][WARN] Unmapped read recovery #50300: rip=0x00000008007FDBF5 fault=0x0000000000000000 instr='mov eax,[r8+rdx]' len=4
[LOADER][WARN] Unmapped read recovery #50400: rip=0x00000008007FDBF5 fault=0x0000000000000000 instr='mov eax,[r8+rdx]' len=4
[LOADER][WARN] Unmapped read recovery #50500: rip=0x00000008007FDBF5 fault=0x0000000000000000 instr='mov eax,[r8+rdx]' len=4
[LOADER][WARN] Unmapped read recovery #50600: rip=0x00000008007FDBF5 fault=0x0000000000000000 instr='mov eax,[r8+rdx]' len=4
[LOADER][WARN] Unmapped read recovery #50700: rip=0x00000008007FDBF5 fault=0x0000000000000000 instr='mov eax,[r8+rdx]' len=4
[LOADER][WARN] Unmapped read recovery #50800: rip=0x00000008007FDBF5 fault=0x0000000000000000 instr='mov eax,[r8+rdx]' len=4
[LOADER][WARN] Unmapped read recovery #50900: rip=0x00000008007FDBF5 fault=0x0000000000000000 instr='mov eax,[r8+rdx]' len=4
[LOADER][WARN] Unmapped read recovery #51000: rip=0x00000008007FDBF5 fault=0x0000000000000000 instr='mov eax,[r8+rdx]' len=4
[LOADER][WARN] Unmapped read recovery #51100: rip=0x00000008007FDBF5 fault=0x0000000000000000 instr='mov eax,[r8+rdx]' len=4
[LOADER][TRACE] posix-signal#52224: sig=11 rip=0x00000008007FDBF5 fault=0x0000000000000000 access=0 rsp=0x00006FFFF01FB920
[LOADER][TRACE] posix-signal#52224: recovered=True new_rip=0x00000008007FDBF9
[LOADER][WARN] Unmapped read recovery #51200: rip=0x00000008007FDBF5 fault=0x0000000000000000 instr='mov eax,[r8+rdx]' len=4
[LOADER][WARN] Unmapped read recovery #51300: rip=0x00000008007FDBF5 fault=0x0000000000000000 instr='mov eax,[r8+rdx]' len=4
[LOADER][WARN] Unmapped read recovery #51400: rip=0x00000008007FDBF5 fault=0x0000000000000000 instr='mov eax,[r8+rdx]' len=4
[LOADER][WARN] Unmapped read recovery #51500: rip=0x00000008007FDBF5 fault=0x0000000000000000 instr='mov eax,[r8+rdx]' len=4
[LOADER][WARN] Unmapped read recovery #51600: rip=0x00000008007FDBF5 fault=0x0000000000000000 instr='mov eax,[r8+rdx]' len=4
[LOADER][WARN] Unmapped read recovery #51700: rip=0x00000008007FDBF5 fault=0x0000000000000000 instr='mov eax,[r8+rdx]' len=4
[LOADER][WARN] Unmapped read recovery #51800: rip=0x00000008007FDBF5 fault=0x0000000000000000 instr='mov eax,[r8+rdx]' len=4
[LOADER][WARN] Unmapped read recovery #51900: rip=0x00000008007FDBF5 fault=0x0000000000000000 instr='mov eax,[r8+rdx]' len=4
[LOADER][WARN] Unmapped read recovery #52000: rip=0x00000008007FDBF5 fault=0x0000000000000000 instr='mov eax,[r8+rdx]' len=4
[LOADER][WARN] Unmapped read recovery #52100: rip=0x00000008007FDBF5 fault=0x0000000000000000 instr='mov eax,[r8+rdx]' len=4
[LOADER][TRACE] posix-signal#53248: sig=11 rip=0x00000008007FDBF5 fault=0x0000000000000000 access=0 rsp=0x00006FFFF01FB920
[LOADER][TRACE] posix-signal#53248: recovered=True new_rip=0x00000008007FDBF9
[LOADER][WARN] Unmapped read recovery #52200: rip=0x00000008007FDBF5 fault=0x0000000000000000 instr='mov eax,[r8+rdx]' len=4
[LOADER][WARN] Unmapped read recovery #52300: rip=0x00000008007FDBF5 fault=0x0000000000000000 instr='mov eax,[r8+rdx]' len=4
[LOADER][WARN] Unmapped read recovery #52400: rip=0x00000008007FDBF5 fault=0x0000000000000000 instr='mov eax,[r8+rdx]' len=4
[LOADER][WARN] Unmapped read recovery #52500: rip=0x00000008007FDBF5 fault=0x0000000000000000 instr='mov eax,[r8+rdx]' len=4
[LOADER][WARN] Unmapped read recovery #52600: rip=0x00000008007FDBF5 fault=0x0000000000000000 instr='mov eax,[r8+rdx]' len=4
[LOADER][WARN] Unmapped read recovery #52700: rip=0x00000008007FDBF5 fault=0x0000000000000000 instr='mov eax,[r8+rdx]' len=4
[LOADER][WARN] Unmapped read recovery #52800: rip=0x00000008007FDBF5 fault=0x0000000000000000 instr='mov eax,[r8+rdx]' len=4
[LOADER][WARN] Unmapped read recovery #52900: rip=0x00000008007FDBF5 fault=0x0000000000000000 instr='mov eax,[r8+rdx]' len=4
[LOADER][WARN] Unmapped read recovery #53000: rip=0x00000008007FDBF5 fault=0x0000000000000000 instr='mov eax,[r8+rdx]' len=4
[LOADER][WARN] Unmapped read recovery #53100: rip=0x00000008007FDBF5 fault=0x0000000000000000 instr='mov eax,[r8+rdx]' len=4
[LOADER][TRACE] posix-signal#54272: sig=11 rip=0x00000008007FDBF5 fault=0x0000000000000000 access=0 rsp=0x00006FFFF01FB920
[LOADER][TRACE] posix-signal#54272: recovered=True new_rip=0x00000008007FDBF9
[LOADER][WARN] Unmapped read recovery #53200: rip=0x00000008007FDBF5 fault=0x0000000000000000 instr='mov eax,[r8+rdx]' len=4
[LOADER][WARN] Unmapped read recovery #53300: rip=0x00000008007FDBF5 fault=0x0000000000000000 instr='mov eax,[r8+rdx]' len=4
[LOADER][WARN] Unmapped read recovery #53400: rip=0x00000008007FDBF5 fault=0x0000000000000000 instr='mov eax,[r8+rdx]' len=4
[LOADER][WARN] Unmapped read recovery #53500: rip=0x00000008007FDBF5 fault=0x0000000000000000 instr='mov eax,[r8+rdx]' len=4
[LOADER][WARN] Unmapped read recovery #53600: rip=0x00000008007FDBF5 fault=0x0000000000000000 instr='mov eax,[r8+rdx]' len=4
[LOADER][WARN] Unmapped read recovery #53700: rip=0x00000008007FDBF5 fault=0x0000000000000000 instr='mov eax,[r8+rdx]' len=4
[LOADER][WARN] Unmapped read recovery #53800: rip=0x00000008007FDBF5 fault=0x0000000000000000 instr='mov eax,[r8+rdx]' len=4
[LOADER][WARN] Unmapped read recovery #53900: rip=0x00000008007FDBF5 fault=0x0000000000000000 instr='mov eax,[r8+rdx]' len=4
[LOADER][WARN] Unmapped read recovery #54000: rip=0x00000008007FDBF5 fault=0x0000000000000000 instr='mov eax,[r8+rdx]' len=4
[LOADER][WARN] Unmapped read recovery #54100: rip=0x00000008007FDBF5 fault=0x0000000000000000 instr='mov eax,[r8+rdx]' len=4
[LOADER][WARN] Unmapped read recovery #54200: rip=0x00000008007FDBF5 fault=0x0000000000000000 instr='mov eax,[r8+rdx]' len=4
[LOADER][TRACE] posix-signal#55296: sig=11 rip=0x00000008007FDBF5 fault=0x0000000000000000 access=0 rsp=0x00006FFFF01FB920
[LOADER][TRACE] posix-signal#55296: recovered=True new_rip=0x00000008007FDBF9
[LOADER][WARN] Unmapped read recovery #54300: rip=0x00000008007FDBF5 fault=0x0000000000000000 instr='mov eax,[r8+rdx]' len=4
[LOADER][WARN] Unmapped read recovery #54400: rip=0x00000008007FDBF5 fault=0x0000000000000000 instr='mov eax,[r8+rdx]' len=4
[LOADER][WARN] Unmapped read recovery #54500: rip=0x00000008007FDBF5 fault=0x0000000000000000 instr='mov eax,[r8+rdx]' len=4
[LOADER][WARN] Unmapped read recovery #54600: rip=0x00000008007FDBF5 fault=0x0000000000000000 instr='mov eax,[r8+rdx]' len=4
[LOADER][WARN] Unmapped read recovery #54700: rip=0x00000008007FDBF5 fault=0x0000000000000000 instr='mov eax,[r8+rdx]' len=4
[LOADER][WARN] Unmapped read recovery #54800: rip=0x00000008007FDBF5 fault=0x0000000000000000 instr='mov eax,[r8+rdx]' len=4
[LOADER][WARN] Unmapped read recovery #54900: rip=0x00000008007FDBF5 fault=0x0000000000000000 instr='mov eax,[r8+rdx]' len=4
[LOADER][WARN] Unmapped read recovery #55000: rip=0x00000008007FDBF5 fault=0x0000000000000000 instr='mov eax,[r8+rdx]' len=4
[LOADER][WARN] Unmapped read recovery #55100: rip=0x00000008007FDBF5 fault=0x0000000000000000 instr='mov eax,[r8+rdx]' len=4
[LOADER][WARN] Unmapped read recovery #55200: rip=0x00000008007FDBF5 fault=0x0000000000000000 instr='mov eax,[r8+rdx]' len=4
[LOADER][TRACE] posix-signal#56320: sig=11 rip=0x00000008007FDBF5 fault=0x0000000000000000 access=0 rsp=0x00006FFFF01FB920
[LOADER][TRACE] posix-signal#56320: recovered=True new_rip=0x00000008007FDBF9
[LOADER][WARN] Unmapped read recovery #55300: rip=0x00000008007FDBF5 fault=0x0000000000000000 instr='mov eax,[r8+rdx]' len=4
[LOADER][WARN] Unmapped read recovery #55400: rip=0x00000008007FDBF5 fault=0x0000000000000000 instr='mov eax,[r8+rdx]' len=4
[LOADER][WARN] Unmapped read recovery #55500: rip=0x00000008007FDBF5 fault=0x0000000000000000 instr='mov eax,[r8+rdx]' len=4
[LOADER][WARN] Unmapped read recovery #55600: rip=0x00000008007FDBF5 fault=0x0000000000000000 instr='mov eax,[r8+rdx]' len=4
[LOADER][WARN] Unmapped read recovery #55700: rip=0x00000008007FDBF5 fault=0x0000000000000000 instr='mov eax,[r8+rdx]' len=4
[LOADER][WARN] Unmapped read recovery #55800: rip=0x00000008007FDBF5 fault=0x0000000000000000 instr='mov eax,[r8+rdx]' len=4
[LOADER][WARN] Unmapped read recovery #55900: rip=0x00000008007FDBF5 fault=0x0000000000000000 instr='mov eax,[r8+rdx]' len=4
[LOADER][WARN] Unmapped read recovery #56000: rip=0x00000008007FDBF5 fault=0x0000000000000000 instr='mov eax,[r8+rdx]' len=4
[LOADER][WARN] Unmapped read recovery #56100: rip=0x00000008007FDBF5 fault=0x0000000000000000 instr='mov eax,[r8+rdx]' len=4
[LOADER][WARN] Unmapped read recovery #56200: rip=0x00000008007FDBF5 fault=0x0000000000000000 instr='mov eax,[r8+rdx]' len=4
[LOADER][TRACE] posix-signal#57344: sig=11 rip=0x00000008007FDBF5 fault=0x0000000000000000 access=0 rsp=0x00006FFFF01FB920
[LOADER][TRACE] posix-signal#57344: recovered=True new_rip=0x00000008007FDBF9
[LOADER][WARN] Unmapped read recovery #56300: rip=0x00000008007FDBF5 fault=0x0000000000000000 instr='mov eax,[r8+rdx]' len=4
[LOADER][WARN] Unmapped read recovery #56400: rip=0x00000008007FDBF5 fault=0x0000000000000000 instr='mov eax,[r8+rdx]' len=4
[LOADER][WARN] Unmapped read recovery #56500: rip=0x00000008007FDBF5 fault=0x0000000000000000 instr='mov eax,[r8+rdx]' len=4
[LOADER][WARN] Unmapped read recovery #56600: rip=0x00000008007FDBF5 fault=0x0000000000000000 instr='mov eax,[r8+rdx]' len=4
[LOADER][WARN] Unmapped read recovery #56700: rip=0x00000008007FDBF5 fault=0x0000000000000000 instr='mov eax,[r8+rdx]' len=4
[LOADER][WARN] Unmapped read recovery #56800: rip=0x00000008007FDBF5 fault=0x0000000000000000 instr='mov eax,[r8+rdx]' len=4
[LOADER][WARN] Unmapped read recovery #56900: rip=0x00000008007FDBF5 fault=0x0000000000000000 instr='mov eax,[r8+rdx]' len=4
[LOADER][WARN] Unmapped read recovery #57000: rip=0x00000008007FDBF5 fault=0x0000000000000000 instr='mov eax,[r8+rdx]' len=4
[LOADER][WARN] Unmapped read recovery #57100: rip=0x00000008007FDBF5 fault=0x0000000000000000 instr='mov eax,[r8+rdx]' len=4
[LOADER][WARN] Unmapped read recovery #57200: rip=0x00000008007FDBF5 fault=0x0000000000000000 instr='mov eax,[r8+rdx]' len=4
[LOADER][TRACE] posix-signal#58368: sig=11 rip=0x00000008007FDBF5 fault=0x0000000000000000 access=0 rsp=0x00006FFFF01FB920
[LOADER][TRACE] posix-signal#58368: recovered=True new_rip=0x00000008007FDBF9
[LOADER][WARN] Unmapped read recovery #57300: rip=0x00000008007FDBF5 fault=0x0000000000000000 instr='mov eax,[r8+rdx]' len=4
[LOADER][WARN] Unmapped read recovery #57400: rip=0x00000008007FDBF5 fault=0x0000000000000000 instr='mov eax,[r8+rdx]' len=4
[LOADER][WARN] Unmapped read recovery #57500: rip=0x00000008007FDBF5 fault=0x0000000000000000 instr='mov eax,[r8+rdx]' len=4
[LOADER][WARN] Unmapped read recovery #57600: rip=0x00000008007FDBF5 fault=0x0000000000000000 instr='mov eax,[r8+rdx]' len=4
[LOADER][WARN] Unmapped read recovery #57700: rip=0x00000008007FDBF5 fault=0x0000000000000000 instr='mov eax,[r8+rdx]' len=4
[LOADER][WARN] Unmapped read recovery #57800: rip=0x00000008007FDBF5 fault=0x0000000000000000 instr='mov eax,[r8+rdx]' len=4
[LOADER][WARN] Unmapped read recovery #57900: rip=0x00000008007FDBF5 fault=0x0000000000000000 instr='mov eax,[r8+rdx]' len=4
[LOADER][WARN] Unmapped read recovery #58000: rip=0x00000008007FDBF5 fault=0x0000000000000000 instr='mov eax,[r8+rdx]' len=4
[LOADER][WARN] Unmapped read recovery #58100: rip=0x00000008007FDBF5 fault=0x0000000000000000 instr='mov eax,[r8+rdx]' len=4
[LOADER][WARN] Unmapped read recovery #58200: rip=0x00000008007FDBF5 fault=0x0000000000000000 instr='mov eax,[r8+rdx]' len=4
[LOADER][WARN] Unmapped read recovery #58300: rip=0x00000008007FDBF5 fault=0x0000000000000000 instr='mov eax,[r8+rdx]' len=4
[LOADER][TRACE] posix-signal#59392: sig=11 rip=0x00000008007FDBF5 fault=0x0000000000000000 access=0 rsp=0x00006FFFF01FB920
[LOADER][TRACE] posix-signal#59392: recovered=True new_rip=0x00000008007FDBF9
[LOADER][WARN] Unmapped read recovery #58400: rip=0x00000008007FDBF5 fault=0x0000000000000000 instr='mov eax,[r8+rdx]' len=4
[LOADER][WARN] Unmapped read recovery #58500: rip=0x00000008007FDBF5 fault=0x0000000000000000 instr='mov eax,[r8+rdx]' len=4
[LOADER][WARN] Unmapped read recovery #58600: rip=0x00000008007FDBF5 fault=0x0000000000000000 instr='mov eax,[r8+rdx]' len=4
[LOADER][WARN] Unmapped read recovery #58700: rip=0x00000008007FDBF5 fault=0x0000000000000000 instr='mov eax,[r8+rdx]' len=4
[LOADER][WARN] Unmapped read recovery #58800: rip=0x00000008007FDBF5 fault=0x0000000000000000 instr='mov eax,[r8+rdx]' len=4
[LOADER][WARN] Unmapped read recovery #58900: rip=0x00000008007FDBF5 fault=0x0000000000000000 instr='mov eax,[r8+rdx]' len=4
[LOADER][WARN] Unmapped read recovery #59000: rip=0x00000008007FDBF5 fault=0x0000000000000000 instr='mov eax,[r8+rdx]' len=4
[LOADER][WARN] Unmapped read recovery #59100: rip=0x00000008007FDBF5 fault=0x0000000000000000 instr='mov eax,[r8+rdx]' len=4
[LOADER][WARN] Unmapped read recovery #59200: rip=0x00000008007FDBF5 fault=0x0000000000000000 instr='mov eax,[r8+rdx]' len=4
[LOADER][WARN] Unmapped read recovery #59300: rip=0x00000008007FDBF5 fault=0x0000000000000000 instr='mov eax,[r8+rdx]' len=4
[LOADER][TRACE] posix-signal#60416: sig=11 rip=0x00000008007FDBF5 fault=0x0000000000000000 access=0 rsp=0x00006FFFF01FB920
[LOADER][TRACE] posix-signal#60416: recovered=True new_rip=0x00000008007FDBF9
[LOADER][WARN] Unmapped read recovery #59400: rip=0x00000008007FDBF5 fault=0x0000000000000000 instr='mov eax,[r8+rdx]' len=4
[LOADER][WARN] Unmapped read recovery #59500: rip=0x00000008007FDBF5 fault=0x0000000000000000 instr='mov eax,[r8+rdx]' len=4
[LOADER][WARN] Unmapped read recovery #59600: rip=0x00000008007FDBF5 fault=0x0000000000000000 instr='mov eax,[r8+rdx]' len=4
[LOADER][WARN] Unmapped read recovery #59700: rip=0x00000008007FDBF5 fault=0x0000000000000000 instr='mov eax,[r8+rdx]' len=4
[LOADER][WARN] Unmapped read recovery #59800: rip=0x00000008007FDBF5 fault=0x0000000000000000 instr='mov eax,[r8+rdx]' len=4
[LOADER][WARN] Unmapped read recovery #59900: rip=0x00000008007FDBF5 fault=0x0000000000000000 instr='mov eax,[r8+rdx]' len=4
[LOADER][WARN] Unmapped read recovery #60000: rip=0x00000008007FDBF5 fault=0x0000000000000000 instr='mov eax,[r8+rdx]' len=4
[LOADER][WARN] Unmapped read recovery #60100: rip=0x00000008007FDBF5 fault=0x0000000000000000 instr='mov eax,[r8+rdx]' len=4
[LOADER][WARN] Unmapped read recovery #60200: rip=0x00000008007FDBF5 fault=0x0000000000000000 instr='mov eax,[r8+rdx]' len=4
[LOADER][WARN] Unmapped read recovery #60300: rip=0x00000008007FDBF5 fault=0x0000000000000000 instr='mov eax,[r8+rdx]' len=4
[LOADER][TRACE] posix-signal#61440: sig=11 rip=0x00000008007FDBF5 fault=0x0000000000000000 access=0 rsp=0x00006FFFF01FB920
[LOADER][TRACE] posix-signal#61440: recovered=True new_rip=0x00000008007FDBF9
[LOADER][WARN] Unmapped read recovery #60400: rip=0x00000008007FDBF5 fault=0x0000000000000000 instr='mov eax,[r8+rdx]' len=4
[LOADER][WARN] Unmapped read recovery #60500: rip=0x00000008007FDBF5 fault=0x0000000000000000 instr='mov eax,[r8+rdx]' len=4
[LOADER][WARN] Unmapped read recovery #60600: rip=0x00000008007FDBF5 fault=0x0000000000000000 instr='mov eax,[r8+rdx]' len=4
[LOADER][WARN] Unmapped read recovery #60700: rip=0x00000008007FDBF5 fault=0x0000000000000000 instr='mov eax,[r8+rdx]' len=4
[LOADER][WARN] Unmapped read recovery #60800: rip=0x00000008007FDBF5 fault=0x0000000000000000 instr='mov eax,[r8+rdx]' len=4
[LOADER][WARN] Unmapped read recovery #60900: rip=0x00000008007FDBF5 fault=0x0000000000000000 instr='mov eax,[r8+rdx]' len=4
[LOADER][WARN] Unmapped read recovery #61000: rip=0x00000008007FDBF5 fault=0x0000000000000000 instr='mov eax,[r8+rdx]' len=4
[LOADER][WARN] Unmapped read recovery #61100: rip=0x00000008007FDBF5 fault=0x0000000000000000 instr='mov eax,[r8+rdx]' len=4
[LOADER][WARN] Unmapped read recovery #61200: rip=0x00000008007FDBF5 fault=0x0000000000000000 instr='mov eax,[r8+rdx]' len=4
[LOADER][WARN] Unmapped read recovery #61300: rip=0x00000008007FDBF5 fault=0x0000000000000000 instr='mov eax,[r8+rdx]' len=4
[LOADER][TRACE] posix-signal#62464: sig=11 rip=0x00000008007FDBF5 fault=0x0000000000000000 access=0 rsp=0x00006FFFF01FB920
[LOADER][TRACE] posix-signal#62464: recovered=True new_rip=0x00000008007FDBF9
[LOADER][WARN] Unmapped read recovery #61400: rip=0x00000008007FDBF5 fault=0x0000000000000000 instr='mov eax,[r8+rdx]' len=4
[LOADER][WARN] Unmapped read recovery #61500: rip=0x00000008007FDBF5 fault=0x0000000000000000 instr='mov eax,[r8+rdx]' len=4
[LOADER][WARN] Unmapped read recovery #61600: rip=0x00000008007FDBF5 fault=0x0000000000000000 instr='mov eax,[r8+rdx]' len=4
[LOADER][WARN] Unmapped read recovery #61700: rip=0x00000008007FDBF5 fault=0x0000000000000000 instr='mov eax,[r8+rdx]' len=4
[LOADER][WARN] Unmapped read recovery #61800: rip=0x00000008007FDBF5 fault=0x0000000000000000 instr='mov eax,[r8+rdx]' len=4
[LOADER][WARN] Unmapped read recovery #61900: rip=0x00000008007FDBF5 fault=0x0000000000000000 instr='mov eax,[r8+rdx]' len=4
[LOADER][WARN] Unmapped read recovery #62000: rip=0x00000008007FDBF5 fault=0x0000000000000000 instr='mov eax,[r8+rdx]' len=4
[LOADER][WARN] Unmapped read recovery #62100: rip=0x00000008007FDBF5 fault=0x0000000000000000 instr='mov eax,[r8+rdx]' len=4
[LOADER][WARN] Unmapped read recovery #62200: rip=0x00000008007FDBF5 fault=0x0000000000000000 instr='mov eax,[r8+rdx]' len=4
[LOADER][WARN] Unmapped read recovery #62300: rip=0x00000008007FDBF5 fault=0x0000000000000000 instr='mov eax,[r8+rdx]' len=4
[LOADER][WARN] Unmapped read recovery #62400: rip=0x00000008007FDBF5 fault=0x0000000000000000 instr='mov eax,[r8+rdx]' len=4
[LOADER][TRACE] posix-signal#63488: sig=11 rip=0x00000008007FDBF5 fault=0x0000000000000000 access=0 rsp=0x00006FFFF01FB920
[LOADER][TRACE] posix-signal#63488: recovered=True new_rip=0x00000008007FDBF9
[LOADER][WARN] Unmapped read recovery #62500: rip=0x00000008007FDBF5 fault=0x0000000000000000 instr='mov eax,[r8+rdx]' len=4
[LOADER][WARN] Unmapped read recovery #62600: rip=0x00000008007FDBF5 fault=0x0000000000000000 instr='mov eax,[r8+rdx]' len=4
[LOADER][WARN] Unmapped read recovery #62700: rip=0x00000008007FDBF5 fault=0x0000000000000000 instr='mov eax,[r8+rdx]' len=4
[LOADER][WARN] Unmapped read recovery #62800: rip=0x00000008007FDBF5 fault=0x0000000000000000 instr='mov eax,[r8+rdx]' len=4
[LOADER][WARN] Unmapped read recovery #62900: rip=0x00000008007FDBF5 fault=0x0000000000000000 instr='mov eax,[r8+rdx]' len=4
[LOADER][WARN] Unmapped read recovery #63000: rip=0x00000008007FDBF5 fault=0x0000000000000000 instr='mov eax,[r8+rdx]' len=4
[LOADER][WARN] Unmapped read recovery #63100: rip=0x00000008007FDBF5 fault=0x0000000000000000 instr='mov eax,[r8+rdx]' len=4
[LOADER][WARN] Unmapped read recovery #63200: rip=0x00000008007FDBF5 fault=0x0000000000000000 instr='mov eax,[r8+rdx]' len=4
[LOADER][WARN] Unmapped read recovery #63300: rip=0x00000008007FDBF5 fault=0x0000000000000000 instr='mov eax,[r8+rdx]' len=4
[LOADER][WARN] Unmapped read recovery #63400: rip=0x00000008007FDBF5 fault=0x0000000000000000 instr='mov eax,[r8+rdx]' len=4
[LOADER][TRACE] posix-signal#64512: sig=11 rip=0x00000008007FDBF5 fault=0x0000000000000000 access=0 rsp=0x00006FFFF01FB920
[LOADER][TRACE] posix-signal#64512: recovered=True new_rip=0x00000008007FDBF9
[LOADER][WARN] Unmapped read recovery #63500: rip=0x00000008007FDBF5 fault=0x0000000000000000 instr='mov eax,[r8+rdx]' len=4
[LOADER][WARN] Unmapped read recovery #63600: rip=0x00000008007FDBF5 fault=0x0000000000000000 instr='mov eax,[r8+rdx]' len=4
[LOADER][WARN] Unmapped read recovery #63700: rip=0x00000008007FDBF5 fault=0x0000000000000000 instr='mov eax,[r8+rdx]' len=4
[LOADER][WARN] Unmapped read recovery #63800: rip=0x00000008007FDBF5 fault=0x0000000000000000 instr='mov eax,[r8+rdx]' len=4
[LOADER][WARN] Unmapped read recovery #63900: rip=0x00000008007FDBF5 fault=0x0000000000000000 instr='mov eax,[r8+rdx]' len=4
[LOADER][WARN] Unmapped read recovery #64000: rip=0x00000008007FDBF5 fault=0x0000000000000000 instr='mov eax,[r8+rdx]' len=4
[LOADER][WARN] Unmapped read recovery #64100: rip=0x00000008007FDBF5 fault=0x0000000000000000 instr='mov eax,[r8+rdx]' len=4
[LOADER][WARN] Unmapped read recovery #64200: rip=0x00000008007FDBF5 fault=0x0000000000000000 instr='mov eax,[r8+rdx]' len=4
[LOADER][WARN] Unmapped read recovery #64300: rip=0x00000008007FDBF5 fault=0x0000000000000000 instr='mov eax,[r8+rdx]' len=4
[LOADER][WARN] Unmapped read recovery #64400: rip=0x00000008007FDBF5 fault=0x0000000000000000 instr='mov eax,[r8+rdx]' len=4
[LOADER][TRACE] posix-signal#65536: sig=11 rip=0x00000008007FDBF5 fault=0x0000000000000000 access=0 rsp=0x00006FFFF01FB920
[LOADER][TRACE] posix-signal#65536: recovered=True new_rip=0x00000008007FDBF9
[LOADER][WARN] Unmapped read recovery #64500: rip=0x00000008007FDBF5 fault=0x0000000000000000 instr='mov eax,[r8+rdx]' len=4
[LOADER][WARN] Unmapped read recovery #64600: rip=0x00000008007FDBF5 fault=0x0000000000000000 instr='mov eax,[r8+rdx]' len=4
[LOADER][WARN] Unmapped read recovery #64700: rip=0x00000008007FDBF5 fault=0x0000000000000000 instr='mov eax,[r8+rdx]' len=4
[LOADER][WARN] Unmapped read recovery #64800: rip=0x00000008007FDBF5 fault=0x0000000000000000 instr='mov eax,[r8+rdx]' len=4
[LOADER][WARN] Unmapped read recovery #64900: rip=0x00000008007FDBF5 fault=0x0000000000000000 instr='mov eax,[r8+rdx]' len=4
[LOADER][WARN] Unmapped read recovery #65000: rip=0x00000008007FDBF5 fault=0x0000000000000000 instr='mov eax,[r8+rdx]' len=4
[LOADER][WARN] Unmapped read recovery #65100: rip=0x00000008007FDBF5 fault=0x0000000000000000 instr='mov eax,[r8+rdx]' len=4
[LOADER][WARN] Unmapped read recovery #65200: rip=0x00000008007FDBF5 fault=0x0000000000000000 instr='mov eax,[r8+rdx]' len=4
[LOADER][WARN] Unmapped read recovery #65300: rip=0x00000008007FDBF5 fault=0x0000000000000000 instr='mov eax,[r8+rdx]' len=4
[LOADER][WARN] Unmapped read recovery #65400: rip=0x00000008007FDBF5 fault=0x0000000000000000 instr='mov eax,[r8+rdx]' len=4
[LOADER][TRACE] posix-signal#66560: sig=11 rip=0x00000008007FDBF5 fault=0x0000000000000000 access=0 rsp=0x00006FFFF01FB920
[LOADER][TRACE] posix-signal#66560: recovered=True new_rip=0x00000008007FDBF9
[LOADER][WARN] Unmapped read recovery #65500: rip=0x00000008007FDBF5 fault=0x0000000000000000 instr='mov eax,[r8+rdx]' len=4
[LOADER][WARN] Unmapped read recovery #65600: rip=0x00000008007FDBF5 fault=0x0000000000000000 instr='mov eax,[r8+rdx]' len=4
[LOADER][WARN] Unmapped read recovery #65700: rip=0x00000008007FDBF5 fault=0x0000000000000000 instr='mov eax,[r8+rdx]' len=4
[LOADER][WARN] Unmapped read recovery #65800: rip=0x00000008007FDBF5 fault=0x0000000000000000 instr='mov eax,[r8+rdx]' len=4
[LOADER][WARN] Unmapped read recovery #65900: rip=0x00000008007FDBF5 fault=0x0000000000000000 instr='mov eax,[r8+rdx]' len=4
[LOADER][WARN] Unmapped read recovery #66000: rip=0x00000008007FDBF5 fault=0x0000000000000000 instr='mov eax,[r8+rdx]' len=4
[LOADER][WARN] Unmapped read recovery #66100: rip=0x00000008007FDBF5 fault=0x0000000000000000 instr='mov eax,[r8+rdx]' len=4
[LOADER][WARN] Unmapped read recovery #66200: rip=0x00000008007FDBF5 fault=0x0000000000000000 instr='mov eax,[r8+rdx]' len=4
[LOADER][WARN] Unmapped read recovery #66300: rip=0x00000008007FDBF5 fault=0x0000000000000000 instr='mov eax,[r8+rdx]' len=4
[LOADER][WARN] Unmapped read recovery #66400: rip=0x00000008007FDBF5 fault=0x0000000000000000 instr='mov eax,[r8+rdx]' len=4
[LOADER][TRACE] posix-signal#67584: sig=11 rip=0x00000008007FDBF5 fault=0x0000000000000000 access=0 rsp=0x00006FFFF01FB920
[LOADER][TRACE] posix-signal#67584: recovered=True new_rip=0x00000008007FDBF9
[LOADER][WARN] Unmapped read recovery #66500: rip=0x00000008007FDBF5 fault=0x0000000000000000 instr='mov eax,[r8+rdx]' len=4
[LOADER][WARN] Unmapped read recovery #66600: rip=0x00000008007FDBF5 fault=0x0000000000000000 instr='mov eax,[r8+rdx]' len=4
[LOADER][WARN] Unmapped read recovery #66700: rip=0x00000008007FDBF5 fault=0x0000000000000000 instr='mov eax,[r8+rdx]' len=4
[LOADER][WARN] Unmapped read recovery #66800: rip=0x00000008007FDBF5 fault=0x0000000000000000 instr='mov eax,[r8+rdx]' len=4
[LOADER][WARN] Unmapped read recovery #66900: rip=0x00000008007FDBF5 fault=0x0000000000000000 instr='mov eax,[r8+rdx]' len=4
[LOADER][WARN] Unmapped read recovery #67000: rip=0x00000008007FDBF5 fault=0x0000000000000000 instr='mov eax,[r8+rdx]' len=4
[LOADER][WARN] Unmapped read recovery #67100: rip=0x00000008007FDBF5 fault=0x0000000000000000 instr='mov eax,[r8+rdx]' len=4
[LOADER][WARN] Unmapped read recovery #67200: rip=0x00000008007FDBF5 fault=0x0000000000000000 instr='mov eax,[r8+rdx]' len=4
[LOADER][WARN] Unmapped read recovery #67300: rip=0x00000008007FDBF5 fault=0x0000000000000000 instr='mov eax,[r8+rdx]' len=4
[LOADER][WARN] Unmapped read recovery #67400: rip=0x00000008007FDBF5 fault=0x0000000000000000 instr='mov eax,[r8+rdx]' len=4
[LOADER][WARN] Unmapped read recovery #67500: rip=0x00000008007FDBF5 fault=0x0000000000000000 instr='mov eax,[r8+rdx]' len=4
[LOADER][TRACE] posix-signal#68608: sig=11 rip=0x00000008007FDBF5 fault=0x0000000000000000 access=0 rsp=0x00006FFFF01FB920
[LOADER][TRACE] posix-signal#68608: recovered=True new_rip=0x00000008007FDBF9
[LOADER][WARN] Unmapped read recovery #67600: rip=0x00000008007FDBF5 fault=0x0000000000000000 instr='mov eax,[r8+rdx]' len=4
[LOADER][WARN] Unmapped read recovery #67700: rip=0x00000008007FDBF5 fault=0x0000000000000000 instr='mov eax,[r8+rdx]' len=4
[LOADER][WARN] Unmapped read recovery #67800: rip=0x00000008007FDBF5 fault=0x0000000000000000 instr='mov eax,[r8+rdx]' len=4
[LOADER][WARN] Unmapped read recovery #67900: rip=0x00000008007FDBF5 fault=0x0000000000000000 instr='mov eax,[r8+rdx]' len=4
[LOADER][WARN] Unmapped read recovery #68000: rip=0x00000008007FDBF5 fault=0x0000000000000000 instr='mov eax,[r8+rdx]' len=4
[LOADER][WARN] Unmapped read recovery #68100: rip=0x00000008007FDBF5 fault=0x0000000000000000 instr='mov eax,[r8+rdx]' len=4
[LOADER][WARN] Unmapped read recovery #68200: rip=0x00000008007FDBF5 fault=0x0000000000000000 instr='mov eax,[r8+rdx]' len=4
[LOADER][WARN] Unmapped read recovery #68300: rip=0x00000008007FDBF5 fault=0x0000000000000000 instr='mov eax,[r8+rdx]' len=4
[LOADER][WARN] Unmapped read recovery #68400: rip=0x00000008007FDBF5 fault=0x0000000000000000 instr='mov eax,[r8+rdx]' len=4
[LOADER][WARN] Unmapped read recovery #68500: rip=0x00000008007FDBF5 fault=0x0000000000000000 instr='mov eax,[r8+rdx]' len=4
[LOADER][TRACE] posix-signal#69632: sig=11 rip=0x00000008007FDBF5 fault=0x0000000000000000 access=0 rsp=0x00006FFFF01FB920
[LOADER][TRACE] posix-signal#69632: recovered=True new_rip=0x00000008007FDBF9
[LOADER][WARN] Unmapped read recovery #68600: rip=0x00000008007FDBF5 fault=0x0000000000000000 instr='mov eax,[r8+rdx]' len=4
[LOADER][WARN] Unmapped read recovery #68700: rip=0x00000008007FDBF5 fault=0x0000000000000000 instr='mov eax,[r8+rdx]' len=4
[LOADER][WARN] Unmapped read recovery #68800: rip=0x00000008007FDBF5 fault=0x0000000000000000 instr='mov eax,[r8+rdx]' len=4
[LOADER][WARN] Unmapped read recovery #68900: rip=0x00000008007FDBF5 fault=0x0000000000000000 instr='mov eax,[r8+rdx]' len=4
[LOADER][WARN] Unmapped read recovery #69000: rip=0x00000008007FDBF5 fault=0x0000000000000000 instr='mov eax,[r8+rdx]' len=4
[LOADER][WARN] Unmapped read recovery #69100: rip=0x00000008007FDBF5 fault=0x0000000000000000 instr='mov eax,[r8+rdx]' len=4
[LOADER][WARN] Unmapped read recovery #69200: rip=0x00000008007FDBF5 fault=0x0000000000000000 instr='mov eax,[r8+rdx]' len=4
[LOADER][WARN] Unmapped read recovery #69300: rip=0x00000008007FDBF5 fault=0x0000000000000000 instr='mov eax,[r8+rdx]' len=4
[LOADER][WARN] Unmapped read recovery #69400: rip=0x00000008007FDBF5 fault=0x0000000000000000 instr='mov eax,[r8+rdx]' len=4
[LOADER][WARN] Unmapped read recovery #69500: rip=0x00000008007FDBF5 fault=0x0000000000000000 instr='mov eax,[r8+rdx]' len=4
[LOADER][TRACE] posix-signal#70656: sig=11 rip=0x00000008007FDBF5 fault=0x0000000000000000 access=0 rsp=0x00006FFFF01FB920
[LOADER][TRACE] posix-signal#70656: recovered=True new_rip=0x00000008007FDBF9
[LOADER][WARN] Unmapped read recovery #69600: rip=0x00000008007FDBF5 fault=0x0000000000000000 instr='mov eax,[r8+rdx]' len=4
[LOADER][WARN] Unmapped read recovery #69700: rip=0x00000008007FDBF5 fault=0x0000000000000000 instr='mov eax,[r8+rdx]' len=4
[LOADER][WARN] Unmapped read recovery #69800: rip=0x00000008007FDBF5 fault=0x0000000000000000 instr='mov eax,[r8+rdx]' len=4
[LOADER][WARN] Unmapped read recovery #69900: rip=0x00000008007FDBF5 fault=0x0000000000000000 instr='mov eax,[r8+rdx]' len=4
[LOADER][WARN] Unmapped read recovery #70000: rip=0x00000008007FDBF5 fault=0x0000000000000000 instr='mov eax,[r8+rdx]' len=4
[LOADER][WARN] Unmapped read recovery #70100: rip=0x00000008007FDBF5 fault=0x0000000000000000 instr='mov eax,[r8+rdx]' len=4
[LOADER][WARN] Unmapped read recovery #70200: rip=0x00000008007FDBF5 fault=0x0000000000000000 instr='mov eax,[r8+rdx]' len=4
[LOADER][WARN] Unmapped read recovery #70300: rip=0x00000008007FDBF5 fault=0x0000000000000000 instr='mov eax,[r8+rdx]' len=4
[LOADER][WARN] Unmapped read recovery #70400: rip=0x00000008007FDBF5 fault=0x0000000000000000 instr='mov eax,[r8+rdx]' len=4
[LOADER][WARN] Unmapped read recovery #70500: rip=0x00000008007FDBF5 fault=0x0000000000000000 instr='mov eax,[r8+rdx]' len=4
[LOADER][TRACE] posix-signal#71680: sig=11 rip=0x00000008007FDBF5 fault=0x0000000000000000 access=0 rsp=0x00006FFFF01FB920
[LOADER][TRACE] posix-signal#71680: recovered=True new_rip=0x00000008007FDBF9
[LOADER][WARN] Unmapped read recovery #70600: rip=0x00000008007FDBF5 fault=0x0000000000000000 instr='mov eax,[r8+rdx]' len=4
[LOADER][WARN] Unmapped read recovery #70700: rip=0x00000008007FDBF5 fault=0x0000000000000000 instr='mov eax,[r8+rdx]' len=4
[LOADER][WARN] Unmapped read recovery #70800: rip=0x00000008007FDBF5 fault=0x0000000000000000 instr='mov eax,[r8+rdx]' len=4
[LOADER][WARN] Unmapped read recovery #70900: rip=0x00000008007FDBF5 fault=0x0000000000000000 instr='mov eax,[r8+rdx]' len=4
[LOADER][WARN] Unmapped read recovery #71000: rip=0x00000008007FDBF5 fault=0x0000000000000000 instr='mov eax,[r8+rdx]' len=4
[LOADER][WARN] Unmapped read recovery #71100: rip=0x00000008007FDBF5 fault=0x0000000000000000 instr='mov eax,[r8+rdx]' len=4
[LOADER][WARN] Unmapped read recovery #71200: rip=0x00000008007FDBF5 fault=0x0000000000000000 instr='mov eax,[r8+rdx]' len=4
[LOADER][WARN] Unmapped read recovery #71300: rip=0x00000008007FDBF5 fault=0x0000000000000000 instr='mov eax,[r8+rdx]' len=4
[LOADER][WARN] Unmapped read recovery #71400: rip=0x00000008007FDBF5 fault=0x0000000000000000 instr='mov eax,[r8+rdx]' len=4
[LOADER][WARN] Unmapped read recovery #71500: rip=0x00000008007FDBF5 fault=0x0000000000000000 instr='mov eax,[r8+rdx]' len=4
[LOADER][WARN] Unmapped read recovery #71600: rip=0x00000008007FDBF5 fault=0x0000000000000000 instr='mov eax,[r8+rdx]' len=4
[LOADER][TRACE] posix-signal#72704: sig=11 rip=0x00000008007FDBF5 fault=0x0000000000000000 access=0 rsp=0x00006FFFF01FB920
[LOADER][TRACE] posix-signal#72704: recovered=True new_rip=0x00000008007FDBF9
[LOADER][WARN] Unmapped read recovery #71700: rip=0x00000008007FDBF5 fault=0x0000000000000000 instr='mov eax,[r8+rdx]' len=4
[LOADER][WARN] Unmapped read recovery #71800: rip=0x00000008007FDBF5 fault=0x0000000000000000 instr='mov eax,[r8+rdx]' len=4
[LOADER][WARN] Unmapped read recovery #71900: rip=0x00000008007FDBF5 fault=0x0000000000000000 instr='mov eax,[r8+rdx]' len=4
[LOADER][WARN] Unmapped read recovery #72000: rip=0x00000008007FDBF5 fault=0x0000000000000000 instr='mov eax,[r8+rdx]' len=4
[LOADER][WARN] Unmapped read recovery #72100: rip=0x00000008007FDBF5 fault=0x0000000000000000 instr='mov eax,[r8+rdx]' len=4
[LOADER][WARN] Unmapped read recovery #72200: rip=0x00000008007FDBF5 fault=0x0000000000000000 instr='mov eax,[r8+rdx]' len=4
[LOADER][WARN] Unmapped read recovery #72300: rip=0x00000008007FDBF5 fault=0x0000000000000000 instr='mov eax,[r8+rdx]' len=4
[LOADER][WARN] Unmapped read recovery #72400: rip=0x00000008007FDBF5 fault=0x0000000000000000 instr='mov eax,[r8+rdx]' len=4
[LOADER][WARN] Unmapped read recovery #72500: rip=0x00000008007FDBF5 fault=0x0000000000000000 instr='mov eax,[r8+rdx]' len=4
[LOADER][WARN] Unmapped read recovery #72600: rip=0x00000008007FDBF5 fault=0x0000000000000000 instr='mov eax,[r8+rdx]' len=4
[LOADER][TRACE] posix-signal#73728: sig=11 rip=0x00000008007FDBF5 fault=0x0000000000000000 access=0 rsp=0x00006FFFF01FB920
[LOADER][TRACE] posix-signal#73728: recovered=True new_rip=0x00000008007FDBF9
[LOADER][WARN] Unmapped read recovery #72700: rip=0x00000008007FDBF5 fault=0x0000000000000000 instr='mov eax,[r8+rdx]' len=4
[LOADER][WARN] Unmapped read recovery #72800: rip=0x00000008007FDBF5 fault=0x0000000000000000 instr='mov eax,[r8+rdx]' len=4
[LOADER][WARN] Unmapped read recovery #72900: rip=0x00000008007FDBF5 fault=0x0000000000000000 instr='mov eax,[r8+rdx]' len=4
[LOADER][WARN] Unmapped read recovery #73000: rip=0x00000008007FDBF5 fault=0x0000000000000000 instr='mov eax,[r8+rdx]' len=4
[LOADER][WARN] Unmapped read recovery #73100: rip=0x00000008007FDBF5 fault=0x0000000000000000 instr='mov eax,[r8+rdx]' len=4
[LOADER][WARN] Unmapped read recovery #73200: rip=0x00000008007FDBF5 fault=0x0000000000000000 instr='mov eax,[r8+rdx]' len=4
[LOADER][WARN] Unmapped read recovery #73300: rip=0x00000008007FDBF5 fault=0x0000000000000000 instr='mov eax,[r8+rdx]' len=4
[LOADER][WARN] Unmapped read recovery #73400: rip=0x00000008007FDBF5 fault=0x0000000000000000 instr='mov eax,[r8+rdx]' len=4
[LOADER][WARN] Unmapped read recovery #73500: rip=0x00000008007FDBF5 fault=0x0000000000000000 instr='mov eax,[r8+rdx]' len=4
[LOADER][WARN] Unmapped read recovery #73600: rip=0x00000008007FDBF5 fault=0x0000000000000000 instr='mov eax,[r8+rdx]' len=4
[LOADER][TRACE] posix-signal#74752: sig=11 rip=0x00000008007FDBF5 fault=0x0000000000000000 access=0 rsp=0x00006FFFF01FB920
[LOADER][TRACE] posix-signal#74752: recovered=True new_rip=0x00000008007FDBF9
[LOADER][WARN] Unmapped read recovery #73700: rip=0x00000008007FDBF5 fault=0x0000000000000000 instr='mov eax,[r8+rdx]' len=4
[LOADER][WARN] Unmapped read recovery #73800: rip=0x00000008007FDBF5 fault=0x0000000000000000 instr='mov eax,[r8+rdx]' len=4
[LOADER][WARN] Unmapped read recovery #73900: rip=0x00000008007FDBF5 fault=0x0000000000000000 instr='mov eax,[r8+rdx]' len=4
[LOADER][WARN] Unmapped read recovery #74000: rip=0x00000008007FDBF5 fault=0x0000000000000000 instr='mov eax,[r8+rdx]' len=4
[LOADER][WARN] Unmapped read recovery #74100: rip=0x00000008007FDBF5 fault=0x0000000000000000 instr='mov eax,[r8+rdx]' len=4
[LOADER][WARN] Unmapped read recovery #74200: rip=0x00000008007FDBF5 fault=0x0000000000000000 instr='mov eax,[r8+rdx]' len=4
[LOADER][WARN] Unmapped read recovery #74300: rip=0x00000008007FDBF5 fault=0x0000000000000000 instr='mov eax,[r8+rdx]' len=4
[LOADER][WARN] Unmapped read recovery #74400: rip=0x00000008007FDBF5 fault=0x0000000000000000 instr='mov eax,[r8+rdx]' len=4
[LOADER][WARN] Unmapped read recovery #74500: rip=0x00000008007FDBF5 fault=0x0000000000000000 instr='mov eax,[r8+rdx]' len=4
[LOADER][WARN] Unmapped read recovery #74600: rip=0x00000008007FDBF5 fault=0x0000000000000000 instr='mov eax,[r8+rdx]' len=4
[LOADER][TRACE] posix-signal#75776: sig=11 rip=0x00000008007FDBF5 fault=0x0000000000000000 access=0 rsp=0x00006FFFF01FB920
[LOADER][TRACE] posix-signal#75776: recovered=True new_rip=0x00000008007FDBF9
[LOADER][WARN] Unmapped read recovery #74700: rip=0x00000008007FDBF5 fault=0x0000000000000000 instr='mov eax,[r8+rdx]' len=4
[LOADER][WARN] Unmapped read recovery #74800: rip=0x00000008007FDBF5 fault=0x0000000000000000 instr='mov eax,[r8+rdx]' len=4
[LOADER][WARN] Unmapped read recovery #74900: rip=0x00000008007FDBF5 fault=0x0000000000000000 instr='mov eax,[r8+rdx]' len=4
[LOADER][WARN] Unmapped read recovery #75000: rip=0x00000008007FDBF5 fault=0x0000000000000000 instr='mov eax,[r8+rdx]' len=4
[LOADER][WARN] Unmapped read recovery #75100: rip=0x00000008007FDBF5 fault=0x0000000000000000 instr='mov eax,[r8+rdx]' len=4
[LOADER][WARN] Unmapped read recovery #75200: rip=0x00000008007FDBF5 fault=0x0000000000000000 instr='mov eax,[r8+rdx]' len=4
[LOADER][WARN] Unmapped read recovery #75300: rip=0x00000008007FDBF5 fault=0x0000000000000000 instr='mov eax,[r8+rdx]' len=4
[LOADER][WARN] Unmapped read recovery #75400: rip=0x00000008007FDBF5 fault=0x0000000000000000 instr='mov eax,[r8+rdx]' len=4
[LOADER][WARN] Unmapped read recovery #75500: rip=0x00000008007FDBF5 fault=0x0000000000000000 instr='mov eax,[r8+rdx]' len=4
[LOADER][WARN] Unmapped read recovery #75600: rip=0x00000008007FDBF5 fault=0x0000000000000000 instr='mov eax,[r8+rdx]' len=4
[LOADER][WARN] Unmapped read recovery #75700: rip=0x00000008007FDBF5 fault=0x0000000000000000 instr='mov eax,[r8+rdx]' len=4
[LOADER][TRACE] posix-signal#76800: sig=11 rip=0x00000008007FDBF5 fault=0x0000000000000000 access=0 rsp=0x00006FFFF01FB920
[LOADER][TRACE] posix-signal#76800: recovered=True new_rip=0x00000008007FDBF9
[LOADER][WARN] Unmapped read recovery #75800: rip=0x00000008007FDBF5 fault=0x0000000000000000 instr='mov eax,[r8+rdx]' len=4
[LOADER][WARN] Unmapped read recovery #75900: rip=0x00000008007FDBF5 fault=0x0000000000000000 instr='mov eax,[r8+rdx]' len=4
[LOADER][WARN] Unmapped read recovery #76000: rip=0x00000008007FDBF5 fault=0x0000000000000000 instr='mov eax,[r8+rdx]' len=4
[LOADER][WARN] Unmapped read recovery #76100: rip=0x00000008007FDBF5 fault=0x0000000000000000 instr='mov eax,[r8+rdx]' len=4
[LOADER][WARN] Unmapped read recovery #76200: rip=0x00000008007FDBF5 fault=0x0000000000000000 instr='mov eax,[r8+rdx]' len=4
[LOADER][WARN] Unmapped read recovery #76300: rip=0x00000008007FDBF5 fault=0x0000000000000000 instr='mov eax,[r8+rdx]' len=4
[LOADER][WARN] Unmapped read recovery #76400: rip=0x00000008007FDBF5 fault=0x0000000000000000 instr='mov eax,[r8+rdx]' len=4
[LOADER][WARN] Unmapped read recovery #76500: rip=0x00000008007FDBF5 fault=0x0000000000000000 instr='mov eax,[r8+rdx]' len=4
[LOADER][WARN] Unmapped read recovery #76600: rip=0x00000008007FDBF5 fault=0x0000000000000000 instr='mov eax,[r8+rdx]' len=4
[LOADER][WARN] Unmapped read recovery #76700: rip=0x00000008007FDBF5 fault=0x0000000000000000 instr='mov eax,[r8+rdx]' len=4
[LOADER][TRACE] posix-signal#77824: sig=11 rip=0x00000008007FDBF5 fault=0x0000000000000000 access=0 rsp=0x00006FFFF01FB920
[LOADER][TRACE] posix-signal#77824: recovered=True new_rip=0x00000008007FDBF9
[LOADER][WARN] Unmapped read recovery #76800: rip=0x00000008007FDBF5 fault=0x0000000000000000 instr='mov eax,[r8+rdx]' len=4
[LOADER][WARN] Unmapped read recovery #76900: rip=0x00000008007FDBF5 fault=0x0000000000000000 instr='mov eax,[r8+rdx]' len=4
[LOADER][WARN] Unmapped read recovery #77000: rip=0x00000008007FDBF5 fault=0x0000000000000000 instr='mov eax,[r8+rdx]' len=4
[LOADER][WARN] Unmapped read recovery #77100: rip=0x00000008007FDBF5 fault=0x0000000000000000 instr='mov eax,[r8+rdx]' len=4
[LOADER][WARN] Unmapped read recovery #77200: rip=0x00000008007FDBF5 fault=0x0000000000000000 instr='mov eax,[r8+rdx]' len=4
[LOADER][WARN] Unmapped read recovery #77300: rip=0x00000008007FDBF5 fault=0x0000000000000000 instr='mov eax,[r8+rdx]' len=4
[LOADER][WARN] Unmapped read recovery #77400: rip=0x00000008007FDBF5 fault=0x0000000000000000 instr='mov eax,[r8+rdx]' len=4
[LOADER][WARN] Unmapped read recovery #77500: rip=0x00000008007FDBF5 fault=0x0000000000000000 instr='mov eax,[r8+rdx]' len=4
[LOADER][WARN] Unmapped read recovery #77600: rip=0x00000008007FDBF5 fault=0x0000000000000000 instr='mov eax,[r8+rdx]' len=4
[LOADER][WARN] Unmapped read recovery #77700: rip=0x00000008007FDBF5 fault=0x0000000000000000 instr='mov eax,[r8+rdx]' len=4
[LOADER][TRACE] posix-signal#78848: sig=11 rip=0x00000008007FDBF5 fault=0x0000000000000000 access=0 rsp=0x00006FFFF01FB920
[LOADER][TRACE] posix-signal#78848: recovered=True new_rip=0x00000008007FDBF9
[LOADER][WARN] Unmapped read recovery #77800: rip=0x00000008007FDBF5 fault=0x0000000000000000 instr='mov eax,[r8+rdx]' len=4
[LOADER][WARN] Unmapped read recovery #77900: rip=0x00000008007FDBF5 fault=0x0000000000000000 instr='mov eax,[r8+rdx]' len=4
[LOADER][WARN] Unmapped read recovery #78000: rip=0x00000008007FDBF5 fault=0x0000000000000000 instr='mov eax,[r8+rdx]' len=4
[LOADER][WARN] Unmapped read recovery #78100: rip=0x00000008007FDBF5 fault=0x0000000000000000 instr='mov eax,[r8+rdx]' len=4
[LOADER][WARN] Unmapped read recovery #78200: rip=0x00000008007FDBF5 fault=0x0000000000000000 instr='mov eax,[r8+rdx]' len=4
[LOADER][WARN] Unmapped read recovery #78300: rip=0x00000008007FDBF5 fault=0x0000000000000000 instr='mov eax,[r8+rdx]' len=4
[LOADER][WARN] Unmapped read recovery #78400: rip=0x00000008007FDBF5 fault=0x0000000000000000 instr='mov eax,[r8+rdx]' len=4
[LOADER][WARN] Unmapped read recovery #78500: rip=0x00000008007FDBF5 fault=0x0000000000000000 instr='mov eax,[r8+rdx]' len=4
[LOADER][WARN] Unmapped read recovery #78600: rip=0x00000008007FDBF5 fault=0x0000000000000000 instr='mov eax,[r8+rdx]' len=4
[LOADER][WARN] Unmapped read recovery #78700: rip=0x00000008007FDBF5 fault=0x0000000000000000 instr='mov eax,[r8+rdx]' len=4
[LOADER][TRACE] posix-signal#79872: sig=11 rip=0x00000008007FDBF5 fault=0x0000000000000000 access=0 rsp=0x00006FFFF01FB920
[LOADER][TRACE] posix-signal#79872: recovered=True new_rip=0x00000008007FDBF9
[LOADER][WARN] Unmapped read recovery #78800: rip=0x00000008007FDBF5 fault=0x0000000000000000 instr='mov eax,[r8+rdx]' len=4
[LOADER][WARN] Unmapped read recovery #78900: rip=0x00000008007FDBF5 fault=0x0000000000000000 instr='mov eax,[r8+rdx]' len=4
[LOADER][WARN] Unmapped read recovery #79000: rip=0x00000008007FDBF5 fault=0x0000000000000000 instr='mov eax,[r8+rdx]' len=4
[LOADER][WARN] Unmapped read recovery #79100: rip=0x00000008007FDBF5 fault=0x0000000000000000 instr='mov eax,[r8+rdx]' len=4
[LOADER][WARN] Unmapped read recovery #79200: rip=0x00000008007FDBF5 fault=0x0000000000000000 instr='mov eax,[r8+rdx]' len=4
[LOADER][WARN] Unmapped read recovery #79300: rip=0x00000008007FDBF5 fault=0x0000000000000000 instr='mov eax,[r8+rdx]' len=4
[LOADER][WARN] Unmapped read recovery #79400: rip=0x00000008007FDBF5 fault=0x0000000000000000 instr='mov eax,[r8+rdx]' len=4
[LOADER][WARN] Unmapped read recovery #79500: rip=0x00000008007FDBF5 fault=0x0000000000000000 instr='mov eax,[r8+rdx]' len=4
[LOADER][WARN] Unmapped read recovery #79600: rip=0x00000008007FDBF5 fault=0x0000000000000000 instr='mov eax,[r8+rdx]' len=4
[LOADER][WARN] Unmapped read recovery #79700: rip=0x00000008007FDBF5 fault=0x0000000000000000 instr='mov eax,[r8+rdx]' len=4
[LOADER][WARN] Unmapped read recovery #79800: rip=0x00000008007FDBF5 fault=0x0000000000000000 instr='mov eax,[r8+rdx]' len=4
[LOADER][TRACE] posix-signal#80896: sig=11 rip=0x00000008007FDBF5 fault=0x0000000000000000 access=0 rsp=0x00006FFFF01FB920
[LOADER][TRACE] posix-signal#80896: recovered=True new_rip=0x00000008007FDBF9
[LOADER][WARN] Unmapped read recovery #79900: rip=0x00000008007FDBF5 fault=0x0000000000000000 instr='mov eax,[r8+rdx]' len=4
[LOADER][WARN] Unmapped read recovery #80000: rip=0x00000008007FDBF5 fault=0x0000000000000000 instr='mov eax,[r8+rdx]' len=4
[LOADER][WARN] Unmapped read recovery #80100: rip=0x00000008007FDBF5 fault=0x0000000000000000 instr='mov eax,[r8+rdx]' len=4
[LOADER][WARN] Unmapped read recovery #80200: rip=0x00000008007FDBF5 fault=0x0000000000000000 instr='mov eax,[r8+rdx]' len=4
[LOADER][WARN] Unmapped read recovery #80300: rip=0x00000008007FDBF5 fault=0x0000000000000000 instr='mov eax,[r8+rdx]' len=4
[LOADER][WARN] Unmapped read recovery #80400: rip=0x00000008007FDBF5 fault=0x0000000000000000 instr='mov eax,[r8+rdx]' len=4
[LOADER][WARN] Unmapped read recovery #80500: rip=0x00000008007FDBF5 fault=0x0000000000000000 instr='mov eax,[r8+rdx]' len=4
[LOADER][WARN] Unmapped read recovery #80600: rip=0x00000008007FDBF5 fault=0x0000000000000000 instr='mov eax,[r8+rdx]' len=4
[LOADER][WARN] Unmapped read recovery #80700: rip=0x00000008007FDBF5 fault=0x0000000000000000 instr='mov eax,[r8+rdx]' len=4
[LOADER][WARN] Unmapped read recovery #80800: rip=0x00000008007FDBF5 fault=0x0000000000000000 instr='mov eax,[r8+rdx]' len=4
[LOADER][TRACE] posix-signal#81920: sig=11 rip=0x00000008007FDBF5 fault=0x0000000000000000 access=0 rsp=0x00006FFFF01FB920
[LOADER][TRACE] posix-signal#81920: recovered=True new_rip=0x00000008007FDBF9
[LOADER][WARN] Unmapped read recovery #80900: rip=0x00000008007FDBF5 fault=0x0000000000000000 instr='mov eax,[r8+rdx]' len=4
[LOADER][WARN] Unmapped read recovery #81000: rip=0x00000008007FDBF5 fault=0x0000000000000000 instr='mov eax,[r8+rdx]' len=4
[LOADER][WARN] Unmapped read recovery #81100: rip=0x00000008007FDBF5 fault=0x0000000000000000 instr='mov eax,[r8+rdx]' len=4
[LOADER][WARN] Unmapped read recovery #81200: rip=0x00000008007FDBF5 fault=0x0000000000000000 instr='mov eax,[r8+rdx]' len=4
[LOADER][WARN] Unmapped read recovery #81300: rip=0x00000008007FDBF5 fault=0x0000000000000000 instr='mov eax,[r8+rdx]' len=4
[LOADER][WARN] Unmapped read recovery #81400: rip=0x00000008007FDBF5 fault=0x0000000000000000 instr='mov eax,[r8+rdx]' len=4
[LOADER][WARN] Unmapped read recovery #81500: rip=0x00000008007FDBF5 fault=0x0000000000000000 instr='mov eax,[r8+rdx]' len=4
[LOADER][WARN] Unmapped read recovery #81600: rip=0x00000008007FDBF5 fault=0x0000000000000000 instr='mov eax,[r8+rdx]' len=4
[LOADER][WARN] Unmapped read recovery #81700: rip=0x00000008007FDBF5 fault=0x0000000000000000 instr='mov eax,[r8+rdx]' len=4
[LOADER][WARN] Unmapped read recovery #81800: rip=0x00000008007FDBF5 fault=0x0000000000000000 instr='mov eax,[r8+rdx]' len=4
[LOADER][TRACE] posix-signal#82944: sig=11 rip=0x00000008007FDBF5 fault=0x0000000000000000 access=0 rsp=0x00006FFFF01FB920
[LOADER][TRACE] posix-signal#82944: recovered=True new_rip=0x00000008007FDBF9
[LOADER][WARN] Unmapped read recovery #81900: rip=0x00000008007FDBF5 fault=0x0000000000000000 instr='mov eax,[r8+rdx]' len=4
[LOADER][WARN] Unmapped read recovery #82000: rip=0x00000008007FDBF5 fault=0x0000000000000000 instr='mov eax,[r8+rdx]' len=4
[LOADER][WARN] Unmapped read recovery #82100: rip=0x00000008007FDBF5 fault=0x0000000000000000 instr='mov eax,[r8+rdx]' len=4
[LOADER][WARN] Unmapped read recovery #82200: rip=0x00000008007FDBF5 fault=0x0000000000000000 instr='mov eax,[r8+rdx]' len=4
[LOADER][WARN] Unmapped read recovery #82300: rip=0x00000008007FDBF5 fault=0x0000000000000000 instr='mov eax,[r8+rdx]' len=4
[LOADER][WARN] Unmapped read recovery #82400: rip=0x00000008007FDBF5 fault=0x0000000000000000 instr='mov eax,[r8+rdx]' len=4
[LOADER][WARN] Unmapped read recovery #82500: rip=0x00000008007FDBF5 fault=0x0000000000000000 instr='mov eax,[r8+rdx]' len=4
[LOADER][WARN] Unmapped read recovery #82600: rip=0x00000008007FDBF5 fault=0x0000000000000000 instr='mov eax,[r8+rdx]' len=4
[LOADER][WARN] Unmapped read recovery #82700: rip=0x00000008007FDBF5 fault=0x0000000000000000 instr='mov eax,[r8+rdx]' len=4
[LOADER][WARN] Unmapped read recovery #82800: rip=0x00000008007FDBF5 fault=0x0000000000000000 instr='mov eax,[r8+rdx]' len=4
[LOADER][TRACE] posix-signal#83968: sig=11 rip=0x00000008007FDBF5 fault=0x0000000000000000 access=0 rsp=0x00006FFFF01FB920
[LOADER][TRACE] posix-signal#83968: recovered=True new_rip=0x00000008007FDBF9
[LOADER][WARN] Unmapped read recovery #82900: rip=0x00000008007FDBF5 fault=0x0000000000000000 instr='mov eax,[r8+rdx]' len=4
[LOADER][WARN] Unmapped read recovery #83000: rip=0x00000008007FDBF5 fault=0x0000000000000000 instr='mov eax,[r8+rdx]' len=4
[LOADER][WARN] Unmapped read recovery #83100: rip=0x00000008007FDBF5 fault=0x0000000000000000 instr='mov eax,[r8+rdx]' len=4
[LOADER][WARN] Unmapped read recovery #83200: rip=0x00000008007FDBF5 fault=0x0000000000000000 instr='mov eax,[r8+rdx]' len=4
[LOADER][WARN] Unmapped read recovery #83300: rip=0x00000008007FDBF5 fault=0x0000000000000000 instr='mov eax,[r8+rdx]' len=4
[LOADER][WARN] Unmapped read recovery #83400: rip=0x00000008007FDBF5 fault=0x0000000000000000 instr='mov eax,[r8+rdx]' len=4
[LOADER][WARN] Unmapped read recovery #83500: rip=0x00000008007FDBF5 fault=0x0000000000000000 instr='mov eax,[r8+rdx]' len=4
[LOADER][WARN] Unmapped read recovery #83600: rip=0x00000008007FDBF5 fault=0x0000000000000000 instr='mov eax,[r8+rdx]' len=4
[LOADER][WARN] Unmapped read recovery #83700: rip=0x00000008007FDBF5 fault=0x0000000000000000 instr='mov eax,[r8+rdx]' len=4
[LOADER][WARN] Unmapped read recovery #83800: rip=0x00000008007FDBF5 fault=0x0000000000000000 instr='mov eax,[r8+rdx]' len=4
[LOADER][WARN] Unmapped read recovery #83900: rip=0x00000008007FDBF5 fault=0x0000000000000000 instr='mov eax,[r8+rdx]' len=4
[LOADER][TRACE] posix-signal#84992: sig=11 rip=0x00000008007FDBF5 fault=0x0000000000000000 access=0 rsp=0x00006FFFF01FB920
[LOADER][TRACE] posix-signal#84992: recovered=True new_rip=0x00000008007FDBF9
[LOADER][WARN] Unmapped read recovery #84000: rip=0x00000008007FDBF5 fault=0x0000000000000000 instr='mov eax,[r8+rdx]' len=4
[LOADER][WARN] Unmapped read recovery #84100: rip=0x00000008007FDBF5 fault=0x0000000000000000 instr='mov eax,[r8+rdx]' len=4
[LOADER][WARN] Unmapped read recovery #84200: rip=0x00000008007FDBF5 fault=0x0000000000000000 instr='mov eax,[r8+rdx]' len=4
[LOADER][WARN] Unmapped read recovery #84300: rip=0x00000008007FDBF5 fault=0x0000000000000000 instr='mov eax,[r8+rdx]' len=4
[LOADER][WARN] Unmapped read recovery #84400: rip=0x00000008007FDBF5 fault=0x0000000000000000 instr='mov eax,[r8+rdx]' len=4
[LOADER][WARN] Unmapped read recovery #84500: rip=0x00000008007FDBF5 fault=0x0000000000000000 instr='mov eax,[r8+rdx]' len=4
[LOADER][WARN] Unmapped read recovery #84600: rip=0x00000008007FDBF5 fault=0x0000000000000000 instr='mov eax,[r8+rdx]' len=4
[LOADER][WARN] Unmapped read recovery #84700: rip=0x00000008007FDBF5 fault=0x0000000000000000 instr='mov eax,[r8+rdx]' len=4
[LOADER][WARN] Unmapped read recovery #84800: rip=0x00000008007FDBF5 fault=0x0000000000000000 instr='mov eax,[r8+rdx]' len=4
[LOADER][WARN] Unmapped read recovery #84900: rip=0x00000008007FDBF5 fault=0x0000000000000000 instr='mov eax,[r8+rdx]' len=4
[LOADER][TRACE] posix-signal#86016: sig=11 rip=0x00000008007FDBF5 fault=0x0000000000000000 access=0 rsp=0x00006FFFF01FB920
[LOADER][TRACE] posix-signal#86016: recovered=True new_rip=0x00000008007FDBF9
[LOADER][WARN] Unmapped read recovery #85000: rip=0x00000008007FDBF5 fault=0x0000000000000000 instr='mov eax,[r8+rdx]' len=4
[LOADER][WARN] Unmapped read recovery #85100: rip=0x00000008007FDBF5 fault=0x0000000000000000 instr='mov eax,[r8+rdx]' len=4
[LOADER][WARN] Unmapped read recovery #85200: rip=0x00000008007FDBF5 fault=0x0000000000000000 instr='mov eax,[r8+rdx]' len=4
[LOADER][WARN] Unmapped read recovery #85300: rip=0x00000008007FDBF5 fault=0x0000000000000000 instr='mov eax,[r8+rdx]' len=4
[LOADER][WARN] Unmapped read recovery #85400: rip=0x00000008007FDBF5 fault=0x0000000000000000 instr='mov eax,[r8+rdx]' len=4
[LOADER][WARN] Unmapped read recovery #85500: rip=0x00000008007FDBF5 fault=0x0000000000000000 instr='mov eax,[r8+rdx]' len=4
[LOADER][WARN] Unmapped read recovery #85600: rip=0x00000008007FDBF5 fault=0x0000000000000000 instr='mov eax,[r8+rdx]' len=4
[LOADER][WARN] Unmapped read recovery #85700: rip=0x00000008007FDBF5 fault=0x0000000000000000 instr='mov eax,[r8+rdx]' len=4
[LOADER][WARN] Unmapped read recovery #85800: rip=0x00000008007FDBF5 fault=0x0000000000000000 instr='mov eax,[r8+rdx]' len=4
[LOADER][WARN] Unmapped read recovery #85900: rip=0x00000008007FDBF5 fault=0x0000000000000000 instr='mov eax,[r8+rdx]' len=4
[LOADER][TRACE] posix-signal#87040: sig=11 rip=0x00000008007FDBF5 fault=0x0000000000000000 access=0 rsp=0x00006FFFF01FB920
[LOADER][TRACE] posix-signal#87040: recovered=True new_rip=0x00000008007FDBF9
[LOADER][WARN] Unmapped read recovery #86000: rip=0x00000008007FDBF5 fault=0x0000000000000000 instr='mov eax,[r8+rdx]' len=4
[LOADER][WARN] Unmapped read recovery #86100: rip=0x00000008007FDBF5 fault=0x0000000000000000 instr='mov eax,[r8+rdx]' len=4
[LOADER][WARN] Unmapped read recovery #86200: rip=0x00000008007FDBF5 fault=0x0000000000000000 instr='mov eax,[r8+rdx]' len=4
[LOADER][WARN] Unmapped read recovery #86300: rip=0x00000008007FDBF5 fault=0x0000000000000000 instr='mov eax,[r8+rdx]' len=4
[LOADER][WARN] Unmapped read recovery #86400: rip=0x00000008007FDBF5 fault=0x0000000000000000 instr='mov eax,[r8+rdx]' len=4
[LOADER][WARN] Unmapped read recovery #86500: rip=0x00000008007FDBF5 fault=0x0000000000000000 instr='mov eax,[r8+rdx]' len=4
[LOADER][WARN] Unmapped read recovery #86600: rip=0x00000008007FDBF5 fault=0x0000000000000000 instr='mov eax,[r8+rdx]' len=4
[LOADER][WARN] Unmapped read recovery #86700: rip=0x00000008007FDBF5 fault=0x0000000000000000 instr='mov eax,[r8+rdx]' len=4
[LOADER][WARN] Unmapped read recovery #86800: rip=0x00000008007FDBF5 fault=0x0000000000000000 instr='mov eax,[r8+rdx]' len=4
[LOADER][WARN] Unmapped read recovery #86900: rip=0x00000008007FDBF5 fault=0x0000000000000000 instr='mov eax,[r8+rdx]' len=4
[LOADER][TRACE] posix-signal#88064: sig=11 rip=0x00000008007FDBF5 fault=0x0000000000000000 access=0 rsp=0x00006FFFF01FB920
[LOADER][TRACE] posix-signal#88064: recovered=True new_rip=0x00000008007FDBF9
[LOADER][WARN] Unmapped read recovery #87000: rip=0x00000008007FDBF5 fault=0x0000000000000000 instr='mov eax,[r8+rdx]' len=4
[LOADER][WARN] Unmapped read recovery #87100: rip=0x00000008007FDBF5 fault=0x0000000000000000 instr='mov eax,[r8+rdx]' len=4
[LOADER][WARN] Unmapped read recovery #87200: rip=0x00000008007FDBF5 fault=0x0000000000000000 instr='mov eax,[r8+rdx]' len=4
[LOADER][WARN] Unmapped read recovery #87300: rip=0x00000008007FDBF5 fault=0x0000000000000000 instr='mov eax,[r8+rdx]' len=4
[LOADER][WARN] Unmapped read recovery #87400: rip=0x00000008007FDBF5 fault=0x0000000000000000 instr='mov eax,[r8+rdx]' len=4
[LOADER][WARN] Unmapped read recovery #87500: rip=0x00000008007FDBF5 fault=0x0000000000000000 instr='mov eax,[r8+rdx]' len=4
[LOADER][WARN] Unmapped read recovery #87600: rip=0x00000008007FDBF5 fault=0x0000000000000000 instr='mov eax,[r8+rdx]' len=4
[LOADER][WARN] Unmapped read recovery #87700: rip=0x00000008007FDBF5 fault=0x0000000000000000 instr='mov eax,[r8+rdx]' len=4
[LOADER][WARN] Unmapped read recovery #87800: rip=0x00000008007FDBF5 fault=0x0000000000000000 instr='mov eax,[r8+rdx]' len=4
[LOADER][WARN] Unmapped read recovery #87900: rip=0x00000008007FDBF5 fault=0x0000000000000000 instr='mov eax,[r8+rdx]' len=4
[LOADER][WARN] Unmapped read recovery #88000: rip=0x00000008007FDBF5 fault=0x0000000000000000 instr='mov eax,[r8+rdx]' len=4
[LOADER][TRACE] posix-signal#89088: sig=11 rip=0x00000008007FDBF5 fault=0x0000000000000000 access=0 rsp=0x00006FFFF01FB920
[LOADER][TRACE] posix-signal#89088: recovered=True new_rip=0x00000008007FDBF9
[LOADER][WARN] Unmapped read recovery #88100: rip=0x00000008007FDBF5 fault=0x0000000000000000 instr='mov eax,[r8+rdx]' len=4
[LOADER][WARN] Unmapped read recovery #88200: rip=0x00000008007FDBF5 fault=0x0000000000000000 instr='mov eax,[r8+rdx]' len=4
[LOADER][WARN] Unmapped read recovery #88300: rip=0x00000008007FDBF5 fault=0x0000000000000000 instr='mov eax,[r8+rdx]' len=4
[LOADER][WARN] Unmapped read recovery #88400: rip=0x00000008007FDBF5 fault=0x0000000000000000 instr='mov eax,[r8+rdx]' len=4
[LOADER][WARN] Unmapped read recovery #88500: rip=0x00000008007FDBF5 fault=0x0000000000000000 instr='mov eax,[r8+rdx]' len=4
[LOADER][WARN] Unmapped read recovery #88600: rip=0x00000008007FDBF5 fault=0x0000000000000000 instr='mov eax,[r8+rdx]' len=4
[LOADER][WARN] Unmapped read recovery #88700: rip=0x00000008007FDBF5 fault=0x0000000000000000 instr='mov eax,[r8+rdx]' len=4
[LOADER][WARN] Unmapped read recovery #88800: rip=0x00000008007FDBF5 fault=0x0000000000000000 instr='mov eax,[r8+rdx]' len=4
[LOADER][WARN] Unmapped read recovery #88900: rip=0x00000008007FDBF5 fault=0x0000000000000000 instr='mov eax,[r8+rdx]' len=4
[LOADER][WARN] Unmapped read recovery #89000: rip=0x00000008007FDBF5 fault=0x0000000000000000 instr='mov eax,[r8+rdx]' len=4
[LOADER][TRACE] posix-signal#90112: sig=11 rip=0x00000008007FDBF5 fault=0x0000000000000000 access=0 rsp=0x00006FFFF01FB920
[LOADER][TRACE] posix-signal#90112: recovered=True new_rip=0x00000008007FDBF9
[LOADER][WARN] Unmapped read recovery #89100: rip=0x00000008007FDBF5 fault=0x0000000000000000 instr='mov eax,[r8+rdx]' len=4
[LOADER][WARN] Unmapped read recovery #89200: rip=0x00000008007FDBF5 fault=0x0000000000000000 instr='mov eax,[r8+rdx]' len=4
[LOADER][WARN] Unmapped read recovery #89300: rip=0x00000008007FDBF5 fault=0x0000000000000000 instr='mov eax,[r8+rdx]' len=4
[LOADER][WARN] Unmapped read recovery #89400: rip=0x00000008007FDBF5 fault=0x0000000000000000 instr='mov eax,[r8+rdx]' len=4
[LOADER][WARN] Unmapped read recovery #89500: rip=0x00000008007FDBF5 fault=0x0000000000000000 instr='mov eax,[r8+rdx]' len=4
[LOADER][WARN] Unmapped read recovery #89600: rip=0x00000008007FDBF5 fault=0x0000000000000000 instr='mov eax,[r8+rdx]' len=4
[LOADER][WARN] Unmapped read recovery #89700: rip=0x00000008007FDBF5 fault=0x0000000000000000 instr='mov eax,[r8+rdx]' len=4
[LOADER][WARN] Unmapped read recovery #89800: rip=0x00000008007FDBF5 fault=0x0000000000000000 instr='mov eax,[r8+rdx]' len=4
[LOADER][WARN] Unmapped read recovery #89900: rip=0x00000008007FDBF5 fault=0x0000000000000000 instr='mov eax,[r8+rdx]' len=4
[LOADER][WARN] Unmapped read recovery #90000: rip=0x00000008007FDBF5 fault=0x0000000000000000 instr='mov eax,[r8+rdx]' len=4
[LOADER][TRACE] posix-signal#91136: sig=11 rip=0x00000008007FDBF5 fault=0x0000000000000000 access=0 rsp=0x00006FFFF01FB920
[LOADER][TRACE] posix-signal#91136: recovered=True new_rip=0x00000008007FDBF9
[LOADER][WARN] Unmapped read recovery #90100: rip=0x00000008007FDBF5 fault=0x0000000000000000 instr='mov eax,[r8+rdx]' len=4
[LOADER][WARN] Unmapped read recovery #90200: rip=0x00000008007FDBF5 fault=0x0000000000000000 instr='mov eax,[r8+rdx]' len=4
[LOADER][WARN] Unmapped read recovery #90300: rip=0x00000008007FDBF5 fault=0x0000000000000000 instr='mov eax,[r8+rdx]' len=4
[LOADER][WARN] Unmapped read recovery #90400: rip=0x00000008007FDBF5 fault=0x0000000000000000 instr='mov eax,[r8+rdx]' len=4
[LOADER][WARN] Unmapped read recovery #90500: rip=0x00000008007FDBF5 fault=0x0000000000000000 instr='mov eax,[r8+rdx]' len=4
[LOADER][WARN] Unmapped read recovery #90600: rip=0x00000008007FDBF5 fault=0x0000000000000000 instr='mov eax,[r8+rdx]' len=4
[LOADER][WARN] Unmapped read recovery #90700: rip=0x00000008007FDBF5 fault=0x0000000000000000 instr='mov eax,[r8+rdx]' len=4
[LOADER][WARN] Unmapped read recovery #90800: rip=0x00000008007FDBF5 fault=0x0000000000000000 instr='mov eax,[r8+rdx]' len=4
[LOADER][WARN] Unmapped read recovery #90900: rip=0x00000008007FDBF5 fault=0x0000000000000000 instr='mov eax,[r8+rdx]' len=4
[LOADER][WARN] Unmapped read recovery #91000: rip=0x00000008007FDBF5 fault=0x0000000000000000 instr='mov eax,[r8+rdx]' len=4
[LOADER][TRACE] posix-signal#92160: sig=11 rip=0x00000008007FDBF5 fault=0x0000000000000000 access=0 rsp=0x00006FFFF01FB920
[LOADER][TRACE] posix-signal#92160: recovered=True new_rip=0x00000008007FDBF9
[LOADER][WARN] Unmapped read recovery #91100: rip=0x00000008007FDBF5 fault=0x0000000000000000 instr='mov eax,[r8+rdx]' len=4
[LOADER][WARN] Unmapped read recovery #91200: rip=0x00000008007FDBF5 fault=0x0000000000000000 instr='mov eax,[r8+rdx]' len=4
[LOADER][WARN] Unmapped read recovery #91300: rip=0x00000008007FDBF5 fault=0x0000000000000000 instr='mov eax,[r8+rdx]' len=4
[LOADER][WARN] Unmapped read recovery #91400: rip=0x00000008007FDBF5 fault=0x0000000000000000 instr='mov eax,[r8+rdx]' len=4
[LOADER][WARN] Unmapped read recovery #91500: rip=0x00000008007FDBF5 fault=0x0000000000000000 instr='mov eax,[r8+rdx]' len=4
[LOADER][WARN] Unmapped read recovery #91600: rip=0x00000008007FDBF5 fault=0x0000000000000000 instr='mov eax,[r8+rdx]' len=4
[LOADER][WARN] Unmapped read recovery #91700: rip=0x00000008007FDBF5 fault=0x0000000000000000 instr='mov eax,[r8+rdx]' len=4
[LOADER][WARN] Unmapped read recovery #91800: rip=0x00000008007FDBF5 fault=0x0000000000000000 instr='mov eax,[r8+rdx]' len=4
[LOADER][WARN] Unmapped read recovery #91900: rip=0x00000008007FDBF5 fault=0x0000000000000000 instr='mov eax,[r8+rdx]' len=4
[LOADER][WARN] Unmapped read recovery #92000: rip=0x00000008007FDBF5 fault=0x0000000000000000 instr='mov eax,[r8+rdx]' len=4
[LOADER][TRACE] posix-signal#93184: sig=11 rip=0x00000008007FDBF5 fault=0x0000000000000000 access=0 rsp=0x00006FFFF01FB920
[LOADER][TRACE] posix-signal#93184: recovered=True new_rip=0x00000008007FDBF9
[LOADER][WARN] Unmapped read recovery #92100: rip=0x00000008007FDBF5 fault=0x0000000000000000 instr='mov eax,[r8+rdx]' len=4
[LOADER][WARN] Unmapped read recovery #92200: rip=0x00000008007FDBF5 fault=0x0000000000000000 instr='mov eax,[r8+rdx]' len=4
[LOADER][WARN] Unmapped read recovery #92300: rip=0x00000008007FDBF5 fault=0x0000000000000000 instr='mov eax,[r8+rdx]' len=4
[LOADER][WARN] Unmapped read recovery #92400: rip=0x00000008007FDBF5 fault=0x0000000000000000 instr='mov eax,[r8+rdx]' len=4
[LOADER][WARN] Unmapped read recovery #92500: rip=0x00000008007FDBF5 fault=0x0000000000000000 instr='mov eax,[r8+rdx]' len=4
[LOADER][WARN] Unmapped read recovery #92600: rip=0x00000008007FDBF5 fault=0x0000000000000000 instr='mov eax,[r8+rdx]' len=4
[LOADER][WARN] Unmapped read recovery #92700: rip=0x00000008007FDBF5 fault=0x0000000000000000 instr='mov eax,[r8+rdx]' len=4
[LOADER][WARN] Unmapped read recovery #92800: rip=0x00000008007FDBF5 fault=0x0000000000000000 instr='mov eax,[r8+rdx]' len=4
[LOADER][WARN] Unmapped read recovery #92900: rip=0x00000008007FDBF5 fault=0x0000000000000000 instr='mov eax,[r8+rdx]' len=4
[LOADER][WARN] Unmapped read recovery #93000: rip=0x00000008007FDBF5 fault=0x0000000000000000 instr='mov eax,[r8+rdx]' len=4
[LOADER][WARN] Unmapped read recovery #93100: rip=0x00000008007FDBF5 fault=0x0000000000000000 instr='mov eax,[r8+rdx]' len=4
[LOADER][TRACE] posix-signal#94208: sig=11 rip=0x00000008007FDBF5 fault=0x0000000000000000 access=0 rsp=0x00006FFFF01FB920
[LOADER][TRACE] posix-signal#94208: recovered=True new_rip=0x00000008007FDBF9
[LOADER][WARN] Unmapped read recovery #93200: rip=0x00000008007FDBF5 fault=0x0000000000000000 instr='mov eax,[r8+rdx]' len=4
[LOADER][WARN] Unmapped read recovery #93300: rip=0x00000008007FDBF5 fault=0x0000000000000000 instr='mov eax,[r8+rdx]' len=4
[LOADER][WARN] Unmapped read recovery #93400: rip=0x00000008007FDBF5 fault=0x0000000000000000 instr='mov eax,[r8+rdx]' len=4
[LOADER][WARN] Unmapped read recovery #93500: rip=0x00000008007FDBF5 fault=0x0000000000000000 instr='mov eax,[r8+rdx]' len=4
[LOADER][WARN] Unmapped read recovery #93600: rip=0x00000008007FDBF5 fault=0x0000000000000000 instr='mov eax,[r8+rdx]' len=4
[LOADER][WARN] Unmapped read recovery #93700: rip=0x00000008007FDBF5 fault=0x0000000000000000 instr='mov eax,[r8+rdx]' len=4
[LOADER][WARN] Unmapped read recovery #93800: rip=0x00000008007FDBF5 fault=0x0000000000000000 instr='mov eax,[r8+rdx]' len=4
[LOADER][WARN] Unmapped read recovery #93900: rip=0x00000008007FDBF5 fault=0x0000000000000000 instr='mov eax,[r8+rdx]' len=4
[LOADER][WARN] Unmapped read recovery #94000: rip=0x00000008007FDBF5 fault=0x0000000000000000 instr='mov eax,[r8+rdx]' len=4
[LOADER][WARN] Unmapped read recovery #94100: rip=0x00000008007FDBF5 fault=0x0000000000000000 instr='mov eax,[r8+rdx]' len=4
[LOADER][TRACE] posix-signal#95232: sig=11 rip=0x00000008007FDBF5 fault=0x0000000000000000 access=0 rsp=0x00006FFFF01FB920
[LOADER][TRACE] posix-signal#95232: recovered=True new_rip=0x00000008007FDBF9
[LOADER][WARN] Unmapped read recovery #94200: rip=0x00000008007FDBF5 fault=0x0000000000000000 instr='mov eax,[r8+rdx]' len=4
[LOADER][WARN] Unmapped read recovery #94300: rip=0x00000008007FDBF5 fault=0x0000000000000000 instr='mov eax,[r8+rdx]' len=4
[LOADER][WARN] Unmapped read recovery #94400: rip=0x00000008007FDBF5 fault=0x0000000000000000 instr='mov eax,[r8+rdx]' len=4
[LOADER][WARN] Unmapped read recovery #94500: rip=0x00000008007FDBF5 fault=0x0000000000000000 instr='mov eax,[r8+rdx]' len=4
[LOADER][WARN] Unmapped read recovery #94600: rip=0x00000008007FDBF5 fault=0x0000000000000000 instr='mov eax,[r8+rdx]' len=4
[LOADER][WARN] Unmapped read recovery #94700: rip=0x00000008007FDBF5 fault=0x0000000000000000 instr='mov eax,[r8+rdx]' len=4
[LOADER][WARN] Unmapped read recovery #94800: rip=0x00000008007FDBF5 fault=0x0000000000000000 instr='mov eax,[r8+rdx]' len=4
[LOADER][WARN] Unmapped read recovery #94900: rip=0x00000008007FDBF5 fault=0x0000000000000000 instr='mov eax,[r8+rdx]' len=4
[LOADER][WARN] Unmapped read recovery #95000: rip=0x00000008007FDBF5 fault=0x0000000000000000 instr='mov eax,[r8+rdx]' len=4
[LOADER][WARN] Unmapped read recovery #95100: rip=0x00000008007FDBF5 fault=0x0000000000000000 instr='mov eax,[r8+rdx]' len=4
[LOADER][TRACE] posix-signal#96256: sig=11 rip=0x00000008007FDBF5 fault=0x0000000000000000 access=0 rsp=0x00006FFFF01FB920
[LOADER][TRACE] posix-signal#96256: recovered=True new_rip=0x00000008007FDBF9
[LOADER][WARN] Unmapped read recovery #95200: rip=0x00000008007FDBF5 fault=0x0000000000000000 instr='mov eax,[r8+rdx]' len=4
[LOADER][WARN] Unmapped read recovery #95300: rip=0x00000008007FDBF5 fault=0x0000000000000000 instr='mov eax,[r8+rdx]' len=4
[LOADER][WARN] Unmapped read recovery #95400: rip=0x00000008007FDBF5 fault=0x0000000000000000 instr='mov eax,[r8+rdx]' len=4
[LOADER][WARN] Unmapped read recovery #95500: rip=0x00000008007FDBF5 fault=0x0000000000000000 instr='mov eax,[r8+rdx]' len=4
[LOADER][WARN] Unmapped read recovery #95600: rip=0x00000008007FDBF5 fault=0x0000000000000000 instr='mov eax,[r8+rdx]' len=4
[LOADER][WARN] Unmapped read recovery #95700: rip=0x00000008007FDBF5 fault=0x0000000000000000 instr='mov eax,[r8+rdx]' len=4
[LOADER][WARN] Unmapped read recovery #95800: rip=0x00000008007FDBF5 fault=0x0000000000000000 instr='mov eax,[r8+rdx]' len=4
[LOADER][WARN] Unmapped read recovery #95900: rip=0x00000008007FDBF5 fault=0x0000000000000000 instr='mov eax,[r8+rdx]' len=4
[LOADER][WARN] Unmapped read recovery #96000: rip=0x00000008007FDBF5 fault=0x0000000000000000 instr='mov eax,[r8+rdx]' len=4
[LOADER][WARN] Unmapped read recovery #96100: rip=0x00000008007FDBF5 fault=0x0000000000000000 instr='mov eax,[r8+rdx]' len=4
[LOADER][TRACE] posix-signal#97280: sig=11 rip=0x00000008007FDBF5 fault=0x0000000000000000 access=0 rsp=0x00006FFFF01FB920
[LOADER][TRACE] posix-signal#97280: recovered=True new_rip=0x00000008007FDBF9
[LOADER][WARN] Unmapped read recovery #96200: rip=0x00000008007FDBF5 fault=0x0000000000000000 instr='mov eax,[r8+rdx]' len=4
[LOADER][WARN] Unmapped read recovery #96300: rip=0x00000008007FDBF5 fault=0x0000000000000000 instr='mov eax,[r8+rdx]' len=4
[LOADER][WARN] Unmapped read recovery #96400: rip=0x00000008007FDBF5 fault=0x0000000000000000 instr='mov eax,[r8+rdx]' len=4
[LOADER][WARN] Unmapped read recovery #96500: rip=0x00000008007FDBF5 fault=0x0000000000000000 instr='mov eax,[r8+rdx]' len=4
[LOADER][WARN] Unmapped read recovery #96600: rip=0x00000008007FDBF5 fault=0x0000000000000000 instr='mov eax,[r8+rdx]' len=4
[LOADER][WARN] Unmapped read recovery #96700: rip=0x00000008007FDBF5 fault=0x0000000000000000 instr='mov eax,[r8+rdx]' len=4
[LOADER][WARN] Unmapped read recovery #96800: rip=0x00000008007FDBF5 fault=0x0000000000000000 instr='mov eax,[r8+rdx]' len=4
[LOADER][WARN] Unmapped read recovery #96900: rip=0x00000008007FDBF5 fault=0x0000000000000000 instr='mov eax,[r8+rdx]' len=4
[LOADER][WARN] Unmapped read recovery #97000: rip=0x00000008007FDBF5 fault=0x0000000000000000 instr='mov eax,[r8+rdx]' len=4
[LOADER][WARN] Unmapped read recovery #97100: rip=0x00000008007FDBF5 fault=0x0000000000000000 instr='mov eax,[r8+rdx]' len=4
[LOADER][WARN] Unmapped read recovery #97200: rip=0x00000008007FDBF5 fault=0x0000000000000000 instr='mov eax,[r8+rdx]' len=4
[LOADER][TRACE] posix-signal#98304: sig=11 rip=0x00000008007FDBF5 fault=0x0000000000000000 access=0 rsp=0x00006FFFF01FB920
[LOADER][TRACE] posix-signal#98304: recovered=True new_rip=0x00000008007FDBF9
[LOADER][WARN] Unmapped read recovery #97300: rip=0x00000008007FDBF5 fault=0x0000000000000000 instr='mov eax,[r8+rdx]' len=4
[LOADER][WARN] Unmapped read recovery #97400: rip=0x00000008007FDBF5 fault=0x0000000000000000 instr='mov eax,[r8+rdx]' len=4
[LOADER][WARN] Unmapped read recovery #97500: rip=0x00000008007FDBF5 fault=0x0000000000000000 instr='mov eax,[r8+rdx]' len=4
[LOADER][WARN] Unmapped read recovery #97600: rip=0x00000008007FDBF5 fault=0x0000000000000000 instr='mov eax,[r8+rdx]' len=4
[LOADER][WARN] Unmapped read recovery #97700: rip=0x00000008007FDBF5 fault=0x0000000000000000 instr='mov eax,[r8+rdx]' len=4
[LOADER][WARN] Unmapped read recovery #97800: rip=0x00000008007FDBF5 fault=0x0000000000000000 instr='mov eax,[r8+rdx]' len=4
[LOADER][WARN] Unmapped read recovery #97900: rip=0x00000008007FDBF5 fault=0x0000000000000000 instr='mov eax,[r8+rdx]' len=4
[LOADER][WARN] Unmapped read recovery #98000: rip=0x00000008007FDBF5 fault=0x0000000000000000 instr='mov eax,[r8+rdx]' len=4
[LOADER][WARN] Unmapped read recovery #98100: rip=0x00000008007FDBF5 fault=0x0000000000000000 instr='mov eax,[r8+rdx]' len=4
[LOADER][WARN] Unmapped read recovery #98200: rip=0x00000008007FDBF5 fault=0x0000000000000000 instr='mov eax,[r8+rdx]' len=4
[LOADER][TRACE] posix-signal#99328: sig=11 rip=0x00000008007FDBF5 fault=0x0000000000000000 access=0 rsp=0x00006FFFF01FB920
[LOADER][TRACE] posix-signal#99328: recovered=True new_rip=0x00000008007FDBF9
[LOADER][WARN] Unmapped read recovery #98300: rip=0x00000008007FDBF5 fault=0x0000000000000000 instr='mov eax,[r8+rdx]' len=4
[LOADER][WARN] Unmapped read recovery #98400: rip=0x00000008007FDBF5 fault=0x0000000000000000 instr='mov eax,[r8+rdx]' len=4
[LOADER][WARN] Unmapped read recovery #98500: rip=0x00000008007FDBF5 fault=0x0000000000000000 instr='mov eax,[r8+rdx]' len=4
[LOADER][WARN] Unmapped read recovery #98600: rip=0x00000008007FDBF5 fault=0x0000000000000000 instr='mov eax,[r8+rdx]' len=4
[LOADER][WARN] Unmapped read recovery #98700: rip=0x00000008007FDBF5 fault=0x0000000000000000 instr='mov eax,[r8+rdx]' len=4
[LOADER][WARN] Unmapped read recovery #98800: rip=0x00000008007FDBF5 fault=0x0000000000000000 instr='mov eax,[r8+rdx]' len=4
[LOADER][WARN] Unmapped read recovery #98900: rip=0x00000008007FDBF5 fault=0x0000000000000000 instr='mov eax,[r8+rdx]' len=4
[LOADER][WARN] Unmapped read recovery #99000: rip=0x00000008007FDBF5 fault=0x0000000000000000 instr='mov eax,[r8+rdx]' len=4
[LOADER][WARN] Unmapped read recovery #99100: rip=0x00000008007FDBF5 fault=0x0000000000000000 instr='mov eax,[r8+rdx]' len=4
[LOADER][WARN] Unmapped read recovery #99200: rip=0x00000008007FDBF5 fault=0x0000000000000000 instr='mov eax,[r8+rdx]' len=4
[LOADER][TRACE] posix-signal#100352: sig=11 rip=0x00000008007FDBF5 fault=0x0000000000000000 access=0 rsp=0x00006FFFF01FB920
[LOADER][TRACE] posix-signal#100352: recovered=True new_rip=0x00000008007FDBF9
[LOADER][WARN] Unmapped read recovery #99300: rip=0x00000008007FDBF5 fault=0x0000000000000000 instr='mov eax,[r8+rdx]' len=4
[LOADER][WARN] Unmapped read recovery #99400: rip=0x00000008007FDBF5 fault=0x0000000000000000 instr='mov eax,[r8+rdx]' len=4
[LOADER][WARN] Unmapped read recovery #99500: rip=0x00000008007FDBF5 fault=0x0000000000000000 instr='mov eax,[r8+rdx]' len=4
[LOADER][WARN] Unmapped read recovery #99600: rip=0x00000008007FDBF5 fault=0x0000000000000000 instr='mov eax,[r8+rdx]' len=4
[LOADER][WARN] Unmapped read recovery #99700: rip=0x00000008007FDBF5 fault=0x0000000000000000 instr='mov eax,[r8+rdx]' len=4
[LOADER][WARN] Unmapped read recovery #99800: rip=0x00000008007FDBF5 fault=0x0000000000000000 instr='mov eax,[r8+rdx]' len=4
[LOADER][WARN] Unmapped read recovery #99900: rip=0x00000008007FDBF5 fault=0x0000000000000000 instr='mov eax,[r8+rdx]' len=4
[LOADER][WARN] Unmapped read recovery #100000: rip=0x00000008007FDBF5 fault=0x0000000000000000 instr='mov eax,[r8+rdx]' len=4
[LOADER][TRACE] VEH_AV first-chance at 0x00000008007FDBF5 type=0 target=0x0000000000000000
[LOADER][INFO] =========================================
[LOADER][INFO] NATIVE EXCEPTION CAUGHT!
[LOADER][INFO]   Code: 0xC0000005
[LOADER][INFO]   Exception Address: 0x00000008007FDBF5
[LOADER][INFO]   RIP: 0x00000008007FDBF5
[LOADER][INFO]   Host thread: managed=4 name='SharpEmu Emulation'
[LOADER][INFO]   RAX: 0x0000000000000000
[LOADER][INFO]   RBX: 0x000000000007EA20
[LOADER][INFO]   RCX: 0x0000000801B4A9EB
[LOADER][INFO]   RDX: 0x0000000000000000
[LOADER][INFO]   RSI: 0x0000000000000000
[LOADER][INFO]   RDI: 0x0000000000000000
[LOADER][INFO]   RBP: 0x00006FFFF01FB9F0
[LOADER][INFO]   RSP: 0x00006FFFF01FB920
[LOADER][INFO]   R8 : 0x0000000000000000
[LOADER][INFO]   R9 : 0x0000000000000000
[LOADER][INFO]   R10: 0x00000000011125D4
[LOADER][INFO]   R11: 0x00007F80D0992398
[LOADER][INFO]   R12: 0x00007F7CF4EBC130
[LOADER][INFO]   R13: 0x000000006922E507
[LOADER][INFO]   R14: 0x000000006922E504
[LOADER][INFO]   R15: 0x0000000000000014
[LOADER][INFO]   Flags: 0x00000000
[LOADER][INFO]   AV access: read
[LOADER][INFO]   AV target: 0x0000000000000000
[LOADER][INFO]   AV target region: base=0x0000000000000000 size=0x00000007FF000000 state=0x00010000 protect=0x00000001
[LOADER][INFO]   Stack qwords (RSP..):
[LOADER][WARNING]   Could not read stack qwords.
[LOADER][INFO]   fault-register-rbx window @0x000000000007EA20:
[LOADER][INFO]     +0x00: <unreadable>
[LOADER][INFO]   fault-register-r13 window @0x000000006922E507:
[LOADER][INFO]     +0x00: <unreadable>
[LOADER][INFO]   fault-register-r14 window @0x000000006922E504:
[LOADER][INFO]     +0x00: <unreadable>
[LOADER][INFO]   Frame chain (RBP walk):
[LOADER][WARNING]   Could not walk RBP frame chain.
[LOADER][ERROR]   Type: Access Violation
[LOADER][ERROR]   This usually means:
[LOADER][ERROR]     - Guest code called an unmapped import
[LOADER][ERROR]     - Guest code accessed unmapped memory
[LOADER][ERROR]     - Need to implement HLE for this NID
[LOADER][INFO]   Code at RIP: 41 8B 04 10 44 39 F0 75 E2 4C 01 C2 44 39 7A 08
[LOADER][INFO]   Code before RIP: FF 74 21 89 F2 44 89 CE 01 DA 21 D6 48 8D 14 76
[LOADER][INFO]   Code window [RIP-0x20..]: 00 00 00 EB 09 66 0F 1F 44 00 00 83 C3 08 83 F8 FF 74 21 89 F2 44 89 CE 01 DA 21 D6 48 8D 14 76 41 8B 04 10 44 39 F0 75 E2 4C 01 C2 44 39 7A 08 75 D9 EB 09 4B 8D 14 49 49 8D 54 10 18 4B 8D 04
[LOADER][INFO]   Stack guest-code candidate [rsp+0x70]=0x00000008007DEE60, bytes [-0x18..]: 93 15 01 0F 0B 4C 89 F7 E8 DB 79 15 01 4C 89 F7 E8 93 07 00 00 0F 0B CC 55 48 89 E5 41 57 41 56 41 55 41 54 53 48 83 E4 E0 48 81 EC 60 01 00 00
[LOADER][STUB] DumpRecentImportTrace() called
[LOADER][INFO] =========================================
