[DEBUG] SharpEmu starting with 1 args
[INFO][SharpEmu.Diagnostics] DiagnosticEngine.cs:83 DiagnosticEngine initialized: /home/z/my-project/SharpEmu/diagnostics/sessions/eboot-20260804_184337
[DIAG-HOOKS] Diagnostics activated in DirectExecutionBackend
[DIAG] Intelligence Engine activated: profile=Compatibility
[DIAG] Subsystems: CPU Trace, Crash Writer, Memory Map, GPU State, Thread Debug, Syscall, File IO, HLE Quality
[DIAGNOSTICS] Engine initialized: /home/z/my-project/SharpEmu/diagnostics/sessions/eboot-20260804_184337
[DIAGNOSTICS] Live session: /home/z/my-project/SharpEmu/diagnostics/live/session.json
[INFO][SharpEmu.CLI] Program.cs:281 SharpEmu UNOFFICIAL — https://github.com/sharpemu/sharpemu

Local build (not produced by CI).
[INFO][SharpEmu.CLI] Program.cs:282 Host hardware: CPU: 2 logical processors; GPU: unknown; RAM: unknown.
[DEBUG] Full path: /tmp/exp125_games/yatzi/eboot.bin
[DEBUG] Creating runtime...
[LOADER][INFO] Kernel TSC frequency: 3200026366 Hz (calibrated-rdtsc)
[HLE] Warmed 3632 type initializers (1 threw) + JIT-compiled 21602 methods (113 skipped) across 13 HLE assemblies, plus 3165 framework type initializers.
[INFO][Aerolib] Aerolib.cs:150 Loaded 154457 NID entries from binary resource
[DEBUG] Running: /tmp/exp125_games/yatzi/eboot.bin
[RUNTIME] Loading: /tmp/exp125_games/yatzi/eboot.bin

========== Boot Dependency Report ==========
App0 root       : /tmp/exp125_games/yatzi
Engine          : Unity IL2CPP
Engine detail   : Unity IL2CPP (version unknown)
Coverage        : 22.2% (4/18 required files present)
Critical miss   : 0
Critical encrypt: 0
Can boot        : YES

Required files:

  [★★★★★] eboot.bin
      Path       : eboot.bin
      Description: Main executable
      Exists     : YES
      Size       : 31.2 MB
      Magic      : 0x7F454C46
      Format     : ELF
      Encrypted  : NO
      Loadable   : YES
      Priority   : Critical
      Status     : OK (31.2 MB)

  [★★☆☆☆] sce_sys/about/right.sprx
      Path       : sce_sys/about/right.sprx
      Description: About page module
      Exists     : NO
      Priority   : Low
      Status     : MISSING

  [★★★★★] sce_module/libc.prx
      Path       : sce_module/libc.prx
      Description: C runtime (SharpEmu loads as real PRX for IL2CPP)
      Exists     : YES
      Size       : 1.3 MB
      Magic      : 0x7F454C46
      Format     : ELF
      Encrypted  : NO
      Loadable   : YES
      Priority   : Critical
      Status     : OK (1.3 MB)

  [★★★★★] Media/Modules/Il2cppUserAssemblies.prx
      Path       : Media/Modules/Il2cppUserAssemblies.prx
      Description: IL2CPP compiled game code (CRITICAL — without this, no game code runs)
      Exists     : YES
      Size       : 71.3 MB
      Magic      : 0x7F454C46
      Format     : ELF
      Encrypted  : NO
      Loadable   : YES
      Priority   : Critical
      Status     : OK (71.3 MB)

  [★★★★☆] Media/Metadata/global-metadata.dat
      Path       : Media/Metadata/global-metadata.dat
      Description: IL2CPP class/method metadata (SharpEmu uses fake stubs — required only for full IL2CPP)
      Exists     : NO
      Priority   : High
      Status     : MISSING

  [★★★★☆] Media/Modules/PS5Util.prx
      Path       : Media/Modules/PS5Util.prx
      Description: PS5 Unity utility functions
      Exists     : YES
      Size       : 66.1 KB
      Magic      : 0x7F454C46
      Format     : ELF
      Encrypted  : NO
      Loadable   : YES
      Priority   : High
      Status     : OK (0.1 MB)

  [★★★★☆] Media/boot.config
      Path       : Media/boot.config
      Description: Unity boot configuration
      Exists     : NO
      Priority   : High
      Status     : MISSING

  [★★★☆☆] Media/globalgamemanagers
      Path       : Media/globalgamemanagers
      Description: Unity global game managers (scene/manger definitions)
      Exists     : NO
      Priority   : Medium
      Status     : MISSING

  [★★★☆☆] Media/globalgamemanagers.assets
      Path       : Media/globalgamemanagers.assets
      Description: Unity global game managers assets
      Exists     : NO
      Priority   : Medium
      Status     : MISSING

  [★★☆☆☆] Media/RuntimeInitializeOnLoads.json
      Path       : Media/RuntimeInitializeOnLoads.json
      Description: Unity runtime init callbacks
      Exists     : NO
      Priority   : Low
      Status     : MISSING

  [★★☆☆☆] Media/ScriptingAssemblies.json
      Path       : Media/ScriptingAssemblies.json
      Description: Unity scripting assembly list
      Exists     : NO
      Priority   : Low
      Status     : MISSING

  [★★☆☆☆] Media/Resources/unity default resources
      Path       : Media/Resources/unity default resources
      Description: Unity built-in resources
      Exists     : NO
      Priority   : Low
      Status     : MISSING

  [★★☆☆☆] Media/Resources/unity_builtin_extra
      Path       : Media/Resources/unity_builtin_extra
      Description: Unity built-in extra resources
      Exists     : NO
      Priority   : Low
      Status     : MISSING

  [★★☆☆☆] Media/UnitySubsystems
      Path       : Media/UnitySubsystems
      Description: Unity subsystem registrations directory
      Exists     : NO
      Priority   : Low
      Status     : MISSING

  [★★★☆☆] Media/level0
      Path       : Media/level0
      Description: First scene data (main menu / splash)
      Exists     : NO
      Priority   : Medium
      Status     : MISSING

  [★★★☆☆] Media/resources.assets
      Path       : Media/resources.assets
      Description: Unity Resources folder assets
      Exists     : NO
      Priority   : Medium
      Status     : MISSING

  [★★★☆☆] Media/sharedassets0.assets
      Path       : Media/sharedassets0.assets
      Description: Unity shared assets
      Exists     : NO
      Priority   : Medium
      Status     : MISSING

  [★★☆☆☆] Media/StreamingAssets/aa
      Path       : Media/StreamingAssets/aa
      Description: Unity Addressables StreamingAssets directory
      Exists     : NO
      Priority   : Low
      Status     : MISSING


Recommendations:
  • 14 non-critical file(s) missing — game may boot but be incomplete. Upload 'sce_sys/about/right.sprx' to improve coverage.

Next required file to upload: sce_sys/about/right.sprx
============================================

[FORMAT] eboot.bin magic=0x7F454C46 ELF Decrypted Ready
[LOADER] param.json not found (no root path / unknown layout).
[LOADER][TLS] load_start clear=True next=1 assigned=1 has_pt_tls=True
Total image size needed: 0x20695A0 (33985952 bytes)
[LOADER] Segment 0: VAddr=0x0000000800000000, FileSize=0x1938C2C, MemSize=0x1938C2C, Align=0x4000
[LOADER] Segment 1: VAddr=0x000000080193C000, FileSize=0x342D80, MemSize=0x342D80, Align=0x4000
[LOADER] Segment 3: VAddr=0x0000000801C80000, FileSize=0x9C450, MemSize=0x9C450, Align=0x4000
[LOADER] Segment 7: VAddr=0x0000000801D20000, FileSize=0xD5D78, MemSize=0x219970, Align=0x4000
[LOADER] Segment 8: VAddr=0x0000000801F39970, FileSize=0x12FC30, MemSize=0x12FC30, Align=0x4000
[LOADER][TLS] Module 1 TLS template: memsz=0xC0 filesz=0x0 align=0x8 static_offset=0xC0 total_static=0xC0
[LOADER] TryLoadTableBytes: trying location=0x2068A90, size=0xB10, imageBase=0x800000000
[LOADER] TryLoadTableBytes: trying guest address 0x802068A90
[LOADER] TryLoadTableBytes: loaded from guest memory at 0x802068A90
[LOADER] Dynamic Info: StrTab=0x1F39970, StrTabSize=0x2B3D
[LOADER] Dynamic Info: SymTab=0x1F3C4B0, SymTabSize=0x3900
[LOADER] Dynamic Info: Rela=0x1F435F0, RelaSize=0x124170
[LOADER] Dynamic Info: JmpRel=0x1F3FDB0, JmpRelSize=0x3840
[LOADER] Dynamic Info: PltGot=0x1D1A590
[LOADER] TLS module id: 1
[LOADER] HasImportMetadata: True
[LOADER] TryLoadTableBytes: trying location=0x1F435F0, size=0x124170, imageBase=0x800000000
[LOADER] TryLoadTableBytes: trying guest address 0x801F435F0
[LOADER] TryLoadTableBytes: loaded from guest memory at 0x801F435F0
[LOADER] TryLoadTableBytes: trying location=0x1F3FDB0, size=0x3840, imageBase=0x800000000
[LOADER] TryLoadTableBytes: trying guest address 0x801F3FDB0
[LOADER] TryLoadTableBytes: loaded from guest memory at 0x801F3FDB0
[LOADER] ImageBase runtime: 0x0000000800000000
[LOADER] Processing 50450 relocations...
[LOADER] TryLoadTableBytes: trying location=0x1F39970, size=0x2B3D, imageBase=0x800000000
[LOADER] TryLoadTableBytes: trying guest address 0x801F39970
[LOADER] TryLoadTableBytes: loaded from guest memory at 0x801F39970
[LOADER] TryLoadTableBytes: trying location=0x1F3C4B0, size=0x3900, imageBase=0x800000000
[LOADER] TryLoadTableBytes: trying guest address 0x801F3C4B0
[LOADER] TryLoadTableBytes: loaded from guest memory at 0x801F3C4B0
[EXP-026] Found reloc: offset=0x1D1C3B0 type=8 addend=0x4544F0 target=0x0000000801D1C3B0
[EXP-026] Found reloc: offset=0x1D1C3B8 type=8 addend=0x4544B0 target=0x0000000801D1C3B8
[EXP-026] Found reloc: offset=0x1D1C3C0 type=8 addend=0x454470 target=0x0000000801D1C3C0
[EXP-026] Found reloc: offset=0x1D1C3C8 type=8 addend=0x454430 target=0x0000000801D1C3C8
[EXP-026] Found reloc: offset=0x1D1C3D0 type=8 addend=0x4543D0 target=0x0000000801D1C3D0
[LOADER] Found 605 unique NIDs, 50450 descriptors
[LOADER] CreateImportStubMapping: nids=605, required=0x25D0, map_size=0x3000
[LOADER] Created 605 import stubs
[EXP-026] Constructor reloc: target=0x0000000801D1C3B0 value=0x00000008004544F0 addend=0x4544F0 kind=Pointer write=UInt64
[EXP-026] Constructor reloc: target=0x0000000801D1C3B8 value=0x00000008004544B0 addend=0x4544B0 kind=Pointer write=UInt64
[EXP-026] Constructor reloc: target=0x0000000801D1C3C0 value=0x0000000800454470 addend=0x454470 kind=Pointer write=UInt64
[EXP-026] Constructor reloc: target=0x0000000801D1C3C8 value=0x0000000800454430 addend=0x454430 kind=Pointer write=UInt64
[EXP-026] Constructor reloc: target=0x0000000801D1C3D0 value=0x00000008004543D0 addend=0x4543D0 kind=Pointer write=UInt64
[LOADER] TryLoadTableBytes: trying location=0x2068A90, size=0xB10, imageBase=0x800000000
[LOADER] TryLoadTableBytes: trying guest address 0x802068A90
[LOADER] TryLoadTableBytes: loaded from guest memory at 0x802068A90
[LOADER] TryLoadTableBytes: trying location=0x1F39970, size=0x2B3D, imageBase=0x800000000
[LOADER] TryLoadTableBytes: trying guest address 0x801F39970
[LOADER] TryLoadTableBytes: loaded from guest memory at 0x801F39970
[LOADER] TryLoadTableBytes: trying location=0x1F3C4B0, size=0x3900, imageBase=0x800000000
[LOADER] TryLoadTableBytes: trying guest address 0x801F3C4B0
[LOADER] TryLoadTableBytes: loaded from guest memory at 0x801F3C4B0
[LOADER] Runtime symbol index populated: section=0, dynamic=1, total=2
[LOADER] TryLoadTableBytes: trying location=0x2068A90, size=0xB10, imageBase=0x800000000
[LOADER] TryLoadTableBytes: trying guest address 0x802068A90
[LOADER] TryLoadTableBytes: loaded from guest memory at 0x802068A90
[LOADER][TEST] ResolveMappedAddressOrFallback addr=0x10 imageBase=0x0000000800000000
[LOADER][TEST] -> resolved raw 0x0000000800000010
[LOADER][TEST] ResolveMappedAddressOrFallback addr=0x10 imageBase=0x0000000800000000
[LOADER][TEST] -> resolved raw 0x0000000800000010
[LOADER] Initializers discovered: preinit=0, init=1
[LOADER] ELF e_entry: 0x0000000000000070
[LOADER] Generation: Gen5 (PS5)
[LOADER] Using image base: 0x0000000800000000
[LOADER] Final entry point: 0x0000000800000070
[LOADER] ProcParam: 0x0000000801D1C3F0
[LOADER] PH[0]: type=Load, vaddr=0x0000000000000000 -> 0x0000000800000000, memsz=0x1938C2C
[LOADER] PH[1]: type=Load, vaddr=0x000000000193C000 -> 0x000000080193C000, memsz=0x342D80
[LOADER] PH[2]: type=GnuEhFrame, vaddr=0x000000000193C000 -> 0x000000080193C000, memsz=0x49A1C
[LOADER][TLS] load_done assigned=1 next=2
[RUNTIME] Registered module handle=1 name=eboot.bin base=0x0000000800000000 size=0x00000000020695A0
[RUNTIME] Entry: 0x0000000800000070
[RUNTIME] Module search directories: /tmp/exp125_games/yatzi/sce_module, /tmp/exp125_games/yatzi/Media/Modules, /tmp/exp125_games/yatzi/Media/Plugins
[RUNTIME] Loading 8 module(s)...
[FORMAT] libc.prx magic=0x7F454C46 ELF Decrypted Ready
[LOADER][TLS] load_start clear=False next=2 assigned=2 has_pt_tls=True
Total image size needed: 0x141B80 (1317760 bytes)
[LOADER] Segment 0: VAddr=0x0000000804000000, FileSize=0xC63E2, MemSize=0xC63E2, Align=0x4000
[LOADER] Segment 1: VAddr=0x00000008040C8000, FileSize=0x42226, MemSize=0x42226, Align=0x4000
[LOADER] Segment 3: VAddr=0x000000080410C000, FileSize=0x3BE8, MemSize=0x3BE8, Align=0x4000
[LOADER] Segment 7: VAddr=0x0000000804110000, FileSize=0x3B78, MemSize=0x7808, Align=0x4000
[LOADER] Segment 8: VAddr=0x0000000804117810, FileSize=0x2A370, MemSize=0x2A370, Align=0x4000
[LOADER][TLS] Module 2 TLS template: memsz=0x468 filesz=0x180 align=0x10 static_offset=0x530 total_static=0x530
[LOADER] TryLoadTableBytes: trying location=0x1418D0, size=0x2B0, imageBase=0x804000000
[LOADER] TryLoadTableBytes: trying guest address 0x8041418D0
[LOADER] TryLoadTableBytes: loaded from guest memory at 0x8041418D0
[LOADER] Dynamic Info: StrTab=0x117810, StrTabSize=0xA853
[LOADER] Dynamic Info: SymTab=0x122068, SymTabSize=0xFB40
[LOADER] Dynamic Info: Rela=0x132538, RelaSize=0x9FA8
[LOADER] Dynamic Info: JmpRel=0x131BA8, JmpRelSize=0x990
[LOADER] Dynamic Info: PltGot=0x10F808
[LOADER] TLS module id: 2
[LOADER] HasImportMetadata: True
[LOADER] TryLoadTableBytes: trying location=0x132538, size=0x9FA8, imageBase=0x804000000
[LOADER] TryLoadTableBytes: trying guest address 0x804132538
[LOADER] TryLoadTableBytes: loaded from guest memory at 0x804132538
[LOADER] TryLoadTableBytes: trying location=0x131BA8, size=0x990, imageBase=0x804000000
[LOADER] TryLoadTableBytes: trying guest address 0x804131BA8
[LOADER] TryLoadTableBytes: loaded from guest memory at 0x804131BA8
[LOADER] ImageBase runtime: 0x0000000804000000
[LOADER] Processing 1805 relocations...
[LOADER] TryLoadTableBytes: trying location=0x117810, size=0xA853, imageBase=0x804000000
[LOADER] TryLoadTableBytes: trying guest address 0x804117810
[LOADER] TryLoadTableBytes: loaded from guest memory at 0x804117810
[LOADER] TryLoadTableBytes: trying location=0x122068, size=0xFB40, imageBase=0x804000000
[LOADER] TryLoadTableBytes: trying guest address 0x804122068
[LOADER] TryLoadTableBytes: loaded from guest memory at 0x804122068
[LOADER] Found 104 unique NIDs, 1805 descriptors
[LOADER] CreateImportStubMapping: nids=104, required=0x680, map_size=0x1000
[LOADER] Created 104 import stubs
[LOADER][TLS] Patching DTPMOD64 at 0x80410F790 with module id 0x2
[LOADER][TLS] Patching DTPMOD64 at 0x80410F7D0 with module id 0x2
[LOADER][TLS] Patching DTPMOD64 at 0x80410F7E0 with module id 0x2
[LOADER] TryLoadTableBytes: trying location=0x1418D0, size=0x2B0, imageBase=0x804000000
[LOADER] TryLoadTableBytes: trying guest address 0x8041418D0
[LOADER] TryLoadTableBytes: loaded from guest memory at 0x8041418D0
[LOADER] TryLoadTableBytes: trying location=0x117810, size=0xA853, imageBase=0x804000000
[LOADER] TryLoadTableBytes: trying guest address 0x804117810
[LOADER] TryLoadTableBytes: loaded from guest memory at 0x804117810
[LOADER] TryLoadTableBytes: trying location=0x122068, size=0xFB40, imageBase=0x804000000
[LOADER] TryLoadTableBytes: trying guest address 0x804122068
[LOADER] TryLoadTableBytes: loaded from guest memory at 0x804122068
[LOADER] Runtime symbol index populated: section=0, dynamic=2574, total=5148
[LOADER] TryLoadTableBytes: trying location=0x1418D0, size=0x2B0, imageBase=0x804000000
[LOADER] TryLoadTableBytes: trying guest address 0x8041418D0
[LOADER] TryLoadTableBytes: loaded from guest memory at 0x8041418D0
[LOADER][TEST] ResolveMappedAddressOrFallback addr=0x10 imageBase=0x0000000804000000
[LOADER][TEST] -> resolved raw 0x0000000804000010
[LOADER] TryLoadTableBytes: trying location=0x10FBC0, size=0x8, imageBase=0x804000000
[LOADER] TryLoadTableBytes: trying guest address 0x80410FBC0
[LOADER] TryLoadTableBytes: loaded from guest memory at 0x80410FBC0
[LOADER][TEST] ResolveMappedAddressOrFallback addr=0x804000100 imageBase=0x0000000804000000
[LOADER][TEST] -> resolved raw 0x0000000804000100
[LOADER][TEST] ResolveMappedAddressOrFallback addr=0x10 imageBase=0x0000000804000000
[LOADER][TEST] -> resolved raw 0x0000000804000010
[LOADER] Initializers discovered: preinit=1, init=1
[LOADER] ELF e_entry: 0x0000000000000000
[LOADER] Generation: Gen5 (PS5)
[LOADER] Using image base: 0x0000000804000000
[LOADER] Final entry point: 0x0000000804000000
[LOADER] PH[0]: type=Load, vaddr=0x0000000000000000 -> 0x0000000804000000, memsz=0xC63E2
[LOADER] PH[1]: type=Load, vaddr=0x00000000000C8000 -> 0x00000008040C8000, memsz=0x42226
[LOADER] PH[2]: type=GnuEhFrame, vaddr=0x00000000000C8000 -> 0x00000008040C8000, memsz=0x6E24
[LOADER][TLS] load_done assigned=2 next=3
[RUNTIME] Registered module handle=2 name=libc.prx base=0x0000000804000000 size=0x0000000000141B80
[RUNTIME] Loaded module libc.prx: entry=0x0000000804000000, imports=104, symbols=5148
[FORMAT] libSceNpCppWebApi.prx magic=0x7F454C46 ELF Decrypted Ready
[LOADER][TLS] load_start clear=False next=3 assigned=0 has_pt_tls=False
Total image size needed: 0x7920F8 (7938296 bytes)
[LOADER] Segment 0: VAddr=0x0000000804342000, FileSize=0x3E9392, MemSize=0x3E9392, Align=0x4000
[LOADER] WARNING: Segment 0 ELF alignment mismatch! VAddr=0x804342000, Offset=0x4000, Align=0x4000, VAddr%Align=0x2000, Offset%Align=0x0
[LOADER] Segment 1: VAddr=0x000000080472E000, FileSize=0x1A548C, MemSize=0x1A548C, Align=0x4000
[LOADER] WARNING: Segment 1 ELF alignment mismatch! VAddr=0x80472E000, Offset=0x3F0000, Align=0x4000, VAddr%Align=0x2000, Offset%Align=0x0
[LOADER] Segment 3: VAddr=0x00000008048D6000, FileSize=0x2430, MemSize=0x2430, Align=0x4000
[LOADER] WARNING: Segment 3 ELF alignment mismatch! VAddr=0x8048D6000, Offset=0x598000, Align=0x4000, VAddr%Align=0x2000, Offset%Align=0x0
[LOADER] Segment 7: VAddr=0x00000008048DA000, FileSize=0xD8, MemSize=0x18C0, Align=0x4000
[LOADER] WARNING: Segment 7 ELF alignment mismatch! VAddr=0x8048DA000, Offset=0x59C000, Align=0x4000, VAddr%Align=0x2000, Offset%Align=0x0
[LOADER] Segment 8: VAddr=0x00000008048DB8C0, FileSize=0x1F8838, MemSize=0x1F8838, Align=0x4000
[LOADER] WARNING: Segment 8 ELF alignment mismatch! VAddr=0x8048DB8C0, Offset=0x59D8C0, Align=0x4000, VAddr%Align=0x38C0, Offset%Align=0x18C0
[LOADER] TryLoadTableBytes: trying location=0x791DB8, size=0x340, imageBase=0x804342000
[LOADER] TryLoadTableBytes: trying guest address 0x804AD3DB8
[LOADER] TryLoadTableBytes: loaded from guest memory at 0x804AD3DB8
[LOADER] Dynamic Info: StrTab=0x5998C0, StrTabSize=0xA6676
[LOADER] Dynamic Info: SymTab=0x63FF38, SymTabSize=0xF9828
[LOADER] Dynamic Info: Rela=0x73A000, RelaSize=0x4AD0
[LOADER] Dynamic Info: JmpRel=0x739760, JmpRelSize=0x8A0
[LOADER] Dynamic Info: PltGot=0x596050
[LOADER] TLS module id: 0
[LOADER] HasImportMetadata: True
[LOADER] TryLoadTableBytes: trying location=0x73A000, size=0x4AD0, imageBase=0x804342000
[LOADER] TryLoadTableBytes: trying guest address 0x804A7C000
[LOADER] TryLoadTableBytes: loaded from guest memory at 0x804A7C000
[LOADER] TryLoadTableBytes: trying location=0x739760, size=0x8A0, imageBase=0x804342000
[LOADER] TryLoadTableBytes: trying guest address 0x804A7B760
[LOADER] TryLoadTableBytes: loaded from guest memory at 0x804A7B760
[LOADER] ImageBase runtime: 0x0000000804342000
[LOADER] Processing 890 relocations...
[LOADER] TryLoadTableBytes: trying location=0x5998C0, size=0xA6676, imageBase=0x804342000
[LOADER] TryLoadTableBytes: trying guest address 0x8048DB8C0
[LOADER] TryLoadTableBytes: loaded from guest memory at 0x8048DB8C0
[LOADER] TryLoadTableBytes: trying location=0x63FF38, size=0xF9828, imageBase=0x804342000
[LOADER] TryLoadTableBytes: trying guest address 0x804981F38
[LOADER] TryLoadTableBytes: loaded from guest memory at 0x804981F38
[LOADER] Found 95 unique NIDs, 890 descriptors
[LOADER] CreateImportStubMapping: nids=95, required=0x5F0, map_size=0x1000
[LOADER] Created 95 import stubs
[LOADER] TryLoadTableBytes: trying location=0x791DB8, size=0x340, imageBase=0x804342000
[LOADER] TryLoadTableBytes: trying guest address 0x804AD3DB8
[LOADER] TryLoadTableBytes: loaded from guest memory at 0x804AD3DB8
[LOADER] TryLoadTableBytes: trying location=0x5998C0, size=0xA6676, imageBase=0x804342000
[LOADER] TryLoadTableBytes: trying guest address 0x8048DB8C0
[LOADER] TryLoadTableBytes: loaded from guest memory at 0x8048DB8C0
[LOADER] TryLoadTableBytes: trying location=0x63FF38, size=0xF9828, imageBase=0x804342000
[LOADER] TryLoadTableBytes: trying guest address 0x804981F38
[LOADER] TryLoadTableBytes: loaded from guest memory at 0x804981F38
[LOADER] Runtime symbol index populated: section=0, dynamic=42487, total=84974
[LOADER] TryLoadTableBytes: trying location=0x791DB8, size=0x340, imageBase=0x804342000
[LOADER] TryLoadTableBytes: trying guest address 0x804AD3DB8
[LOADER] TryLoadTableBytes: loaded from guest memory at 0x804AD3DB8
[LOADER][TEST] ResolveMappedAddressOrFallback addr=0x10 imageBase=0x0000000804342000
[LOADER][TEST] -> resolved raw 0x0000000804342010
[LOADER][TEST] ResolveMappedAddressOrFallback addr=0x10 imageBase=0x0000000804342000
[LOADER][TEST] -> resolved raw 0x0000000804342010
[LOADER] Initializers discovered: preinit=0, init=1
[LOADER] ELF e_entry: 0x0000000000000000
[LOADER] Generation: Gen5 (PS5)
[LOADER] Using image base: 0x0000000804342000
[LOADER] Final entry point: 0x0000000804342000
[LOADER] PH[0]: type=Load, vaddr=0x0000000000000000 -> 0x0000000804342000, memsz=0x3E9392
[LOADER] PH[1]: type=Load, vaddr=0x00000000003EC000 -> 0x000000080472E000, memsz=0x1A548C
[LOADER] PH[2]: type=GnuEhFrame, vaddr=0x00000000003EC000 -> 0x000000080472E000, memsz=0x5402C
[LOADER][TLS] load_done assigned=0 next=3
[RUNTIME] Registered module handle=3 name=libSceNpCppWebApi.prx base=0x0000000804342000 size=0x00000000007920F8
[RUNTIME] Loaded module libSceNpCppWebApi.prx: entry=0x0000000804342000, imports=95, symbols=84974
[FORMAT] Il2cppUserAssemblies.prx magic=0x7F454C46 ELF Decrypted Ready
[LOADER][TLS] load_start clear=False next=3 assigned=3 has_pt_tls=True
Total image size needed: 0x4963828 (76953640 bytes)
[LOADER] Segment 0: VAddr=0x0000000804CD5000, FileSize=0x2B9722A, MemSize=0x2B9722A, Align=0x4000
[LOADER] WARNING: Segment 0 ELF alignment mismatch! VAddr=0x804CD5000, Offset=0x4000, Align=0x4000, VAddr%Align=0x1000, Offset%Align=0x0
[LOADER] Segment 1: VAddr=0x000000080786D000, FileSize=0xE7A6A0, MemSize=0xE7A6A0, Align=0x4000
[LOADER] WARNING: Segment 1 ELF alignment mismatch! VAddr=0x80786D000, Offset=0x2B9C000, Align=0x4000, VAddr%Align=0x1000, Offset%Align=0x0
[LOADER] Segment 3: VAddr=0x00000008086E9000, FileSize=0x23B818, MemSize=0x23B818, Align=0x4000
[LOADER] WARNING: Segment 3 ELF alignment mismatch! VAddr=0x8086E9000, Offset=0x3A18000, Align=0x4000, VAddr%Align=0x1000, Offset%Align=0x0
[LOADER] Segment 7: VAddr=0x0000000808925000, FileSize=0x21CBC8, MemSize=0x444778, Align=0x4000
[LOADER] WARNING: Segment 7 ELF alignment mismatch! VAddr=0x808925000, Offset=0x3C54000, Align=0x4000, VAddr%Align=0x1000, Offset%Align=0x0
[LOADER] Segment 8: VAddr=0x0000000808D69780, FileSize=0x8CF0A8, MemSize=0x8CF0A8, Align=0x4000
[LOADER] WARNING: Segment 8 ELF alignment mismatch! VAddr=0x808D69780, Offset=0x3E74780, Align=0x4000, VAddr%Align=0x1780, Offset%Align=0x780
[LOADER][TLS] Module 3 TLS template: memsz=0x150 filesz=0x0 align=0x10 static_offset=0x680 total_static=0x680
[LOADER] TryLoadTableBytes: trying location=0x4963408, size=0x420, imageBase=0x804CD5000
[LOADER] TryLoadTableBytes: trying guest address 0x809638408
[LOADER] TryLoadTableBytes: loaded from guest memory at 0x809638408
[LOADER] Dynamic Info: StrTab=0x4094780, StrTabSize=0x2684
[LOADER] Dynamic Info: SymTab=0x4096E08, SymTabSize=0x3780
[LOADER] Dynamic Info: Rela=0x409BE48, RelaSize=0x8C6310
[LOADER] Dynamic Info: JmpRel=0x409A588, JmpRelSize=0x18C0
[LOADER] Dynamic Info: PltGot=0x3C4EE98
[LOADER] TLS module id: 3
[LOADER] HasImportMetadata: True
[LOADER] TryLoadTableBytes: trying location=0x409BE48, size=0x8C6310, imageBase=0x804CD5000
[LOADER] TryLoadTableBytes: trying guest address 0x808D70E48
[LOADER] TryLoadTableBytes: loaded from guest memory at 0x808D70E48
[LOADER] TryLoadTableBytes: trying location=0x409A588, size=0x18C0, imageBase=0x804CD5000
[LOADER] TryLoadTableBytes: trying guest address 0x808D6F588
[LOADER] TryLoadTableBytes: loaded from guest memory at 0x808D6F588
[LOADER] ImageBase runtime: 0x0000000804CD5000
[LOADER] Processing 383614 relocations...
[LOADER] TryLoadTableBytes: trying location=0x4094780, size=0x2684, imageBase=0x804CD5000
[LOADER] TryLoadTableBytes: trying guest address 0x808D69780
[LOADER] TryLoadTableBytes: loaded from guest memory at 0x808D69780
[LOADER] TryLoadTableBytes: trying location=0x4096E08, size=0x3780, imageBase=0x804CD5000
[LOADER] TryLoadTableBytes: trying guest address 0x808D6BE08
[LOADER] TryLoadTableBytes: loaded from guest memory at 0x808D6BE08
[LOADER] Found 295 unique NIDs, 383614 descriptors
[NID-COUNTS] 1D0H2KNjshE=0 hsi9drzHR2k=0
[LOADER] CreateImportStubMapping: nids=295, required=0x1270, map_size=0x2000
[LOADER] Created 295 import stubs
[LOADER][TLS] Patching DTPMOD64 at 0x808923D68 with module id 0x3
[LOADER] TryLoadTableBytes: trying location=0x4963408, size=0x420, imageBase=0x804CD5000
[LOADER] TryLoadTableBytes: trying guest address 0x809638408
[LOADER] TryLoadTableBytes: loaded from guest memory at 0x809638408
[LOADER] TryLoadTableBytes: trying location=0x4094780, size=0x2684, imageBase=0x804CD5000
[LOADER] TryLoadTableBytes: trying guest address 0x808D69780
[LOADER] TryLoadTableBytes: loaded from guest memory at 0x808D69780
[LOADER] TryLoadTableBytes: trying location=0x4096E08, size=0x3780, imageBase=0x804CD5000
[LOADER] TryLoadTableBytes: trying guest address 0x808D6BE08
[LOADER] TryLoadTableBytes: loaded from guest memory at 0x808D6BE08
[LOADER] Runtime symbol index populated: section=0, dynamic=296, total=592
[LOADER] TryLoadTableBytes: trying location=0x4963408, size=0x420, imageBase=0x804CD5000
[LOADER] TryLoadTableBytes: trying guest address 0x809638408
[LOADER] TryLoadTableBytes: loaded from guest memory at 0x809638408
[LOADER][TEST] ResolveMappedAddressOrFallback addr=0x10 imageBase=0x0000000804CD5000
[LOADER][TEST] -> resolved raw 0x0000000804CD5010
[LOADER][TEST] ResolveMappedAddressOrFallback addr=0x10 imageBase=0x0000000804CD5000
[LOADER][TEST] -> resolved raw 0x0000000804CD5010
[LOADER] Initializers discovered: preinit=0, init=1
[LOADER] ELF e_entry: 0x0000000000000000
[LOADER] Generation: Gen5 (PS5)
[LOADER] Using image base: 0x0000000804CD5000
[LOADER] Final entry point: 0x0000000804CD5000
[LOADER] PH[0]: type=Load, vaddr=0x0000000000000000 -> 0x0000000804CD5000, memsz=0x2B9722A
[LOADER] PH[1]: type=Load, vaddr=0x0000000002B98000 -> 0x000000080786D000, memsz=0xE7A6A0
[LOADER] PH[2]: type=GnuEhFrame, vaddr=0x0000000002B98000 -> 0x000000080786D000, memsz=0x19293C
[LOADER][TLS] load_done assigned=3 next=4
[RUNTIME] Registered module handle=4 name=Il2cppUserAssemblies.prx base=0x0000000804CD5000 size=0x0000000004963828
[RUNTIME] Loaded module Il2cppUserAssemblies.prx: entry=0x0000000804CD5000, imports=295, symbols=592
[FORMAT] PS5Util.prx magic=0x7F454C46 ELF Decrypted Ready
[LOADER][TLS] load_start clear=False next=4 assigned=0 has_pt_tls=False
Total image size needed: 0xC6F0 (50928 bytes)
[LOADER] Segment 0: VAddr=0x0000000809839000, FileSize=0x3A2, MemSize=0x3A2, Align=0x4000
[LOADER] WARNING: Segment 0 ELF alignment mismatch! VAddr=0x809839000, Offset=0x4000, Align=0x4000, VAddr%Align=0x1000, Offset%Align=0x0
[LOADER] Segment 1: VAddr=0x000000080983D000, FileSize=0x1E5, MemSize=0x1E5, Align=0x4000
[LOADER] WARNING: Segment 1 ELF alignment mismatch! VAddr=0x80983D000, Offset=0x8000, Align=0x4000, VAddr%Align=0x1000, Offset%Align=0x0
[LOADER] Segment 3: VAddr=0x0000000809841000, FileSize=0xB0, MemSize=0xB0, Align=0x4000
[LOADER] WARNING: Segment 3 ELF alignment mismatch! VAddr=0x809841000, Offset=0xC000, Align=0x4000, VAddr%Align=0x1000, Offset%Align=0x0
[LOADER] Segment 7: VAddr=0x0000000809845000, FileSize=0x11, MemSize=0x30, Align=0x4000
[LOADER] WARNING: Segment 7 ELF alignment mismatch! VAddr=0x809845000, Offset=0x10000, Align=0x4000, VAddr%Align=0x1000, Offset%Align=0x0
[LOADER] Segment 8: VAddr=0x0000000809845030, FileSize=0x6C0, MemSize=0x6C0, Align=0x4000
[LOADER] WARNING: Segment 8 ELF alignment mismatch! VAddr=0x809845030, Offset=0x10030, Align=0x4000, VAddr%Align=0x1030, Offset%Align=0x30
[LOADER] TryLoadTableBytes: trying location=0xC490, size=0x260, imageBase=0x809839000
[LOADER] TryLoadTableBytes: trying guest address 0x809845490
[LOADER] TryLoadTableBytes: loaded from guest memory at 0x809845490
[LOADER] Dynamic Info: StrTab=0xC030, StrTabSize=0x161
[LOADER] Dynamic Info: SymTab=0xC198, SymTabSize=0x150
[LOADER] Dynamic Info: Rela=0xC390, RelaSize=0x60
[LOADER] Dynamic Info: JmpRel=0xC2E8, JmpRelSize=0xA8
[LOADER] Dynamic Info: PltGot=0x8020
[LOADER] TLS module id: 0
[LOADER] HasImportMetadata: True
[LOADER] TryLoadTableBytes: trying location=0xC390, size=0x60, imageBase=0x809839000
[LOADER] TryLoadTableBytes: trying guest address 0x809845390
[LOADER] TryLoadTableBytes: loaded from guest memory at 0x809845390
[LOADER] TryLoadTableBytes: trying location=0xC2E8, size=0xA8, imageBase=0x809839000
[LOADER] TryLoadTableBytes: trying guest address 0x8098452E8
[LOADER] TryLoadTableBytes: loaded from guest memory at 0x8098452E8
[LOADER] ImageBase runtime: 0x0000000809839000
[LOADER] Processing 11 relocations...
[LOADER] TryLoadTableBytes: trying location=0xC030, size=0x161, imageBase=0x809839000
[LOADER] TryLoadTableBytes: trying guest address 0x809845030
[LOADER] TryLoadTableBytes: loaded from guest memory at 0x809845030
[LOADER] TryLoadTableBytes: trying location=0xC198, size=0x150, imageBase=0x809839000
[LOADER] TryLoadTableBytes: trying guest address 0x809845198
[LOADER] TryLoadTableBytes: loaded from guest memory at 0x809845198
[LOADER] Found 8 unique NIDs, 11 descriptors
[LOADER] CreateImportStubMapping: nids=8, required=0x80, map_size=0x1000
[LOADER] Created 8 import stubs
[LOADER] TryLoadTableBytes: trying location=0xC490, size=0x260, imageBase=0x809839000
[LOADER] TryLoadTableBytes: trying guest address 0x809845490
[LOADER] TryLoadTableBytes: loaded from guest memory at 0x809845490
[LOADER] TryLoadTableBytes: trying location=0xC030, size=0x161, imageBase=0x809839000
[LOADER] TryLoadTableBytes: trying guest address 0x809845030
[LOADER] TryLoadTableBytes: loaded from guest memory at 0x809845030
[LOADER] TryLoadTableBytes: trying location=0xC198, size=0x150, imageBase=0x809839000
[LOADER] TryLoadTableBytes: trying guest address 0x809845198
[LOADER] TryLoadTableBytes: loaded from guest memory at 0x809845198
[LOADER] Runtime symbol index populated: section=0, dynamic=5, total=10
[LOADER] TryLoadTableBytes: trying location=0xC490, size=0x260, imageBase=0x809839000
[LOADER] TryLoadTableBytes: trying guest address 0x809845490
[LOADER] TryLoadTableBytes: loaded from guest memory at 0x809845490
[LOADER][TEST] ResolveMappedAddressOrFallback addr=0x10 imageBase=0x0000000809839000
[LOADER][TEST] -> resolved raw 0x0000000809839010
[LOADER][TEST] ResolveMappedAddressOrFallback addr=0x10 imageBase=0x0000000809839000
[LOADER][TEST] -> resolved raw 0x0000000809839010
[LOADER] Initializers discovered: preinit=0, init=1
[LOADER] ELF e_entry: 0x0000000000000000
[LOADER] Generation: Gen5 (PS5)
[LOADER] Using image base: 0x0000000809839000
[LOADER] Final entry point: 0x0000000809839000
[LOADER] PH[0]: type=Load, vaddr=0x0000000000000000 -> 0x0000000809839000, memsz=0x3A2
[LOADER] PH[1]: type=Load, vaddr=0x0000000000004000 -> 0x000000080983D000, memsz=0x1E5
[LOADER] PH[2]: type=GnuEhFrame, vaddr=0x0000000000004000 -> 0x000000080983D000, memsz=0x54
[LOADER][TLS] load_done assigned=0 next=4
[RUNTIME] Registered module handle=5 name=PS5Util.prx base=0x0000000809839000 size=0x000000000000C6F0
[RUNTIME] Loaded module PS5Util.prx: entry=0x0000000809839000, imports=8, symbols=10
[FORMAT] lib_burst_generated.prx magic=0x7F454C46 ELF Decrypted Ready
[LOADER][TLS] load_start clear=False next=4 assigned=0 has_pt_tls=False
Total image size needed: 0x157D8 (88024 bytes)
[LOADER] Segment 0: VAddr=0x0000000809A46000, FileSize=0xB962, MemSize=0xB962, Align=0x4000
[LOADER] WARNING: Segment 0 ELF alignment mismatch! VAddr=0x809A46000, Offset=0x4000, Align=0x4000, VAddr%Align=0x2000, Offset%Align=0x0
[LOADER] Segment 1: VAddr=0x0000000809A52000, FileSize=0xC28, MemSize=0xC28, Align=0x4000
[LOADER] WARNING: Segment 1 ELF alignment mismatch! VAddr=0x809A52000, Offset=0x10000, Align=0x4000, VAddr%Align=0x2000, Offset%Align=0x0
[LOADER] Segment 3: VAddr=0x0000000809A56000, FileSize=0x98, MemSize=0x98, Align=0x4000
[LOADER] WARNING: Segment 3 ELF alignment mismatch! VAddr=0x809A56000, Offset=0x14000, Align=0x4000, VAddr%Align=0x2000, Offset%Align=0x0
[LOADER] Segment 7: VAddr=0x0000000809A5A000, FileSize=0xA30, MemSize=0xB38, Align=0x4000
[LOADER] WARNING: Segment 7 ELF alignment mismatch! VAddr=0x809A5A000, Offset=0x18000, Align=0x4000, VAddr%Align=0x2000, Offset%Align=0x0
[LOADER] Segment 8: VAddr=0x0000000809A5AB40, FileSize=0xC98, MemSize=0xC98, Align=0x4000
[LOADER] WARNING: Segment 8 ELF alignment mismatch! VAddr=0x809A5AB40, Offset=0x18B40, Align=0x4000, VAddr%Align=0x2B40, Offset%Align=0xB40
[LOADER] TryLoadTableBytes: trying location=0x15598, size=0x240, imageBase=0x809A46000
[LOADER] TryLoadTableBytes: trying guest address 0x809A5B598
[LOADER] TryLoadTableBytes: loaded from guest memory at 0x809A5B598
[LOADER] Dynamic Info: StrTab=0x14B40, StrTabSize=0x378
[LOADER] Dynamic Info: SymTab=0x14EB8, SymTabSize=0x450
[LOADER] Dynamic Info: Rela=0x15350, RelaSize=0xA8
[LOADER] Dynamic Info: JmpRel=0x15308, JmpRelSize=0x48
[LOADER] Dynamic Info: PltGot=0x10028
[LOADER] TLS module id: 0
[LOADER] HasImportMetadata: True
[LOADER] TryLoadTableBytes: trying location=0x15350, size=0xA8, imageBase=0x809A46000
[LOADER] TryLoadTableBytes: trying guest address 0x809A5B350
[LOADER] TryLoadTableBytes: loaded from guest memory at 0x809A5B350
[LOADER] TryLoadTableBytes: trying location=0x15308, size=0x48, imageBase=0x809A46000
[LOADER] TryLoadTableBytes: trying guest address 0x809A5B308
[LOADER] TryLoadTableBytes: loaded from guest memory at 0x809A5B308
[LOADER] ImageBase runtime: 0x0000000809A46000
[LOADER] Processing 10 relocations...
[LOADER] TryLoadTableBytes: trying location=0x14B40, size=0x378, imageBase=0x809A46000
[LOADER] TryLoadTableBytes: trying guest address 0x809A5AB40
[LOADER] TryLoadTableBytes: loaded from guest memory at 0x809A5AB40
[LOADER] TryLoadTableBytes: trying location=0x14EB8, size=0x450, imageBase=0x809A46000
[LOADER] TryLoadTableBytes: trying guest address 0x809A5AEB8
[LOADER] TryLoadTableBytes: loaded from guest memory at 0x809A5AEB8
[LOADER] Found 5 unique NIDs, 10 descriptors
[LOADER] CreateImportStubMapping: nids=5, required=0x50, map_size=0x1000
[LOADER] Created 5 import stubs
[LOADER] TryLoadTableBytes: trying location=0x15598, size=0x240, imageBase=0x809A46000
[LOADER] TryLoadTableBytes: trying guest address 0x809A5B598
[LOADER] TryLoadTableBytes: loaded from guest memory at 0x809A5B598
[LOADER] TryLoadTableBytes: trying location=0x14B40, size=0x378, imageBase=0x809A46000
[LOADER] TryLoadTableBytes: trying guest address 0x809A5AB40
[LOADER] TryLoadTableBytes: loaded from guest memory at 0x809A5AB40
[LOADER] TryLoadTableBytes: trying location=0x14EB8, size=0x450, imageBase=0x809A46000
[LOADER] TryLoadTableBytes: trying guest address 0x809A5AEB8
[LOADER] TryLoadTableBytes: loaded from guest memory at 0x809A5AEB8
[LOADER] Runtime symbol index populated: section=0, dynamic=40, total=80
[LOADER] TryLoadTableBytes: trying location=0x15598, size=0x240, imageBase=0x809A46000
[LOADER] TryLoadTableBytes: trying guest address 0x809A5B598
[LOADER] TryLoadTableBytes: loaded from guest memory at 0x809A5B598
[LOADER][TEST] ResolveMappedAddressOrFallback addr=0x10 imageBase=0x0000000809A46000
[LOADER][TEST] -> resolved raw 0x0000000809A46010
[LOADER][TEST] ResolveMappedAddressOrFallback addr=0x10 imageBase=0x0000000809A46000
[LOADER][TEST] -> resolved raw 0x0000000809A46010
[LOADER] Initializers discovered: preinit=0, init=1
[LOADER] ELF e_entry: 0x0000000000000000
[LOADER] Generation: Gen5 (PS5)
[LOADER] Using image base: 0x0000000809A46000
[LOADER] Final entry point: 0x0000000809A46000
[LOADER] PH[0]: type=Load, vaddr=0x0000000000000000 -> 0x0000000809A46000, memsz=0xB962
[LOADER] PH[1]: type=Load, vaddr=0x000000000000C000 -> 0x0000000809A52000, memsz=0xC28
[LOADER] PH[2]: type=GnuEhFrame, vaddr=0x000000000000C000 -> 0x0000000809A52000, memsz=0x16C
[LOADER][TLS] load_done assigned=0 next=4
[RUNTIME] Registered module handle=6 name=lib_burst_generated.prx base=0x0000000809A46000 size=0x00000000000157D8
[RUNTIME] Loaded module lib_burst_generated.prx: entry=0x0000000809A46000, imports=5, symbols=80
[FORMAT] PSNCommon.prx magic=0x7F454C46 ELF Decrypted Ready
[LOADER][TLS] load_start clear=False next=4 assigned=0 has_pt_tls=False
Total image size needed: 0xDD98 (56728 bytes)
[LOADER] Segment 0: VAddr=0x0000000809C5C000, FileSize=0x2782, MemSize=0x2782, Align=0x4000
[LOADER] Segment 1: VAddr=0x0000000809C60000, FileSize=0x1A4C, MemSize=0x1A4C, Align=0x4000
[LOADER] Segment 3: VAddr=0x0000000809C64000, FileSize=0x448, MemSize=0x448, Align=0x4000
[LOADER] Segment 7: VAddr=0x0000000809C68000, FileSize=0x198, MemSize=0x218, Align=0x4000
[LOADER] Segment 8: VAddr=0x0000000809C68220, FileSize=0x1B78, MemSize=0x1B78, Align=0x4000
[LOADER] TryLoadTableBytes: trying location=0xDB58, size=0x240, imageBase=0x809C5C000
[LOADER] TryLoadTableBytes: trying guest address 0x809C69B58
[LOADER] TryLoadTableBytes: loaded from guest memory at 0x809C69B58
[LOADER] Dynamic Info: StrTab=0xC220, StrTabSize=0x539
[LOADER] Dynamic Info: SymTab=0xC760, SymTabSize=0x708
[LOADER] Dynamic Info: Rela=0xCF28, RelaSize=0x9A8
[LOADER] Dynamic Info: JmpRel=0xCE68, JmpRelSize=0xC0
[LOADER] Dynamic Info: PltGot=0x83A8
[LOADER] TLS module id: 0
[LOADER] HasImportMetadata: True
[LOADER] TryLoadTableBytes: trying location=0xCF28, size=0x9A8, imageBase=0x809C5C000
[LOADER] TryLoadTableBytes: trying guest address 0x809C68F28
[LOADER] TryLoadTableBytes: loaded from guest memory at 0x809C68F28
[LOADER] TryLoadTableBytes: trying location=0xCE68, size=0xC0, imageBase=0x809C5C000
[LOADER] TryLoadTableBytes: trying guest address 0x809C68E68
[LOADER] TryLoadTableBytes: loaded from guest memory at 0x809C68E68
[LOADER] ImageBase runtime: 0x0000000809C5C000
[LOADER] Processing 111 relocations...
[LOADER] TryLoadTableBytes: trying location=0xC220, size=0x539, imageBase=0x809C5C000
[LOADER] TryLoadTableBytes: trying guest address 0x809C68220
[LOADER] TryLoadTableBytes: loaded from guest memory at 0x809C68220
[LOADER] TryLoadTableBytes: trying location=0xC760, size=0x708, imageBase=0x809C5C000
[LOADER] TryLoadTableBytes: trying guest address 0x809C68760
[LOADER] TryLoadTableBytes: loaded from guest memory at 0x809C68760
[LOADER] Found 10 unique NIDs, 111 descriptors
[LOADER] CreateImportStubMapping: nids=10, required=0xA0, map_size=0x1000
[LOADER] Created 10 import stubs
[LOADER] TryLoadTableBytes: trying location=0xDB58, size=0x240, imageBase=0x809C5C000
[LOADER] TryLoadTableBytes: trying guest address 0x809C69B58
[LOADER] TryLoadTableBytes: loaded from guest memory at 0x809C69B58
[LOADER] TryLoadTableBytes: trying location=0xC220, size=0x539, imageBase=0x809C5C000
[LOADER] TryLoadTableBytes: trying guest address 0x809C68220
[LOADER] TryLoadTableBytes: loaded from guest memory at 0x809C68220
[LOADER] TryLoadTableBytes: trying location=0xC760, size=0x708, imageBase=0x809C5C000
[LOADER] TryLoadTableBytes: trying guest address 0x809C68760
[LOADER] TryLoadTableBytes: loaded from guest memory at 0x809C68760
[LOADER] Runtime symbol index populated: section=0, dynamic=64, total=128
[LOADER] TryLoadTableBytes: trying location=0xDB58, size=0x240, imageBase=0x809C5C000
[LOADER] TryLoadTableBytes: trying guest address 0x809C69B58
[LOADER] TryLoadTableBytes: loaded from guest memory at 0x809C69B58
[LOADER][TEST] ResolveMappedAddressOrFallback addr=0x10 imageBase=0x0000000809C5C000
[LOADER][TEST] -> resolved raw 0x0000000809C5C010
[LOADER][TEST] ResolveMappedAddressOrFallback addr=0x10 imageBase=0x0000000809C5C000
[LOADER][TEST] -> resolved raw 0x0000000809C5C010
[LOADER] Initializers discovered: preinit=0, init=1
[LOADER] ELF e_entry: 0x0000000000000000
[LOADER] Generation: Gen5 (PS5)
[LOADER] Using image base: 0x0000000809C5C000
[LOADER] Final entry point: 0x0000000809C5C000
[LOADER] PH[0]: type=Load, vaddr=0x0000000000000000 -> 0x0000000809C5C000, memsz=0x2782
[LOADER] PH[1]: type=Load, vaddr=0x0000000000004000 -> 0x0000000809C60000, memsz=0x1A4C
[LOADER] PH[2]: type=GnuEhFrame, vaddr=0x0000000000004000 -> 0x0000000809C60000, memsz=0x58C
[LOADER][TLS] load_done assigned=0 next=4
[RUNTIME] Registered module handle=7 name=PSNCommon.prx base=0x0000000809C5C000 size=0x000000000000DD98
[RUNTIME] Loaded module PSNCommon.prx: entry=0x0000000809C5C000, imports=10, symbols=128
[FORMAT] PSNCore.prx magic=0x7F454C46 ELF Decrypted Ready
[LOADER][TLS] load_start clear=False next=4 assigned=0 has_pt_tls=False
Total image size needed: 0x788E0 (493792 bytes)
[LOADER] Segment 0: VAddr=0x0000000809E6A000, FileSize=0x38AE2, MemSize=0x38AE2, Align=0x4000
[LOADER] WARNING: Segment 0 ELF alignment mismatch! VAddr=0x809E6A000, Offset=0x4000, Align=0x4000, VAddr%Align=0x2000, Offset%Align=0x0
[LOADER] Segment 1: VAddr=0x0000000809EA6000, FileSize=0x66F0, MemSize=0x66F0, Align=0x4000
[LOADER] WARNING: Segment 1 ELF alignment mismatch! VAddr=0x809EA6000, Offset=0x40000, Align=0x4000, VAddr%Align=0x2000, Offset%Align=0x0
[LOADER] Segment 3: VAddr=0x0000000809EAE000, FileSize=0x4E38, MemSize=0x4E38, Align=0x4000
[LOADER] WARNING: Segment 3 ELF alignment mismatch! VAddr=0x809EAE000, Offset=0x48000, Align=0x4000, VAddr%Align=0x2000, Offset%Align=0x0
[LOADER] Segment 7: VAddr=0x0000000809EB6000, FileSize=0x18, MemSize=0x178, Align=0x4000
[LOADER] WARNING: Segment 7 ELF alignment mismatch! VAddr=0x809EB6000, Offset=0x50000, Align=0x4000, VAddr%Align=0x2000, Offset%Align=0x0
[LOADER] Segment 8: VAddr=0x0000000809EB6180, FileSize=0x2C760, MemSize=0x2C760, Align=0x4000
[LOADER] WARNING: Segment 8 ELF alignment mismatch! VAddr=0x809EB6180, Offset=0x50180, Align=0x4000, VAddr%Align=0x2180, Offset%Align=0x180
[LOADER] TryLoadTableBytes: trying location=0x78120, size=0x7C0, imageBase=0x809E6A000
[LOADER] TryLoadTableBytes: trying guest address 0x809EE2120
[LOADER] TryLoadTableBytes: loaded from guest memory at 0x809EE2120
[LOADER] Dynamic Info: StrTab=0x4C180, StrTabSize=0x9F42
[LOADER] Dynamic Info: SymTab=0x560C8, SymTabSize=0xE8F8
[LOADER] Dynamic Info: Rela=0x73198, RelaSize=0x1B0
[LOADER] Dynamic Info: JmpRel=0x649C0, JmpRelSize=0xE7D8
[LOADER] Dynamic Info: PltGot=0x44060
[LOADER] TLS module id: 0
[LOADER] HasImportMetadata: True
[LOADER] TryLoadTableBytes: trying location=0x73198, size=0x1B0, imageBase=0x809E6A000
[LOADER] TryLoadTableBytes: trying guest address 0x809EDD198
[LOADER] TryLoadTableBytes: loaded from guest memory at 0x809EDD198
[LOADER] TryLoadTableBytes: trying location=0x649C0, size=0xE7D8, imageBase=0x809E6A000
[LOADER] TryLoadTableBytes: trying guest address 0x809ECE9C0
[LOADER] TryLoadTableBytes: loaded from guest memory at 0x809ECE9C0
[LOADER] ImageBase runtime: 0x0000000809E6A000
[LOADER] Processing 2491 relocations...
[LOADER] TryLoadTableBytes: trying location=0x4C180, size=0x9F42, imageBase=0x809E6A000
[LOADER] TryLoadTableBytes: trying guest address 0x809EB6180
[LOADER] TryLoadTableBytes: loaded from guest memory at 0x809EB6180
[LOADER] TryLoadTableBytes: trying location=0x560C8, size=0xE8F8, imageBase=0x809E6A000
[LOADER] TryLoadTableBytes: trying guest address 0x809EC00C8
[LOADER] TryLoadTableBytes: loaded from guest memory at 0x809EC00C8
[LOADER] Found 2475 unique NIDs, 2491 descriptors
[LOADER] CreateImportStubMapping: nids=2475, required=0x9AB0, map_size=0xA000
[LOADER] Created 2475 import stubs
[LOADER] TryLoadTableBytes: trying location=0x78120, size=0x7C0, imageBase=0x809E6A000
[LOADER] TryLoadTableBytes: trying guest address 0x809EE2120
[LOADER] TryLoadTableBytes: loaded from guest memory at 0x809EE2120
[LOADER] TryLoadTableBytes: trying location=0x4C180, size=0x9F42, imageBase=0x809E6A000
[LOADER] TryLoadTableBytes: trying guest address 0x809EB6180
[LOADER] TryLoadTableBytes: loaded from guest memory at 0x809EB6180
[LOADER] TryLoadTableBytes: trying location=0x560C8, size=0xE8F8, imageBase=0x809E6A000
[LOADER] TryLoadTableBytes: trying guest address 0x809EC00C8
[LOADER] TryLoadTableBytes: loaded from guest memory at 0x809EC00C8
[LOADER] Runtime symbol index populated: section=0, dynamic=9, total=18
[LOADER] TryLoadTableBytes: trying location=0x78120, size=0x7C0, imageBase=0x809E6A000
[LOADER] TryLoadTableBytes: trying guest address 0x809EE2120
[LOADER] TryLoadTableBytes: loaded from guest memory at 0x809EE2120
[LOADER][TEST] ResolveMappedAddressOrFallback addr=0x10 imageBase=0x0000000809E6A000
[LOADER][TEST] -> resolved raw 0x0000000809E6A010
[LOADER][TEST] ResolveMappedAddressOrFallback addr=0x10 imageBase=0x0000000809E6A000
[LOADER][TEST] -> resolved raw 0x0000000809E6A010
[LOADER] Initializers discovered: preinit=0, init=1
[LOADER] ELF e_entry: 0x0000000000000000
[LOADER] Generation: Gen5 (PS5)
[LOADER] Using image base: 0x0000000809E6A000
[LOADER] Final entry point: 0x0000000809E6A000
[LOADER] PH[0]: type=Load, vaddr=0x0000000000000000 -> 0x0000000809E6A000, memsz=0x38AE2
[LOADER] PH[1]: type=Load, vaddr=0x000000000003C000 -> 0x0000000809EA6000, memsz=0x66F0
[LOADER] PH[2]: type=GnuEhFrame, vaddr=0x000000000003C000 -> 0x0000000809EA6000, memsz=0xDDC
[LOADER][TLS] load_done assigned=0 next=4
[RUNTIME] Registered module handle=8 name=PSNCore.prx base=0x0000000809E6A000 size=0x00000000000788E0
[RUNTIME] Loaded module PSNCore.prx: entry=0x0000000809E6A000, imports=2475, symbols=18
[FORMAT] SaveData.prx magic=0x7F454C46 ELF Decrypted Ready
[LOADER][TLS] load_start clear=False next=4 assigned=0 has_pt_tls=False
Total image size needed: 0x2C01D8 (2884056 bytes)
[LOADER] Segment 0: VAddr=0x000000080A0E3000, FileSize=0x3E92, MemSize=0x3E92, Align=0x4000
[LOADER] WARNING: Segment 0 ELF alignment mismatch! VAddr=0x80A0E3000, Offset=0x4000, Align=0x4000, VAddr%Align=0x3000, Offset%Align=0x0
[LOADER] Segment 1: VAddr=0x000000080A0E7000, FileSize=0x1899, MemSize=0x1899, Align=0x4000
[LOADER] WARNING: Segment 1 ELF alignment mismatch! VAddr=0x80A0E7000, Offset=0x8000, Align=0x4000, VAddr%Align=0x3000, Offset%Align=0x0
[LOADER] Segment 3: VAddr=0x000000080A0EB000, FileSize=0x230, MemSize=0x230, Align=0x4000
[LOADER] WARNING: Segment 3 ELF alignment mismatch! VAddr=0x80A0EB000, Offset=0xC000, Align=0x4000, VAddr%Align=0x3000, Offset%Align=0x0
[LOADER] Segment 7: VAddr=0x000000080A0EF000, FileSize=0x11, MemSize=0x2B2748, Align=0x4000
[LOADER] WARNING: Segment 7 ELF alignment mismatch! VAddr=0x80A0EF000, Offset=0x10000, Align=0x4000, VAddr%Align=0x3000, Offset%Align=0x0
[LOADER] Segment 8: VAddr=0x000000080A3A1750, FileSize=0x1A88, MemSize=0x1A88, Align=0x4000
[LOADER] WARNING: Segment 8 ELF alignment mismatch! VAddr=0x80A3A1750, Offset=0x12750, Align=0x4000, VAddr%Align=0x1750, Offset%Align=0x2750
[LOADER] TryLoadTableBytes: trying location=0x2BFE58, size=0x380, imageBase=0x80A0E3000
[LOADER] TryLoadTableBytes: trying guest address 0x80A3A2E58
[LOADER] TryLoadTableBytes: loaded from guest memory at 0x80A3A2E58
[LOADER] Dynamic Info: StrTab=0x2BE750, StrTabSize=0x6B1
[LOADER] Dynamic Info: SymTab=0x2BEE08, SymTabSize=0x7E0
[LOADER] Dynamic Info: Rela=0x2BFAE0, RelaSize=0xA8
[LOADER] Dynamic Info: JmpRel=0x2BF5E8, JmpRelSize=0x4F8
[LOADER] Dynamic Info: PltGot=0x8028
[LOADER] TLS module id: 0
[LOADER] HasImportMetadata: True
[LOADER] TryLoadTableBytes: trying location=0x2BFAE0, size=0xA8, imageBase=0x80A0E3000
[LOADER] TryLoadTableBytes: trying guest address 0x80A3A2AE0
[LOADER] TryLoadTableBytes: loaded from guest memory at 0x80A3A2AE0
[LOADER] TryLoadTableBytes: trying location=0x2BF5E8, size=0x4F8, imageBase=0x80A0E3000
[LOADER] TryLoadTableBytes: trying guest address 0x80A3A25E8
[LOADER] TryLoadTableBytes: loaded from guest memory at 0x80A3A25E8
[LOADER] ImageBase runtime: 0x000000080A0E3000
[LOADER] Processing 60 relocations...
[LOADER] TryLoadTableBytes: trying location=0x2BE750, size=0x6B1, imageBase=0x80A0E3000
[LOADER] TryLoadTableBytes: trying guest address 0x80A3A1750
[LOADER] TryLoadTableBytes: loaded from guest memory at 0x80A3A1750
[LOADER] TryLoadTableBytes: trying location=0x2BEE08, size=0x7E0, imageBase=0x80A0E3000
[LOADER] TryLoadTableBytes: trying guest address 0x80A3A1E08
[LOADER] TryLoadTableBytes: loaded from guest memory at 0x80A3A1E08
[LOADER] Found 55 unique NIDs, 60 descriptors
[LOADER] CreateImportStubMapping: nids=55, required=0x370, map_size=0x1000
[LOADER] Created 55 import stubs
[LOADER] TryLoadTableBytes: trying location=0x2BFE58, size=0x380, imageBase=0x80A0E3000
[LOADER] TryLoadTableBytes: trying guest address 0x80A3A2E58
[LOADER] TryLoadTableBytes: loaded from guest memory at 0x80A3A2E58
[LOADER] TryLoadTableBytes: trying location=0x2BE750, size=0x6B1, imageBase=0x80A0E3000
[LOADER] TryLoadTableBytes: trying guest address 0x80A3A1750
[LOADER] TryLoadTableBytes: loaded from guest memory at 0x80A3A1750
[LOADER] TryLoadTableBytes: trying location=0x2BEE08, size=0x7E0, imageBase=0x80A0E3000
[LOADER] TryLoadTableBytes: trying guest address 0x80A3A1E08
[LOADER] TryLoadTableBytes: loaded from guest memory at 0x80A3A1E08
[LOADER] Runtime symbol index populated: section=0, dynamic=28, total=56
[LOADER] TryLoadTableBytes: trying location=0x2BFE58, size=0x380, imageBase=0x80A0E3000
[LOADER] TryLoadTableBytes: trying guest address 0x80A3A2E58
[LOADER] TryLoadTableBytes: loaded from guest memory at 0x80A3A2E58
[LOADER][TEST] ResolveMappedAddressOrFallback addr=0x10 imageBase=0x000000080A0E3000
[LOADER][TEST] -> resolved raw 0x000000080A0E3010
[LOADER][TEST] ResolveMappedAddressOrFallback addr=0x10 imageBase=0x000000080A0E3000
[LOADER][TEST] -> resolved raw 0x000000080A0E3010
[LOADER] Initializers discovered: preinit=0, init=1
[LOADER] ELF e_entry: 0x0000000000000000
[LOADER] Generation: Gen5 (PS5)
[LOADER] Using image base: 0x000000080A0E3000
[LOADER] Final entry point: 0x000000080A0E3000
[LOADER] PH[0]: type=Load, vaddr=0x0000000000000000 -> 0x000000080A0E3000, memsz=0x3E92
[LOADER] PH[1]: type=Load, vaddr=0x0000000000004000 -> 0x000000080A0E7000, memsz=0x1899
[LOADER] PH[2]: type=GnuEhFrame, vaddr=0x0000000000004000 -> 0x000000080A0E7000, memsz=0x424
[LOADER][TLS] load_done assigned=0 next=4
[RUNTIME] Registered module handle=9 name=SaveData.prx base=0x000000080A0E3000 size=0x00000000002C01D8
[RUNTIME] Loaded module SaveData.prx: entry=0x000000080A0E3000, imports=55, symbols=56
[RUNTIME] Module preload summary: loaded=8, failed=0, merged_imports=3047, merged_symbols=91001
[RUNTIME] Imported data rebind: rebound=77, unresolved=0
[RUNTIME] Starting module libc.prx: dt_init=0x0000000804000010
[DISPATCHER] === DispatchModuleInitializer START ===
[DISPATCHER] moduleInit=0x0000000804000010, generation=Gen5, module=libc.prx
[DISPATCHER] DispatchEntryCore STARTING...
[LOADER][INFO] POSIX signal exception bridge installed (SIGSEGV/SIGBUS/SIGILL)
[LOADER][INFO] === Execute START ===
[LOADER][INFO] EntryPoint: 0x0000000804000010, ImportStubs: 3652
[LOADER][INFO] RuntimeSymbols: 91007
[LOADER][INFO] ExportCheck fputs: libc:fputs
[LOADER][INFO] ExportCheck map_direct: libKernel:sceKernelMapDirectMemory
[LOADER][INFO] Setting up 3652 import stubs...
[LOADER][INFO] LLE redirect: 0x0000700000000010 QI-x0SL8jhw -> QI-x0SL8jhw@0x000000080403F250
[LOADER][INFO] LLE redirect: 0x0000700000000020 EH-x713A99c -> EH-x713A99c@0x0000000804042700
[LOADER][INFO] LLE redirect: 0x0000700000000030 gQX+4GDQjpM -> gQX+4GDQjpM@0x0000000804005EE0
[LOADER][INFO] LLE redirect: 0x0000700000000040 Y7aJ1uydPMo -> Y7aJ1uydPMo@0x0000000804005F10
[LOADER][INFO] LLE redirect: 0x0000700000000050 tIhsqj0qsFE -> tIhsqj0qsFE@0x0000000804005EF0
[LOADER][INFO] LLE redirect: 0x0000700000000060 lKEN2IebgJ0 -> lKEN2IebgJ0@0x0000000804055330
[LOADER][INFO] LLE redirect: 0x0000700000000070 zr094EQ39Ww -> zr094EQ39Ww@0x0000000804036710
[LOADER][INFO] LLE redirect: 0x0000700000000080 ZE6RNL+eLbk -> ZE6RNL+eLbk@0x00000008040507A0
[LOADER][INFO] LLE redirect: 0x0000700000000090 weDug8QD-lE -> weDug8QD-lE@0x0000000804041B30
[LOADER][INFO] LLE redirect: 0x00007000000000A0 GZWjF-YIFFk -> GZWjF-YIFFk@0x0000000804041030
[LOADER][INFO] LLE redirect: 0x00007000000000B0 H8AprKeZtNg -> H8AprKeZtNg@0x0000000804110480
[LOADER][INFO] LLE redirect: 0x00007000000000C0 c+4r-T-tEIc -> c+4r-T-tEIc@0x000000080404CF20
[LOADER][INFO] LLE redirect: 0x00007000000000D0 2sWzhYqFH4E -> 2sWzhYqFH4E@0x00000008041102B8
[LOADER][INFO] LLE redirect: 0x00007000000000E0 8zTFvBIAIN8 -> 8zTFvBIAIN8@0x0000000804010550
[LOADER][INFO] LLE redirect: 0x0000700000000170 DfivPArhucg -> DfivPArhucg@0x0000000804033C80
[LOADER][INFO] LLE redirect: 0x0000700000000180 tQIo+GIPklo -> tQIo+GIPklo@0x0000000804016690
[LOADER][INFO] LLE redirect: 0x00007000000001C0 eT2UsmTewbU -> eT2UsmTewbU@0x0000000804016560
[LOADER][INFO] LLE redirect: 0x00007000000001E0 ozMAr28BwSY -> ozMAr28BwSY@0x0000000804016770
[LOADER][INFO] LLE redirect: 0x00007000000001F0 gNQ1V2vfXDE -> gNQ1V2vfXDE@0x00000008040552E0
[LOADER][INFO] LLE redirect: 0x0000700000000200 Ujf3KzMvRmI -> Ujf3KzMvRmI@0x0000000804005F30
[LOADER][INFO] LLE redirect: 0x0000700000000210 OGybVuPAhAY -> OGybVuPAhAY@0x0000000804005F50
[LOADER][INFO] LLE redirect: 0x0000700000000240 qKQiNX91IGo -> qKQiNX91IGo@0x0000000804018E70
[LOADER][INFO] LLE redirect: 0x0000700000000250 qYhnoevd9bI -> qYhnoevd9bI@0x00000008040365C0
[INTRINSIC-CHECK] strcmp stub at 0x0000700000000280 -> intrinsic 0x00007FD3123F4000
[LOADER][INFO] LLE redirect: 0x0000700000000320 1Pk0qZQGeWo -> 1Pk0qZQGeWo@0x000000080405B030
[LOADER][INFO] LLE redirect: 0x0000700000000340 zlfEH8FmyUA -> zlfEH8FmyUA@0x000000080403ECE0
[LOADER][INFO] LLE redirect: 0x0000700000000350 xEszJVGpybs -> xEszJVGpybs@0x000000080405BE20
[LOADER][INFO] LLE redirect: 0x0000700000000360 5TjaJwkLWxE -> 5TjaJwkLWxE@0x0000000804033CC0
[LOADER][INFO] LLE redirect: 0x0000700000000370 JBcgYuW8lPU -> JBcgYuW8lPU@0x000000080403EFC0
[LOADER][INFO] LLE redirect: 0x00007000000003A0 lA94ZgT+vMM -> lA94ZgT+vMM@0x0000000804047950
[LOADER][INFO] LLE redirect: 0x00007000000003D0 GlelR9EEeck -> GlelR9EEeck@0x0000000804042D50
[LOADER][INFO] LLE redirect: 0x00007000000004A0 mXlxhmLNMPg -> mXlxhmLNMPg@0x000000080403E8C0
[LOADER][INFO] LLE redirect: 0x00007000000004B0 AEJdIVZTEmo -> AEJdIVZTEmo@0x0000000804063BD0
[LOADER][INFO] LLE redirect: 0x00007000000004F0 iPBqs+YUUFw -> iPBqs+YUUFw@0x000000080407E150
[LOADER][INFO] LLE redirect: 0x0000700000000500 2HnmKiLmV6s -> 2HnmKiLmV6s@0x000000080407E160
[LOADER][INFO] LLE redirect: 0x0000700000000520 1mecP7RgI2A -> 1mecP7RgI2A@0x000000080406D4E0
[LOADER][INFO] LLE redirect: 0x0000700000000560 0WMHDb5Dt94 -> 0WMHDb5Dt94@0x000000080404CB90
[LOADER][INFO] LLE redirect: 0x0000700000000570 g7zzzLDYGw0 -> g7zzzLDYGw0@0x000000080406CE10
[LOADER][INFO] LLE redirect: 0x0000700000000580 cjZEuzHkgng -> cjZEuzHkgng@0x000000080407E0B0
[LOADER][INFO] LLE redirect: 0x0000700000000590 0AgCOypbQ90 -> 0AgCOypbQ90@0x000000080407E110
[LOADER][INFO] LLE redirect: 0x00007000000005A0 MELi-cKqWq0 -> MELi-cKqWq0@0x0000000804016A00
[LOADER][INFO] LLE redirect: 0x00007000000005B0 3+UPM-9E6xY -> 3+UPM-9E6xY@0x000000080404CD20
[LOADER][INFO] LLE redirect: 0x00007000000006F0 rDMyAf1Jhug -> rDMyAf1Jhug@0x000000080404E320
[LOADER][INFO] LLE redirect: 0x0000700000000710 T7uyNqP7vQA -> T7uyNqP7vQA@0x00000008040502A0
[LOADER][INFO] LLE redirect: 0x0000700000000720 HUbZmOnT-Dg -> HUbZmOnT-Dg@0x0000000804042260
[LOADER][INFO] LLE redirect: 0x0000700000000730 2X5agFjKxMc -> 2X5agFjKxMc@0x0000000804005F00
[LOADER][INFO] LLE redirect: 0x0000700000000950 pXvbDfchu6k -> pXvbDfchu6k@0x000000080406CF50
[LOADER][INFO] LLE redirect: 0x00007000000009C0 NU-T4QowTNA -> NU-T4QowTNA@0x00000008040165B0
[LOADER][INFO] LLE redirect: 0x00007000000009E0 2vDqwBlpF-o -> 2vDqwBlpF-o@0x000000080405CEF0
[INTRINSIC-CHECK] strcmp stub at 0x00006FFFFE0005B0 -> intrinsic 0x00007FCEB4542000
[INTRINSIC-CHECK] strcmp stub at 0x00006FFFFD0005C0 -> intrinsic 0x00007FCEB452F000
[INTRINSIC-CHECK] strcmp stub at 0x00006FFFF80002B0 -> intrinsic 0x00007FCEB4397000
[LOADER][INFO] Setup 3652/3652 import stubs (direct bridge, lle_redirects=2517)
[LOADER][INFO] TLS handler at 0x0000000803000000
[LOADER][INFO] Patched 0 TLS loads, 164 TLS stores, 0 stack-canary accesses, 0 SSE4a EXTRQ blends
[LOADER][INFO] ExecuteEntry starting at 0x0000000804000010
[LOADER][INFO] RSP=0x00006FFFF01FFFD8, RDI=0x0000000000000000
[LOADER][INFO] StackTop: 0x00006FFFF01FFFD8
[LOADER][INFO] Calling guest entry...
[LOADER][TRACE] Import#1: libKernel:_sceKernelSetThreadDtors (rNhWz+lvOMU)
[LOADER][TRACE] Import#2: libKernel:_sceKernelSetThreadAtexitCount (pB-yGZ2nQ9o)
[LOADER][TRACE] Import#3: libKernel:_sceKernelSetThreadAtexitReport (WhCc1w3EhSI)
[LOADER][TRACE] Import#4: libKernel:sceKernelGetProcParam (959qrazPIrg)
[LOADER][TRACE] Import#5: libKernel:_sceKernelRtldSetApplicationHeapAPI (p5EcQeEeJAE)
[LOADER][TRACE] Import#6: libKernel:sceKernelGetSanitizerNewReplaceExternal (bnZxYgAFeA0)
[LOADER][TRACE] Import#7: libKernel:sceKernelGetProcParam (959qrazPIrg)
[LOADER][TRACE] Import#8: LibcInternalExt:sceLibcHeapGetTraceInfo (NWtTN10cJzE)
[LOADER][TRACE] Import#9: libKernel:sceKernelGetDirectMemorySize (pO96TwzOm5E)
[LOADER][TRACE] Import#10: libKernel:sceKernelAllocateDirectMemory (rTXw65xmLIA)
[LOADER][TRACE] Import#11: libKernel:sceKernelMapDirectMemory (L-Q3LEjIbgA)
[LOADER][TRACE] Import#12: libKernel:sceKernelSetVirtualRangeName (DGMG3JshrZU)
[LOADER][TRACE] Import#13: libKernel:scePthreadMutexLock (9UK1vLZQft4)
[LOADER][TRACE] Import#14: libc:time (wLlFkwG9UcQ)
[LOADER][TRACE] Import#16: libKernel:scePthreadMutexattrInit (F8bUHwAG284)
[LOADER][TRACE] Import#17: libKernel:scePthreadMutexattrSetprotocol (1FGvU0i9saQ)
[LOADER][TRACE] Import#18: libKernel:scePthreadMutexInit (cmo1RIYva9o)
[LOADER][TRACE] Import#19: libKernel:scePthreadMutexattrDestroy (smWEktiyyG0)
[LOADER][TRACE] Import#20: libKernel:scePthreadMutexattrInit (F8bUHwAG284)
[LOADER][TRACE] Import#21: libKernel:scePthreadMutexattrSettype (iMp8QpE+XO4)
[LOADER][TRACE] Import#22: libKernel:scePthreadMutexattrSetprotocol (1FGvU0i9saQ)
[LOADER][TRACE] Import#23: libKernel:scePthreadMutexInit (cmo1RIYva9o)
[LOADER][TRACE] Import#24: libKernel:scePthreadMutexattrDestroy (smWEktiyyG0)
[LOADER][TRACE] Import#25: libKernel:scePthreadMutexInit (cmo1RIYva9o)
[LOADER][TRACE] Import#26: libKernel:sceKernelGetProcParam (959qrazPIrg)
[LOADER][TRACE] Import#27: libKernel:sceKernelGetProcParam (959qrazPIrg)
[LOADER][TRACE] Import#28: libKernel:sceKernelGetProcParam (959qrazPIrg)
[LOADER][TRACE] Import#29: libKernel:scePthreadMutexattrInit (F8bUHwAG284)
[LOADER][TRACE] Import#30: libKernel:scePthreadMutexattrSettype (iMp8QpE+XO4)
[LOADER][TRACE] Import#31: libKernel:scePthreadMutexInit (cmo1RIYva9o)
[LOADER][TRACE] Import#32: libKernel:scePthreadMutexattrDestroy (smWEktiyyG0)
[LOADER][TRACE] Import#33: libKernel:scePthreadMutexattrInit (F8bUHwAG284)
[LOADER][TRACE] Import#34: libKernel:scePthreadMutexattrSettype (iMp8QpE+XO4)
[LOADER][TRACE] Import#35: libKernel:scePthreadMutexInit (cmo1RIYva9o)
[LOADER][TRACE] Import#36: libKernel:scePthreadMutexattrDestroy (smWEktiyyG0)
[LOADER][TRACE] Import#37: libKernel:scePthreadMutexattrInit (F8bUHwAG284)
[LOADER][TRACE] Import#38: libKernel:scePthreadMutexattrSettype (iMp8QpE+XO4)
[LOADER][TRACE] Import#39: libKernel:scePthreadMutexInit (cmo1RIYva9o)
[LOADER][TRACE] Import#40: libKernel:scePthreadMutexattrDestroy (smWEktiyyG0)
[LOADER][TRACE] Import#41: libKernel:scePthreadMutexattrInit (F8bUHwAG284)
[LOADER][TRACE] Import#42: libKernel:scePthreadMutexattrSettype (iMp8QpE+XO4)
[LOADER][TRACE] Import#43: libKernel:scePthreadMutexInit (cmo1RIYva9o)
[LOADER][TRACE] Import#44: libKernel:scePthreadMutexattrDestroy (smWEktiyyG0)
[LOADER][TRACE] Import#45: libKernel:scePthreadMutexattrInit (F8bUHwAG284)
[LOADER][TRACE] Import#46: libKernel:scePthreadMutexattrSettype (iMp8QpE+XO4)
[LOADER][TRACE] Import#47: libKernel:scePthreadMutexInit (cmo1RIYva9o)
[LOADER][TRACE] Import#48: libKernel:scePthreadMutexattrDestroy (smWEktiyyG0)
[LOADER][TRACE] Import#49: libKernel:scePthreadMutexattrInit (F8bUHwAG284)
[LOADER][TRACE] Import#50: libKernel:scePthreadMutexattrSettype (iMp8QpE+XO4)
[LOADER][TRACE] Import#51: libKernel:scePthreadMutexInit (cmo1RIYva9o)
[LOADER][TRACE] Import#52: libKernel:scePthreadMutexattrDestroy (smWEktiyyG0)
[LOADER][TRACE] Import#53: libKernel:scePthreadMutexattrInit (F8bUHwAG284)
[LOADER][TRACE] Import#54: libKernel:scePthreadMutexattrSettype (iMp8QpE+XO4)
[LOADER][TRACE] Import#55: libKernel:scePthreadMutexInit (cmo1RIYva9o)
[LOADER][TRACE] Import#56: libKernel:scePthreadMutexattrDestroy (smWEktiyyG0)
[LOADER][TRACE] Import#57: libKernel:scePthreadMutexattrInit (F8bUHwAG284)
[LOADER][TRACE] Import#58: libKernel:scePthreadMutexattrSettype (iMp8QpE+XO4)
[LOADER][TRACE] Import#59: libKernel:scePthreadMutexInit (cmo1RIYva9o)
[LOADER][TRACE] Import#60: libKernel:scePthreadMutexattrDestroy (smWEktiyyG0)
[LOADER][TRACE] Import#61: libKernel:scePthreadMutexattrInit (F8bUHwAG284)
[LOADER][TRACE] Import#62: libKernel:scePthreadMutexattrSettype (iMp8QpE+XO4)
[LOADER][TRACE] Import#63: libKernel:scePthreadMutexInit (cmo1RIYva9o)
[LOADER][TRACE] Import#64: libKernel:scePthreadMutexattrDestroy (smWEktiyyG0)
[LOADER][TRACE] Import#65: libKernel:scePthreadMutexattrInit (F8bUHwAG284)
[LOADER][TRACE] Import#66: libKernel:scePthreadMutexattrSettype (iMp8QpE+XO4)
[LOADER][TRACE] Import#67: libKernel:scePthreadMutexInit (cmo1RIYva9o)
[LOADER][TRACE] Import#68: libKernel:scePthreadMutexattrDestroy (smWEktiyyG0)
[LOADER][TRACE] Import#69: libKernel:scePthreadMutexattrInit (F8bUHwAG284)
[LOADER][TRACE] Import#70: libKernel:scePthreadMutexattrSettype (iMp8QpE+XO4)
[LOADER][TRACE] Import#71: libKernel:scePthreadMutexInit (cmo1RIYva9o)
[LOADER][TRACE] Import#72: libKernel:scePthreadMutexattrDestroy (smWEktiyyG0)
[LOADER][TRACE] Import#73: libKernel:scePthreadMutexLock (9UK1vLZQft4)
[LOADER][TRACE] Import#74: libKernel:pthread_mutex_lock (7H0iTOciTLo)
[LOADER][TRACE] Import#76: libKernel:pthread_mutex_lock (7H0iTOciTLo)
[LOADER][TRACE] Import#78: libKernel:pthread_cond_broadcast (mkx2fVhNMsg)
[LOADER][TRACE] Import#79: libKernel:scePthreadMutexLock (9UK1vLZQft4)
[LOADER][TRACE] Import#81: libKernel:scePthreadMutexLock (9UK1vLZQft4)
[LOADER][TRACE] Import#83: libKernel:scePthreadMutexLock (9UK1vLZQft4)
[LOADER][TRACE] Import#85: libKernel:scePthreadMutexLock (9UK1vLZQft4)
[LOADER][TRACE] Import#87: libKernel:scePthreadMutexLock (9UK1vLZQft4)
[LOADER][TRACE] Import#89: libKernel:scePthreadMutexLock (9UK1vLZQft4)
[LOADER][TRACE] Import#91: libKernel:scePthreadMutexLock (9UK1vLZQft4)
[LOADER][TRACE] Import#93: libKernel:scePthreadMutexLock (9UK1vLZQft4)
[LOADER][TRACE] Import#95: libKernel:scePthreadMutexLock (9UK1vLZQft4)
[LOADER][TRACE] Import#97: libKernel:scePthreadMutexLock (9UK1vLZQft4)
[LOADER][TRACE] Import#99: libKernel:scePthreadMutexLock (9UK1vLZQft4)
[LOADER][TRACE] Import#101: libKernel:scePthreadMutexLock (9UK1vLZQft4)
[LOADER][TRACE] Import#103: libKernel:scePthreadMutexLock (9UK1vLZQft4)
[LOADER][TRACE] Import#105: libKernel:scePthreadMutexLock (9UK1vLZQft4)
[LOADER][TRACE] Import#107: libKernel:scePthreadMutexLock (9UK1vLZQft4)
[LOADER][TRACE] Import#109: libKernel:scePthreadMutexLock (9UK1vLZQft4)
[LOADER][TRACE] Import#111: libKernel:scePthreadMutexLock (9UK1vLZQft4)
[LOADER][TRACE] Import#113: libKernel:scePthreadMutexLock (9UK1vLZQft4)
[LOADER][TRACE] Import#115: libKernel:scePthreadMutexLock (9UK1vLZQft4)
[LOADER][TRACE] Import#117: libKernel:scePthreadMutexLock (9UK1vLZQft4)
[LOADER][TRACE] Import#119: libKernel:scePthreadMutexLock (9UK1vLZQft4)
[LOADER][TRACE] Import#121: libKernel:scePthreadMutexLock (9UK1vLZQft4)
[LOADER][TRACE] Import#123: libKernel:scePthreadMutexLock (9UK1vLZQft4)
[LOADER][TRACE] Import#125: libKernel:scePthreadMutexLock (9UK1vLZQft4)
[LOADER][TRACE] Import#127: libKernel:scePthreadMutexLock (9UK1vLZQft4)
[LOADER][TRACE] Import#240: libKernel:scePthreadMutexLock (9UK1vLZQft4)
[LOADER][TRACE] Import#242: libKernel:scePthreadMutexLock (9UK1vLZQft4)
[LOADER][TRACE] Import#244: libKernel:scePthreadMutexLock (9UK1vLZQft4)
[LOADER][TRACE] Import#246: libKernel:scePthreadMutexLock (9UK1vLZQft4)
[LOADER][TRACE] Import#248: libKernel:scePthreadMutexLock (9UK1vLZQft4)
[LOADER][TRACE] Import#250: libKernel:scePthreadMutexLock (9UK1vLZQft4)
[LOADER][INFO] Guest returned: 0
[LOADER][INFO] === Execute END (LastError: null) ===
[RUNTIME] Starting module libSceNpCppWebApi.prx: dt_init=0x0000000804342010
[DISPATCHER] === DispatchModuleInitializer START ===
[DISPATCHER] moduleInit=0x0000000804342010, generation=Gen5, module=libSceNpCppWebApi.prx
[DISPATCHER] DispatchEntryCore STARTING...
[LOADER][INFO] === Execute START ===
[LOADER][INFO] EntryPoint: 0x0000000804342010, ImportStubs: 3652
[LOADER][INFO] RuntimeSymbols: 91007
[LOADER][INFO] ExportCheck fputs: libc:fputs
[LOADER][INFO] ExportCheck map_direct: libKernel:sceKernelMapDirectMemory
[LOADER][INFO] Setting up 3652 import stubs...
[LOADER][INFO] LLE redirect: 0x0000700000000010 QI-x0SL8jhw -> QI-x0SL8jhw@0x000000080403F250
[LOADER][INFO] LLE redirect: 0x0000700000000020 EH-x713A99c -> EH-x713A99c@0x0000000804042700
[LOADER][INFO] LLE redirect: 0x0000700000000030 gQX+4GDQjpM -> gQX+4GDQjpM@0x0000000804005EE0
[LOADER][INFO] LLE redirect: 0x0000700000000040 Y7aJ1uydPMo -> Y7aJ1uydPMo@0x0000000804005F10
[LOADER][INFO] LLE redirect: 0x0000700000000050 tIhsqj0qsFE -> tIhsqj0qsFE@0x0000000804005EF0
[LOADER][INFO] LLE redirect: 0x0000700000000060 lKEN2IebgJ0 -> lKEN2IebgJ0@0x0000000804055330
[LOADER][INFO] LLE redirect: 0x0000700000000070 zr094EQ39Ww -> zr094EQ39Ww@0x0000000804036710
[LOADER][INFO] LLE redirect: 0x0000700000000080 ZE6RNL+eLbk -> ZE6RNL+eLbk@0x00000008040507A0
[LOADER][INFO] LLE redirect: 0x0000700000000090 weDug8QD-lE -> weDug8QD-lE@0x0000000804041B30
[LOADER][INFO] LLE redirect: 0x00007000000000A0 GZWjF-YIFFk -> GZWjF-YIFFk@0x0000000804041030
[LOADER][INFO] LLE redirect: 0x00007000000000B0 H8AprKeZtNg -> H8AprKeZtNg@0x0000000804110480
[LOADER][INFO] LLE redirect: 0x00007000000000C0 c+4r-T-tEIc -> c+4r-T-tEIc@0x000000080404CF20
[LOADER][INFO] LLE redirect: 0x00007000000000D0 2sWzhYqFH4E -> 2sWzhYqFH4E@0x00000008041102B8
[LOADER][INFO] LLE redirect: 0x00007000000000E0 8zTFvBIAIN8 -> 8zTFvBIAIN8@0x0000000804010550
[LOADER][INFO] LLE redirect: 0x0000700000000170 DfivPArhucg -> DfivPArhucg@0x0000000804033C80
[LOADER][INFO] LLE redirect: 0x0000700000000180 tQIo+GIPklo -> tQIo+GIPklo@0x0000000804016690
[LOADER][INFO] LLE redirect: 0x00007000000001C0 eT2UsmTewbU -> eT2UsmTewbU@0x0000000804016560
[LOADER][INFO] LLE redirect: 0x00007000000001E0 ozMAr28BwSY -> ozMAr28BwSY@0x0000000804016770
[LOADER][INFO] LLE redirect: 0x00007000000001F0 gNQ1V2vfXDE -> gNQ1V2vfXDE@0x00000008040552E0
[LOADER][INFO] LLE redirect: 0x0000700000000200 Ujf3KzMvRmI -> Ujf3KzMvRmI@0x0000000804005F30
[LOADER][INFO] LLE redirect: 0x0000700000000210 OGybVuPAhAY -> OGybVuPAhAY@0x0000000804005F50
[LOADER][INFO] LLE redirect: 0x0000700000000240 qKQiNX91IGo -> qKQiNX91IGo@0x0000000804018E70
[LOADER][INFO] LLE redirect: 0x0000700000000250 qYhnoevd9bI -> qYhnoevd9bI@0x00000008040365C0
[INTRINSIC-CHECK] strcmp stub at 0x0000700000000280 -> intrinsic 0x00007FD3123F8000
[LOADER][INFO] LLE redirect: 0x0000700000000320 1Pk0qZQGeWo -> 1Pk0qZQGeWo@0x000000080405B030
[LOADER][INFO] LLE redirect: 0x0000700000000340 zlfEH8FmyUA -> zlfEH8FmyUA@0x000000080403ECE0
[LOADER][INFO] LLE redirect: 0x0000700000000350 xEszJVGpybs -> xEszJVGpybs@0x000000080405BE20
[LOADER][INFO] LLE redirect: 0x0000700000000360 5TjaJwkLWxE -> 5TjaJwkLWxE@0x0000000804033CC0
[LOADER][INFO] LLE redirect: 0x0000700000000370 JBcgYuW8lPU -> JBcgYuW8lPU@0x000000080403EFC0
[LOADER][INFO] LLE redirect: 0x00007000000003A0 lA94ZgT+vMM -> lA94ZgT+vMM@0x0000000804047950
[LOADER][INFO] LLE redirect: 0x00007000000003D0 GlelR9EEeck -> GlelR9EEeck@0x0000000804042D50
[LOADER][INFO] LLE redirect: 0x00007000000004A0 mXlxhmLNMPg -> mXlxhmLNMPg@0x000000080403E8C0
[LOADER][INFO] LLE redirect: 0x00007000000004B0 AEJdIVZTEmo -> AEJdIVZTEmo@0x0000000804063BD0
[LOADER][INFO] LLE redirect: 0x00007000000004F0 iPBqs+YUUFw -> iPBqs+YUUFw@0x000000080407E150
[LOADER][INFO] LLE redirect: 0x0000700000000500 2HnmKiLmV6s -> 2HnmKiLmV6s@0x000000080407E160
[LOADER][INFO] LLE redirect: 0x0000700000000520 1mecP7RgI2A -> 1mecP7RgI2A@0x000000080406D4E0
[LOADER][INFO] LLE redirect: 0x0000700000000560 0WMHDb5Dt94 -> 0WMHDb5Dt94@0x000000080404CB90
[LOADER][INFO] LLE redirect: 0x0000700000000570 g7zzzLDYGw0 -> g7zzzLDYGw0@0x000000080406CE10
[LOADER][INFO] LLE redirect: 0x0000700000000580 cjZEuzHkgng -> cjZEuzHkgng@0x000000080407E0B0
[LOADER][INFO] LLE redirect: 0x0000700000000590 0AgCOypbQ90 -> 0AgCOypbQ90@0x000000080407E110
[LOADER][INFO] LLE redirect: 0x00007000000005A0 MELi-cKqWq0 -> MELi-cKqWq0@0x0000000804016A00
[LOADER][INFO] LLE redirect: 0x00007000000005B0 3+UPM-9E6xY -> 3+UPM-9E6xY@0x000000080404CD20
[LOADER][INFO] LLE redirect: 0x00007000000006F0 rDMyAf1Jhug -> rDMyAf1Jhug@0x000000080404E320
[LOADER][INFO] LLE redirect: 0x0000700000000710 T7uyNqP7vQA -> T7uyNqP7vQA@0x00000008040502A0
[LOADER][INFO] LLE redirect: 0x0000700000000720 HUbZmOnT-Dg -> HUbZmOnT-Dg@0x0000000804042260
[LOADER][INFO] LLE redirect: 0x0000700000000730 2X5agFjKxMc -> 2X5agFjKxMc@0x0000000804005F00
[LOADER][INFO] LLE redirect: 0x0000700000000950 pXvbDfchu6k -> pXvbDfchu6k@0x000000080406CF50
[LOADER][INFO] LLE redirect: 0x00007000000009C0 NU-T4QowTNA -> NU-T4QowTNA@0x00000008040165B0
[LOADER][INFO] LLE redirect: 0x00007000000009E0 2vDqwBlpF-o -> 2vDqwBlpF-o@0x000000080405CEF0
[INTRINSIC-CHECK] strcmp stub at 0x00006FFFFE0005B0 -> intrinsic 0x00007FCEB4545000
[INTRINSIC-CHECK] strcmp stub at 0x00006FFFFD0005C0 -> intrinsic 0x00007FCEB4531000
[INTRINSIC-CHECK] strcmp stub at 0x00006FFFF80002B0 -> intrinsic 0x00007FCEB4399000
[LOADER][INFO] Setup 3652/3652 import stubs (direct bridge, lle_redirects=2517)
[LOADER][INFO] TLS handler at 0x0000000803340000
[LOADER][INFO] Patched 0 TLS loads, 0 TLS stores, 0 stack-canary accesses, 0 SSE4a EXTRQ blends
[LOADER][INFO] ExecuteEntry starting at 0x0000000804342010
[LOADER][INFO] RSP=0x00006FFFF01FFFD8, RDI=0x0000000000000000
[LOADER][INFO] StackTop: 0x00006FFFF01FFFD8
[LOADER][INFO] Calling guest entry...
[LOADER][TRACE] Import#252: libc:__cxa_atexit (tsvEmnenz48)
[LOADER][TRACE] Import#253: libc:__cxa_atexit (tsvEmnenz48)
[LOADER][TRACE] Import#254: libc:__cxa_atexit (tsvEmnenz48)
[LOADER][TRACE] Import#255: libc:__cxa_atexit (tsvEmnenz48)
[LOADER][TRACE] Import#256: libc:__cxa_atexit (tsvEmnenz48)
[LOADER][TRACE] Import#257: libc:__cxa_atexit (tsvEmnenz48)
[LOADER][TRACE] Import#258: libc:__cxa_atexit (tsvEmnenz48)
[LOADER][TRACE] Import#259: libc:__cxa_atexit (tsvEmnenz48)
[LOADER][TRACE] Import#260: libc:__cxa_atexit (tsvEmnenz48)
[LOADER][TRACE] Import#261: libc:__cxa_atexit (tsvEmnenz48)
[LOADER][TRACE] Import#262: libc:__cxa_atexit (tsvEmnenz48)
[LOADER][TRACE] Import#263: libc:__cxa_atexit (tsvEmnenz48)
[LOADER][TRACE] Import#264: libc:__cxa_atexit (tsvEmnenz48)
[LOADER][TRACE] Import#265: libc:__cxa_atexit (tsvEmnenz48)
[LOADER][TRACE] Import#266: libc:__cxa_atexit (tsvEmnenz48)
[LOADER][TRACE] Import#267: libc:__cxa_atexit (tsvEmnenz48)
[LOADER][TRACE] Import#268: libc:__cxa_atexit (tsvEmnenz48)
[LOADER][TRACE] Import#269: libc:__cxa_atexit (tsvEmnenz48)
[LOADER][TRACE] Import#270: libc:__cxa_atexit (tsvEmnenz48)
[LOADER][TRACE] Import#271: libc:__cxa_atexit (tsvEmnenz48)
[LOADER][TRACE] Import#272: libc:__cxa_atexit (tsvEmnenz48)
[LOADER][TRACE] Import#273: libc:__cxa_atexit (tsvEmnenz48)
[LOADER][TRACE] Import#274: libc:__cxa_atexit (tsvEmnenz48)
[LOADER][TRACE] Import#275: libc:__cxa_atexit (tsvEmnenz48)
[LOADER][TRACE] Import#276: libc:__cxa_atexit (tsvEmnenz48)
[LOADER][TRACE] Import#277: libc:__cxa_atexit (tsvEmnenz48)
[LOADER][TRACE] Import#278: libc:__cxa_atexit (tsvEmnenz48)
[LOADER][TRACE] Import#279: libc:__cxa_atexit (tsvEmnenz48)
[LOADER][TRACE] Import#280: libc:__cxa_atexit (tsvEmnenz48)
[LOADER][TRACE] Import#281: libc:__cxa_atexit (tsvEmnenz48)
[LOADER][TRACE] Import#282: libc:__cxa_atexit (tsvEmnenz48)
[LOADER][TRACE] Import#283: libc:__cxa_atexit (tsvEmnenz48)
[LOADER][TRACE] Import#284: libc:__cxa_atexit (tsvEmnenz48)
[LOADER][TRACE] Import#285: libc:__cxa_atexit (tsvEmnenz48)
[LOADER][TRACE] Import#286: libc:__cxa_atexit (tsvEmnenz48)
[LOADER][TRACE] Import#287: libc:__cxa_atexit (tsvEmnenz48)
[LOADER][TRACE] Import#288: libc:__cxa_atexit (tsvEmnenz48)
[LOADER][TRACE] Import#289: libc:__cxa_atexit (tsvEmnenz48)
[LOADER][TRACE] Import#290: libc:__cxa_atexit (tsvEmnenz48)
[LOADER][TRACE] Import#291: libc:__cxa_atexit (tsvEmnenz48)
[LOADER][TRACE] Import#292: libc:__cxa_atexit (tsvEmnenz48)
[LOADER][TRACE] Import#293: libc:__cxa_atexit (tsvEmnenz48)
[LOADER][TRACE] Import#294: libc:__cxa_atexit (tsvEmnenz48)
[LOADER][TRACE] Import#295: libc:__cxa_atexit (tsvEmnenz48)
[LOADER][TRACE] Import#296: libc:__cxa_atexit (tsvEmnenz48)
[LOADER][TRACE] Import#297: libc:__cxa_atexit (tsvEmnenz48)
[LOADER][TRACE] Import#298: libc:__cxa_atexit (tsvEmnenz48)
[LOADER][TRACE] Import#299: libc:__cxa_atexit (tsvEmnenz48)
[LOADER][TRACE] Import#300: libc:__cxa_atexit (tsvEmnenz48)
[LOADER][TRACE] Import#301: libc:__cxa_atexit (tsvEmnenz48)
[LOADER][TRACE] Import#302: libc:__cxa_atexit (tsvEmnenz48)
[LOADER][TRACE] Import#303: libc:__cxa_atexit (tsvEmnenz48)
[LOADER][TRACE] Import#304: libc:__cxa_atexit (tsvEmnenz48)
[LOADER][TRACE] Import#305: libc:__cxa_atexit (tsvEmnenz48)
[LOADER][TRACE] Import#306: libc:__cxa_atexit (tsvEmnenz48)
[LOADER][TRACE] Import#307: libc:__cxa_atexit (tsvEmnenz48)
[LOADER][TRACE] Import#308: libc:__cxa_atexit (tsvEmnenz48)
[LOADER][TRACE] Import#309: libc:__cxa_atexit (tsvEmnenz48)
[LOADER][TRACE] Import#310: libc:__cxa_atexit (tsvEmnenz48)
[LOADER][TRACE] Import#311: libc:__cxa_atexit (tsvEmnenz48)
[LOADER][TRACE] Import#312: libc:__cxa_atexit (tsvEmnenz48)
[LOADER][TRACE] Import#313: libc:__cxa_atexit (tsvEmnenz48)
[LOADER][TRACE] Import#314: libc:__cxa_atexit (tsvEmnenz48)
[LOADER][TRACE] Import#315: libc:__cxa_atexit (tsvEmnenz48)
[LOADER][TRACE] Import#316: libc:__cxa_atexit (tsvEmnenz48)
[LOADER][TRACE] Import#317: libc:__cxa_atexit (tsvEmnenz48)
[LOADER][TRACE] Import#318: libc:__cxa_atexit (tsvEmnenz48)
[LOADER][TRACE] Import#319: libc:__cxa_atexit (tsvEmnenz48)
[LOADER][TRACE] Import#320: libc:__cxa_atexit (tsvEmnenz48)
[LOADER][TRACE] Import#321: libc:__cxa_atexit (tsvEmnenz48)
[LOADER][TRACE] Import#322: libc:__cxa_atexit (tsvEmnenz48)
[LOADER][TRACE] Import#323: libc:__cxa_atexit (tsvEmnenz48)
[LOADER][TRACE] Import#324: libc:__cxa_atexit (tsvEmnenz48)
[LOADER][TRACE] Import#325: libc:__cxa_atexit (tsvEmnenz48)
[LOADER][TRACE] Import#326: libc:__cxa_atexit (tsvEmnenz48)
[LOADER][TRACE] Import#327: libc:__cxa_atexit (tsvEmnenz48)
[LOADER][TRACE] Import#328: libc:__cxa_atexit (tsvEmnenz48)
[LOADER][TRACE] Import#329: libc:__cxa_atexit (tsvEmnenz48)
[LOADER][TRACE] Import#330: libc:__cxa_atexit (tsvEmnenz48)
[LOADER][TRACE] Import#331: libc:__cxa_atexit (tsvEmnenz48)
[LOADER][TRACE] Import#332: libc:__cxa_atexit (tsvEmnenz48)
[LOADER][TRACE] Import#333: libc:__cxa_atexit (tsvEmnenz48)
[LOADER][TRACE] Import#334: libc:__cxa_atexit (tsvEmnenz48)
[LOADER][TRACE] Import#335: libc:__cxa_atexit (tsvEmnenz48)
[LOADER][TRACE] Import#336: libc:__cxa_atexit (tsvEmnenz48)
[LOADER][TRACE] Import#337: libc:__cxa_atexit (tsvEmnenz48)
[LOADER][TRACE] Import#338: libc:__cxa_atexit (tsvEmnenz48)
[LOADER][TRACE] Import#339: libc:__cxa_atexit (tsvEmnenz48)
[LOADER][TRACE] Import#340: libc:__cxa_atexit (tsvEmnenz48)
[LOADER][TRACE] Import#341: libc:__cxa_atexit (tsvEmnenz48)
[LOADER][TRACE] Import#342: libc:__cxa_atexit (tsvEmnenz48)
[LOADER][TRACE] Import#343: libc:__cxa_atexit (tsvEmnenz48)
[LOADER][TRACE] Import#344: libc:__cxa_atexit (tsvEmnenz48)
[LOADER][TRACE] Import#345: libc:__cxa_atexit (tsvEmnenz48)
[LOADER][TRACE] Import#346: libc:__cxa_atexit (tsvEmnenz48)
[LOADER][TRACE] Import#347: libc:__cxa_atexit (tsvEmnenz48)
[LOADER][TRACE] Import#348: libc:__cxa_atexit (tsvEmnenz48)
[LOADER][TRACE] Import#349: libc:__cxa_atexit (tsvEmnenz48)
[LOADER][TRACE] Import#350: libc:__cxa_atexit (tsvEmnenz48)
[LOADER][TRACE] Import#351: libc:__cxa_atexit (tsvEmnenz48)
[LOADER][TRACE] Import#352: libc:__cxa_atexit (tsvEmnenz48)
[LOADER][TRACE] Import#353: libc:__cxa_atexit (tsvEmnenz48)
[LOADER][TRACE] Import#354: libc:__cxa_atexit (tsvEmnenz48)
[LOADER][TRACE] Import#355: libc:__cxa_atexit (tsvEmnenz48)
[LOADER][TRACE] Import#356: libc:__cxa_atexit (tsvEmnenz48)
[LOADER][TRACE] Import#357: libc:__cxa_atexit (tsvEmnenz48)
[LOADER][TRACE] Import#358: libc:__cxa_atexit (tsvEmnenz48)
[LOADER][TRACE] Import#359: libc:__cxa_atexit (tsvEmnenz48)
[LOADER][TRACE] Import#360: libc:__cxa_atexit (tsvEmnenz48)
[LOADER][TRACE] Import#361: libc:__cxa_atexit (tsvEmnenz48)
[LOADER][TRACE] Import#362: libc:__cxa_atexit (tsvEmnenz48)
[LOADER][TRACE] Import#363: libc:__cxa_atexit (tsvEmnenz48)
[LOADER][TRACE] Import#364: libc:__cxa_atexit (tsvEmnenz48)
[LOADER][TRACE] Import#365: libc:__cxa_atexit (tsvEmnenz48)
[LOADER][TRACE] Import#366: libc:__cxa_atexit (tsvEmnenz48)
[LOADER][TRACE] Import#367: libc:__cxa_atexit (tsvEmnenz48)
[LOADER][TRACE] Import#368: libc:__cxa_atexit (tsvEmnenz48)
[LOADER][TRACE] Import#369: libc:__cxa_atexit (tsvEmnenz48)
[LOADER][TRACE] Import#370: libc:__cxa_atexit (tsvEmnenz48)
[LOADER][TRACE] Import#371: libc:__cxa_atexit (tsvEmnenz48)
[LOADER][TRACE] Import#372: libc:__cxa_atexit (tsvEmnenz48)
[LOADER][TRACE] Import#373: libc:__cxa_atexit (tsvEmnenz48)
[LOADER][TRACE] Import#374: libc:__cxa_atexit (tsvEmnenz48)
[LOADER][TRACE] Import#375: libc:__cxa_atexit (tsvEmnenz48)
[LOADER][TRACE] Import#376: libc:__cxa_atexit (tsvEmnenz48)
[LOADER][TRACE] Import#377: libc:__cxa_atexit (tsvEmnenz48)
[LOADER][TRACE] Import#378: libc:__cxa_atexit (tsvEmnenz48)
[LOADER][TRACE] Import#379: libc:__cxa_atexit (tsvEmnenz48)
[LOADER][TRACE] Import#380: libc:__cxa_atexit (tsvEmnenz48)
[LOADER][TRACE] Import#381: libc:__cxa_atexit (tsvEmnenz48)
[LOADER][TRACE] Import#382: libc:__cxa_atexit (tsvEmnenz48)
[LOADER][TRACE] Import#383: libc:__cxa_atexit (tsvEmnenz48)
[LOADER][TRACE] Import#384: libc:__cxa_atexit (tsvEmnenz48)
[LOADER][TRACE] Import#385: libc:__cxa_atexit (tsvEmnenz48)
[LOADER][TRACE] Import#386: libc:__cxa_atexit (tsvEmnenz48)
[LOADER][TRACE] Import#387: libc:__cxa_atexit (tsvEmnenz48)
[LOADER][TRACE] Import#388: libc:__cxa_atexit (tsvEmnenz48)
[LOADER][TRACE] Import#389: libc:__cxa_atexit (tsvEmnenz48)
[LOADER][TRACE] Import#390: libc:__cxa_atexit (tsvEmnenz48)
[LOADER][TRACE] Import#391: libc:__cxa_atexit (tsvEmnenz48)
[LOADER][TRACE] Import#392: libc:__cxa_atexit (tsvEmnenz48)
[LOADER][TRACE] Import#393: libc:__cxa_atexit (tsvEmnenz48)
[LOADER][TRACE] Import#394: libc:__cxa_atexit (tsvEmnenz48)
[LOADER][TRACE] Import#395: libc:__cxa_atexit (tsvEmnenz48)
[LOADER][TRACE] Import#396: libc:__cxa_atexit (tsvEmnenz48)
[LOADER][TRACE] Import#397: libc:__cxa_atexit (tsvEmnenz48)
[LOADER][TRACE] Import#398: libc:__cxa_atexit (tsvEmnenz48)
[LOADER][TRACE] Import#399: libc:__cxa_atexit (tsvEmnenz48)
[LOADER][TRACE] Import#400: libc:__cxa_atexit (tsvEmnenz48)
[LOADER][INFO] Guest returned: 0
[LOADER][INFO] === Execute END (LastError: null) ===
[RUNTIME] Starting module Il2cppUserAssemblies.prx: dt_init=0x0000000804CD5010
[DISPATCHER] === DispatchModuleInitializer START ===
[DISPATCHER] moduleInit=0x0000000804CD5010, generation=Gen5, module=Il2cppUserAssemblies.prx
[DISPATCHER] DispatchEntryCore STARTING...
[LOADER][INFO] === Execute START ===
[LOADER][INFO] EntryPoint: 0x0000000804CD5010, ImportStubs: 3652
[LOADER][INFO] RuntimeSymbols: 91007
[LOADER][INFO] ExportCheck fputs: libc:fputs
[LOADER][INFO] ExportCheck map_direct: libKernel:sceKernelMapDirectMemory
[LOADER][INFO] Setting up 3652 import stubs...
[LOADER][INFO] LLE redirect: 0x0000700000000010 QI-x0SL8jhw -> QI-x0SL8jhw@0x000000080403F250
[LOADER][INFO] LLE redirect: 0x0000700000000020 EH-x713A99c -> EH-x713A99c@0x0000000804042700
[LOADER][INFO] LLE redirect: 0x0000700000000030 gQX+4GDQjpM -> gQX+4GDQjpM@0x0000000804005EE0
[LOADER][INFO] LLE redirect: 0x0000700000000040 Y7aJ1uydPMo -> Y7aJ1uydPMo@0x0000000804005F10
[LOADER][INFO] LLE redirect: 0x0000700000000050 tIhsqj0qsFE -> tIhsqj0qsFE@0x0000000804005EF0
[LOADER][INFO] LLE redirect: 0x0000700000000060 lKEN2IebgJ0 -> lKEN2IebgJ0@0x0000000804055330
[LOADER][INFO] LLE redirect: 0x0000700000000070 zr094EQ39Ww -> zr094EQ39Ww@0x0000000804036710
[LOADER][INFO] LLE redirect: 0x0000700000000080 ZE6RNL+eLbk -> ZE6RNL+eLbk@0x00000008040507A0
[LOADER][INFO] LLE redirect: 0x0000700000000090 weDug8QD-lE -> weDug8QD-lE@0x0000000804041B30
[LOADER][INFO] LLE redirect: 0x00007000000000A0 GZWjF-YIFFk -> GZWjF-YIFFk@0x0000000804041030
[LOADER][INFO] LLE redirect: 0x00007000000000B0 H8AprKeZtNg -> H8AprKeZtNg@0x0000000804110480
[LOADER][INFO] LLE redirect: 0x00007000000000C0 c+4r-T-tEIc -> c+4r-T-tEIc@0x000000080404CF20
[LOADER][INFO] LLE redirect: 0x00007000000000D0 2sWzhYqFH4E -> 2sWzhYqFH4E@0x00000008041102B8
[LOADER][INFO] LLE redirect: 0x00007000000000E0 8zTFvBIAIN8 -> 8zTFvBIAIN8@0x0000000804010550
[LOADER][INFO] LLE redirect: 0x0000700000000170 DfivPArhucg -> DfivPArhucg@0x0000000804033C80
[LOADER][INFO] LLE redirect: 0x0000700000000180 tQIo+GIPklo -> tQIo+GIPklo@0x0000000804016690
[LOADER][INFO] LLE redirect: 0x00007000000001C0 eT2UsmTewbU -> eT2UsmTewbU@0x0000000804016560
[LOADER][INFO] LLE redirect: 0x00007000000001E0 ozMAr28BwSY -> ozMAr28BwSY@0x0000000804016770
[LOADER][INFO] LLE redirect: 0x00007000000001F0 gNQ1V2vfXDE -> gNQ1V2vfXDE@0x00000008040552E0
[LOADER][INFO] LLE redirect: 0x0000700000000200 Ujf3KzMvRmI -> Ujf3KzMvRmI@0x0000000804005F30
[LOADER][INFO] LLE redirect: 0x0000700000000210 OGybVuPAhAY -> OGybVuPAhAY@0x0000000804005F50
[LOADER][INFO] LLE redirect: 0x0000700000000240 qKQiNX91IGo -> qKQiNX91IGo@0x0000000804018E70
[LOADER][INFO] LLE redirect: 0x0000700000000250 qYhnoevd9bI -> qYhnoevd9bI@0x00000008040365C0
[INTRINSIC-CHECK] strcmp stub at 0x0000700000000280 -> intrinsic 0x00007FD3123F8000
[LOADER][INFO] LLE redirect: 0x0000700000000320 1Pk0qZQGeWo -> 1Pk0qZQGeWo@0x000000080405B030
[LOADER][INFO] LLE redirect: 0x0000700000000340 zlfEH8FmyUA -> zlfEH8FmyUA@0x000000080403ECE0
[LOADER][INFO] LLE redirect: 0x0000700000000350 xEszJVGpybs -> xEszJVGpybs@0x000000080405BE20
[LOADER][INFO] LLE redirect: 0x0000700000000360 5TjaJwkLWxE -> 5TjaJwkLWxE@0x0000000804033CC0
[LOADER][INFO] LLE redirect: 0x0000700000000370 JBcgYuW8lPU -> JBcgYuW8lPU@0x000000080403EFC0
[LOADER][INFO] LLE redirect: 0x00007000000003A0 lA94ZgT+vMM -> lA94ZgT+vMM@0x0000000804047950
[LOADER][INFO] LLE redirect: 0x00007000000003D0 GlelR9EEeck -> GlelR9EEeck@0x0000000804042D50
[LOADER][INFO] LLE redirect: 0x00007000000004A0 mXlxhmLNMPg -> mXlxhmLNMPg@0x000000080403E8C0
[LOADER][INFO] LLE redirect: 0x00007000000004B0 AEJdIVZTEmo -> AEJdIVZTEmo@0x0000000804063BD0
[LOADER][INFO] LLE redirect: 0x00007000000004F0 iPBqs+YUUFw -> iPBqs+YUUFw@0x000000080407E150
[LOADER][INFO] LLE redirect: 0x0000700000000500 2HnmKiLmV6s -> 2HnmKiLmV6s@0x000000080407E160
[LOADER][INFO] LLE redirect: 0x0000700000000520 1mecP7RgI2A -> 1mecP7RgI2A@0x000000080406D4E0
[LOADER][INFO] LLE redirect: 0x0000700000000560 0WMHDb5Dt94 -> 0WMHDb5Dt94@0x000000080404CB90
[LOADER][INFO] LLE redirect: 0x0000700000000570 g7zzzLDYGw0 -> g7zzzLDYGw0@0x000000080406CE10
[LOADER][INFO] LLE redirect: 0x0000700000000580 cjZEuzHkgng -> cjZEuzHkgng@0x000000080407E0B0
[LOADER][INFO] LLE redirect: 0x0000700000000590 0AgCOypbQ90 -> 0AgCOypbQ90@0x000000080407E110
[LOADER][INFO] LLE redirect: 0x00007000000005A0 MELi-cKqWq0 -> MELi-cKqWq0@0x0000000804016A00
[LOADER][INFO] LLE redirect: 0x00007000000005B0 3+UPM-9E6xY -> 3+UPM-9E6xY@0x000000080404CD20
[LOADER][INFO] LLE redirect: 0x00007000000006F0 rDMyAf1Jhug -> rDMyAf1Jhug@0x000000080404E320
[LOADER][INFO] LLE redirect: 0x0000700000000710 T7uyNqP7vQA -> T7uyNqP7vQA@0x00000008040502A0
[LOADER][INFO] LLE redirect: 0x0000700000000720 HUbZmOnT-Dg -> HUbZmOnT-Dg@0x0000000804042260
[LOADER][INFO] LLE redirect: 0x0000700000000730 2X5agFjKxMc -> 2X5agFjKxMc@0x0000000804005F00
[LOADER][INFO] LLE redirect: 0x0000700000000950 pXvbDfchu6k -> pXvbDfchu6k@0x000000080406CF50
[LOADER][INFO] LLE redirect: 0x00007000000009C0 NU-T4QowTNA -> NU-T4QowTNA@0x00000008040165B0
[LOADER][INFO] LLE redirect: 0x00007000000009E0 2vDqwBlpF-o -> 2vDqwBlpF-o@0x000000080405CEF0
[INTRINSIC-CHECK] strcmp stub at 0x00006FFFFE0005B0 -> intrinsic 0x00007FCEB4542000
[INTRINSIC-CHECK] strcmp stub at 0x00006FFFFD0005C0 -> intrinsic 0x00007FCEB452E000
[INTRINSIC-CHECK] strcmp stub at 0x00006FFFF80002B0 -> intrinsic 0x00007FCEB4395000
[LOADER][INFO] Setup 3652/3652 import stubs (direct bridge, lle_redirects=2517)
[LOADER][INFO] TLS handler at 0x0000000804CD0000
[LOADER][INFO] Patched 0 TLS loads, 0 TLS stores, 0 stack-canary accesses, 0 SSE4a EXTRQ blends
[LOADER][INFO] ExecuteEntry starting at 0x0000000804CD5010
[LOADER][INFO] RSP=0x00006FFFF01FFFD8, RDI=0x0000000000000000
[LOADER][INFO] StackTop: 0x00006FFFF01FFFD8
[LOADER][INFO] Calling guest entry...
[LOADER][TRACE] sema.create handle=0x00000002 name='Baselib_SystemSemaphore' attr=0x1 init=0 max=2147483647
[LOADER][TRACE] sema.create handle=0x00000003 name='Baselib_SystemSemaphore' attr=0x1 init=0 max=2147483647
[LOADER][TRACE] sema.create handle=0x00000004 name='Baselib_SystemSemaphore' attr=0x1 init=0 max=2147483647
[LOADER][TRACE] sema.create handle=0x00000005 name='Baselib_SystemSemaphore' attr=0x1 init=0 max=2147483647
[LOADER][TRACE] sema.create handle=0x00000006 name='Baselib_SystemSemaphore' attr=0x1 init=0 max=2147483647
[LOADER][TRACE] sema.create handle=0x00000007 name='Baselib_SystemSemaphore' attr=0x1 init=0 max=2147483647
[LOADER][TRACE] sema.create handle=0x00000008 name='Baselib_SystemSemaphore' attr=0x1 init=0 max=2147483647
[LOADER][TRACE] sema.create handle=0x00000009 name='Baselib_SystemSemaphore' attr=0x1 init=0 max=2147483647
[LOADER][TRACE] sema.create handle=0x0000000A name='Baselib_SystemSemaphore' attr=0x1 init=0 max=2147483647
[LOADER][TRACE] sema.create handle=0x0000000B name='Baselib_SystemSemaphore' attr=0x1 init=0 max=2147483647
[LOADER][TRACE] sema.create handle=0x0000000C name='Baselib_SystemSemaphore' attr=0x1 init=0 max=2147483647
[LOADER][TRACE] sema.create handle=0x0000000D name='Baselib_SystemSemaphore' attr=0x1 init=0 max=2147483647
[LOADER][TRACE] sema.create handle=0x0000000E name='Baselib_SystemSemaphore' attr=0x1 init=0 max=2147483647
[LOADER][TRACE] sema.create handle=0x0000000F name='Baselib_SystemSemaphore' attr=0x1 init=0 max=2147483647
[LOADER][TRACE] sema.create handle=0x00000010 name='Baselib_SystemSemaphore' attr=0x1 init=0 max=2147483647
[LOADER][TRACE] sema.create handle=0x00000011 name='Baselib_SystemSemaphore' attr=0x1 init=0 max=2147483647
[LOADER][TRACE] sema.create handle=0x00000012 name='Baselib_SystemSemaphore' attr=0x1 init=0 max=2147483647
[LOADER][TRACE] sema.create handle=0x00000013 name='Baselib_SystemSemaphore' attr=0x1 init=0 max=2147483647
[LOADER][TRACE] sema.create handle=0x00000014 name='Baselib_SystemSemaphore' attr=0x1 init=0 max=2147483647
[LOADER][TRACE] sema.create handle=0x00000015 name='Baselib_SystemSemaphore' attr=0x1 init=0 max=2147483647
[LOADER][TRACE] sema.create handle=0x00000016 name='Baselib_SystemSemaphore' attr=0x1 init=0 max=2147483647
[LOADER][TRACE] sema.create handle=0x00000017 name='Baselib_SystemSemaphore' attr=0x1 init=0 max=2147483647
[LOADER][TRACE] sema.create handle=0x00000018 name='Baselib_SystemSemaphore' attr=0x1 init=0 max=2147483647
[LOADER][TRACE] sema.create handle=0x00000019 name='Baselib_SystemSemaphore' attr=0x1 init=0 max=2147483647
[LOADER][TRACE] sema.create handle=0x0000001A name='Baselib_SystemSemaphore' attr=0x1 init=0 max=2147483647
[LOADER][TRACE] sema.create handle=0x0000001B name='Baselib_SystemSemaphore' attr=0x1 init=0 max=2147483647
[LOADER][TRACE] sema.create handle=0x0000001C name='Baselib_SystemSemaphore' attr=0x1 init=0 max=2147483647
[LOADER][TRACE] sema.create handle=0x0000001D name='Baselib_SystemSemaphore' attr=0x1 init=0 max=2147483647
[LOADER][TRACE] sema.create handle=0x0000001E name='Baselib_SystemSemaphore' attr=0x1 init=0 max=2147483647
[LOADER][TRACE] sema.create handle=0x0000001F name='Baselib_SystemSemaphore' attr=0x1 init=0 max=2147483647
[LOADER][TRACE] sema.create handle=0x00000020 name='Baselib_SystemSemaphore' attr=0x1 init=0 max=2147483647
[LOADER][TRACE] sema.create handle=0x00000021 name='Baselib_SystemSemaphore' attr=0x1 init=0 max=2147483647
[FLAG-WATCH] Init: list_head=0x2000003f20 first_node=0x2000003f20 flag_addr=0x2000003f39 initial_value=1
[LOADER][TRACE] sema.create handle=0x00000022 name='Baselib_SystemSemaphore' attr=0x1 init=0 max=2147483647
[LOADER][TRACE] sema.create handle=0x00000023 name='Baselib_SystemSemaphore' attr=0x1 init=0 max=2147483647
[LOADER][TRACE] sema.create handle=0x00000024 name='Baselib_SystemSemaphore' attr=0x1 init=0 max=2147483647
[LOADER][TRACE] sema.create handle=0x00000025 name='Baselib_SystemSemaphore' attr=0x1 init=0 max=2147483647
[LOADER][TRACE] sema.create handle=0x00000026 name='Baselib_SystemSemaphore' attr=0x1 init=0 max=2147483647
[LOADER][INFO] Guest returned: 0
[LOADER][INFO] === Execute END (LastError: null) ===
[RUNTIME] Starting module PS5Util.prx: dt_init=0x0000000809839010
[DISPATCHER] === DispatchModuleInitializer START ===
[DISPATCHER] moduleInit=0x0000000809839010, generation=Gen5, module=PS5Util.prx
[DISPATCHER] DispatchEntryCore STARTING...
[LOADER][INFO] === Execute START ===
[LOADER][INFO] EntryPoint: 0x0000000809839010, ImportStubs: 3652
[LOADER][INFO] RuntimeSymbols: 91007
[LOADER][INFO] ExportCheck fputs: libc:fputs
[LOADER][INFO] ExportCheck map_direct: libKernel:sceKernelMapDirectMemory
[LOADER][INFO] Setting up 3652 import stubs...
[NID-COUNTS] 1D0H2KNjshE=0 hsi9drzHR2k=0
[LOADER][INFO] LLE redirect: 0x0000700000000010 QI-x0SL8jhw -> QI-x0SL8jhw@0x000000080403F250
[LOADER][INFO] LLE redirect: 0x0000700000000020 EH-x713A99c -> EH-x713A99c@0x0000000804042700
[LOADER][INFO] LLE redirect: 0x0000700000000030 gQX+4GDQjpM -> gQX+4GDQjpM@0x0000000804005EE0
[LOADER][INFO] LLE redirect: 0x0000700000000040 Y7aJ1uydPMo -> Y7aJ1uydPMo@0x0000000804005F10
[LOADER][INFO] LLE redirect: 0x0000700000000050 tIhsqj0qsFE -> tIhsqj0qsFE@0x0000000804005EF0
[LOADER][INFO] LLE redirect: 0x0000700000000060 lKEN2IebgJ0 -> lKEN2IebgJ0@0x0000000804055330
[LOADER][INFO] LLE redirect: 0x0000700000000070 zr094EQ39Ww -> zr094EQ39Ww@0x0000000804036710
[LOADER][INFO] LLE redirect: 0x0000700000000080 ZE6RNL+eLbk -> ZE6RNL+eLbk@0x00000008040507A0
[LOADER][INFO] LLE redirect: 0x0000700000000090 weDug8QD-lE -> weDug8QD-lE@0x0000000804041B30
[LOADER][INFO] LLE redirect: 0x00007000000000A0 GZWjF-YIFFk -> GZWjF-YIFFk@0x0000000804041030
[LOADER][INFO] LLE redirect: 0x00007000000000B0 H8AprKeZtNg -> H8AprKeZtNg@0x0000000804110480
[LOADER][INFO] LLE redirect: 0x00007000000000C0 c+4r-T-tEIc -> c+4r-T-tEIc@0x000000080404CF20
[LOADER][INFO] LLE redirect: 0x00007000000000D0 2sWzhYqFH4E -> 2sWzhYqFH4E@0x00000008041102B8
[LOADER][INFO] LLE redirect: 0x00007000000000E0 8zTFvBIAIN8 -> 8zTFvBIAIN8@0x0000000804010550
[LOADER][INFO] LLE redirect: 0x0000700000000170 DfivPArhucg -> DfivPArhucg@0x0000000804033C80
[LOADER][INFO] LLE redirect: 0x0000700000000180 tQIo+GIPklo -> tQIo+GIPklo@0x0000000804016690
[LOADER][INFO] LLE redirect: 0x00007000000001C0 eT2UsmTewbU -> eT2UsmTewbU@0x0000000804016560
[LOADER][INFO] LLE redirect: 0x00007000000001E0 ozMAr28BwSY -> ozMAr28BwSY@0x0000000804016770
[LOADER][INFO] LLE redirect: 0x00007000000001F0 gNQ1V2vfXDE -> gNQ1V2vfXDE@0x00000008040552E0
[LOADER][INFO] LLE redirect: 0x0000700000000200 Ujf3KzMvRmI -> Ujf3KzMvRmI@0x0000000804005F30
[LOADER][INFO] LLE redirect: 0x0000700000000210 OGybVuPAhAY -> OGybVuPAhAY@0x0000000804005F50
[LOADER][INFO] LLE redirect: 0x0000700000000240 qKQiNX91IGo -> qKQiNX91IGo@0x0000000804018E70
[LOADER][INFO] LLE redirect: 0x0000700000000250 qYhnoevd9bI -> qYhnoevd9bI@0x00000008040365C0
[INTRINSIC-CHECK] strcmp stub at 0x0000700000000280 -> intrinsic 0x00007FD3123FA000
[LOADER][INFO] LLE redirect: 0x0000700000000320 1Pk0qZQGeWo -> 1Pk0qZQGeWo@0x000000080405B030
[LOADER][INFO] LLE redirect: 0x0000700000000340 zlfEH8FmyUA -> zlfEH8FmyUA@0x000000080403ECE0
[LOADER][INFO] LLE redirect: 0x0000700000000350 xEszJVGpybs -> xEszJVGpybs@0x000000080405BE20
[LOADER][INFO] LLE redirect: 0x0000700000000360 5TjaJwkLWxE -> 5TjaJwkLWxE@0x0000000804033CC0
[LOADER][INFO] LLE redirect: 0x0000700000000370 JBcgYuW8lPU -> JBcgYuW8lPU@0x000000080403EFC0
[LOADER][INFO] LLE redirect: 0x00007000000003A0 lA94ZgT+vMM -> lA94ZgT+vMM@0x0000000804047950
[LOADER][INFO] LLE redirect: 0x00007000000003D0 GlelR9EEeck -> GlelR9EEeck@0x0000000804042D50
[LOADER][INFO] LLE redirect: 0x00007000000004A0 mXlxhmLNMPg -> mXlxhmLNMPg@0x000000080403E8C0
[LOADER][INFO] LLE redirect: 0x00007000000004B0 AEJdIVZTEmo -> AEJdIVZTEmo@0x0000000804063BD0
[LOADER][INFO] LLE redirect: 0x00007000000004F0 iPBqs+YUUFw -> iPBqs+YUUFw@0x000000080407E150
[LOADER][INFO] LLE redirect: 0x0000700000000500 2HnmKiLmV6s -> 2HnmKiLmV6s@0x000000080407E160
[LOADER][INFO] LLE redirect: 0x0000700000000520 1mecP7RgI2A -> 1mecP7RgI2A@0x000000080406D4E0
[LOADER][INFO] LLE redirect: 0x0000700000000560 0WMHDb5Dt94 -> 0WMHDb5Dt94@0x000000080404CB90
[LOADER][INFO] LLE redirect: 0x0000700000000570 g7zzzLDYGw0 -> g7zzzLDYGw0@0x000000080406CE10
[LOADER][INFO] LLE redirect: 0x0000700000000580 cjZEuzHkgng -> cjZEuzHkgng@0x000000080407E0B0
[LOADER][INFO] LLE redirect: 0x0000700000000590 0AgCOypbQ90 -> 0AgCOypbQ90@0x000000080407E110
[LOADER][INFO] LLE redirect: 0x00007000000005A0 MELi-cKqWq0 -> MELi-cKqWq0@0x0000000804016A00
[LOADER][INFO] LLE redirect: 0x00007000000005B0 3+UPM-9E6xY -> 3+UPM-9E6xY@0x000000080404CD20
[LOADER][INFO] LLE redirect: 0x00007000000006F0 rDMyAf1Jhug -> rDMyAf1Jhug@0x000000080404E320
[LOADER][INFO] LLE redirect: 0x0000700000000710 T7uyNqP7vQA -> T7uyNqP7vQA@0x00000008040502A0
[LOADER][INFO] LLE redirect: 0x0000700000000720 HUbZmOnT-Dg -> HUbZmOnT-Dg@0x0000000804042260
[LOADER][INFO] LLE redirect: 0x0000700000000730 2X5agFjKxMc -> 2X5agFjKxMc@0x0000000804005F00
[LOADER][INFO] LLE redirect: 0x0000700000000950 pXvbDfchu6k -> pXvbDfchu6k@0x000000080406CF50
[LOADER][INFO] LLE redirect: 0x00007000000009C0 NU-T4QowTNA -> NU-T4QowTNA@0x00000008040165B0
[LOADER][INFO] LLE redirect: 0x00007000000009E0 2vDqwBlpF-o -> 2vDqwBlpF-o@0x000000080405CEF0
[INTRINSIC-CHECK] strcmp stub at 0x00006FFFFE0005B0 -> intrinsic 0x00007FCEB4547000
[INTRINSIC-CHECK] strcmp stub at 0x00006FFFFD0005C0 -> intrinsic 0x00007FCEB4533000
[INTRINSIC-CHECK] strcmp stub at 0x00006FFFF80002B0 -> intrinsic 0x00007FCEB4395000
[LOADER][INFO] Setup 3652/3652 import stubs (direct bridge, lle_redirects=2517)
[LOADER][INFO] TLS handler at 0x0000000809830000
[LOADER][INFO] Patched 0 TLS loads, 0 TLS stores, 0 stack-canary accesses, 0 SSE4a EXTRQ blends
[LOADER][INFO] ExecuteEntry starting at 0x0000000809839010
[LOADER][INFO] RSP=0x00006FFFF01FFFD8, RDI=0x0000000000000000
[LOADER][INFO] StackTop: 0x00006FFFF01FFFD8
[LOADER][INFO] Calling guest entry...
[LOADER][INFO] Guest returned: 0
[LOADER][INFO] === Execute END (LastError: null) ===
[RUNTIME] Dispatching, gen: Gen5
[RUNTIME] About to call DispatchEntry with entryPoint=0x0000000800000070
[DISPATCHER] === DispatchEntry START ===
[DISPATCHER] entryPoint=0x0000000800000070, generation=Gen5
[DISPATCHER] DispatchEntryCore STARTING...
[LOADER][INFO] === Execute START ===
[LOADER][INFO] EntryPoint: 0x0000000800000070, ImportStubs: 3652
[LOADER][INFO] RuntimeSymbols: 91007
[LOADER][INFO] ExportCheck fputs: libc:fputs
[LOADER][INFO] ExportCheck map_direct: libKernel:sceKernelMapDirectMemory
[LOADER][INFO] Setting up 3652 import stubs...
[LOADER][INFO] LLE redirect: 0x0000700000000010 QI-x0SL8jhw -> QI-x0SL8jhw@0x000000080403F250
[LOADER][INFO] LLE redirect: 0x0000700000000020 EH-x713A99c -> EH-x713A99c@0x0000000804042700
[LOADER][INFO] LLE redirect: 0x0000700000000030 gQX+4GDQjpM -> gQX+4GDQjpM@0x0000000804005EE0
[LOADER][INFO] LLE redirect: 0x0000700000000040 Y7aJ1uydPMo -> Y7aJ1uydPMo@0x0000000804005F10
[LOADER][INFO] LLE redirect: 0x0000700000000050 tIhsqj0qsFE -> tIhsqj0qsFE@0x0000000804005EF0
[LOADER][INFO] LLE redirect: 0x0000700000000060 lKEN2IebgJ0 -> lKEN2IebgJ0@0x0000000804055330
[LOADER][INFO] LLE redirect: 0x0000700000000070 zr094EQ39Ww -> zr094EQ39Ww@0x0000000804036710
[LOADER][INFO] LLE redirect: 0x0000700000000080 ZE6RNL+eLbk -> ZE6RNL+eLbk@0x00000008040507A0
[LOADER][INFO] LLE redirect: 0x0000700000000090 weDug8QD-lE -> weDug8QD-lE@0x0000000804041B30
[LOADER][INFO] LLE redirect: 0x00007000000000A0 GZWjF-YIFFk -> GZWjF-YIFFk@0x0000000804041030
[LOADER][INFO] LLE redirect: 0x00007000000000B0 H8AprKeZtNg -> H8AprKeZtNg@0x0000000804110480
[LOADER][INFO] LLE redirect: 0x00007000000000C0 c+4r-T-tEIc -> c+4r-T-tEIc@0x000000080404CF20
[LOADER][INFO] LLE redirect: 0x00007000000000D0 2sWzhYqFH4E -> 2sWzhYqFH4E@0x00000008041102B8
[LOADER][INFO] LLE redirect: 0x00007000000000E0 8zTFvBIAIN8 -> 8zTFvBIAIN8@0x0000000804010550
[LOADER][INFO] LLE redirect: 0x0000700000000170 DfivPArhucg -> DfivPArhucg@0x0000000804033C80
[LOADER][INFO] LLE redirect: 0x0000700000000180 tQIo+GIPklo -> tQIo+GIPklo@0x0000000804016690
[LOADER][INFO] LLE redirect: 0x00007000000001C0 eT2UsmTewbU -> eT2UsmTewbU@0x0000000804016560
[LOADER][INFO] LLE redirect: 0x00007000000001E0 ozMAr28BwSY -> ozMAr28BwSY@0x0000000804016770
[LOADER][INFO] LLE redirect: 0x00007000000001F0 gNQ1V2vfXDE -> gNQ1V2vfXDE@0x00000008040552E0
[LOADER][INFO] LLE redirect: 0x0000700000000200 Ujf3KzMvRmI -> Ujf3KzMvRmI@0x0000000804005F30
[LOADER][INFO] LLE redirect: 0x0000700000000210 OGybVuPAhAY -> OGybVuPAhAY@0x0000000804005F50
[LOADER][INFO] LLE redirect: 0x0000700000000240 qKQiNX91IGo -> qKQiNX91IGo@0x0000000804018E70
[LOADER][INFO] LLE redirect: 0x0000700000000250 qYhnoevd9bI -> qYhnoevd9bI@0x00000008040365C0
[INTRINSIC-CHECK] strcmp stub at 0x0000700000000280 -> intrinsic 0x00007FD3123FA000
[LOADER][INFO] LLE redirect: 0x0000700000000320 1Pk0qZQGeWo -> 1Pk0qZQGeWo@0x000000080405B030
[LOADER][INFO] LLE redirect: 0x0000700000000340 zlfEH8FmyUA -> zlfEH8FmyUA@0x000000080403ECE0
[LOADER][INFO] LLE redirect: 0x0000700000000350 xEszJVGpybs -> xEszJVGpybs@0x000000080405BE20
[LOADER][INFO] LLE redirect: 0x0000700000000360 5TjaJwkLWxE -> 5TjaJwkLWxE@0x0000000804033CC0
[LOADER][INFO] LLE redirect: 0x0000700000000370 JBcgYuW8lPU -> JBcgYuW8lPU@0x000000080403EFC0
[LOADER][INFO] LLE redirect: 0x00007000000003A0 lA94ZgT+vMM -> lA94ZgT+vMM@0x0000000804047950
[LOADER][INFO] LLE redirect: 0x00007000000003D0 GlelR9EEeck -> GlelR9EEeck@0x0000000804042D50
[LOADER][INFO] LLE redirect: 0x00007000000004A0 mXlxhmLNMPg -> mXlxhmLNMPg@0x000000080403E8C0
[LOADER][INFO] LLE redirect: 0x00007000000004B0 AEJdIVZTEmo -> AEJdIVZTEmo@0x0000000804063BD0
[LOADER][INFO] LLE redirect: 0x00007000000004F0 iPBqs+YUUFw -> iPBqs+YUUFw@0x000000080407E150
[LOADER][INFO] LLE redirect: 0x0000700000000500 2HnmKiLmV6s -> 2HnmKiLmV6s@0x000000080407E160
[LOADER][INFO] LLE redirect: 0x0000700000000520 1mecP7RgI2A -> 1mecP7RgI2A@0x000000080406D4E0
[LOADER][INFO] LLE redirect: 0x0000700000000560 0WMHDb5Dt94 -> 0WMHDb5Dt94@0x000000080404CB90
[LOADER][INFO] LLE redirect: 0x0000700000000570 g7zzzLDYGw0 -> g7zzzLDYGw0@0x000000080406CE10
[LOADER][INFO] LLE redirect: 0x0000700000000580 cjZEuzHkgng -> cjZEuzHkgng@0x000000080407E0B0
[LOADER][INFO] LLE redirect: 0x0000700000000590 0AgCOypbQ90 -> 0AgCOypbQ90@0x000000080407E110
[LOADER][INFO] LLE redirect: 0x00007000000005A0 MELi-cKqWq0 -> MELi-cKqWq0@0x0000000804016A00
[LOADER][INFO] LLE redirect: 0x00007000000005B0 3+UPM-9E6xY -> 3+UPM-9E6xY@0x000000080404CD20
[LOADER][INFO] LLE redirect: 0x00007000000006F0 rDMyAf1Jhug -> rDMyAf1Jhug@0x000000080404E320
[LOADER][INFO] LLE redirect: 0x0000700000000710 T7uyNqP7vQA -> T7uyNqP7vQA@0x00000008040502A0
[LOADER][INFO] LLE redirect: 0x0000700000000720 HUbZmOnT-Dg -> HUbZmOnT-Dg@0x0000000804042260
[LOADER][INFO] LLE redirect: 0x0000700000000730 2X5agFjKxMc -> 2X5agFjKxMc@0x0000000804005F00
[LOADER][INFO] LLE redirect: 0x0000700000000950 pXvbDfchu6k -> pXvbDfchu6k@0x000000080406CF50
[LOADER][INFO] LLE redirect: 0x00007000000009C0 NU-T4QowTNA -> NU-T4QowTNA@0x00000008040165B0
[LOADER][INFO] LLE redirect: 0x00007000000009E0 2vDqwBlpF-o -> 2vDqwBlpF-o@0x000000080405CEF0
[INTRINSIC-CHECK] strcmp stub at 0x00006FFFFE0005B0 -> intrinsic 0x00007FCEB4547000
[INTRINSIC-CHECK] strcmp stub at 0x00006FFFFD0005C0 -> intrinsic 0x00007FCEB4533000
[INTRINSIC-CHECK] strcmp stub at 0x00006FFFF80002B0 -> intrinsic 0x00007FCEB4397000
[LOADER][INFO] Setup 3652/3652 import stubs (direct bridge, lle_redirects=2517)
[LOADER][INFO] TLS handler at 0x00000007FF000000
[LOADER][INFO] Patched 1101 TLS loads, 0 TLS stores, 0 stack-canary accesses, 0 SSE4a EXTRQ blends
[LOADER][INFO] ExecuteEntry starting at 0x0000000800000070
[LOADER][INFO] RSP=0x00006FFFF01FFF98, RDI=0x00006FFFF01FFFA0
[LOADER][INFO] StackTop: 0x00006FFFF01FFF98
[LOADER][INFO] Calling guest entry...
[LOADER][TRACE] bzQExy189ZI#738: rdi=0x00006FFFF01FFFA0 rsi=0x00006FFDD0000000 rdx=0x0000000000000000 ret=0x0000000800000089
[LOADER][TRACE] 8G2LB+A3rzg#739: rdi=0x00006FFDD0000000 rsi=0x00006FFDD0000000 rdx=0x0000000000000000 ret=0x0000000800000091
[LOADER][TRACE] 8G2LB+A3rzg#740: rdi=0x0000000801938BE0 rsi=0x00006FFDD0000000 rdx=0x0000000000000000 ret=0x000000080000009D
[LOADER][TRACE] sema.create handle=0x00000027 name='Baselib_SystemSemaphore' attr=0x1 init=0 max=2147483647
[LOADER][TRACE] sema.create handle=0x00000028 name='Baselib_SystemSemaphore' attr=0x1 init=0 max=2147483647
[LOADER][TRACE] sema.create handle=0x00000029 name='Baselib_SystemSemaphore' attr=0x1 init=0 max=2147483647
[LOADER][TRACE] sema.create handle=0x0000002A name='Baselib_SystemSemaphore' attr=0x1 init=0 max=2147483647
[LOADER][TRACE] sema.create handle=0x0000002B name='Baselib_SystemSemaphore' attr=0x1 init=0 max=2147483647
[LOADER][TRACE] sema.create handle=0x0000002C name='Baselib_SystemSemaphore' attr=0x1 init=0 max=2147483647
[LOADER][TRACE] Import#900: libc:__cxa_atexit (tsvEmnenz48)
[LOADER][TRACE] Import#901: libc:__cxa_atexit (tsvEmnenz48)
[LOADER][TRACE] Import#902: libc:__cxa_atexit (tsvEmnenz48)
[LOADER][TRACE] Import#903: libc:__cxa_atexit (tsvEmnenz48)
[LOADER][TRACE] Import#904: libc:__cxa_guard_acquire (3GPpjQdAMTw)
[LOADER][TRACE] Import#905: libc:__cxa_atexit (tsvEmnenz48)
[LOADER][TRACE] Import#906: libc:__cxa_guard_release (9rAeANT2tyE)
[LOADER][TRACE] Import#907: libKernel:scePthreadMutexattrInit (F8bUHwAG284)
[LOADER][TRACE] Import#908: libKernel:scePthreadMutexattrSettype (iMp8QpE+XO4)
[LOADER][TRACE] Import#909: libKernel:scePthreadMutexattrSetprotocol (1FGvU0i9saQ)
[LOADER][TRACE] Import#910: libKernel:scePthreadMutexInit (cmo1RIYva9o)
[LOADER][TRACE] Import#911: libKernel:scePthreadMutexattrDestroy (smWEktiyyG0)
[LOADER][TRACE] Import#912: libc:__cxa_atexit (tsvEmnenz48)
[LOADER][TRACE] Import#913: libc:__cxa_atexit (tsvEmnenz48)
[LOADER][TRACE] Import#914: libc:__cxa_atexit (tsvEmnenz48)
[LOADER][TRACE] Import#915: libc:__cxa_atexit (tsvEmnenz48)
[LOADER][TRACE] Import#916: libc:__cxa_atexit (tsvEmnenz48)
[LOADER][TRACE] Import#917: libc:__cxa_atexit (tsvEmnenz48)
[LOADER][TRACE] Import#918: libc:__cxa_atexit (tsvEmnenz48)
[LOADER][TRACE] Import#919: libc:__cxa_atexit (tsvEmnenz48)
[LOADER][TRACE] Import#920: libc:__cxa_atexit (tsvEmnenz48)
[LOADER][TRACE] Import#921: libc:__cxa_atexit (tsvEmnenz48)
[LOADER][TRACE] Import#922: libc:__cxa_atexit (tsvEmnenz48)
[LOADER][TRACE] Import#923: libc:__cxa_atexit (tsvEmnenz48)
[LOADER][TRACE] Import#924: libc:__cxa_atexit (tsvEmnenz48)
[LOADER][TRACE] Import#925: libc:__cxa_atexit (tsvEmnenz48)
[LOADER][TRACE] Import#926: libc:__cxa_atexit (tsvEmnenz48)
[LOADER][TRACE] Import#927: libc:__cxa_atexit (tsvEmnenz48)
[LOADER][TRACE] Import#928: libc:__cxa_atexit (tsvEmnenz48)
[LOADER][TRACE] Import#929: libc:__cxa_atexit (tsvEmnenz48)
[LOADER][TRACE] Import#930: libKernel:scePthreadMutexattrInit (F8bUHwAG284)
[LOADER][TRACE] Import#931: libKernel:scePthreadMutexattrSettype (iMp8QpE+XO4)
[LOADER][TRACE] Import#932: libKernel:scePthreadMutexattrSetprotocol (1FGvU0i9saQ)
[LOADER][TRACE] Import#933: libKernel:scePthreadMutexInit (cmo1RIYva9o)
[LOADER][TRACE] Import#934: libKernel:scePthreadMutexattrDestroy (smWEktiyyG0)
[LOADER][TRACE] Import#935: libc:__cxa_atexit (tsvEmnenz48)
[LOADER][TRACE] Import#936: libc:__cxa_atexit (tsvEmnenz48)
[LOADER][TRACE] Import#937: libc:__cxa_atexit (tsvEmnenz48)
[LOADER][TRACE] Import#938: libc:__cxa_atexit (tsvEmnenz48)
[LOADER][TRACE] Import#939: libc:__cxa_atexit (tsvEmnenz48)
[LOADER][TRACE] Import#940: libc:__cxa_atexit (tsvEmnenz48)
[LOADER][TRACE] Import#941: libc:__cxa_atexit (tsvEmnenz48)
[LOADER][TRACE] Import#942: libKernel:scePthreadMutexattrInit (F8bUHwAG284)
[LOADER][TRACE] Import#943: libKernel:scePthreadMutexattrSettype (iMp8QpE+XO4)
[LOADER][TRACE] Import#944: libKernel:scePthreadMutexattrSetprotocol (1FGvU0i9saQ)
[LOADER][TRACE] Import#945: libKernel:scePthreadMutexInit (cmo1RIYva9o)
[LOADER][TRACE] Import#946: libKernel:scePthreadMutexattrDestroy (smWEktiyyG0)
[LOADER][TRACE] Import#947: libc:__cxa_atexit (tsvEmnenz48)
[LOADER][TRACE] Import#948: libc:__cxa_atexit (tsvEmnenz48)
[LOADER][TRACE] Import#949: libKernel:scePthreadMutexattrInit (F8bUHwAG284)
[LOADER][TRACE] Import#950: libKernel:scePthreadMutexattrSettype (iMp8QpE+XO4)
[LOADER][TRACE] Import#951: libKernel:scePthreadMutexattrSetprotocol (1FGvU0i9saQ)
[LOADER][TRACE] Import#952: libKernel:scePthreadMutexInit (cmo1RIYva9o)
[LOADER][TRACE] Import#953: libKernel:scePthreadMutexattrDestroy (smWEktiyyG0)
[LOADER][TRACE] Import#954: libc:__cxa_atexit (tsvEmnenz48)
[LOADER][TRACE] Import#955: libc:__cxa_atexit (tsvEmnenz48)
[LOADER][TRACE] Import#956: libc:__cxa_atexit (tsvEmnenz48)
[LOADER][TRACE] Import#957: libc:__cxa_atexit (tsvEmnenz48)
[LOADER][TRACE] Import#958: libc:__cxa_atexit (tsvEmnenz48)
[LOADER][TRACE] Import#959: libc:__cxa_atexit (tsvEmnenz48)
[LOADER][TRACE] Import#960: libc:__cxa_atexit (tsvEmnenz48)
[LOADER][TRACE] Import#961: libc:__cxa_atexit (tsvEmnenz48)
[LOADER][TRACE] Import#962: libc:__cxa_atexit (tsvEmnenz48)
[LOADER][TRACE] Import#963: libc:__cxa_atexit (tsvEmnenz48)
[LOADER][TRACE] Import#964: libc:__cxa_atexit (tsvEmnenz48)
[LOADER][TRACE] Import#965: libc:__cxa_atexit (tsvEmnenz48)
[LOADER][TRACE] Import#966: libc:__cxa_atexit (tsvEmnenz48)
[LOADER][TRACE] Import#967: libc:__cxa_atexit (tsvEmnenz48)
[LOADER][TRACE] Import#968: libc:__cxa_atexit (tsvEmnenz48)
[LOADER][TRACE] Import#969: libc:__cxa_atexit (tsvEmnenz48)
[LOADER][TRACE] Import#970: libc:__cxa_atexit (tsvEmnenz48)
[LOADER][TRACE] Import#971: libc:__cxa_atexit (tsvEmnenz48)
[LOADER][TRACE] Import#972: libKernel:sceKernelCreateSema (188x57JYp0g)
[LOADER][TRACE] sema.create handle=0x0000002D name='Baselib_SystemSemaphore' attr=0x1 init=0 max=2147483647
[LOADER][TRACE] Import#973: libKernel:sceKernelCreateSema (188x57JYp0g)
[LOADER][TRACE] sema.create handle=0x0000002E name='Baselib_SystemSemaphore' attr=0x1 init=0 max=2147483647
[LOADER][TRACE] Import#974: libc:__cxa_atexit (tsvEmnenz48)
[LOADER][TRACE] Import#975: libc:__cxa_atexit (tsvEmnenz48)
[LOADER][TRACE] Import#976: libc:__cxa_atexit (tsvEmnenz48)
[LOADER][TRACE] Import#977: libc:__cxa_atexit (tsvEmnenz48)
[LOADER][TRACE] Import#978: libc:__cxa_atexit (tsvEmnenz48)
[LOADER][TRACE] Import#979: libc:__cxa_atexit (tsvEmnenz48)
[LOADER][TRACE] Import#980: libc:__cxa_atexit (tsvEmnenz48)
[LOADER][TRACE] Import#981: libc:__cxa_atexit (tsvEmnenz48)
[LOADER][TRACE] Import#982: libc:__cxa_atexit (tsvEmnenz48)
[LOADER][TRACE] Import#983: libc:__cxa_atexit (tsvEmnenz48)
[LOADER][TRACE] Import#984: libc:__cxa_atexit (tsvEmnenz48)
[LOADER][TRACE] Import#985: libc:__cxa_atexit (tsvEmnenz48)
[LOADER][TRACE] Import#986: libc:__cxa_atexit (tsvEmnenz48)
[LOADER][TRACE] Import#987: libc:__cxa_atexit (tsvEmnenz48)
[LOADER][TRACE] Import#988: libc:__cxa_atexit (tsvEmnenz48)
[LOADER][TRACE] Import#989: libc:__cxa_atexit (tsvEmnenz48)
[LOADER][TRACE] Import#990: libc:__cxa_atexit (tsvEmnenz48)
[LOADER][TRACE] Import#991: libc:__cxa_atexit (tsvEmnenz48)
[LOADER][TRACE] Import#992: libc:__cxa_atexit (tsvEmnenz48)
[LOADER][TRACE] Import#993: libc:__cxa_atexit (tsvEmnenz48)
[LOADER][TRACE] Import#994: libc:__cxa_atexit (tsvEmnenz48)
[LOADER][TRACE] Import#995: libc:__cxa_atexit (tsvEmnenz48)
[LOADER][TRACE] Import#996: libc:__cxa_atexit (tsvEmnenz48)
[LOADER][TRACE] Import#997: libc:__cxa_atexit (tsvEmnenz48)
[LOADER][TRACE] Import#998: libc:__cxa_atexit (tsvEmnenz48)
[LOADER][TRACE] Import#1000: libc:__cxa_atexit (tsvEmnenz48)
[LOADER][TRACE] Import#1001: libc:__cxa_atexit (tsvEmnenz48)
[LOADER][TRACE] Import#1002: libc:__cxa_atexit (tsvEmnenz48)
[LOADER][TRACE] Import#1003: libc:__cxa_atexit (tsvEmnenz48)
[LOADER][TRACE] Import#1004: libc:__cxa_atexit (tsvEmnenz48)
[LOADER][TRACE] Import#1005: libc:__cxa_atexit (tsvEmnenz48)
[LOADER][TRACE] Import#1006: libc:__cxa_atexit (tsvEmnenz48)
[LOADER][TRACE] Import#1007: libc:__cxa_atexit (tsvEmnenz48)
[LOADER][TRACE] Import#1008: libc:__cxa_atexit (tsvEmnenz48)
[LOADER][TRACE] Import#1009: libKernel:sceKernelCreateSema (188x57JYp0g)
[LOADER][TRACE] sema.create handle=0x0000002F name='Baselib_SystemSemaphore' attr=0x1 init=0 max=2147483647
[LOADER][TRACE] Import#1010: libc:__cxa_atexit (tsvEmnenz48)
[LOADER][TRACE] Import#1011: libKernel:sceKernelCreateSema (188x57JYp0g)
[LOADER][TRACE] sema.create handle=0x00000030 name='Baselib_SystemSemaphore' attr=0x1 init=0 max=2147483647
[LOADER][TRACE] Import#1012: libc:__cxa_atexit (tsvEmnenz48)
[LOADER][TRACE] Import#1013: libc:__cxa_atexit (tsvEmnenz48)
[LOADER][TRACE] Import#1014: libc:__cxa_atexit (tsvEmnenz48)
[LOADER][TRACE] Import#1015: libc:__cxa_atexit (tsvEmnenz48)
[LOADER][TRACE] Import#1016: libc:__cxa_atexit (tsvEmnenz48)
[LOADER][TRACE] Import#1017: libc:__cxa_atexit (tsvEmnenz48)
[LOADER][TRACE] Import#1019: libKernel:scePthreadMutexattrInit (F8bUHwAG284)
[LOADER][TRACE] Import#1020: libKernel:scePthreadMutexattrSettype (iMp8QpE+XO4)
[LOADER][TRACE] ImportCtx#1020: nid=iMp8QpE+XO4 ret=0x0000000801585D39 rdi=0x00006FFFF01FFDA8 rsi=0x0000000000000002 rdx=0x0000000801DCC000 rcx=0x0000000801EF6938
[LOADER][TRACE] ImportNV#1020: rbx=0x0000000801EA14F0 rbp=0x00006FFFF01FFEE0 r12=0x0000000000000000 r13=0x00007FCEB8000C58 r14=0x0000000801EA14F0 r15=0x00007FCEB8ED89E0
[LOADER][TRACE] ImportStackHead#1020: rsp=0x00006FFFF01FFD98 [0]=0x0000000801585D39 [20]=0x0000000800B8D4F0 [40]=0x00007FCEB4745000
[LOADER][TRACE] ImportStack#1020: rsp=0x00006FFFF01FFD98 [0]=0x0000000801585D39 [8]=0x0000000801EF3E80 [10]=0x0000600000002B80 [18]=0x0000000801B12F1E [20]=0x0000000800B8D4F0 [28]=0x0000000801EA1390 [30]=0x00007FD312405095 [38]=0x0000000801E9EDC0 [40]=0x00007FCEB4745000
[LOADER][TRACE] ImportRet#1020: nid=iMp8QpE+XO4 result=ORBIS_GEN2_OK rax=0x0000000000000000
[LOADER][TRACE] Import#1021: libKernel:scePthreadMutexattrSetprotocol (1FGvU0i9saQ)
[LOADER][TRACE] ImportCtx#1021: nid=1FGvU0i9saQ ret=0x0000000801585D72 rdi=0x00006FFFF01FFDA8 rsi=0x0000000000000001 rdx=0x0000000801DCC000 rcx=0x0000000801EF6938
[LOADER][TRACE] ImportNV#1021: rbx=0x0000000801EA14F0 rbp=0x00006FFFF01FFEE0 r12=0x0000000000000000 r13=0x00007FCEB8000C58 r14=0x0000000801EA14F0 r15=0x00007FCEB8ED89E0
[LOADER][TRACE] ImportStackHead#1021: rsp=0x00006FFFF01FFD98 [0]=0x0000000801585D72 [20]=0x0000000800B8D4F0 [40]=0x00007FCEB4745000
[LOADER][TRACE] ImportStack#1021: rsp=0x00006FFFF01FFD98 [0]=0x0000000801585D72 [8]=0x0000000801EF3E80 [10]=0x0000600000002B80 [18]=0x0000000801B12F1E [20]=0x0000000800B8D4F0 [28]=0x0000000801EA1390 [30]=0x00007FD312405095 [38]=0x0000000801E9EDC0 [40]=0x00007FCEB4745000
[LOADER][TRACE] ImportRet#1021: nid=1FGvU0i9saQ result=ORBIS_GEN2_OK rax=0x0000000000000000
[LOADER][TRACE] Import#1022: libKernel:scePthreadMutexInit (cmo1RIYva9o)
[LOADER][TRACE] ImportCtx#1022: nid=cmo1RIYva9o ret=0x0000000801585F3B rdi=0x0000000801EA14F8 rsi=0x00006FFFF01FFDA8 rdx=0x0000000000000000 rcx=0x0000000000000011
[LOADER][TRACE] ImportNV#1022: rbx=0x0000000000000000 rbp=0x00006FFFF01FFEE0 r12=0x0000000000000000 r13=0x0000000801B12F1E r14=0x0000000801EA14F8 r15=0x00007FCEB8ED89E0
[LOADER][TRACE] ImportStackHead#1022: rsp=0x00006FFFF01FFD98 [0]=0x0000000801585F3B [20]=0x0000000800B8D4F0 [40]=0x00007FCEB4745000
[LOADER][TRACE] ImportStack#1022: rsp=0x00006FFFF01FFD98 [0]=0x0000000801585F3B [8]=0x0000000801EF3E80 [10]=0x0000600000002B80 [18]=0x0000000801B12F1E [20]=0x0000000800B8D4F0 [28]=0x0000000801EA1390 [30]=0x00007FD312405095 [38]=0x0000000801E9EDC0 [40]=0x00007FCEB4745000
[LOADER][TRACE] ImportRet#1022: nid=cmo1RIYva9o result=ORBIS_GEN2_OK rax=0x0000000000000000
[LOADER][TRACE] Import#1023: libKernel:scePthreadMutexattrDestroy (smWEktiyyG0)
[LOADER][TRACE] ImportCtx#1023: nid=smWEktiyyG0 ret=0x0000000801585F76 rdi=0x00006FFFF01FFDA8 rsi=0x00006FFFF01FFDA8 rdx=0x0000000000000000 rcx=0x0000000000000011
[LOADER][TRACE] ImportNV#1023: rbx=0x0000000000000000 rbp=0x00006FFFF01FFEE0 r12=0x0000000000000000 r13=0x0000000801B12F1E r14=0x0000000801EA14F8 r15=0x00007FCEB8ED89E0
[LOADER][TRACE] ImportStackHead#1023: rsp=0x00006FFFF01FFD98 [0]=0x0000000801585F76 [20]=0x0000000800B8D4F0 [40]=0x00007FCEB4745000
[LOADER][TRACE] ImportStack#1023: rsp=0x00006FFFF01FFD98 [0]=0x0000000801585F76 [8]=0x0000000801EF3E80 [10]=0x0000600000002B80 [18]=0x0000000801B12F1E [20]=0x0000000800B8D4F0 [28]=0x0000000801EA1390 [30]=0x00007FD312405095 [38]=0x0000000801E9EDC0 [40]=0x00007FCEB4745000
[LOADER][TRACE] ImportRet#1023: nid=smWEktiyyG0 result=ORBIS_GEN2_OK rax=0x0000000000000000
[LOADER][TRACE] Import#1024: libc:__cxa_atexit (tsvEmnenz48)
[LOADER][TRACE] ImportCtx#1024: nid=tsvEmnenz48 ret=0x0000000800C0F258 rdi=0x0000000801586050 rsi=0x0000000801EA14F0 rdx=0x0000000801DCC000 rcx=0x0000000000000011
[LOADER][TRACE] ImportNV#1024: rbx=0x0000000801EA14F0 rbp=0x00006FFFF01FFF30 r12=0x0000000000000000 r13=0x00007FCEB8000C58 r14=0x0000000000000001 r15=0x00006FFFF01FFFA8
[LOADER][TRACE] ImportStackHead#1024: rsp=0x00006FFFF01FFEE8 [0]=0x0000000800C0F258 [20]=0x0000000801D1BF98 [40]=0x00006FFFF01FFFA8
[LOADER][TRACE] ImportStack#1024: rsp=0x00006FFFF01FFEE8 [0]=0x0000000800C0F258 [8]=0x0000000801EA13D0 [10]=0x000000007FFFFFFF [18]=0xC0DEC0DECAFEBA00 [20]=0x0000000801D1BF98 [28]=0x0000000000000000 [30]=0x00007FCEB8000C58 [38]=0x0000000000000001 [40]=0x00006FFFF01FFFA8
[LOADER][TRACE] ImportRet#1024: nid=tsvEmnenz48 result=ORBIS_GEN2_OK rax=0x0000000000000000
[LOADER][TRACE] Import#1025: libKernel:sceKernelCreateSema (188x57JYp0g)
[LOADER][TRACE] ImportCtx#1025: nid=188x57JYp0g ret=0x0000000800C0F301 rdi=0x00006FFFF01FFEF8 rsi=0x0000000801B1BBB5 rdx=0x0000000000000001 rcx=0x0000000000000000
[LOADER][TRACE] ImportNV#1025: rbx=0x0000000801EA14F0 rbp=0x00006FFFF01FFF30 r12=0x0000000000000000 r13=0x00007FCEB8000C58 r14=0x0000000000000001 r15=0x00006FFFF01FFFA8
[LOADER][TRACE] ImportStackHead#1025: rsp=0x00006FFFF01FFEE8 [0]=0x0000000800C0F301 [20]=0x0000000801D1BF98 [40]=0x00006FFFF01FFFA8
[LOADER][TRACE] ImportStack#1025: rsp=0x00006FFFF01FFEE8 [0]=0x0000000800C0F301 [8]=0x0000000801EA13D0 [10]=0x000000007FFFFFFF [18]=0xC0DEC0DECAFEBA00 [20]=0x0000000801D1BF98 [28]=0x0000000000000000 [30]=0x00007FCEB8000C58 [38]=0x0000000000000001 [40]=0x00006FFFF01FFFA8
[LOADER][TRACE] sema.create handle=0x00000031 name='Baselib_SystemSemaphore' attr=0x1 init=0 max=2147483647
[LOADER][TRACE] ImportRet#1025: nid=188x57JYp0g result=ORBIS_GEN2_OK rax=0x0000000000000000
[LOADER][TRACE] Import#1026: libc:__cxa_atexit (tsvEmnenz48)
[LOADER][TRACE] ImportCtx#1026: nid=tsvEmnenz48 ret=0x0000000800C0F342 rdi=0x0000000800C05AF0 rsi=0x0000000801EA15B0 rdx=0x0000000801DCC000 rcx=0x0000000000000000
[LOADER][TRACE] ImportNV#1026: rbx=0x0000000801EA14F0 rbp=0x00006FFFF01FFF30 r12=0x0000000000000000 r13=0x00007FCEB8000C58 r14=0x0000000000000001 r15=0x00006FFFF01FFFA8
[LOADER][TRACE] ImportStackHead#1026: rsp=0x00006FFFF01FFEE8 [0]=0x0000000800C0F342 [20]=0x0000000801D1BF98 [40]=0x00006FFFF01FFFA8
[LOADER][TRACE] ImportStack#1026: rsp=0x00006FFFF01FFEE8 [0]=0x0000000800C0F342 [8]=0x0000000801EA13D0 [10]=0x0000000000000031 [18]=0xC0DEC0DECAFEBA00 [20]=0x0000000801D1BF98 [28]=0x0000000000000000 [30]=0x00007FCEB8000C58 [38]=0x0000000000000001 [40]=0x00006FFFF01FFFA8
[LOADER][TRACE] ImportRet#1026: nid=tsvEmnenz48 result=ORBIS_GEN2_OK rax=0x0000000000000000
[LOADER][TRACE] Import#1027: libc:__cxa_atexit (tsvEmnenz48)
[LOADER][TRACE] ImportCtx#1027: nid=tsvEmnenz48 ret=0x0000000800C0F3BA rdi=0x0000000800B8D4F0 rsi=0x0000000801EA1680 rdx=0x0000000801DCC000 rcx=0x0000000801EA1680
[LOADER][TRACE] ImportNV#1027: rbx=0x0000000801EA14F0 rbp=0x00006FFFF01FFF30 r12=0x0000000000000000 r13=0x00007FCEB8000C58 r14=0x0000000801DCC000 r15=0x00006FFFF01FFFA8
[LOADER][TRACE] ImportStackHead#1027: rsp=0x00006FFFF01FFEE8 [0]=0x0000000800C0F3BA [20]=0x0000000801D1BF98 [40]=0x00006FFFF01FFFA8
[LOADER][TRACE] ImportStack#1027: rsp=0x00006FFFF01FFEE8 [0]=0x0000000800C0F3BA [8]=0x0000000801EA13D0 [10]=0x0000000000000031 [18]=0xC0DEC0DECAFEBA00 [20]=0x0000000801D1BF98 [28]=0x0000000000000000 [30]=0x00007FCEB8000C58 [38]=0x0000000000000001 [40]=0x00006FFFF01FFFA8
[LOADER][TRACE] ImportRet#1027: nid=tsvEmnenz48 result=ORBIS_GEN2_OK rax=0x0000000000000000
[LOADER][TRACE] Import#1028: libc:__cxa_atexit (tsvEmnenz48)
[LOADER][TRACE] ImportCtx#1028: nid=tsvEmnenz48 ret=0x0000000800C0F4AD rdi=0x00000008007DEC60 rsi=0x0000000801EA16E0 rdx=0x0000000801DCC000 rcx=0x0000000000000020
[LOADER][TRACE] ImportNV#1028: rbx=0x0000000801EF3048 rbp=0x00006FFFF01FFF30 r12=0x0000000801E518C8 r13=0x00000008007DEC60 r14=0x0000000801DCC000 r15=0x00006FFFF01FFFA8
[LOADER][TRACE] ImportStackHead#1028: rsp=0x00006FFFF01FFEE8 [0]=0x0000000800C0F4AD [20]=0x0000000801D1BF98 [40]=0x00006FFFF01FFFA8
[LOADER][TRACE] ImportStack#1028: rsp=0x00006FFFF01FFEE8 [0]=0x0000000800C0F4AD [8]=0x0000000801EA13D0 [10]=0x0000000000000031 [18]=0xC0DEC0DECAFEBA00 [20]=0x0000000801D1BF98 [28]=0x0000000000000000 [30]=0x00007FCEB8000C58 [38]=0x0000000000000001 [40]=0x00006FFFF01FFFA8
[LOADER][TRACE] ImportRet#1028: nid=tsvEmnenz48 result=ORBIS_GEN2_OK rax=0x0000000000000000
[LOADER][TRACE] Import#1029: libc:__cxa_atexit (tsvEmnenz48)
[LOADER][TRACE] ImportCtx#1029: nid=tsvEmnenz48 ret=0x0000000800C0F4FE rdi=0x00000008007DEC60 rsi=0x0000000801EA1700 rdx=0x0000000801DCC000 rcx=0x0000000000000020
[LOADER][TRACE] ImportNV#1029: rbx=0x0000000801EF3048 rbp=0x00006FFFF01FFF30 r12=0x0000000801E518C8 r13=0x00000008007DEC60 r14=0x0000000801DCC000 r15=0x00006FFFF01FFFA8
[LOADER][TRACE] ImportStackHead#1029: rsp=0x00006FFFF01FFEE8 [0]=0x0000000800C0F4FE [20]=0x0000000801D1BF98 [40]=0x00006FFFF01FFFA8
[LOADER][TRACE] ImportStack#1029: rsp=0x00006FFFF01FFEE8 [0]=0x0000000800C0F4FE [8]=0x0000000801EA13D0 [10]=0x0000000000000031 [18]=0xC0DEC0DECAFEBA00 [20]=0x0000000801D1BF98 [28]=0x0000000000000000 [30]=0x00007FCEB8000C58 [38]=0x0000000000000001 [40]=0x00006FFFF01FFFA8
[LOADER][TRACE] ImportRet#1029: nid=tsvEmnenz48 result=ORBIS_GEN2_OK rax=0x0000000000000000
[LOADER][TRACE] Import#1030: libc:__cxa_atexit (tsvEmnenz48)
[LOADER][TRACE] ImportCtx#1030: nid=tsvEmnenz48 ret=0x0000000800C0F54F rdi=0x00000008007DEC60 rsi=0x0000000801EA1720 rdx=0x0000000801DCC000 rcx=0x0000000000000020
[LOADER][TRACE] ImportNV#1030: rbx=0x0000000801EF3048 rbp=0x00006FFFF01FFF30 r12=0x0000000801E518C8 r13=0x00000008007DEC60 r14=0x0000000801DCC000 r15=0x00006FFFF01FFFA8
[LOADER][TRACE] ImportStackHead#1030: rsp=0x00006FFFF01FFEE8 [0]=0x0000000800C0F54F [20]=0x0000000801D1BF98 [40]=0x00006FFFF01FFFA8
[LOADER][TRACE] ImportStack#1030: rsp=0x00006FFFF01FFEE8 [0]=0x0000000800C0F54F [8]=0x0000000801EA13D0 [10]=0x0000000000000031 [18]=0xC0DEC0DECAFEBA00 [20]=0x0000000801D1BF98 [28]=0x0000000000000000 [30]=0x00007FCEB8000C58 [38]=0x0000000000000001 [40]=0x00006FFFF01FFFA8
[LOADER][TRACE] ImportRet#1030: nid=tsvEmnenz48 result=ORBIS_GEN2_OK rax=0x0000000000000000
[LOADER][TRACE] Import#1031: libc:__cxa_atexit (tsvEmnenz48)
[LOADER][TRACE] ImportCtx#1031: nid=tsvEmnenz48 ret=0x0000000800C0F5AB rdi=0x00000008007DEC60 rsi=0x0000000801EA1740 rdx=0x0000000801DCC000 rcx=0x0000000000000020
[LOADER][TRACE] ImportNV#1031: rbx=0x0000000801EF3048 rbp=0x00006FFFF01FFF30 r12=0x0000000801E518C8 r13=0x00000008007DEC60 r14=0x0000000801DCC000 r15=0x00000008007DEC60
[LOADER][TRACE] ImportStackHead#1031: rsp=0x00006FFFF01FFEE8 [0]=0x0000000800C0F5AB [20]=0x0000000801D1BF98 [40]=0x00006FFFF01FFFA8
[LOADER][TRACE] ImportStack#1031: rsp=0x00006FFFF01FFEE8 [0]=0x0000000800C0F5AB [8]=0x0000000801EA13D0 [10]=0x0000000000000031 [18]=0xC0DEC0DECAFEBA00 [20]=0x0000000801D1BF98 [28]=0x0000000000000000 [30]=0x00007FCEB8000C58 [38]=0x0000000000000001 [40]=0x00006FFFF01FFFA8
[LOADER][TRACE] ImportRet#1031: nid=tsvEmnenz48 result=ORBIS_GEN2_OK rax=0x0000000000000000
[LOADER][TRACE] Import#1032: libc:__cxa_atexit (tsvEmnenz48)
[LOADER][TRACE] ImportCtx#1032: nid=tsvEmnenz48 ret=0x0000000800C0F5FC rdi=0x00000008007DEC60 rsi=0x0000000801EA1768 rdx=0x0000000801DCC000 rcx=0x0000000000000020
[LOADER][TRACE] ImportNV#1032: rbx=0x0000000801EF3048 rbp=0x00006FFFF01FFF30 r12=0x0000000801E518C8 r13=0x00000008007DEC60 r14=0x0000000801DCC000 r15=0x00000008007DEC60
[LOADER][TRACE] ImportStackHead#1032: rsp=0x00006FFFF01FFEE8 [0]=0x0000000800C0F5FC [20]=0x0000000801D1BF98 [40]=0x00006FFFF01FFFA8
[LOADER][TRACE] ImportStack#1032: rsp=0x00006FFFF01FFEE8 [0]=0x0000000800C0F5FC [8]=0x0000000801EA13D0 [10]=0x0000000000000031 [18]=0xC0DEC0DECAFEBA00 [20]=0x0000000801D1BF98 [28]=0x0000000000000000 [30]=0x00007FCEB8000C58 [38]=0x0000000000000001 [40]=0x00006FFFF01FFFA8
[LOADER][TRACE] ImportRet#1032: nid=tsvEmnenz48 result=ORBIS_GEN2_OK rax=0x0000000000000000
[LOADER][TRACE] Import#1033: libc:__cxa_atexit (tsvEmnenz48)
[LOADER][TRACE] ImportCtx#1033: nid=tsvEmnenz48 ret=0x0000000800C0F64D rdi=0x00000008007DEC60 rsi=0x0000000801EA1788 rdx=0x0000000801DCC000 rcx=0x0000000000000020
[LOADER][TRACE] ImportNV#1033: rbx=0x0000000801EF3048 rbp=0x00006FFFF01FFF30 r12=0x0000000801E518C8 r13=0x00000008007DEC60 r14=0x0000000801DCC000 r15=0x00000008007DEC60
[LOADER][TRACE] ImportStackHead#1033: rsp=0x00006FFFF01FFEE8 [0]=0x0000000800C0F64D [20]=0x0000000801D1BF98 [40]=0x00006FFFF01FFFA8
[LOADER][TRACE] ImportStack#1033: rsp=0x00006FFFF01FFEE8 [0]=0x0000000800C0F64D [8]=0x0000000801EA13D0 [10]=0x0000000000000031 [18]=0xC0DEC0DECAFEBA00 [20]=0x0000000801D1BF98 [28]=0x0000000000000000 [30]=0x00007FCEB8000C58 [38]=0x0000000000000001 [40]=0x00006FFFF01FFFA8
[LOADER][TRACE] ImportRet#1033: nid=tsvEmnenz48 result=ORBIS_GEN2_OK rax=0x0000000000000000
[LOADER][TRACE] Import#1034: libc:__cxa_atexit (tsvEmnenz48)
[LOADER][TRACE] ImportCtx#1034: nid=tsvEmnenz48 ret=0x0000000800C0F69E rdi=0x00000008007DEC60 rsi=0x0000000801EA17A8 rdx=0x0000000801DCC000 rcx=0x0000000000000020
[LOADER][TRACE] ImportNV#1034: rbx=0x0000000801EF3048 rbp=0x00006FFFF01FFF30 r12=0x0000000801E518C8 r13=0x00000008007DEC60 r14=0x0000000801DCC000 r15=0x00000008007DEC60
[LOADER][TRACE] ImportStackHead#1034: rsp=0x00006FFFF01FFEE8 [0]=0x0000000800C0F69E [20]=0x0000000801D1BF98 [40]=0x00006FFFF01FFFA8
[LOADER][TRACE] ImportStack#1034: rsp=0x00006FFFF01FFEE8 [0]=0x0000000800C0F69E [8]=0x0000000801EA13D0 [10]=0x0000000000000031 [18]=0xC0DEC0DECAFEBA00 [20]=0x0000000801D1BF98 [28]=0x0000000000000000 [30]=0x00007FCEB8000C58 [38]=0x0000000000000001 [40]=0x00006FFFF01FFFA8
[LOADER][TRACE] ImportRet#1034: nid=tsvEmnenz48 result=ORBIS_GEN2_OK rax=0x0000000000000000
[LOADER][TRACE] Import#1035: libc:__cxa_atexit (tsvEmnenz48)
[LOADER][TRACE] ImportCtx#1035: nid=tsvEmnenz48 ret=0x0000000800000064 rdi=0x00000008007DEC60 rsi=0x0000000801EA17C8 rdx=0x0000000801DCC000 rcx=0x00007FCEB8ED89E0
[LOADER][TRACE] ImportNV#1035: rbx=0x0000000801D1BF98 rbp=0x00006FFFF01FFF50 r12=0x0000000000000000 r13=0x00007FCEB8000C58 r14=0x0000000000000001 r15=0x00006FFFF01FFFA8
[LOADER][TRACE] ImportStackHead#1035: rsp=0x00006FFFF01FFF38 [0]=0x0000000800000064 [20]=0x00000008000000A2 [40]=0x00007FCECF810A30
[LOADER][TRACE] ImportStack#1035: rsp=0x00006FFFF01FFF38 [0]=0x0000000800000064 [8]=0x00006FFDD0000000 [10]=0x0000000000000001 [18]=0x00006FFFF01FFF80 [20]=0x00000008000000A2 [28]=0x0000000800000070 [30]=0x00007FCECF810AB8 [38]=0x00007FD2964D90F8 [40]=0x00007FCECF810A30
[LOADER][TRACE] ImportRet#1035: nid=tsvEmnenz48 result=ORBIS_GEN2_OK rax=0x0000000000000000
[LOADER][TRACE] Import#1036: libKernel:scePthreadMutexattrInit (F8bUHwAG284)
[LOADER][TRACE] ImportCtx#1036: nid=F8bUHwAG284 ret=0x0000000801585D00 rdi=0x00006FFFF01FFDC8 rsi=0x0000000801EA17C8 rdx=0x00000000000000FF rcx=0x0000000801E9E978
[LOADER][TRACE] ImportNV#1036: rbx=0x0000000801EA1910 rbp=0x00006FFFF01FFF00 r12=0x0000000000000000 r13=0x00007FCEB8000C58 r14=0x0000000801EA1910 r15=0x00007FCEB8ED89E0
[LOADER][TRACE] ImportStackHead#1036: rsp=0x00006FFFF01FFDB8 [0]=0x0000000801585D00 [20]=0x00007FD31245D014 [40]=0x00007FD312405095
[LOADER][TRACE] ImportStack#1036: rsp=0x00006FFFF01FFDB8 [0]=0x0000000801585D00 [8]=0x0000000801EA1390 [10]=0x00007FD312405095 [18]=0x0000000801E9EDC0 [20]=0x00007FD31245D014 [28]=0x0000000001293D16 [30]=0x00000008007DEC60 [38]=0x0000000801EA17C8 [40]=0x00007FD312405095
[LOADER][TRACE] ImportRet#1036: nid=F8bUHwAG284 result=ORBIS_GEN2_OK rax=0x0000000000000000
[LOADER][TRACE] Import#1037: libKernel:scePthreadMutexattrSettype (iMp8QpE+XO4)
[LOADER][TRACE] ImportCtx#1037: nid=iMp8QpE+XO4 ret=0x0000000801585D39 rdi=0x00006FFFF01FFDC8 rsi=0x0000000000000002 rdx=0x00000000000000FF rcx=0x0000000801E9E978
[LOADER][TRACE] ImportNV#1037: rbx=0x0000000801EA1910 rbp=0x00006FFFF01FFF00 r12=0x0000000000000000 r13=0x00007FCEB8000C58 r14=0x0000000801EA1910 r15=0x00007FCEB8ED89E0
[LOADER][TRACE] ImportStackHead#1037: rsp=0x00006FFFF01FFDB8 [0]=0x0000000801585D39 [20]=0x00007FD31245D014 [40]=0x00007FD312405095
[LOADER][TRACE] ImportStack#1037: rsp=0x00006FFFF01FFDB8 [0]=0x0000000801585D39 [8]=0x0000000801EA1390 [10]=0x0000600000002CC0 [18]=0x0000000801E9EDC0 [20]=0x00007FD31245D014 [28]=0x0000000001293D16 [30]=0x00000008007DEC60 [38]=0x0000000801EA17C8 [40]=0x00007FD312405095
[LOADER][TRACE] ImportRet#1037: nid=iMp8QpE+XO4 result=ORBIS_GEN2_OK rax=0x0000000000000000
[LOADER][TRACE] Import#1038: libKernel:scePthreadMutexattrSetprotocol (1FGvU0i9saQ)
[LOADER][TRACE] ImportCtx#1038: nid=1FGvU0i9saQ ret=0x0000000801585D72 rdi=0x00006FFFF01FFDC8 rsi=0x0000000000000001 rdx=0x00000000000000FF rcx=0x0000000801E9E978
[LOADER][TRACE] ImportNV#1038: rbx=0x0000000801EA1910 rbp=0x00006FFFF01FFF00 r12=0x0000000000000000 r13=0x00007FCEB8000C58 r14=0x0000000801EA1910 r15=0x00007FCEB8ED89E0
[LOADER][TRACE] ImportStackHead#1038: rsp=0x00006FFFF01FFDB8 [0]=0x0000000801585D72 [20]=0x00007FD31245D014 [40]=0x00007FD312405095
[LOADER][TRACE] ImportStack#1038: rsp=0x00006FFFF01FFDB8 [0]=0x0000000801585D72 [8]=0x0000000801EA1390 [10]=0x0000600000002CC0 [18]=0x0000000801E9EDC0 [20]=0x00007FD31245D014 [28]=0x0000000001293D16 [30]=0x00000008007DEC60 [38]=0x0000000801EA17C8 [40]=0x00007FD312405095
[LOADER][TRACE] ImportRet#1038: nid=1FGvU0i9saQ result=ORBIS_GEN2_OK rax=0x0000000000000000
[LOADER][TRACE] Import#1039: libKernel:scePthreadMutexInit (cmo1RIYva9o)
[LOADER][TRACE] ImportCtx#1039: nid=cmo1RIYva9o ret=0x0000000801585F3B rdi=0x0000000801EA1918 rsi=0x00006FFFF01FFDC8 rdx=0x0000000000000000 rcx=0x0000000000000011
[LOADER][TRACE] ImportNV#1039: rbx=0x0000000000000000 rbp=0x00006FFFF01FFF00 r12=0x0000000000000000 r13=0x0000000801B12F1E r14=0x0000000801EA1918 r15=0x00007FCEB8ED89E0
[LOADER][TRACE] ImportStackHead#1039: rsp=0x00006FFFF01FFDB8 [0]=0x0000000801585F3B [20]=0x00007FD31245D014 [40]=0x00007FD312405095
[LOADER][TRACE] ImportStack#1039: rsp=0x00006FFFF01FFDB8 [0]=0x0000000801585F3B [8]=0x0000000801EA1390 [10]=0x0000600000002CC0 [18]=0x0000000801E9EDC0 [20]=0x00007FD31245D014 [28]=0x0000000001293D16 [30]=0x00000008007DEC60 [38]=0x0000000801EA17C8 [40]=0x00007FD312405095
[LOADER][TRACE] ImportRet#1039: nid=cmo1RIYva9o result=ORBIS_GEN2_OK rax=0x0000000000000000
[LOADER][TRACE] Import#1040: libKernel:scePthreadMutexattrDestroy (smWEktiyyG0)
[LOADER][TRACE] ImportCtx#1040: nid=smWEktiyyG0 ret=0x0000000801585F76 rdi=0x00006FFFF01FFDC8 rsi=0x00006FFFF01FFDC8 rdx=0x0000000000000000 rcx=0x0000000000000011
[LOADER][TRACE] ImportNV#1040: rbx=0x0000000000000000 rbp=0x00006FFFF01FFF00 r12=0x0000000000000000 r13=0x0000000801B12F1E r14=0x0000000801EA1918 r15=0x00007FCEB8ED89E0
[LOADER][TRACE] ImportStackHead#1040: rsp=0x00006FFFF01FFDB8 [0]=0x0000000801585F76 [20]=0x00007FD31245D014 [40]=0x00007FD312405095
[LOADER][TRACE] ImportStack#1040: rsp=0x00006FFFF01FFDB8 [0]=0x0000000801585F76 [8]=0x0000000801EA1390 [10]=0x0000600000002CC0 [18]=0x0000000801E9EDC0 [20]=0x00007FD31245D014 [28]=0x0000000001293D16 [30]=0x00000008007DEC60 [38]=0x0000000801EA17C8 [40]=0x00007FD312405095
[LOADER][TRACE] ImportRet#1040: nid=smWEktiyyG0 result=ORBIS_GEN2_OK rax=0x0000000000000000
[LOADER][TRACE] Import#1041: libc:__cxa_atexit (tsvEmnenz48)
[LOADER][TRACE] Import#1042: libc:__cxa_atexit (tsvEmnenz48)
[LOADER][TRACE] Import#1043: libc:__cxa_atexit (tsvEmnenz48)
[LOADER][TRACE] Import#1044: libc:__cxa_atexit (tsvEmnenz48)
[LOADER][TRACE] Import#1045: libKernel:sceKernelCreateSema (188x57JYp0g)
[LOADER][TRACE] sema.create handle=0x00000032 name='Baselib_SystemSemaphore' attr=0x1 init=0 max=2147483647
[LOADER][TRACE] Import#1046: libc:__cxa_atexit (tsvEmnenz48)
[LOADER][TRACE] Import#1047: libKernel:sceKernelCreateSema (188x57JYp0g)
[LOADER][TRACE] sema.create handle=0x00000033 name='Baselib_SystemSemaphore' attr=0x1 init=0 max=2147483647
[LOADER][TRACE] Import#1048: libc:__cxa_atexit (tsvEmnenz48)
[LOADER][TRACE] Import#1049: libc:__cxa_atexit (tsvEmnenz48)
[LOADER][TRACE] Import#1050: libc:__cxa_atexit (tsvEmnenz48)
[LOADER][TRACE] Import#1051: libc:__cxa_atexit (tsvEmnenz48)
[LOADER][TRACE] Import#1052: libc:__cxa_atexit (tsvEmnenz48)
[LOADER][TRACE] Import#1053: libc:__cxa_atexit (tsvEmnenz48)
[LOADER][TRACE] Import#1054: libc:__cxa_atexit (tsvEmnenz48)
[LOADER][TRACE] Import#1055: libc:__cxa_atexit (tsvEmnenz48)
[LOADER][TRACE] Import#1056: libc:__cxa_atexit (tsvEmnenz48)
[LOADER][TRACE] Import#1057: libc:__cxa_atexit (tsvEmnenz48)
[LOADER][TRACE] Import#1058: libc:__cxa_atexit (tsvEmnenz48)
[LOADER][TRACE] Import#1059: libc:__cxa_atexit (tsvEmnenz48)
[LOADER][TRACE] Import#1060: libc:__cxa_atexit (tsvEmnenz48)
[LOADER][TRACE] Import#1061: libc:__cxa_atexit (tsvEmnenz48)
[LOADER][TRACE] Import#1062: libc:__cxa_atexit (tsvEmnenz48)
[LOADER][TRACE] Import#1063: libc:__cxa_atexit (tsvEmnenz48)
[LOADER][TRACE] Import#1064: libc:__cxa_atexit (tsvEmnenz48)
[LOADER][TRACE] Import#1065: libc:__cxa_atexit (tsvEmnenz48)
[LOADER][TRACE] Import#1066: libKernel:sceKernelCreateSema (188x57JYp0g)
[LOADER][TRACE] sema.create handle=0x00000034 name='Baselib_SystemSemaphore' attr=0x1 init=0 max=2147483647
[LOADER][TRACE] Import#1067: libKernel:sceKernelCreateSema (188x57JYp0g)
[LOADER][TRACE] sema.create handle=0x00000035 name='Baselib_SystemSemaphore' attr=0x1 init=0 max=2147483647
[LOADER][TRACE] Import#1068: libc:__cxa_atexit (tsvEmnenz48)
[LOADER][TRACE] Import#1069: libc:__cxa_atexit (tsvEmnenz48)
[LOADER][TRACE] Import#1070: libc:__cxa_atexit (tsvEmnenz48)
[LOADER][TRACE] Import#1071: libc:__cxa_atexit (tsvEmnenz48)
[LOADER][TRACE] Import#1072: libc:__cxa_atexit (tsvEmnenz48)
[LOADER][TRACE] Import#1073: libc:__cxa_atexit (tsvEmnenz48)
[LOADER][TRACE] Import#1074: libc:__cxa_atexit (tsvEmnenz48)
[LOADER][TRACE] Import#1075: libc:__cxa_atexit (tsvEmnenz48)
[LOADER][TRACE] Import#1076: libc:__cxa_atexit (tsvEmnenz48)
[LOADER][TRACE] Import#1077: libc:__cxa_atexit (tsvEmnenz48)
[LOADER][TRACE] Import#1078: libc:__cxa_atexit (tsvEmnenz48)
[LOADER][TRACE] Import#1079: libc:__cxa_atexit (tsvEmnenz48)
[LOADER][TRACE] Import#1080: libKernel:scePthreadMutexattrInit (F8bUHwAG284)
[LOADER][TRACE] Import#1081: libKernel:scePthreadMutexattrSettype (iMp8QpE+XO4)
[LOADER][TRACE] Import#1082: libKernel:scePthreadMutexattrSetprotocol (1FGvU0i9saQ)
[LOADER][TRACE] Import#1083: libKernel:scePthreadMutexInit (cmo1RIYva9o)
[LOADER][TRACE] Import#1084: libKernel:scePthreadMutexattrDestroy (smWEktiyyG0)
[LOADER][TRACE] Import#1085: libc:__cxa_atexit (tsvEmnenz48)
[LOADER][TRACE] Import#1086: libc:__cxa_atexit (tsvEmnenz48)
[LOADER][TRACE] Import#1087: libc:__cxa_atexit (tsvEmnenz48)
[LOADER][TRACE] Import#1088: libKernel:sceKernelCreateSema (188x57JYp0g)
[LOADER][TRACE] sema.create handle=0x00000036 name='Baselib_SystemSemaphore' attr=0x1 init=0 max=2147483647
[LOADER][TRACE] Import#1089: libKernel:sceKernelCreateSema (188x57JYp0g)
[LOADER][TRACE] sema.create handle=0x00000037 name='Baselib_SystemSemaphore' attr=0x1 init=0 max=2147483647
[LOADER][TRACE] Import#1090: libKernel:sceKernelCreateSema (188x57JYp0g)
[LOADER][TRACE] sema.create handle=0x00000038 name='Baselib_SystemSemaphore' attr=0x1 init=0 max=2147483647
[LOADER][TRACE] Import#1091: libc:__cxa_atexit (tsvEmnenz48)
[LOADER][TRACE] Import#1092: libc:__cxa_atexit (tsvEmnenz48)
[LOADER][TRACE] Import#1093: libc:__cxa_atexit (tsvEmnenz48)
[LOADER][TRACE] Import#1094: libc:__cxa_atexit (tsvEmnenz48)
[LOADER][TRACE] Import#1095: libKernel:sceKernelCreateSema (188x57JYp0g)
[LOADER][TRACE] sema.create handle=0x00000039 name='Baselib_SystemSemaphore' attr=0x1 init=0 max=2147483647
[LOADER][TRACE] Import#1096: libKernel:sceKernelCreateSema (188x57JYp0g)
[LOADER][TRACE] sema.create handle=0x0000003A name='Baselib_SystemSemaphore' attr=0x1 init=0 max=2147483647
[LOADER][TRACE] Import#1097: libKernel:sceKernelCreateSema (188x57JYp0g)
[LOADER][TRACE] sema.create handle=0x0000003B name='Baselib_SystemSemaphore' attr=0x1 init=0 max=2147483647
[LOADER][TRACE] Import#1098: libc:__cxa_atexit (tsvEmnenz48)
[LOADER][TRACE] Import#1099: libKernel:sceKernelCreateSema (188x57JYp0g)
[LOADER][TRACE] sema.create handle=0x0000003C name='Baselib_SystemSemaphore' attr=0x1 init=0 max=2147483647
[LOADER][TRACE] Import#1100: libKernel:sceKernelCreateSema (188x57JYp0g)
[LOADER][TRACE] sema.create handle=0x0000003D name='Baselib_SystemSemaphore' attr=0x1 init=0 max=2147483647
[LOADER][TRACE] Import#1101: libKernel:sceKernelCreateSema (188x57JYp0g)
[LOADER][TRACE] sema.create handle=0x0000003E name='Baselib_SystemSemaphore' attr=0x1 init=0 max=2147483647
[LOADER][TRACE] Import#1102: libc:__cxa_atexit (tsvEmnenz48)
[LOADER][TRACE] Import#1103: libc:__cxa_atexit (tsvEmnenz48)
[LOADER][TRACE] Import#1104: libc:__cxa_atexit (tsvEmnenz48)
[LOADER][TRACE] Import#1105: libKernel:sceKernelCreateSema (188x57JYp0g)
[LOADER][TRACE] sema.create handle=0x0000003F name='Baselib_SystemSemaphore' attr=0x1 init=0 max=2147483647
[LOADER][TRACE] Import#1106: libKernel:sceKernelCreateSema (188x57JYp0g)
[LOADER][TRACE] sema.create handle=0x00000040 name='Baselib_SystemSemaphore' attr=0x1 init=0 max=2147483647
[LOADER][TRACE] Import#1107: libKernel:sceKernelCreateSema (188x57JYp0g)
[LOADER][TRACE] sema.create handle=0x00000041 name='Baselib_SystemSemaphore' attr=0x1 init=0 max=2147483647
[LOADER][TRACE] Import#1108: libc:__cxa_atexit (tsvEmnenz48)
[LOADER][TRACE] Import#1109: libc:__cxa_atexit (tsvEmnenz48)
[LOADER][TRACE] Import#1110: libKernel:sceKernelCreateSema (188x57JYp0g)
[LOADER][TRACE] sema.create handle=0x00000042 name='Baselib_SystemSemaphore' attr=0x1 init=0 max=2147483647
[LOADER][TRACE] Import#1111: libKernel:sceKernelCreateSema (188x57JYp0g)
[LOADER][TRACE] sema.create handle=0x00000043 name='Baselib_SystemSemaphore' attr=0x1 init=0 max=2147483647
[LOADER][TRACE] Import#1112: libKernel:sceKernelCreateSema (188x57JYp0g)
[LOADER][TRACE] sema.create handle=0x00000044 name='Baselib_SystemSemaphore' attr=0x1 init=0 max=2147483647
[LOADER][TRACE] Import#1113: libc:__cxa_atexit (tsvEmnenz48)
[LOADER][TRACE] Import#1114: libc:__cxa_atexit (tsvEmnenz48)
[LOADER][TRACE] Import#1115: libc:__cxa_atexit (tsvEmnenz48)
[LOADER][TRACE] Import#1116: libc:__cxa_atexit (tsvEmnenz48)
[LOADER][TRACE] Import#1117: libc:__cxa_atexit (tsvEmnenz48)
[LOADER][TRACE] Import#1118: libc:__cxa_atexit (tsvEmnenz48)
[LOADER][TRACE] Import#1119: libc:__cxa_atexit (tsvEmnenz48)
[LOADER][TRACE] Import#1120: libc:__cxa_atexit (tsvEmnenz48)
[LOADER][TRACE] Import#1121: libc:__cxa_atexit (tsvEmnenz48)
[LOADER][TRACE] Import#1122: libc:__cxa_atexit (tsvEmnenz48)
[LOADER][TRACE] Import#1123: libc:__cxa_atexit (tsvEmnenz48)
[LOADER][TRACE] Import#1124: libc:__cxa_atexit (tsvEmnenz48)
[LOADER][TRACE] Import#1125: libc:__cxa_atexit (tsvEmnenz48)
[LOADER][TRACE] Import#1126: libc:__cxa_atexit (tsvEmnenz48)
[LOADER][TRACE] Import#1127: libc:__cxa_atexit (tsvEmnenz48)
[LOADER][TRACE] Import#1128: libc:__cxa_atexit (tsvEmnenz48)
[LOADER][TRACE] Import#1129: libc:__cxa_atexit (tsvEmnenz48)
[LOADER][TRACE] Import#1130: libc:__cxa_atexit (tsvEmnenz48)
[LOADER][TRACE] Import#1131: libc:__cxa_atexit (tsvEmnenz48)
[LOADER][TRACE] Import#1132: libc:__cxa_atexit (tsvEmnenz48)
[LOADER][TRACE] Import#1133: libc:__cxa_atexit (tsvEmnenz48)
[LOADER][TRACE] Import#1134: libc:__cxa_atexit (tsvEmnenz48)
[LOADER][TRACE] Import#1135: libc:__cxa_atexit (tsvEmnenz48)
[LOADER][TRACE] Import#1136: libc:__cxa_atexit (tsvEmnenz48)
[LOADER][TRACE] Import#1137: libc:__cxa_atexit (tsvEmnenz48)
[LOADER][TRACE] Import#1138: libc:__cxa_atexit (tsvEmnenz48)
[LOADER][TRACE] Import#1139: libc:__cxa_atexit (tsvEmnenz48)
[LOADER][TRACE] Import#1140: libc:__cxa_atexit (tsvEmnenz48)
[LOADER][TRACE] Import#1141: libc:__cxa_atexit (tsvEmnenz48)
[LOADER][TRACE] Import#1142: libc:__cxa_atexit (tsvEmnenz48)
[LOADER][TRACE] Import#1143: libc:__cxa_atexit (tsvEmnenz48)
[LOADER][TRACE] Import#1144: libc:__cxa_atexit (tsvEmnenz48)
[LOADER][TRACE] Import#1145: libc:__cxa_atexit (tsvEmnenz48)
[LOADER][TRACE] Import#1146: libc:__cxa_atexit (tsvEmnenz48)
[LOADER][TRACE] Import#1147: libc:__cxa_atexit (tsvEmnenz48)
[LOADER][TRACE] Import#1148: libc:__cxa_atexit (tsvEmnenz48)
[LOADER][TRACE] Import#1149: libc:__cxa_atexit (tsvEmnenz48)
[LOADER][TRACE] Import#1150: libc:__cxa_atexit (tsvEmnenz48)
[LOADER][TRACE] Import#1151: libc:__cxa_atexit (tsvEmnenz48)
[LOADER][TRACE] Import#1152: libc:__cxa_atexit (tsvEmnenz48)
[LOADER][TRACE] Import#1153: libc:__cxa_atexit (tsvEmnenz48)
[LOADER][TRACE] Import#1154: libc:__cxa_atexit (tsvEmnenz48)
[LOADER][TRACE] Import#1155: libc:__cxa_atexit (tsvEmnenz48)
[LOADER][TRACE] Import#1156: libc:__cxa_atexit (tsvEmnenz48)
[LOADER][TRACE] Import#1157: libc:__cxa_atexit (tsvEmnenz48)
[LOADER][TRACE] Import#1158: libc:__cxa_atexit (tsvEmnenz48)
[LOADER][TRACE] Import#1159: libc:__cxa_atexit (tsvEmnenz48)
[LOADER][TRACE] Import#1160: libc:__cxa_atexit (tsvEmnenz48)
[LOADER][TRACE] Import#1161: libc:__cxa_atexit (tsvEmnenz48)
[LOADER][TRACE] Import#1162: libc:__cxa_atexit (tsvEmnenz48)
[LOADER][TRACE] Import#1163: libc:__cxa_atexit (tsvEmnenz48)
[LOADER][TRACE] Import#1164: libc:__cxa_atexit (tsvEmnenz48)
[LOADER][TRACE] Import#1165: libc:__cxa_atexit (tsvEmnenz48)
[LOADER][TRACE] Import#1166: libc:__cxa_atexit (tsvEmnenz48)
[LOADER][TRACE] Import#1167: libc:__cxa_atexit (tsvEmnenz48)
[LOADER][TRACE] Import#1168: libc:__cxa_atexit (tsvEmnenz48)
[LOADER][TRACE] Import#1169: libc:__cxa_atexit (tsvEmnenz48)
[LOADER][TRACE] Import#1170: libc:__cxa_atexit (tsvEmnenz48)
[LOADER][TRACE] Import#1171: libc:__cxa_atexit (tsvEmnenz48)
[DIAG-VERIFY] Import #1000 OK: libc::libc:__cxa_atexit ret=0x0000000000000000
[LOADER][TRACE] Import#1172: libc:__cxa_atexit (tsvEmnenz48)
[LOADER][TRACE] Import#1173: libc:__cxa_atexit (tsvEmnenz48)
[LOADER][TRACE] Import#1174: libc:__cxa_atexit (tsvEmnenz48)
[LOADER][TRACE] Import#1175: libc:__cxa_atexit (tsvEmnenz48)
[LOADER][TRACE] Import#1176: libc:__cxa_atexit (tsvEmnenz48)
[LOADER][TRACE] Import#1177: libc:__cxa_atexit (tsvEmnenz48)
[LOADER][TRACE] Import#1178: libc:__cxa_atexit (tsvEmnenz48)
[LOADER][TRACE] Import#1179: libc:__cxa_atexit (tsvEmnenz48)
[LOADER][TRACE] Import#1180: libc:__cxa_atexit (tsvEmnenz48)
[LOADER][TRACE] Import#1181: libc:__cxa_atexit (tsvEmnenz48)
[LOADER][TRACE] Import#1182: libc:__cxa_atexit (tsvEmnenz48)
[LOADER][TRACE] Import#1183: libc:__cxa_atexit (tsvEmnenz48)
[LOADER][TRACE] Import#1184: libc:__cxa_atexit (tsvEmnenz48)
[LOADER][TRACE] Import#1185: libc:__cxa_atexit (tsvEmnenz48)
[LOADER][TRACE] Import#1186: libc:__cxa_atexit (tsvEmnenz48)
[LOADER][TRACE] Import#1187: libc:__cxa_atexit (tsvEmnenz48)
[LOADER][TRACE] Import#1188: libc:__cxa_atexit (tsvEmnenz48)
[LOADER][TRACE] Import#1189: libc:__cxa_atexit (tsvEmnenz48)
[LOADER][TRACE] Import#1190: libc:__cxa_atexit (tsvEmnenz48)
[LOADER][TRACE] Import#1191: libc:__cxa_atexit (tsvEmnenz48)
[LOADER][TRACE] Import#1192: libc:__cxa_atexit (tsvEmnenz48)
[LOADER][TRACE] Import#1193: libc:__cxa_atexit (tsvEmnenz48)
[LOADER][TRACE] Import#1194: libc:__cxa_atexit (tsvEmnenz48)
[LOADER][TRACE] Import#1195: libc:__cxa_atexit (tsvEmnenz48)
[LOADER][TRACE] Import#1196: libc:__cxa_atexit (tsvEmnenz48)
[LOADER][TRACE] Import#1197: libc:__cxa_atexit (tsvEmnenz48)
[LOADER][TRACE] Import#1198: libc:__cxa_atexit (tsvEmnenz48)
[LOADER][TRACE] Import#1199: libc:__cxa_atexit (tsvEmnenz48)
[LOADER][TRACE] Import#1200: libc:__cxa_atexit (tsvEmnenz48)
[LOADER][TRACE] Import#1201: libc:__cxa_atexit (tsvEmnenz48)
[LOADER][TRACE] Import#1202: libc:__cxa_atexit (tsvEmnenz48)
[LOADER][TRACE] Import#1203: libc:__cxa_atexit (tsvEmnenz48)
[LOADER][TRACE] Import#1204: libc:__cxa_atexit (tsvEmnenz48)
[LOADER][TRACE] Import#1205: libc:__cxa_atexit (tsvEmnenz48)
[LOADER][TRACE] Import#1206: libc:__cxa_atexit (tsvEmnenz48)
[LOADER][TRACE] Import#1207: libc:__cxa_atexit (tsvEmnenz48)
[LOADER][TRACE] Import#1208: libc:__cxa_atexit (tsvEmnenz48)
[LOADER][TRACE] Import#1209: libc:__cxa_atexit (tsvEmnenz48)
[LOADER][TRACE] Import#1210: libc:__cxa_atexit (tsvEmnenz48)
[LOADER][TRACE] Import#1211: libc:__cxa_atexit (tsvEmnenz48)
[LOADER][TRACE] Import#1212: libc:__cxa_atexit (tsvEmnenz48)
[LOADER][TRACE] Import#1213: libc:__cxa_atexit (tsvEmnenz48)
[LOADER][TRACE] Import#1214: libc:__cxa_atexit (tsvEmnenz48)
[LOADER][TRACE] Import#1215: libc:__cxa_atexit (tsvEmnenz48)
[LOADER][TRACE] Import#1216: libc:__cxa_atexit (tsvEmnenz48)
[LOADER][TRACE] Import#1217: libc:__cxa_atexit (tsvEmnenz48)
[LOADER][TRACE] Import#1218: libc:__cxa_atexit (tsvEmnenz48)
[LOADER][TRACE] Import#1219: libc:__cxa_atexit (tsvEmnenz48)
[LOADER][TRACE] Import#1220: libc:__cxa_atexit (tsvEmnenz48)
[LOADER][TRACE] Import#1221: libc:__cxa_atexit (tsvEmnenz48)
[LOADER][TRACE] Import#1222: libc:__cxa_atexit (tsvEmnenz48)
[LOADER][TRACE] Import#1223: libc:__cxa_atexit (tsvEmnenz48)
[LOADER][TRACE] Import#1224: libc:__cxa_atexit (tsvEmnenz48)
[LOADER][TRACE] Import#1225: libc:__cxa_atexit (tsvEmnenz48)
[LOADER][TRACE] Import#1226: libc:__cxa_atexit (tsvEmnenz48)
[LOADER][TRACE] Import#1227: libc:__cxa_atexit (tsvEmnenz48)
[LOADER][TRACE] Import#1228: libc:__cxa_atexit (tsvEmnenz48)
[LOADER][TRACE] Import#1229: libc:__cxa_atexit (tsvEmnenz48)
[LOADER][TRACE] Import#1230: libc:__cxa_atexit (tsvEmnenz48)
[LOADER][TRACE] Import#1231: libc:__cxa_atexit (tsvEmnenz48)
[LOADER][TRACE] Import#1232: libc:__cxa_atexit (tsvEmnenz48)
[LOADER][TRACE] Import#1233: libc:__cxa_atexit (tsvEmnenz48)
[LOADER][TRACE] Import#1234: libc:__cxa_atexit (tsvEmnenz48)
[LOADER][TRACE] Import#1235: libc:__cxa_atexit (tsvEmnenz48)
[LOADER][TRACE] Import#1236: libc:__cxa_atexit (tsvEmnenz48)
[LOADER][TRACE] Import#1237: libc:__cxa_atexit (tsvEmnenz48)
[LOADER][TRACE] Import#1238: libc:__cxa_atexit (tsvEmnenz48)
[LOADER][TRACE] Import#1239: libc:__cxa_atexit (tsvEmnenz48)
[LOADER][TRACE] Import#1240: libc:__cxa_atexit (tsvEmnenz48)
[LOADER][TRACE] Import#1241: libc:__cxa_atexit (tsvEmnenz48)
[LOADER][TRACE] Import#1242: libc:__cxa_atexit (tsvEmnenz48)
[LOADER][TRACE] Import#1243: libc:__cxa_atexit (tsvEmnenz48)
[LOADER][TRACE] Import#1244: libc:__cxa_atexit (tsvEmnenz48)
[LOADER][TRACE] Import#1245: libc:__cxa_atexit (tsvEmnenz48)
[LOADER][TRACE] Import#1246: libc:__cxa_atexit (tsvEmnenz48)
[LOADER][TRACE] Import#1247: libc:__cxa_atexit (tsvEmnenz48)
[LOADER][TRACE] Import#1248: libc:__cxa_atexit (tsvEmnenz48)
[LOADER][TRACE] Import#1249: libc:__cxa_atexit (tsvEmnenz48)
[LOADER][TRACE] Import#1250: libc:__cxa_atexit (tsvEmnenz48)
[LOADER][TRACE] Import#1251: libc:__cxa_atexit (tsvEmnenz48)
[LOADER][TRACE] Import#1252: libc:__cxa_atexit (tsvEmnenz48)
[LOADER][TRACE] Import#1253: libc:__cxa_atexit (tsvEmnenz48)
[LOADER][TRACE] Import#1254: libc:__cxa_atexit (tsvEmnenz48)
[LOADER][TRACE] Import#1255: libc:__cxa_atexit (tsvEmnenz48)
[LOADER][TRACE] Import#1256: libc:__cxa_atexit (tsvEmnenz48)
[LOADER][TRACE] Import#1257: libc:__cxa_atexit (tsvEmnenz48)
[LOADER][TRACE] Import#1258: libc:__cxa_atexit (tsvEmnenz48)
[LOADER][TRACE] Import#1259: libc:__cxa_atexit (tsvEmnenz48)
[LOADER][TRACE] Import#1260: libc:__cxa_atexit (tsvEmnenz48)
[LOADER][TRACE] Import#1261: libc:__cxa_atexit (tsvEmnenz48)
[LOADER][TRACE] Import#1262: libc:__cxa_atexit (tsvEmnenz48)
[LOADER][TRACE] Import#1263: libc:__cxa_atexit (tsvEmnenz48)
[LOADER][TRACE] Import#1264: libc:__cxa_atexit (tsvEmnenz48)
[LOADER][TRACE] Import#1265: libc:__cxa_atexit (tsvEmnenz48)
[LOADER][TRACE] Import#1266: libc:__cxa_atexit (tsvEmnenz48)
[LOADER][TRACE] Import#1267: libc:__cxa_atexit (tsvEmnenz48)
[LOADER][TRACE] Import#1268: libc:__cxa_atexit (tsvEmnenz48)
[LOADER][TRACE] Import#1269: libc:__cxa_atexit (tsvEmnenz48)
[LOADER][TRACE] Import#1270: libc:__cxa_atexit (tsvEmnenz48)
[LOADER][TRACE] Import#1271: libc:__cxa_atexit (tsvEmnenz48)
[LOADER][TRACE] Import#1272: libc:__cxa_atexit (tsvEmnenz48)
[LOADER][TRACE] Import#1273: libc:__cxa_atexit (tsvEmnenz48)
[LOADER][TRACE] Import#1274: libc:__cxa_atexit (tsvEmnenz48)
[LOADER][TRACE] Import#1275: libc:__cxa_atexit (tsvEmnenz48)
[LOADER][TRACE] Import#1276: libc:__cxa_atexit (tsvEmnenz48)
[LOADER][TRACE] Import#1277: libc:__cxa_atexit (tsvEmnenz48)
[LOADER][TRACE] Import#1278: libc:__cxa_atexit (tsvEmnenz48)
[LOADER][TRACE] Import#1279: libc:__cxa_atexit (tsvEmnenz48)
[LOADER][TRACE] Import#1280: libc:__cxa_atexit (tsvEmnenz48)
[LOADER][TRACE] Import#1281: libc:__cxa_atexit (tsvEmnenz48)
[LOADER][TRACE] Import#1282: libc:__cxa_atexit (tsvEmnenz48)
[LOADER][TRACE] Import#1283: libc:__cxa_atexit (tsvEmnenz48)
[LOADER][TRACE] Import#1284: libc:__cxa_atexit (tsvEmnenz48)
[LOADER][TRACE] Import#1285: libc:__cxa_atexit (tsvEmnenz48)
[LOADER][TRACE] Import#1286: libc:__cxa_atexit (tsvEmnenz48)
[LOADER][TRACE] Import#1287: libc:__cxa_atexit (tsvEmnenz48)
[LOADER][TRACE] Import#1288: libc:__cxa_atexit (tsvEmnenz48)
[LOADER][TRACE] Import#1289: libc:__cxa_atexit (tsvEmnenz48)
[LOADER][TRACE] Import#1290: libc:__cxa_atexit (tsvEmnenz48)
[LOADER][TRACE] Import#1291: libc:__cxa_atexit (tsvEmnenz48)
[LOADER][TRACE] Import#1292: libc:__cxa_atexit (tsvEmnenz48)
[LOADER][TRACE] Import#1293: libc:__cxa_atexit (tsvEmnenz48)
[LOADER][TRACE] Import#1294: libc:__cxa_atexit (tsvEmnenz48)
[LOADER][TRACE] Import#1295: libc:__cxa_atexit (tsvEmnenz48)
[LOADER][TRACE] Import#1296: libc:__cxa_atexit (tsvEmnenz48)
[LOADER][TRACE] Import#1297: libc:__cxa_atexit (tsvEmnenz48)
[LOADER][TRACE] Import#1298: libc:__cxa_atexit (tsvEmnenz48)
[LOADER][TRACE] Import#1299: libc:__cxa_atexit (tsvEmnenz48)
[LOADER][TRACE] Import#1300: libc:__cxa_atexit (tsvEmnenz48)
[EXECUTE_ONCE] flag=0x0000000801E50D90 callback=0x00000008007DEE60 arg=0x00006FFFF01FFE18 current_value=0 thread=0x0000000000000000
[EXECUTE_ONCE-G2] BEFORE: RAX=0x00007FD3123FD000 RBX=0x0000000000000058 R12=0x0000000000000000 R13=0x00007FCEB8000C58 R14=0x0000000801EC1270 R15=0x00007FCEB8ED89E0 RBP=0x00006FFFF01FFE50 RSP=0x00006FFFF01FFDF8
[EXECUTE_ONCE] Calling guest callback at 0x00000008007DEE60...
[THREADMODE] worker_created native_tid=25225 loop=0x00007FCEB437A000 tid=25225 managed=4
[THREADMODE] worker_enter guest=0x0000000000000000 stub=0x00007FCEB4411000 tid=25247 managed=25
[LOADER][TRACE] sema.create handle=0x00000045 name='Baselib_SystemSemaphore' attr=0x1 init=0 max=2147483647
[LOADER][TRACE] sema.create handle=0x00000046 name='Baselib_SystemSemaphore' attr=0x1 init=0 max=2147483647
[THREADMODE] worker_exit guest=0x0000000000000000 result=0x00000001 yield=False tid=25247 managed=25
[EXECUTE_ONCE] callback returned 0 error=''
[EXECUTE_ONCE-G2] AFTER: RAX=0x00007FD3123FD000 RBX=0x0000000000000058 R12=0x0000000000000000 R13=0x00007FCEB8000C58 R14=0x0000000801EC1270 R15=0x00007FCEB8ED89E0 RBP=0x00006FFFF01FFE50 RSP=0x00006FFFF01FFDF8
[EXECUTE_ONCE] callback SUCCESS, flag marked complete
[LOADER][WARN] Import#1918 result: ORBIS_GEN2_ERROR_NOT_FOUND (rVjRvHJ0X6c) rdi=0x0000002010000000 rsi=0x0000000000000001 rdx=0x00006FFFF01FFEB8 rcx=0x0000000000000048 ret=0x00000008013EB4B2
[LOADER][WARN] Import#1922 result: ORBIS_GEN2_ERROR_NOT_FOUND (BHouLQzh0X0) rdi=0x0000000010000000 rsi=0x0000000000000001 rdx=0x00006FFFF01FFEB8 rcx=0x0000000000000018 ret=0x00000008013EB515
[LOADER][TRACE] sema.create handle=0x00000047 name='Baselib_SystemSemaphore' attr=0x1 init=0 max=2147483647
[LOADER][TRACE] sema.create handle=0x00000048 name='Baselib_SystemSemaphore' attr=0x1 init=0 max=2147483647
[LOADER][TRACE] sema.create handle=0x00000049 name='Baselib_SystemSemaphore' attr=0x1 init=0 max=2147483647
[LOADER][TRACE] sema.create handle=0x0000004A name='Baselib_SystemSemaphore' attr=0x1 init=0 max=2147483647
[DEBUG][PRINF] Argument Count = 1
[DEBUG][PRINF] Arg 0 = eboot.bin
[DEBUG][PRINF] 	File System Root = NONE SPECIFIED
[DEBUG][PRINF] 	Launcher Path = NONE SPECIFIED
[DEBUG][PRINF] 	Launcher Arguments NONE SPECIFIED
[LOADER][WARN] Import#2039 result: ORBIS_GEN2_ERROR_NOT_FOUND (xeYO4u7uyJ0) rdi=0x00006FFFF01FFC00 rsi=0x0000000801BA8D19 rdx=0x00006FFFF01FFC00 rcx=0x00006FFFF01FFCE0 ret=0x00000008008044B3
[DIAG-VERIFY] Import #2000 OK: libKernel::libKernel:scePthreadMutexLock ret=0x0000000000000000
[G3-GOT] strcmp GOT slot at 0x808924090 = 0x6ffffd0005c0
[RESOLVER-TRACE] === POST-WRAPPER COMPARISON (Import#2084: unity_mono_set_user_malloc_mutex) ===
[RESOLVER-TRACE] ERROR: No pre-wrapper snapshot was taken!
[FLAG-WATCH] === RESOLVER NODE DUMP (post-wrapper (Import#2084)) ===
[FLAG-WATCH] List head struct: 0x2000003f20
[FLAG-WATCH] First node: 0x2000027440
[FLAG-WATCH] Node #1 @0x2000027440: next=0x2000026d40 field[0x08]=0x2000003f20 symbol_ptr=0x2000028340 name='??' func_ptr=0x808252634 [0x18]=1 [0x19]=0 [0x1a]=0
[FLAG-WATCH] Node #2 @0x2000026d40: next=0x2000026540 field[0x08]=0x2000027440 symbol_ptr=0x2000026a40 name='?m' func_ptr=0x8082789b3 [0x18]=1 [0x19]=0 [0x1a]=0
[FLAG-WATCH] Node #3 @0x2000026540: next=0x20000262c0 field[0x08]=0x2000026d40 symbol_ptr=0x2000026b40 name='?f' func_ptr=0x80827a836 [0x18]=1 [0x19]=0 [0x1a]=0
[FLAG-WATCH] Node #4 @0x20000262c0: next=0x2000026140 field[0x08]=0x2000026540 symbol_ptr=0x2000026440 name='?c' func_ptr=0x808262791 [0x18]=1 [0x19]=0 [0x1a]=0
[FLAG-WATCH] Node #5 @0x2000026140: next=0x2000026040 field[0x08]=0x20000262c0 symbol_ptr=0x20000265c0 name='@b' func_ptr=0x80827898c [0x18]=1 [0x19]=0 [0x1a]=0
[FLAG-WATCH] Node #6 @0x2000026040: next=0x2000003f20 field[0x08]=0x2000026140 symbol_ptr=0x2000003f20 name='@`' func_ptr=0x80824729b [0x18]=1 [0x19]=0 [0x1a]=0
[FLAG-WATCH] Node #7 @0x2000003f20: next=0x2000026040 field[0x08]=0x2000027440 symbol_ptr=0x200002ad40 name='@?' func_ptr=0x0 [0x18]=1 [0x19]=1 [0x1a]=0
[FLAG-WATCH] Node #8 @0x2000026040: next=0x2000003f20 field[0x08]=0x2000026140 symbol_ptr=0x2000003f20 name='@`' func_ptr=0x80824729b [0x18]=1 [0x19]=0 [0x1a]=0
[FLAG-WATCH] Node #9 @0x2000003f20: next=0x2000026040 field[0x08]=0x2000027440 symbol_ptr=0x200002ad40 name='@?' func_ptr=0x0 [0x18]=1 [0x19]=1 [0x1a]=0
[FLAG-WATCH] Node #10 @0x2000026040: next=0x2000003f20 field[0x08]=0x2000026140 symbol_ptr=0x2000003f20 name='@`' func_ptr=0x80824729b [0x18]=1 [0x19]=0 [0x1a]=0
[FLAG-WATCH] Node #11 @0x2000003f20: next=0x2000026040 field[0x08]=0x2000027440 symbol_ptr=0x200002ad40 name='@?' func_ptr=0x0 [0x18]=1 [0x19]=1 [0x1a]=0
[FLAG-WATCH] Node #12 @0x2000026040: next=0x2000003f20 field[0x08]=0x2000026140 symbol_ptr=0x2000003f20 name='@`' func_ptr=0x80824729b [0x18]=1 [0x19]=0 [0x1a]=0
[FLAG-WATCH] Node #13 @0x2000003f20: next=0x2000026040 field[0x08]=0x2000027440 symbol_ptr=0x200002ad40 name='@?' func_ptr=0x0 [0x18]=1 [0x19]=1 [0x1a]=0
[FLAG-WATCH] Node #14 @0x2000026040: next=0x2000003f20 field[0x08]=0x2000026140 symbol_ptr=0x2000003f20 name='@`' func_ptr=0x80824729b [0x18]=1 [0x19]=0 [0x1a]=0
[FLAG-WATCH] Node #15 @0x2000003f20: next=0x2000026040 field[0x08]=0x2000027440 symbol_ptr=0x200002ad40 name='@?' func_ptr=0x0 [0x18]=1 [0x19]=1 [0x1a]=0
[FLAG-WATCH] Node #16 @0x2000026040: next=0x2000003f20 field[0x08]=0x2000026140 symbol_ptr=0x2000003f20 name='@`' func_ptr=0x80824729b [0x18]=1 [0x19]=0 [0x1a]=0
[FLAG-WATCH] Node #17 @0x2000003f20: next=0x2000026040 field[0x08]=0x2000027440 symbol_ptr=0x200002ad40 name='@?' func_ptr=0x0 [0x18]=1 [0x19]=1 [0x1a]=0
[FLAG-WATCH] Node #18 @0x2000026040: next=0x2000003f20 field[0x08]=0x2000026140 symbol_ptr=0x2000003f20 name='@`' func_ptr=0x80824729b [0x18]=1 [0x19]=0 [0x1a]=0
[FLAG-WATCH] Node #19 @0x2000003f20: next=0x2000026040 field[0x08]=0x2000027440 symbol_ptr=0x200002ad40 name='@?' func_ptr=0x0 [0x18]=1 [0x19]=1 [0x1a]=0
[FLAG-WATCH] Node #20 @0x2000026040: next=0x2000003f20 field[0x08]=0x2000026140 symbol_ptr=0x2000003f20 name='@`' func_ptr=0x80824729b [0x18]=1 [0x19]=0 [0x1a]=0
[FLAG-WATCH] Node #21 @0x2000003f20: next=0x2000026040 field[0x08]=0x2000027440 symbol_ptr=0x200002ad40 name='@?' func_ptr=0x0 [0x18]=1 [0x19]=1 [0x1a]=0
[FLAG-WATCH] Node #22 @0x2000026040: next=0x2000003f20 field[0x08]=0x2000026140 symbol_ptr=0x2000003f20 name='@`' func_ptr=0x80824729b [0x18]=1 [0x19]=0 [0x1a]=0
[FLAG-WATCH] Node #23 @0x2000003f20: next=0x2000026040 field[0x08]=0x2000027440 symbol_ptr=0x200002ad40 name='@?' func_ptr=0x0 [0x18]=1 [0x19]=1 [0x1a]=0
[FLAG-WATCH] Node #24 @0x2000026040: next=0x2000003f20 field[0x08]=0x2000026140 symbol_ptr=0x2000003f20 name='@`' func_ptr=0x80824729b [0x18]=1 [0x19]=0 [0x1a]=0
[FLAG-WATCH] Node #25 @0x2000003f20: next=0x2000026040 field[0x08]=0x2000027440 symbol_ptr=0x200002ad40 name='@?' func_ptr=0x0 [0x18]=1 [0x19]=1 [0x1a]=0
[FLAG-WATCH] Node #26 @0x2000026040: next=0x2000003f20 field[0x08]=0x2000026140 symbol_ptr=0x2000003f20 name='@`' func_ptr=0x80824729b [0x18]=1 [0x19]=0 [0x1a]=0
[FLAG-WATCH] Node #27 @0x2000003f20: next=0x2000026040 field[0x08]=0x2000027440 symbol_ptr=0x200002ad40 name='@?' func_ptr=0x0 [0x18]=1 [0x19]=1 [0x1a]=0
[FLAG-WATCH] Node #28 @0x2000026040: next=0x2000003f20 field[0x08]=0x2000026140 symbol_ptr=0x2000003f20 name='@`' func_ptr=0x80824729b [0x18]=1 [0x19]=0 [0x1a]=0
[FLAG-WATCH] Node #29 @0x2000003f20: next=0x2000026040 field[0x08]=0x2000027440 symbol_ptr=0x200002ad40 name='@?' func_ptr=0x0 [0x18]=1 [0x19]=1 [0x1a]=0
[FLAG-WATCH] Node #30 @0x2000026040: next=0x2000003f20 field[0x08]=0x2000026140 symbol_ptr=0x2000003f20 name='@`' func_ptr=0x80824729b [0x18]=1 [0x19]=0 [0x1a]=0
[FLAG-WATCH] Node #31 @0x2000003f20: next=0x2000026040 field[0x08]=0x2000027440 symbol_ptr=0x200002ad40 name='@?' func_ptr=0x0 [0x18]=1 [0x19]=1 [0x1a]=0
[FLAG-WATCH] Node #32 @0x2000026040: next=0x2000003f20 field[0x08]=0x2000026140 symbol_ptr=0x2000003f20 name='@`' func_ptr=0x80824729b [0x18]=1 [0x19]=0 [0x1a]=0
[FLAG-WATCH] Node #33 @0x2000003f20: next=0x2000026040 field[0x08]=0x2000027440 symbol_ptr=0x200002ad40 name='@?' func_ptr=0x0 [0x18]=1 [0x19]=1 [0x1a]=0
[FLAG-WATCH] Node #34 @0x2000026040: next=0x2000003f20 field[0x08]=0x2000026140 symbol_ptr=0x2000003f20 name='@`' func_ptr=0x80824729b [0x18]=1 [0x19]=0 [0x1a]=0
[FLAG-WATCH] Node #35 @0x2000003f20: next=0x2000026040 field[0x08]=0x2000027440 symbol_ptr=0x200002ad40 name='@?' func_ptr=0x0 [0x18]=1 [0x19]=1 [0x1a]=0
[FLAG-WATCH] Node #36 @0x2000026040: next=0x2000003f20 field[0x08]=0x2000026140 symbol_ptr=0x2000003f20 name='@`' func_ptr=0x80824729b [0x18]=1 [0x19]=0 [0x1a]=0
[FLAG-WATCH] Node #37 @0x2000003f20: next=0x2000026040 field[0x08]=0x2000027440 symbol_ptr=0x200002ad40 name='@?' func_ptr=0x0 [0x18]=1 [0x19]=1 [0x1a]=0
[FLAG-WATCH] Node #38 @0x2000026040: next=0x2000003f20 field[0x08]=0x2000026140 symbol_ptr=0x2000003f20 name='@`' func_ptr=0x80824729b [0x18]=1 [0x19]=0 [0x1a]=0
[FLAG-WATCH] Node #39 @0x2000003f20: next=0x2000026040 field[0x08]=0x2000027440 symbol_ptr=0x200002ad40 name='@?' func_ptr=0x0 [0x18]=1 [0x19]=1 [0x1a]=0
[FLAG-WATCH] Node #40 @0x2000026040: next=0x2000003f20 field[0x08]=0x2000026140 symbol_ptr=0x2000003f20 name='@`' func_ptr=0x80824729b [0x18]=1 [0x19]=0 [0x1a]=0
[FLAG-WATCH] Node #41 @0x2000003f20: next=0x2000026040 field[0x08]=0x2000027440 symbol_ptr=0x200002ad40 name='@?' func_ptr=0x0 [0x18]=1 [0x19]=1 [0x1a]=0
[FLAG-WATCH] Node #42 @0x2000026040: next=0x2000003f20 field[0x08]=0x2000026140 symbol_ptr=0x2000003f20 name='@`' func_ptr=0x80824729b [0x18]=1 [0x19]=0 [0x1a]=0
[FLAG-WATCH] Node #43 @0x2000003f20: next=0x2000026040 field[0x08]=0x2000027440 symbol_ptr=0x200002ad40 name='@?' func_ptr=0x0 [0x18]=1 [0x19]=1 [0x1a]=0
[FLAG-WATCH] Node #44 @0x2000026040: next=0x2000003f20 field[0x08]=0x2000026140 symbol_ptr=0x2000003f20 name='@`' func_ptr=0x80824729b [0x18]=1 [0x19]=0 [0x1a]=0
[FLAG-WATCH] Node #45 @0x2000003f20: next=0x2000026040 field[0x08]=0x2000027440 symbol_ptr=0x200002ad40 name='@?' func_ptr=0x0 [0x18]=1 [0x19]=1 [0x1a]=0
[FLAG-WATCH] Node #46 @0x2000026040: next=0x2000003f20 field[0x08]=0x2000026140 symbol_ptr=0x2000003f20 name='@`' func_ptr=0x80824729b [0x18]=1 [0x19]=0 [0x1a]=0
[FLAG-WATCH] Node #47 @0x2000003f20: next=0x2000026040 field[0x08]=0x2000027440 symbol_ptr=0x200002ad40 name='@?' func_ptr=0x0 [0x18]=1 [0x19]=1 [0x1a]=0
[FLAG-WATCH] Node #48 @0x2000026040: next=0x2000003f20 field[0x08]=0x2000026140 symbol_ptr=0x2000003f20 name='@`' func_ptr=0x80824729b [0x18]=1 [0x19]=0 [0x1a]=0
[FLAG-WATCH] Node #49 @0x2000003f20: next=0x2000026040 field[0x08]=0x2000027440 symbol_ptr=0x200002ad40 name='@?' func_ptr=0x0 [0x18]=1 [0x19]=1 [0x1a]=0
[FLAG-WATCH] Node #50 @0x2000026040: next=0x2000003f20 field[0x08]=0x2000026140 symbol_ptr=0x2000003f20 name='@`' func_ptr=0x80824729b [0x18]=1 [0x19]=0 [0x1a]=0
[FLAG-WATCH] Node #51 @0x2000003f20: next=0x2000026040 field[0x08]=0x2000027440 symbol_ptr=0x200002ad40 name='@?' func_ptr=0x0 [0x18]=1 [0x19]=1 [0x1a]=0
[FLAG-WATCH] Node #52 @0x2000026040: next=0x2000003f20 field[0x08]=0x2000026140 symbol_ptr=0x2000003f20 name='@`' func_ptr=0x80824729b [0x18]=1 [0x19]=0 [0x1a]=0
[FLAG-WATCH] Node #53 @0x2000003f20: next=0x2000026040 field[0x08]=0x2000027440 symbol_ptr=0x200002ad40 name='@?' func_ptr=0x0 [0x18]=1 [0x19]=1 [0x1a]=0
[FLAG-WATCH] Node #54 @0x2000026040: next=0x2000003f20 field[0x08]=0x2000026140 symbol_ptr=0x2000003f20 name='@`' func_ptr=0x80824729b [0x18]=1 [0x19]=0 [0x1a]=0
[FLAG-WATCH] Node #55 @0x2000003f20: next=0x2000026040 field[0x08]=0x2000027440 symbol_ptr=0x200002ad40 name='@?' func_ptr=0x0 [0x18]=1 [0x19]=1 [0x1a]=0
[FLAG-WATCH] Node #56 @0x2000026040: next=0x2000003f20 field[0x08]=0x2000026140 symbol_ptr=0x2000003f20 name='@`' func_ptr=0x80824729b [0x18]=1 [0x19]=0 [0x1a]=0
[FLAG-WATCH] Node #57 @0x2000003f20: next=0x2000026040 field[0x08]=0x2000027440 symbol_ptr=0x200002ad40 name='@?' func_ptr=0x0 [0x18]=1 [0x19]=1 [0x1a]=0
[FLAG-WATCH] Node #58 @0x2000026040: next=0x2000003f20 field[0x08]=0x2000026140 symbol_ptr=0x2000003f20 name='@`' func_ptr=0x80824729b [0x18]=1 [0x19]=0 [0x1a]=0
[FLAG-WATCH] Node #59 @0x2000003f20: next=0x2000026040 field[0x08]=0x2000027440 symbol_ptr=0x200002ad40 name='@?' func_ptr=0x0 [0x18]=1 [0x19]=1 [0x1a]=0
[FLAG-WATCH] Node #60 @0x2000026040: next=0x2000003f20 field[0x08]=0x2000026140 symbol_ptr=0x2000003f20 name='@`' func_ptr=0x80824729b [0x18]=1 [0x19]=0 [0x1a]=0
[FLAG-WATCH] Node #61 @0x2000003f20: next=0x2000026040 field[0x08]=0x2000027440 symbol_ptr=0x200002ad40 name='@?' func_ptr=0x0 [0x18]=1 [0x19]=1 [0x1a]=0
[FLAG-WATCH] Node #62 @0x2000026040: next=0x2000003f20 field[0x08]=0x2000026140 symbol_ptr=0x2000003f20 name='@`' func_ptr=0x80824729b [0x18]=1 [0x19]=0 [0x1a]=0
[FLAG-WATCH] Node #63 @0x2000003f20: next=0x2000026040 field[0x08]=0x2000027440 symbol_ptr=0x200002ad40 name='@?' func_ptr=0x0 [0x18]=1 [0x19]=1 [0x1a]=0
[FLAG-WATCH] Node #64 @0x2000026040: next=0x2000003f20 field[0x08]=0x2000026140 symbol_ptr=0x2000003f20 name='@`' func_ptr=0x80824729b [0x18]=1 [0x19]=0 [0x1a]=0
[FLAG-WATCH] Node #65 @0x2000003f20: next=0x2000026040 field[0x08]=0x2000027440 symbol_ptr=0x200002ad40 name='@?' func_ptr=0x0 [0x18]=1 [0x19]=1 [0x1a]=0
[FLAG-WATCH] Node #66 @0x2000026040: next=0x2000003f20 field[0x08]=0x2000026140 symbol_ptr=0x2000003f20 name='@`' func_ptr=0x80824729b [0x18]=1 [0x19]=0 [0x1a]=0
[FLAG-WATCH] Node #67 @0x2000003f20: next=0x2000026040 field[0x08]=0x2000027440 symbol_ptr=0x200002ad40 name='@?' func_ptr=0x0 [0x18]=1 [0x19]=1 [0x1a]=0
[FLAG-WATCH] Node #68 @0x2000026040: next=0x2000003f20 field[0x08]=0x2000026140 symbol_ptr=0x2000003f20 name='@`' func_ptr=0x80824729b [0x18]=1 [0x19]=0 [0x1a]=0
[FLAG-WATCH] Node #69 @0x2000003f20: next=0x2000026040 field[0x08]=0x2000027440 symbol_ptr=0x200002ad40 name='@?' func_ptr=0x0 [0x18]=1 [0x19]=1 [0x1a]=0
[FLAG-WATCH] Node #70 @0x2000026040: next=0x2000003f20 field[0x08]=0x2000026140 symbol_ptr=0x2000003f20 name='@`' func_ptr=0x80824729b [0x18]=1 [0x19]=0 [0x1a]=0
[FLAG-WATCH] Node #71 @0x2000003f20: next=0x2000026040 field[0x08]=0x2000027440 symbol_ptr=0x200002ad40 name='@?' func_ptr=0x0 [0x18]=1 [0x19]=1 [0x1a]=0
[FLAG-WATCH] Node #72 @0x2000026040: next=0x2000003f20 field[0x08]=0x2000026140 symbol_ptr=0x2000003f20 name='@`' func_ptr=0x80824729b [0x18]=1 [0x19]=0 [0x1a]=0
[FLAG-WATCH] Node #73 @0x2000003f20: next=0x2000026040 field[0x08]=0x2000027440 symbol_ptr=0x200002ad40 name='@?' func_ptr=0x0 [0x18]=1 [0x19]=1 [0x1a]=0
[FLAG-WATCH] Node #74 @0x2000026040: next=0x2000003f20 field[0x08]=0x2000026140 symbol_ptr=0x2000003f20 name='@`' func_ptr=0x80824729b [0x18]=1 [0x19]=0 [0x1a]=0
[FLAG-WATCH] Node #75 @0x2000003f20: next=0x2000026040 field[0x08]=0x2000027440 symbol_ptr=0x200002ad40 name='@?' func_ptr=0x0 [0x18]=1 [0x19]=1 [0x1a]=0
[FLAG-WATCH] Node #76 @0x2000026040: next=0x2000003f20 field[0x08]=0x2000026140 symbol_ptr=0x2000003f20 name='@`' func_ptr=0x80824729b [0x18]=1 [0x19]=0 [0x1a]=0
[FLAG-WATCH] Node #77 @0x2000003f20: next=0x2000026040 field[0x08]=0x2000027440 symbol_ptr=0x200002ad40 name='@?' func_ptr=0x0 [0x18]=1 [0x19]=1 [0x1a]=0
[FLAG-WATCH] Node #78 @0x2000026040: next=0x2000003f20 field[0x08]=0x2000026140 symbol_ptr=0x2000003f20 name='@`' func_ptr=0x80824729b [0x18]=1 [0x19]=0 [0x1a]=0
[FLAG-WATCH] Node #79 @0x2000003f20: next=0x2000026040 field[0x08]=0x2000027440 symbol_ptr=0x200002ad40 name='@?' func_ptr=0x0 [0x18]=1 [0x19]=1 [0x1a]=0
[FLAG-WATCH] Node #80 @0x2000026040: next=0x2000003f20 field[0x08]=0x2000026140 symbol_ptr=0x2000003f20 name='@`' func_ptr=0x80824729b [0x18]=1 [0x19]=0 [0x1a]=0
[FLAG-WATCH] Node #81 @0x2000003f20: next=0x2000026040 field[0x08]=0x2000027440 symbol_ptr=0x200002ad40 name='@?' func_ptr=0x0 [0x18]=1 [0x19]=1 [0x1a]=0
[FLAG-WATCH] Node #82 @0x2000026040: next=0x2000003f20 field[0x08]=0x2000026140 symbol_ptr=0x2000003f20 name='@`' func_ptr=0x80824729b [0x18]=1 [0x19]=0 [0x1a]=0
[FLAG-WATCH] Node #83 @0x2000003f20: next=0x2000026040 field[0x08]=0x2000027440 symbol_ptr=0x200002ad40 name='@?' func_ptr=0x0 [0x18]=1 [0x19]=1 [0x1a]=0
[FLAG-WATCH] Node #84 @0x2000026040: next=0x2000003f20 field[0x08]=0x2000026140 symbol_ptr=0x2000003f20 name='@`' func_ptr=0x80824729b [0x18]=1 [0x19]=0 [0x1a]=0
[FLAG-WATCH] Node #85 @0x2000003f20: next=0x2000026040 field[0x08]=0x2000027440 symbol_ptr=0x200002ad40 name='@?' func_ptr=0x0 [0x18]=1 [0x19]=1 [0x1a]=0
[FLAG-WATCH] Node #86 @0x2000026040: next=0x2000003f20 field[0x08]=0x2000026140 symbol_ptr=0x2000003f20 name='@`' func_ptr=0x80824729b [0x18]=1 [0x19]=0 [0x1a]=0
[FLAG-WATCH] Node #87 @0x2000003f20: next=0x2000026040 field[0x08]=0x2000027440 symbol_ptr=0x200002ad40 name='@?' func_ptr=0x0 [0x18]=1 [0x19]=1 [0x1a]=0
[FLAG-WATCH] Node #88 @0x2000026040: next=0x2000003f20 field[0x08]=0x2000026140 symbol_ptr=0x2000003f20 name='@`' func_ptr=0x80824729b [0x18]=1 [0x19]=0 [0x1a]=0
[FLAG-WATCH] Node #89 @0x2000003f20: next=0x2000026040 field[0x08]=0x2000027440 symbol_ptr=0x200002ad40 name='@?' func_ptr=0x0 [0x18]=1 [0x19]=1 [0x1a]=0
[FLAG-WATCH] Node #90 @0x2000026040: next=0x2000003f20 field[0x08]=0x2000026140 symbol_ptr=0x2000003f20 name='@`' func_ptr=0x80824729b [0x18]=1 [0x19]=0 [0x1a]=0
[FLAG-WATCH] Node #91 @0x2000003f20: next=0x2000026040 field[0x08]=0x2000027440 symbol_ptr=0x200002ad40 name='@?' func_ptr=0x0 [0x18]=1 [0x19]=1 [0x1a]=0
[FLAG-WATCH] Node #92 @0x2000026040: next=0x2000003f20 field[0x08]=0x2000026140 symbol_ptr=0x2000003f20 name='@`' func_ptr=0x80824729b [0x18]=1 [0x19]=0 [0x1a]=0
[FLAG-WATCH] Node #93 @0x2000003f20: next=0x2000026040 field[0x08]=0x2000027440 symbol_ptr=0x200002ad40 name='@?' func_ptr=0x0 [0x18]=1 [0x19]=1 [0x1a]=0
[FLAG-WATCH] Node #94 @0x2000026040: next=0x2000003f20 field[0x08]=0x2000026140 symbol_ptr=0x2000003f20 name='@`' func_ptr=0x80824729b [0x18]=1 [0x19]=0 [0x1a]=0
[FLAG-WATCH] Node #95 @0x2000003f20: next=0x2000026040 field[0x08]=0x2000027440 symbol_ptr=0x200002ad40 name='@?' func_ptr=0x0 [0x18]=1 [0x19]=1 [0x1a]=0
[FLAG-WATCH] Node #96 @0x2000026040: next=0x2000003f20 field[0x08]=0x2000026140 symbol_ptr=0x2000003f20 name='@`' func_ptr=0x80824729b [0x18]=1 [0x19]=0 [0x1a]=0
[FLAG-WATCH] Node #97 @0x2000003f20: next=0x2000026040 field[0x08]=0x2000027440 symbol_ptr=0x200002ad40 name='@?' func_ptr=0x0 [0x18]=1 [0x19]=1 [0x1a]=0
[FLAG-WATCH] Node #98 @0x2000026040: next=0x2000003f20 field[0x08]=0x2000026140 symbol_ptr=0x2000003f20 name='@`' func_ptr=0x80824729b [0x18]=1 [0x19]=0 [0x1a]=0
[FLAG-WATCH] Node #99 @0x2000003f20: next=0x2000026040 field[0x08]=0x2000027440 symbol_ptr=0x200002ad40 name='@?' func_ptr=0x0 [0x18]=1 [0x19]=1 [0x1a]=0
[FLAG-WATCH] Node #100 @0x2000026040: next=0x2000003f20 field[0x08]=0x2000026140 symbol_ptr=0x2000003f20 name='@`' func_ptr=0x80824729b [0x18]=1 [0x19]=0 [0x1a]=0
[FLAG-WATCH] Node #101 @0x2000003f20: next=0x2000026040 field[0x08]=0x2000027440 symbol_ptr=0x200002ad40 name='@?' func_ptr=0x0 [0x18]=1 [0x19]=1 [0x1a]=0
[FLAG-WATCH] Node #102 @0x2000026040: next=0x2000003f20 field[0x08]=0x2000026140 symbol_ptr=0x2000003f20 name='@`' func_ptr=0x80824729b [0x18]=1 [0x19]=0 [0x1a]=0
[FLAG-WATCH] Node #103 @0x2000003f20: next=0x2000026040 field[0x08]=0x2000027440 symbol_ptr=0x200002ad40 name='@?' func_ptr=0x0 [0x18]=1 [0x19]=1 [0x1a]=0
[FLAG-WATCH] Node #104 @0x2000026040: next=0x2000003f20 field[0x08]=0x2000026140 symbol_ptr=0x2000003f20 name='@`' func_ptr=0x80824729b [0x18]=1 [0x19]=0 [0x1a]=0
[FLAG-WATCH] Node #105 @0x2000003f20: next=0x2000026040 field[0x08]=0x2000027440 symbol_ptr=0x200002ad40 name='@?' func_ptr=0x0 [0x18]=1 [0x19]=1 [0x1a]=0
[FLAG-WATCH] Node #106 @0x2000026040: next=0x2000003f20 field[0x08]=0x2000026140 symbol_ptr=0x2000003f20 name='@`' func_ptr=0x80824729b [0x18]=1 [0x19]=0 [0x1a]=0
[FLAG-WATCH] Node #107 @0x2000003f20: next=0x2000026040 field[0x08]=0x2000027440 symbol_ptr=0x200002ad40 name='@?' func_ptr=0x0 [0x18]=1 [0x19]=1 [0x1a]=0
[FLAG-WATCH] Node #108 @0x2000026040: next=0x2000003f20 field[0x08]=0x2000026140 symbol_ptr=0x2000003f20 name='@`' func_ptr=0x80824729b [0x18]=1 [0x19]=0 [0x1a]=0
[FLAG-WATCH] Node #109 @0x2000003f20: next=0x2000026040 field[0x08]=0x2000027440 symbol_ptr=0x200002ad40 name='@?' func_ptr=0x0 [0x18]=1 [0x19]=1 [0x1a]=0
[FLAG-WATCH] Node #110 @0x2000026040: next=0x2000003f20 field[0x08]=0x2000026140 symbol_ptr=0x2000003f20 name='@`' func_ptr=0x80824729b [0x18]=1 [0x19]=0 [0x1a]=0
[FLAG-WATCH] Node #111 @0x2000003f20: next=0x2000026040 field[0x08]=0x2000027440 symbol_ptr=0x200002ad40 name='@?' func_ptr=0x0 [0x18]=1 [0x19]=1 [0x1a]=0
[FLAG-WATCH] Node #112 @0x2000026040: next=0x2000003f20 field[0x08]=0x2000026140 symbol_ptr=0x2000003f20 name='@`' func_ptr=0x80824729b [0x18]=1 [0x19]=0 [0x1a]=0
[FLAG-WATCH] Node #113 @0x2000003f20: next=0x2000026040 field[0x08]=0x2000027440 symbol_ptr=0x200002ad40 name='@?' func_ptr=0x0 [0x18]=1 [0x19]=1 [0x1a]=0
[FLAG-WATCH] Node #114 @0x2000026040: next=0x2000003f20 field[0x08]=0x2000026140 symbol_ptr=0x2000003f20 name='@`' func_ptr=0x80824729b [0x18]=1 [0x19]=0 [0x1a]=0
[FLAG-WATCH] Node #115 @0x2000003f20: next=0x2000026040 field[0x08]=0x2000027440 symbol_ptr=0x200002ad40 name='@?' func_ptr=0x0 [0x18]=1 [0x19]=1 [0x1a]=0
[FLAG-WATCH] Node #116 @0x2000026040: next=0x2000003f20 field[0x08]=0x2000026140 symbol_ptr=0x2000003f20 name='@`' func_ptr=0x80824729b [0x18]=1 [0x19]=0 [0x1a]=0
[FLAG-WATCH] Node #117 @0x2000003f20: next=0x2000026040 field[0x08]=0x2000027440 symbol_ptr=0x200002ad40 name='@?' func_ptr=0x0 [0x18]=1 [0x19]=1 [0x1a]=0
[FLAG-WATCH] Node #118 @0x2000026040: next=0x2000003f20 field[0x08]=0x2000026140 symbol_ptr=0x2000003f20 name='@`' func_ptr=0x80824729b [0x18]=1 [0x19]=0 [0x1a]=0
[FLAG-WATCH] Node #119 @0x2000003f20: next=0x2000026040 field[0x08]=0x2000027440 symbol_ptr=0x200002ad40 name='@?' func_ptr=0x0 [0x18]=1 [0x19]=1 [0x1a]=0
[FLAG-WATCH] Node #120 @0x2000026040: next=0x2000003f20 field[0x08]=0x2000026140 symbol_ptr=0x2000003f20 name='@`' func_ptr=0x80824729b [0x18]=1 [0x19]=0 [0x1a]=0
[FLAG-WATCH] Node #121 @0x2000003f20: next=0x2000026040 field[0x08]=0x2000027440 symbol_ptr=0x200002ad40 name='@?' func_ptr=0x0 [0x18]=1 [0x19]=1 [0x1a]=0
[FLAG-WATCH] Node #122 @0x2000026040: next=0x2000003f20 field[0x08]=0x2000026140 symbol_ptr=0x2000003f20 name='@`' func_ptr=0x80824729b [0x18]=1 [0x19]=0 [0x1a]=0
[FLAG-WATCH] Node #123 @0x2000003f20: next=0x2000026040 field[0x08]=0x2000027440 symbol_ptr=0x200002ad40 name='@?' func_ptr=0x0 [0x18]=1 [0x19]=1 [0x1a]=0
[FLAG-WATCH] Node #124 @0x2000026040: next=0x2000003f20 field[0x08]=0x2000026140 symbol_ptr=0x2000003f20 name='@`' func_ptr=0x80824729b [0x18]=1 [0x19]=0 [0x1a]=0
[FLAG-WATCH] Node #125 @0x2000003f20: next=0x2000026040 field[0x08]=0x2000027440 symbol_ptr=0x200002ad40 name='@?' func_ptr=0x0 [0x18]=1 [0x19]=1 [0x1a]=0
[FLAG-WATCH] Node #126 @0x2000026040: next=0x2000003f20 field[0x08]=0x2000026140 symbol_ptr=0x2000003f20 name='@`' func_ptr=0x80824729b [0x18]=1 [0x19]=0 [0x1a]=0
[FLAG-WATCH] Node #127 @0x2000003f20: next=0x2000026040 field[0x08]=0x2000027440 symbol_ptr=0x200002ad40 name='@?' func_ptr=0x0 [0x18]=1 [0x19]=1 [0x1a]=0
[FLAG-WATCH] Node #128 @0x2000026040: next=0x2000003f20 field[0x08]=0x2000026140 symbol_ptr=0x2000003f20 name='@`' func_ptr=0x80824729b [0x18]=1 [0x19]=0 [0x1a]=0
[FLAG-WATCH] Node #129 @0x2000003f20: next=0x2000026040 field[0x08]=0x2000027440 symbol_ptr=0x200002ad40 name='@?' func_ptr=0x0 [0x18]=1 [0x19]=1 [0x1a]=0
[FLAG-WATCH] Node #130 @0x2000026040: next=0x2000003f20 field[0x08]=0x2000026140 symbol_ptr=0x2000003f20 name='@`' func_ptr=0x80824729b [0x18]=1 [0x19]=0 [0x1a]=0
[FLAG-WATCH] Node #131 @0x2000003f20: next=0x2000026040 field[0x08]=0x2000027440 symbol_ptr=0x200002ad40 name='@?' func_ptr=0x0 [0x18]=1 [0x19]=1 [0x1a]=0
[FLAG-WATCH] Node #132 @0x2000026040: next=0x2000003f20 field[0x08]=0x2000026140 symbol_ptr=0x2000003f20 name='@`' func_ptr=0x80824729b [0x18]=1 [0x19]=0 [0x1a]=0
[FLAG-WATCH] Node #133 @0x2000003f20: next=0x2000026040 field[0x08]=0x2000027440 symbol_ptr=0x200002ad40 name='@?' func_ptr=0x0 [0x18]=1 [0x19]=1 [0x1a]=0
[FLAG-WATCH] Node #134 @0x2000026040: next=0x2000003f20 field[0x08]=0x2000026140 symbol_ptr=0x2000003f20 name='@`' func_ptr=0x80824729b [0x18]=1 [0x19]=0 [0x1a]=0
[FLAG-WATCH] Node #135 @0x2000003f20: next=0x2000026040 field[0x08]=0x2000027440 symbol_ptr=0x200002ad40 name='@?' func_ptr=0x0 [0x18]=1 [0x19]=1 [0x1a]=0
[FLAG-WATCH] Node #136 @0x2000026040: next=0x2000003f20 field[0x08]=0x2000026140 symbol_ptr=0x2000003f20 name='@`' func_ptr=0x80824729b [0x18]=1 [0x19]=0 [0x1a]=0
[FLAG-WATCH] Node #137 @0x2000003f20: next=0x2000026040 field[0x08]=0x2000027440 symbol_ptr=0x200002ad40 name='@?' func_ptr=0x0 [0x18]=1 [0x19]=1 [0x1a]=0
[FLAG-WATCH] Node #138 @0x2000026040: next=0x2000003f20 field[0x08]=0x2000026140 symbol_ptr=0x2000003f20 name='@`' func_ptr=0x80824729b [0x18]=1 [0x19]=0 [0x1a]=0
[FLAG-WATCH] Node #139 @0x2000003f20: next=0x2000026040 field[0x08]=0x2000027440 symbol_ptr=0x200002ad40 name='@?' func_ptr=0x0 [0x18]=1 [0x19]=1 [0x1a]=0
[FLAG-WATCH] Node #140 @0x2000026040: next=0x2000003f20 field[0x08]=0x2000026140 symbol_ptr=0x2000003f20 name='@`' func_ptr=0x80824729b [0x18]=1 [0x19]=0 [0x1a]=0
[FLAG-WATCH] Node #141 @0x2000003f20: next=0x2000026040 field[0x08]=0x2000027440 symbol_ptr=0x200002ad40 name='@?' func_ptr=0x0 [0x18]=1 [0x19]=1 [0x1a]=0
[FLAG-WATCH] Node #142 @0x2000026040: next=0x2000003f20 field[0x08]=0x2000026140 symbol_ptr=0x2000003f20 name='@`' func_ptr=0x80824729b [0x18]=1 [0x19]=0 [0x1a]=0
[FLAG-WATCH] Node #143 @0x2000003f20: next=0x2000026040 field[0x08]=0x2000027440 symbol_ptr=0x200002ad40 name='@?' func_ptr=0x0 [0x18]=1 [0x19]=1 [0x1a]=0
[FLAG-WATCH] Node #144 @0x2000026040: next=0x2000003f20 field[0x08]=0x2000026140 symbol_ptr=0x2000003f20 name='@`' func_ptr=0x80824729b [0x18]=1 [0x19]=0 [0x1a]=0
[FLAG-WATCH] Node #145 @0x2000003f20: next=0x2000026040 field[0x08]=0x2000027440 symbol_ptr=0x200002ad40 name='@?' func_ptr=0x0 [0x18]=1 [0x19]=1 [0x1a]=0
[FLAG-WATCH] Node #146 @0x2000026040: next=0x2000003f20 field[0x08]=0x2000026140 symbol_ptr=0x2000003f20 name='@`' func_ptr=0x80824729b [0x18]=1 [0x19]=0 [0x1a]=0
[FLAG-WATCH] Node #147 @0x2000003f20: next=0x2000026040 field[0x08]=0x2000027440 symbol_ptr=0x200002ad40 name='@?' func_ptr=0x0 [0x18]=1 [0x19]=1 [0x1a]=0
[FLAG-WATCH] Node #148 @0x2000026040: next=0x2000003f20 field[0x08]=0x2000026140 symbol_ptr=0x2000003f20 name='@`' func_ptr=0x80824729b [0x18]=1 [0x19]=0 [0x1a]=0
[FLAG-WATCH] Node #149 @0x2000003f20: next=0x2000026040 field[0x08]=0x2000027440 symbol_ptr=0x200002ad40 name='@?' func_ptr=0x0 [0x18]=1 [0x19]=1 [0x1a]=0
[FLAG-WATCH] Node #150 @0x2000026040: next=0x2000003f20 field[0x08]=0x2000026140 symbol_ptr=0x2000003f20 name='@`' func_ptr=0x80824729b [0x18]=1 [0x19]=0 [0x1a]=0
[FLAG-WATCH] Node #151 @0x2000003f20: next=0x2000026040 field[0x08]=0x2000027440 symbol_ptr=0x200002ad40 name='@?' func_ptr=0x0 [0x18]=1 [0x19]=1 [0x1a]=0
[FLAG-WATCH] Node #152 @0x2000026040: next=0x2000003f20 field[0x08]=0x2000026140 symbol_ptr=0x2000003f20 name='@`' func_ptr=0x80824729b [0x18]=1 [0x19]=0 [0x1a]=0
[FLAG-WATCH] Node #153 @0x2000003f20: next=0x2000026040 field[0x08]=0x2000027440 symbol_ptr=0x200002ad40 name='@?' func_ptr=0x0 [0x18]=1 [0x19]=1 [0x1a]=0
[FLAG-WATCH] Node #154 @0x2000026040: next=0x2000003f20 field[0x08]=0x2000026140 symbol_ptr=0x2000003f20 name='@`' func_ptr=0x80824729b [0x18]=1 [0x19]=0 [0x1a]=0
[FLAG-WATCH] Node #155 @0x2000003f20: next=0x2000026040 field[0x08]=0x2000027440 symbol_ptr=0x200002ad40 name='@?' func_ptr=0x0 [0x18]=1 [0x19]=1 [0x1a]=0
[FLAG-WATCH] Node #156 @0x2000026040: next=0x2000003f20 field[0x08]=0x2000026140 symbol_ptr=0x2000003f20 name='@`' func_ptr=0x80824729b [0x18]=1 [0x19]=0 [0x1a]=0
[FLAG-WATCH] Node #157 @0x2000003f20: next=0x2000026040 field[0x08]=0x2000027440 symbol_ptr=0x200002ad40 name='@?' func_ptr=0x0 [0x18]=1 [0x19]=1 [0x1a]=0
[FLAG-WATCH] Node #158 @0x2000026040: next=0x2000003f20 field[0x08]=0x2000026140 symbol_ptr=0x2000003f20 name='@`' func_ptr=0x80824729b [0x18]=1 [0x19]=0 [0x1a]=0
[FLAG-WATCH] Node #159 @0x2000003f20: next=0x2000026040 field[0x08]=0x2000027440 symbol_ptr=0x200002ad40 name='@?' func_ptr=0x0 [0x18]=1 [0x19]=1 [0x1a]=0
[FLAG-WATCH] Node #160 @0x2000026040: next=0x2000003f20 field[0x08]=0x2000026140 symbol_ptr=0x2000003f20 name='@`' func_ptr=0x80824729b [0x18]=1 [0x19]=0 [0x1a]=0
[FLAG-WATCH] Node #161 @0x2000003f20: next=0x2000026040 field[0x08]=0x2000027440 symbol_ptr=0x200002ad40 name='@?' func_ptr=0x0 [0x18]=1 [0x19]=1 [0x1a]=0
[FLAG-WATCH] Node #162 @0x2000026040: next=0x2000003f20 field[0x08]=0x2000026140 symbol_ptr=0x2000003f20 name='@`' func_ptr=0x80824729b [0x18]=1 [0x19]=0 [0x1a]=0
[FLAG-WATCH] Node #163 @0x2000003f20: next=0x2000026040 field[0x08]=0x2000027440 symbol_ptr=0x200002ad40 name='@?' func_ptr=0x0 [0x18]=1 [0x19]=1 [0x1a]=0
[FLAG-WATCH] Node #164 @0x2000026040: next=0x2000003f20 field[0x08]=0x2000026140 symbol_ptr=0x2000003f20 name='@`' func_ptr=0x80824729b [0x18]=1 [0x19]=0 [0x1a]=0
[FLAG-WATCH] Node #165 @0x2000003f20: next=0x2000026040 field[0x08]=0x2000027440 symbol_ptr=0x200002ad40 name='@?' func_ptr=0x0 [0x18]=1 [0x19]=1 [0x1a]=0
[FLAG-WATCH] Node #166 @0x2000026040: next=0x2000003f20 field[0x08]=0x2000026140 symbol_ptr=0x2000003f20 name='@`' func_ptr=0x80824729b [0x18]=1 [0x19]=0 [0x1a]=0
[FLAG-WATCH] Node #167 @0x2000003f20: next=0x2000026040 field[0x08]=0x2000027440 symbol_ptr=0x200002ad40 name='@?' func_ptr=0x0 [0x18]=1 [0x19]=1 [0x1a]=0
[FLAG-WATCH] Node #168 @0x2000026040: next=0x2000003f20 field[0x08]=0x2000026140 symbol_ptr=0x2000003f20 name='@`' func_ptr=0x80824729b [0x18]=1 [0x19]=0 [0x1a]=0
[FLAG-WATCH] Node #169 @0x2000003f20: next=0x2000026040 field[0x08]=0x2000027440 symbol_ptr=0x200002ad40 name='@?' func_ptr=0x0 [0x18]=1 [0x19]=1 [0x1a]=0
[FLAG-WATCH] Node #170 @0x2000026040: next=0x2000003f20 field[0x08]=0x2000026140 symbol_ptr=0x2000003f20 name='@`' func_ptr=0x80824729b [0x18]=1 [0x19]=0 [0x1a]=0
[FLAG-WATCH] Node #171 @0x2000003f20: next=0x2000026040 field[0x08]=0x2000027440 symbol_ptr=0x200002ad40 name='@?' func_ptr=0x0 [0x18]=1 [0x19]=1 [0x1a]=0
[FLAG-WATCH] Node #172 @0x2000026040: next=0x2000003f20 field[0x08]=0x2000026140 symbol_ptr=0x2000003f20 name='@`' func_ptr=0x80824729b [0x18]=1 [0x19]=0 [0x1a]=0
[FLAG-WATCH] Node #173 @0x2000003f20: next=0x2000026040 field[0x08]=0x2000027440 symbol_ptr=0x200002ad40 name='@?' func_ptr=0x0 [0x18]=1 [0x19]=1 [0x1a]=0
[FLAG-WATCH] Node #174 @0x2000026040: next=0x2000003f20 field[0x08]=0x2000026140 symbol_ptr=0x2000003f20 name='@`' func_ptr=0x80824729b [0x18]=1 [0x19]=0 [0x1a]=0
[FLAG-WATCH] Node #175 @0x2000003f20: next=0x2000026040 field[0x08]=0x2000027440 symbol_ptr=0x200002ad40 name='@?' func_ptr=0x0 [0x18]=1 [0x19]=1 [0x1a]=0
[FLAG-WATCH] Node #176 @0x2000026040: next=0x2000003f20 field[0x08]=0x2000026140 symbol_ptr=0x2000003f20 name='@`' func_ptr=0x80824729b [0x18]=1 [0x19]=0 [0x1a]=0
[FLAG-WATCH] Node #177 @0x2000003f20: next=0x2000026040 field[0x08]=0x2000027440 symbol_ptr=0x200002ad40 name='@?' func_ptr=0x0 [0x18]=1 [0x19]=1 [0x1a]=0
[FLAG-WATCH] Node #178 @0x2000026040: next=0x2000003f20 field[0x08]=0x2000026140 symbol_ptr=0x2000003f20 name='@`' func_ptr=0x80824729b [0x18]=1 [0x19]=0 [0x1a]=0
[FLAG-WATCH] Node #179 @0x2000003f20: next=0x2000026040 field[0x08]=0x2000027440 symbol_ptr=0x200002ad40 name='@?' func_ptr=0x0 [0x18]=1 [0x19]=1 [0x1a]=0
[FLAG-WATCH] Node #180 @0x2000026040: next=0x2000003f20 field[0x08]=0x2000026140 symbol_ptr=0x2000003f20 name='@`' func_ptr=0x80824729b [0x18]=1 [0x19]=0 [0x1a]=0
[FLAG-WATCH] Node #181 @0x2000003f20: next=0x2000026040 field[0x08]=0x2000027440 symbol_ptr=0x200002ad40 name='@?' func_ptr=0x0 [0x18]=1 [0x19]=1 [0x1a]=0
[FLAG-WATCH] Node #182 @0x2000026040: next=0x2000003f20 field[0x08]=0x2000026140 symbol_ptr=0x2000003f20 name='@`' func_ptr=0x80824729b [0x18]=1 [0x19]=0 [0x1a]=0
[FLAG-WATCH] Node #183 @0x2000003f20: next=0x2000026040 field[0x08]=0x2000027440 symbol_ptr=0x200002ad40 name='@?' func_ptr=0x0 [0x18]=1 [0x19]=1 [0x1a]=0
[FLAG-WATCH] Node #184 @0x2000026040: next=0x2000003f20 field[0x08]=0x2000026140 symbol_ptr=0x2000003f20 name='@`' func_ptr=0x80824729b [0x18]=1 [0x19]=0 [0x1a]=0
[FLAG-WATCH] Node #185 @0x2000003f20: next=0x2000026040 field[0x08]=0x2000027440 symbol_ptr=0x200002ad40 name='@?' func_ptr=0x0 [0x18]=1 [0x19]=1 [0x1a]=0
[FLAG-WATCH] Node #186 @0x2000026040: next=0x2000003f20 field[0x08]=0x2000026140 symbol_ptr=0x2000003f20 name='@`' func_ptr=0x80824729b [0x18]=1 [0x19]=0 [0x1a]=0
[FLAG-WATCH] Node #187 @0x2000003f20: next=0x2000026040 field[0x08]=0x2000027440 symbol_ptr=0x200002ad40 name='@?' func_ptr=0x0 [0x18]=1 [0x19]=1 [0x1a]=0
[FLAG-WATCH] Node #188 @0x2000026040: next=0x2000003f20 field[0x08]=0x2000026140 symbol_ptr=0x2000003f20 name='@`' func_ptr=0x80824729b [0x18]=1 [0x19]=0 [0x1a]=0
[FLAG-WATCH] Node #189 @0x2000003f20: next=0x2000026040 field[0x08]=0x2000027440 symbol_ptr=0x200002ad40 name='@?' func_ptr=0x0 [0x18]=1 [0x19]=1 [0x1a]=0
[FLAG-WATCH] Node #190 @0x2000026040: next=0x2000003f20 field[0x08]=0x2000026140 symbol_ptr=0x2000003f20 name='@`' func_ptr=0x80824729b [0x18]=1 [0x19]=0 [0x1a]=0
[FLAG-WATCH] Node #191 @0x2000003f20: next=0x2000026040 field[0x08]=0x2000027440 symbol_ptr=0x200002ad40 name='@?' func_ptr=0x0 [0x18]=1 [0x19]=1 [0x1a]=0
[FLAG-WATCH] Node #192 @0x2000026040: next=0x2000003f20 field[0x08]=0x2000026140 symbol_ptr=0x2000003f20 name='@`' func_ptr=0x80824729b [0x18]=1 [0x19]=0 [0x1a]=0
[FLAG-WATCH] Node #193 @0x2000003f20: next=0x2000026040 field[0x08]=0x2000027440 symbol_ptr=0x200002ad40 name='@?' func_ptr=0x0 [0x18]=1 [0x19]=1 [0x1a]=0
[FLAG-WATCH] Node #194 @0x2000026040: next=0x2000003f20 field[0x08]=0x2000026140 symbol_ptr=0x2000003f20 name='@`' func_ptr=0x80824729b [0x18]=1 [0x19]=0 [0x1a]=0
[FLAG-WATCH] Node #195 @0x2000003f20: next=0x2000026040 field[0x08]=0x2000027440 symbol_ptr=0x200002ad40 name='@?' func_ptr=0x0 [0x18]=1 [0x19]=1 [0x1a]=0
[FLAG-WATCH] Node #196 @0x2000026040: next=0x2000003f20 field[0x08]=0x2000026140 symbol_ptr=0x2000003f20 name='@`' func_ptr=0x80824729b [0x18]=1 [0x19]=0 [0x1a]=0
[FLAG-WATCH] Node #197 @0x2000003f20: next=0x2000026040 field[0x08]=0x2000027440 symbol_ptr=0x200002ad40 name='@?' func_ptr=0x0 [0x18]=1 [0x19]=1 [0x1a]=0
[FLAG-WATCH] Node #198 @0x2000026040: next=0x2000003f20 field[0x08]=0x2000026140 symbol_ptr=0x2000003f20 name='@`' func_ptr=0x80824729b [0x18]=1 [0x19]=0 [0x1a]=0
[FLAG-WATCH] Node #199 @0x2000003f20: next=0x2000026040 field[0x08]=0x2000027440 symbol_ptr=0x200002ad40 name='@?' func_ptr=0x0 [0x18]=1 [0x19]=1 [0x1a]=0
[FLAG-WATCH] Node #200 @0x2000026040: next=0x2000003f20 field[0x08]=0x2000026140 symbol_ptr=0x2000003f20 name='@`' func_ptr=0x80824729b [0x18]=1 [0x19]=0 [0x1a]=0
[FLAG-WATCH] Node #201 @0x2000003f20: next=0x2000026040 field[0x08]=0x2000027440 symbol_ptr=0x200002ad40 name='@?' func_ptr=0x0 [0x18]=1 [0x19]=1 [0x1a]=0
[FLAG-WATCH] Node #202 @0x2000026040: next=0x2000003f20 field[0x08]=0x2000026140 symbol_ptr=0x2000003f20 name='@`' func_ptr=0x80824729b [0x18]=1 [0x19]=0 [0x1a]=0
[FLAG-WATCH] Node #203 @0x2000003f20: next=0x2000026040 field[0x08]=0x2000027440 symbol_ptr=0x200002ad40 name='@?' func_ptr=0x0 [0x18]=1 [0x19]=1 [0x1a]=0
[FLAG-WATCH] Node #204 @0x2000026040: next=0x2000003f20 field[0x08]=0x2000026140 symbol_ptr=0x2000003f20 name='@`' func_ptr=0x80824729b [0x18]=1 [0x19]=0 [0x1a]=0
[FLAG-WATCH] Node #205 @0x2000003f20: next=0x2000026040 field[0x08]=0x2000027440 symbol_ptr=0x200002ad40 name='@?' func_ptr=0x0 [0x18]=1 [0x19]=1 [0x1a]=0
[FLAG-WATCH] Node #206 @0x2000026040: next=0x2000003f20 field[0x08]=0x2000026140 symbol_ptr=0x2000003f20 name='@`' func_ptr=0x80824729b [0x18]=1 [0x19]=0 [0x1a]=0
[FLAG-WATCH] Node #207 @0x2000003f20: next=0x2000026040 field[0x08]=0x2000027440 symbol_ptr=0x200002ad40 name='@?' func_ptr=0x0 [0x18]=1 [0x19]=1 [0x1a]=0
[FLAG-WATCH] Node #208 @0x2000026040: next=0x2000003f20 field[0x08]=0x2000026140 symbol_ptr=0x2000003f20 name='@`' func_ptr=0x80824729b [0x18]=1 [0x19]=0 [0x1a]=0
[FLAG-WATCH] Node #209 @0x2000003f20: next=0x2000026040 field[0x08]=0x2000027440 symbol_ptr=0x200002ad40 name='@?' func_ptr=0x0 [0x18]=1 [0x19]=1 [0x1a]=0
[FLAG-WATCH] Node #210 @0x2000026040: next=0x2000003f20 field[0x08]=0x2000026140 symbol_ptr=0x2000003f20 name='@`' func_ptr=0x80824729b [0x18]=1 [0x19]=0 [0x1a]=0
[FLAG-WATCH] Node #211 @0x2000003f20: next=0x2000026040 field[0x08]=0x2000027440 symbol_ptr=0x200002ad40 name='@?' func_ptr=0x0 [0x18]=1 [0x19]=1 [0x1a]=0
[FLAG-WATCH] Node #212 @0x2000026040: next=0x2000003f20 field[0x08]=0x2000026140 symbol_ptr=0x2000003f20 name='@`' func_ptr=0x80824729b [0x18]=1 [0x19]=0 [0x1a]=0
[FLAG-WATCH] Node #213 @0x2000003f20: next=0x2000026040 field[0x08]=0x2000027440 symbol_ptr=0x200002ad40 name='@?' func_ptr=0x0 [0x18]=1 [0x19]=1 [0x1a]=0
[FLAG-WATCH] Node #214 @0x2000026040: next=0x2000003f20 field[0x08]=0x2000026140 symbol_ptr=0x2000003f20 name='@`' func_ptr=0x80824729b [0x18]=1 [0x19]=0 [0x1a]=0
[FLAG-WATCH] Node #215 @0x2000003f20: next=0x2000026040 field[0x08]=0x2000027440 symbol_ptr=0x200002ad40 name='@?' func_ptr=0x0 [0x18]=1 [0x19]=1 [0x1a]=0
[FLAG-WATCH] Node #216 @0x2000026040: next=0x2000003f20 field[0x08]=0x2000026140 symbol_ptr=0x2000003f20 name='@`' func_ptr=0x80824729b [0x18]=1 [0x19]=0 [0x1a]=0
[FLAG-WATCH] Node #217 @0x2000003f20: next=0x2000026040 field[0x08]=0x2000027440 symbol_ptr=0x200002ad40 name='@?' func_ptr=0x0 [0x18]=1 [0x19]=1 [0x1a]=0
[FLAG-WATCH] Node #218 @0x2000026040: next=0x2000003f20 field[0x08]=0x2000026140 symbol_ptr=0x2000003f20 name='@`' func_ptr=0x80824729b [0x18]=1 [0x19]=0 [0x1a]=0
[FLAG-WATCH] Node #219 @0x2000003f20: next=0x2000026040 field[0x08]=0x2000027440 symbol_ptr=0x200002ad40 name='@?' func_ptr=0x0 [0x18]=1 [0x19]=1 [0x1a]=0
[FLAG-WATCH] Node #220 @0x2000026040: next=0x2000003f20 field[0x08]=0x2000026140 symbol_ptr=0x2000003f20 name='@`' func_ptr=0x80824729b [0x18]=1 [0x19]=0 [0x1a]=0
[FLAG-WATCH] Node #221 @0x2000003f20: next=0x2000026040 field[0x08]=0x2000027440 symbol_ptr=0x200002ad40 name='@?' func_ptr=0x0 [0x18]=1 [0x19]=1 [0x1a]=0
[FLAG-WATCH] Node #222 @0x2000026040: next=0x2000003f20 field[0x08]=0x2000026140 symbol_ptr=0x2000003f20 name='@`' func_ptr=0x80824729b [0x18]=1 [0x19]=0 [0x1a]=0
[FLAG-WATCH] Node #223 @0x2000003f20: next=0x2000026040 field[0x08]=0x2000027440 symbol_ptr=0x200002ad40 name='@?' func_ptr=0x0 [0x18]=1 [0x19]=1 [0x1a]=0
[FLAG-WATCH] Node #224 @0x2000026040: next=0x2000003f20 field[0x08]=0x2000026140 symbol_ptr=0x2000003f20 name='@`' func_ptr=0x80824729b [0x18]=1 [0x19]=0 [0x1a]=0
[FLAG-WATCH] Node #225 @0x2000003f20: next=0x2000026040 field[0x08]=0x2000027440 symbol_ptr=0x200002ad40 name='@?' func_ptr=0x0 [0x18]=1 [0x19]=1 [0x1a]=0
[FLAG-WATCH] Node #226 @0x2000026040: next=0x2000003f20 field[0x08]=0x2000026140 symbol_ptr=0x2000003f20 name='@`' func_ptr=0x80824729b [0x18]=1 [0x19]=0 [0x1a]=0
[FLAG-WATCH] Node #227 @0x2000003f20: next=0x2000026040 field[0x08]=0x2000027440 symbol_ptr=0x200002ad40 name='@?' func_ptr=0x0 [0x18]=1 [0x19]=1 [0x1a]=0
[FLAG-WATCH] Node #228 @0x2000026040: next=0x2000003f20 field[0x08]=0x2000026140 symbol_ptr=0x2000003f20 name='@`' func_ptr=0x80824729b [0x18]=1 [0x19]=0 [0x1a]=0
[FLAG-WATCH] Node #229 @0x2000003f20: next=0x2000026040 field[0x08]=0x2000027440 symbol_ptr=0x200002ad40 name='@?' func_ptr=0x0 [0x18]=1 [0x19]=1 [0x1a]=0
[FLAG-WATCH] Node #230 @0x2000026040: next=0x2000003f20 field[0x08]=0x2000026140 symbol_ptr=0x2000003f20 name='@`' func_ptr=0x80824729b [0x18]=1 [0x19]=0 [0x1a]=0
[FLAG-WATCH] Node #231 @0x2000003f20: next=0x2000026040 field[0x08]=0x2000027440 symbol_ptr=0x200002ad40 name='@?' func_ptr=0x0 [0x18]=1 [0x19]=1 [0x1a]=0
[FLAG-WATCH] Node #232 @0x2000026040: next=0x2000003f20 field[0x08]=0x2000026140 symbol_ptr=0x2000003f20 name='@`' func_ptr=0x80824729b [0x18]=1 [0x19]=0 [0x1a]=0
[FLAG-WATCH] Node #233 @0x2000003f20: next=0x2000026040 field[0x08]=0x2000027440 symbol_ptr=0x200002ad40 name='@?' func_ptr=0x0 [0x18]=1 [0x19]=1 [0x1a]=0
[FLAG-WATCH] Node #234 @0x2000026040: next=0x2000003f20 field[0x08]=0x2000026140 symbol_ptr=0x2000003f20 name='@`' func_ptr=0x80824729b [0x18]=1 [0x19]=0 [0x1a]=0
[FLAG-WATCH] Node #235 @0x2000003f20: next=0x2000026040 field[0x08]=0x2000027440 symbol_ptr=0x200002ad40 name='@?' func_ptr=0x0 [0x18]=1 [0x19]=1 [0x1a]=0
[FLAG-WATCH] Node #236 @0x2000026040: next=0x2000003f20 field[0x08]=0x2000026140 symbol_ptr=0x2000003f20 name='@`' func_ptr=0x80824729b [0x18]=1 [0x19]=0 [0x1a]=0
[FLAG-WATCH] Node #237 @0x2000003f20: next=0x2000026040 field[0x08]=0x2000027440 symbol_ptr=0x200002ad40 name='@?' func_ptr=0x0 [0x18]=1 [0x19]=1 [0x1a]=0
[FLAG-WATCH] Node #238 @0x2000026040: next=0x2000003f20 field[0x08]=0x2000026140 symbol_ptr=0x2000003f20 name='@`' func_ptr=0x80824729b [0x18]=1 [0x19]=0 [0x1a]=0
[FLAG-WATCH] Node #239 @0x2000003f20: next=0x2000026040 field[0x08]=0x2000027440 symbol_ptr=0x200002ad40 name='@?' func_ptr=0x0 [0x18]=1 [0x19]=1 [0x1a]=0
[FLAG-WATCH] Node #240 @0x2000026040: next=0x2000003f20 field[0x08]=0x2000026140 symbol_ptr=0x2000003f20 name='@`' func_ptr=0x80824729b [0x18]=1 [0x19]=0 [0x1a]=0
[FLAG-WATCH] Node #241 @0x2000003f20: next=0x2000026040 field[0x08]=0x2000027440 symbol_ptr=0x200002ad40 name='@?' func_ptr=0x0 [0x18]=1 [0x19]=1 [0x1a]=0
[FLAG-WATCH] Node #242 @0x2000026040: next=0x2000003f20 field[0x08]=0x2000026140 symbol_ptr=0x2000003f20 name='@`' func_ptr=0x80824729b [0x18]=1 [0x19]=0 [0x1a]=0
[FLAG-WATCH] Node #243 @0x2000003f20: next=0x2000026040 field[0x08]=0x2000027440 symbol_ptr=0x200002ad40 name='@?' func_ptr=0x0 [0x18]=1 [0x19]=1 [0x1a]=0
[FLAG-WATCH] Node #244 @0x2000026040: next=0x2000003f20 field[0x08]=0x2000026140 symbol_ptr=0x2000003f20 name='@`' func_ptr=0x80824729b [0x18]=1 [0x19]=0 [0x1a]=0
[FLAG-WATCH] Node #245 @0x2000003f20: next=0x2000026040 field[0x08]=0x2000027440 symbol_ptr=0x200002ad40 name='@?' func_ptr=0x0 [0x18]=1 [0x19]=1 [0x1a]=0
[FLAG-WATCH] Node #246 @0x2000026040: next=0x2000003f20 field[0x08]=0x2000026140 symbol_ptr=0x2000003f20 name='@`' func_ptr=0x80824729b [0x18]=1 [0x19]=0 [0x1a]=0
[FLAG-WATCH] Node #247 @0x2000003f20: next=0x2000026040 field[0x08]=0x2000027440 symbol_ptr=0x200002ad40 name='@?' func_ptr=0x0 [0x18]=1 [0x19]=1 [0x1a]=0
[FLAG-WATCH] Node #248 @0x2000026040: next=0x2000003f20 field[0x08]=0x2000026140 symbol_ptr=0x2000003f20 name='@`' func_ptr=0x80824729b [0x18]=1 [0x19]=0 [0x1a]=0
[FLAG-WATCH] Node #249 @0x2000003f20: next=0x2000026040 field[0x08]=0x2000027440 symbol_ptr=0x200002ad40 name='@?' func_ptr=0x0 [0x18]=1 [0x19]=1 [0x1a]=0
[FLAG-WATCH] Node #250 @0x2000026040: next=0x2000003f20 field[0x08]=0x2000026140 symbol_ptr=0x2000003f20 name='@`' func_ptr=0x80824729b [0x18]=1 [0x19]=0 [0x1a]=0
[FLAG-WATCH] Node #251 @0x2000003f20: next=0x2000026040 field[0x08]=0x2000027440 symbol_ptr=0x200002ad40 name='@?' func_ptr=0x0 [0x18]=1 [0x19]=1 [0x1a]=0
[FLAG-WATCH] Node #252 @0x2000026040: next=0x2000003f20 field[0x08]=0x2000026140 symbol_ptr=0x2000003f20 name='@`' func_ptr=0x80824729b [0x18]=1 [0x19]=0 [0x1a]=0
[FLAG-WATCH] Node #253 @0x2000003f20: next=0x2000026040 field[0x08]=0x2000027440 symbol_ptr=0x200002ad40 name='@?' func_ptr=0x0 [0x18]=1 [0x19]=1 [0x1a]=0
[FLAG-WATCH] Node #254 @0x2000026040: next=0x2000003f20 field[0x08]=0x2000026140 symbol_ptr=0x2000003f20 name='@`' func_ptr=0x80824729b [0x18]=1 [0x19]=0 [0x1a]=0
[FLAG-WATCH] Node #255 @0x2000003f20: next=0x2000026040 field[0x08]=0x2000027440 symbol_ptr=0x200002ad40 name='@?' func_ptr=0x0 [0x18]=1 [0x19]=1 [0x1a]=0
[FLAG-WATCH] Node #256 @0x2000026040: next=0x2000003f20 field[0x08]=0x2000026140 symbol_ptr=0x2000003f20 name='@`' func_ptr=0x80824729b [0x18]=1 [0x19]=0 [0x1a]=0
[FLAG-WATCH] Node #257 @0x2000003f20: next=0x2000026040 field[0x08]=0x2000027440 symbol_ptr=0x200002ad40 name='@?' func_ptr=0x0 [0x18]=1 [0x19]=1 [0x1a]=0
[FLAG-WATCH] Node #258 @0x2000026040: next=0x2000003f20 field[0x08]=0x2000026140 symbol_ptr=0x2000003f20 name='@`' func_ptr=0x80824729b [0x18]=1 [0x19]=0 [0x1a]=0
[FLAG-WATCH] Node #259 @0x2000003f20: next=0x2000026040 field[0x08]=0x2000027440 symbol_ptr=0x200002ad40 name='@?' func_ptr=0x0 [0x18]=1 [0x19]=1 [0x1a]=0
[FLAG-WATCH] Node #260 @0x2000026040: next=0x2000003f20 field[0x08]=0x2000026140 symbol_ptr=0x2000003f20 name='@`' func_ptr=0x80824729b [0x18]=1 [0x19]=0 [0x1a]=0
[FLAG-WATCH] Node #261 @0x2000003f20: next=0x2000026040 field[0x08]=0x2000027440 symbol_ptr=0x200002ad40 name='@?' func_ptr=0x0 [0x18]=1 [0x19]=1 [0x1a]=0
[FLAG-WATCH] Node #262 @0x2000026040: next=0x2000003f20 field[0x08]=0x2000026140 symbol_ptr=0x2000003f20 name='@`' func_ptr=0x80824729b [0x18]=1 [0x19]=0 [0x1a]=0
[FLAG-WATCH] Node #263 @0x2000003f20: next=0x2000026040 field[0x08]=0x2000027440 symbol_ptr=0x200002ad40 name='@?' func_ptr=0x0 [0x18]=1 [0x19]=1 [0x1a]=0
[FLAG-WATCH] Node #264 @0x2000026040: next=0x2000003f20 field[0x08]=0x2000026140 symbol_ptr=0x2000003f20 name='@`' func_ptr=0x80824729b [0x18]=1 [0x19]=0 [0x1a]=0
[FLAG-WATCH] Node #265 @0x2000003f20: next=0x2000026040 field[0x08]=0x2000027440 symbol_ptr=0x200002ad40 name='@?' func_ptr=0x0 [0x18]=1 [0x19]=1 [0x1a]=0
[FLAG-WATCH] Node #266 @0x2000026040: next=0x2000003f20 field[0x08]=0x2000026140 symbol_ptr=0x2000003f20 name='@`' func_ptr=0x80824729b [0x18]=1 [0x19]=0 [0x1a]=0
[FLAG-WATCH] Node #267 @0x2000003f20: next=0x2000026040 field[0x08]=0x2000027440 symbol_ptr=0x200002ad40 name='@?' func_ptr=0x0 [0x18]=1 [0x19]=1 [0x1a]=0
[FLAG-WATCH] Node #268 @0x2000026040: next=0x2000003f20 field[0x08]=0x2000026140 symbol_ptr=0x2000003f20 name='@`' func_ptr=0x80824729b [0x18]=1 [0x19]=0 [0x1a]=0
[FLAG-WATCH] Node #269 @0x2000003f20: next=0x2000026040 field[0x08]=0x2000027440 symbol_ptr=0x200002ad40 name='@?' func_ptr=0x0 [0x18]=1 [0x19]=1 [0x1a]=0
[FLAG-WATCH] Node #270 @0x2000026040: next=0x2000003f20 field[0x08]=0x2000026140 symbol_ptr=0x2000003f20 name='@`' func_ptr=0x80824729b [0x18]=1 [0x19]=0 [0x1a]=0
[FLAG-WATCH] Node #271 @0x2000003f20: next=0x2000026040 field[0x08]=0x2000027440 symbol_ptr=0x200002ad40 name='@?' func_ptr=0x0 [0x18]=1 [0x19]=1 [0x1a]=0
[FLAG-WATCH] Node #272 @0x2000026040: next=0x2000003f20 field[0x08]=0x2000026140 symbol_ptr=0x2000003f20 name='@`' func_ptr=0x80824729b [0x18]=1 [0x19]=0 [0x1a]=0
[FLAG-WATCH] Node #273 @0x2000003f20: next=0x2000026040 field[0x08]=0x2000027440 symbol_ptr=0x200002ad40 name='@?' func_ptr=0x0 [0x18]=1 [0x19]=1 [0x1a]=0
[FLAG-WATCH] Node #274 @0x2000026040: next=0x2000003f20 field[0x08]=0x2000026140 symbol_ptr=0x2000003f20 name='@`' func_ptr=0x80824729b [0x18]=1 [0x19]=0 [0x1a]=0
[FLAG-WATCH] Node #275 @0x2000003f20: next=0x2000026040 field[0x08]=0x2000027440 symbol_ptr=0x200002ad40 name='@?' func_ptr=0x0 [0x18]=1 [0x19]=1 [0x1a]=0
[FLAG-WATCH] Node #276 @0x2000026040: next=0x2000003f20 field[0x08]=0x2000026140 symbol_ptr=0x2000003f20 name='@`' func_ptr=0x80824729b [0x18]=1 [0x19]=0 [0x1a]=0
[FLAG-WATCH] Node #277 @0x2000003f20: next=0x2000026040 field[0x08]=0x2000027440 symbol_ptr=0x200002ad40 name='@?' func_ptr=0x0 [0x18]=1 [0x19]=1 [0x1a]=0
[FLAG-WATCH] Node #278 @0x2000026040: next=0x2000003f20 field[0x08]=0x2000026140 symbol_ptr=0x2000003f20 name='@`' func_ptr=0x80824729b [0x18]=1 [0x19]=0 [0x1a]=0
[FLAG-WATCH] Node #279 @0x2000003f20: next=0x2000026040 field[0x08]=0x2000027440 symbol_ptr=0x200002ad40 name='@?' func_ptr=0x0 [0x18]=1 [0x19]=1 [0x1a]=0
[FLAG-WATCH] Node #280 @0x2000026040: next=0x2000003f20 field[0x08]=0x2000026140 symbol_ptr=0x2000003f20 name='@`' func_ptr=0x80824729b [0x18]=1 [0x19]=0 [0x1a]=0
[FLAG-WATCH] Node #281 @0x2000003f20: next=0x2000026040 field[0x08]=0x2000027440 symbol_ptr=0x200002ad40 name='@?' func_ptr=0x0 [0x18]=1 [0x19]=1 [0x1a]=0
[FLAG-WATCH] Node #282 @0x2000026040: next=0x2000003f20 field[0x08]=0x2000026140 symbol_ptr=0x2000003f20 name='@`' func_ptr=0x80824729b [0x18]=1 [0x19]=0 [0x1a]=0
[FLAG-WATCH] Node #283 @0x2000003f20: next=0x2000026040 field[0x08]=0x2000027440 symbol_ptr=0x200002ad40 name='@?' func_ptr=0x0 [0x18]=1 [0x19]=1 [0x1a]=0
[FLAG-WATCH] Node #284 @0x2000026040: next=0x2000003f20 field[0x08]=0x2000026140 symbol_ptr=0x2000003f20 name='@`' func_ptr=0x80824729b [0x18]=1 [0x19]=0 [0x1a]=0
[FLAG-WATCH] Node #285 @0x2000003f20: next=0x2000026040 field[0x08]=0x2000027440 symbol_ptr=0x200002ad40 name='@?' func_ptr=0x0 [0x18]=1 [0x19]=1 [0x1a]=0
[FLAG-WATCH] Node #286 @0x2000026040: next=0x2000003f20 field[0x08]=0x2000026140 symbol_ptr=0x2000003f20 name='@`' func_ptr=0x80824729b [0x18]=1 [0x19]=0 [0x1a]=0
[FLAG-WATCH] Node #287 @0x2000003f20: next=0x2000026040 field[0x08]=0x2000027440 symbol_ptr=0x200002ad40 name='@?' func_ptr=0x0 [0x18]=1 [0x19]=1 [0x1a]=0
[FLAG-WATCH] Node #288 @0x2000026040: next=0x2000003f20 field[0x08]=0x2000026140 symbol_ptr=0x2000003f20 name='@`' func_ptr=0x80824729b [0x18]=1 [0x19]=0 [0x1a]=0
[FLAG-WATCH] Node #289 @0x2000003f20: next=0x2000026040 field[0x08]=0x2000027440 symbol_ptr=0x200002ad40 name='@?' func_ptr=0x0 [0x18]=1 [0x19]=1 [0x1a]=0
[FLAG-WATCH] Node #290 @0x2000026040: next=0x2000003f20 field[0x08]=0x2000026140 symbol_ptr=0x2000003f20 name='@`' func_ptr=0x80824729b [0x18]=1 [0x19]=0 [0x1a]=0
[FLAG-WATCH] Node #291 @0x2000003f20: next=0x2000026040 field[0x08]=0x2000027440 symbol_ptr=0x200002ad40 name='@?' func_ptr=0x0 [0x18]=1 [0x19]=1 [0x1a]=0
[FLAG-WATCH] Node #292 @0x2000026040: next=0x2000003f20 field[0x08]=0x2000026140 symbol_ptr=0x2000003f20 name='@`' func_ptr=0x80824729b [0x18]=1 [0x19]=0 [0x1a]=0
[FLAG-WATCH] Node #293 @0x2000003f20: next=0x2000026040 field[0x08]=0x2000027440 symbol_ptr=0x200002ad40 name='@?' func_ptr=0x0 [0x18]=1 [0x19]=1 [0x1a]=0
[FLAG-WATCH] Node #294 @0x2000026040: next=0x2000003f20 field[0x08]=0x2000026140 symbol_ptr=0x2000003f20 name='@`' func_ptr=0x80824729b [0x18]=1 [0x19]=0 [0x1a]=0
[FLAG-WATCH] Node #295 @0x2000003f20: next=0x2000026040 field[0x08]=0x2000027440 symbol_ptr=0x200002ad40 name='@?' func_ptr=0x0 [0x18]=1 [0x19]=1 [0x1a]=0
[FLAG-WATCH] Node #296 @0x2000026040: next=0x2000003f20 field[0x08]=0x2000026140 symbol_ptr=0x2000003f20 name='@`' func_ptr=0x80824729b [0x18]=1 [0x19]=0 [0x1a]=0
[FLAG-WATCH] Node #297 @0x2000003f20: next=0x2000026040 field[0x08]=0x2000027440 symbol_ptr=0x200002ad40 name='@?' func_ptr=0x0 [0x18]=1 [0x19]=1 [0x1a]=0
[FLAG-WATCH] Node #298 @0x2000026040: next=0x2000003f20 field[0x08]=0x2000026140 symbol_ptr=0x2000003f20 name='@`' func_ptr=0x80824729b [0x18]=1 [0x19]=0 [0x1a]=0
[FLAG-WATCH] Node #299 @0x2000003f20: next=0x2000026040 field[0x08]=0x2000027440 symbol_ptr=0x200002ad40 name='@?' func_ptr=0x0 [0x18]=1 [0x19]=1 [0x1a]=0
[FLAG-WATCH] Node #300 @0x2000026040: next=0x2000003f20 field[0x08]=0x2000026140 symbol_ptr=0x2000003f20 name='@`' func_ptr=0x80824729b [0x18]=1 [0x19]=0 [0x1a]=0
[FLAG-WATCH] Node #301 @0x2000003f20: next=0x2000026040 field[0x08]=0x2000027440 symbol_ptr=0x200002ad40 name='@?' func_ptr=0x0 [0x18]=1 [0x19]=1 [0x1a]=0
[FLAG-WATCH] Node #302 @0x2000026040: next=0x2000003f20 field[0x08]=0x2000026140 symbol_ptr=0x2000003f20 name='@`' func_ptr=0x80824729b [0x18]=1 [0x19]=0 [0x1a]=0
[FLAG-WATCH] Node #303 @0x2000003f20: next=0x2000026040 field[0x08]=0x2000027440 symbol_ptr=0x200002ad40 name='@?' func_ptr=0x0 [0x18]=1 [0x19]=1 [0x1a]=0
[FLAG-WATCH] Node #304 @0x2000026040: next=0x2000003f20 field[0x08]=0x2000026140 symbol_ptr=0x2000003f20 name='@`' func_ptr=0x80824729b [0x18]=1 [0x19]=0 [0x1a]=0
[FLAG-WATCH] Node #305 @0x2000003f20: next=0x2000026040 field[0x08]=0x2000027440 symbol_ptr=0x200002ad40 name='@?' func_ptr=0x0 [0x18]=1 [0x19]=1 [0x1a]=0
[FLAG-WATCH] Node #306 @0x2000026040: next=0x2000003f20 field[0x08]=0x2000026140 symbol_ptr=0x2000003f20 name='@`' func_ptr=0x80824729b [0x18]=1 [0x19]=0 [0x1a]=0
[FLAG-WATCH] Node #307 @0x2000003f20: next=0x2000026040 field[0x08]=0x2000027440 symbol_ptr=0x200002ad40 name='@?' func_ptr=0x0 [0x18]=1 [0x19]=1 [0x1a]=0
[FLAG-WATCH] Node #308 @0x2000026040: next=0x2000003f20 field[0x08]=0x2000026140 symbol_ptr=0x2000003f20 name='@`' func_ptr=0x80824729b [0x18]=1 [0x19]=0 [0x1a]=0
[FLAG-WATCH] Node #309 @0x2000003f20: next=0x2000026040 field[0x08]=0x2000027440 symbol_ptr=0x200002ad40 name='@?' func_ptr=0x0 [0x18]=1 [0x19]=1 [0x1a]=0
[FLAG-WATCH] Node #310 @0x2000026040: next=0x2000003f20 field[0x08]=0x2000026140 symbol_ptr=0x2000003f20 name='@`' func_ptr=0x80824729b [0x18]=1 [0x19]=0 [0x1a]=0
[FLAG-WATCH] Node #311 @0x2000003f20: next=0x2000026040 field[0x08]=0x2000027440 symbol_ptr=0x200002ad40 name='@?' func_ptr=0x0 [0x18]=1 [0x19]=1 [0x1a]=0
[FLAG-WATCH] Node #312 @0x2000026040: next=0x2000003f20 field[0x08]=0x2000026140 symbol_ptr=0x2000003f20 name='@`' func_ptr=0x80824729b [0x18]=1 [0x19]=0 [0x1a]=0
[FLAG-WATCH] Node #313 @0x2000003f20: next=0x2000026040 field[0x08]=0x2000027440 symbol_ptr=0x200002ad40 name='@?' func_ptr=0x0 [0x18]=1 [0x19]=1 [0x1a]=0
[FLAG-WATCH] Node #314 @0x2000026040: next=0x2000003f20 field[0x08]=0x2000026140 symbol_ptr=0x2000003f20 name='@`' func_ptr=0x80824729b [0x18]=1 [0x19]=0 [0x1a]=0
[FLAG-WATCH] Node #315 @0x2000003f20: next=0x2000026040 field[0x08]=0x2000027440 symbol_ptr=0x200002ad40 name='@?' func_ptr=0x0 [0x18]=1 [0x19]=1 [0x1a]=0
[FLAG-WATCH] Node #316 @0x2000026040: next=0x2000003f20 field[0x08]=0x2000026140 symbol_ptr=0x2000003f20 name='@`' func_ptr=0x80824729b [0x18]=1 [0x19]=0 [0x1a]=0
[FLAG-WATCH] Node #317 @0x2000003f20: next=0x2000026040 field[0x08]=0x2000027440 symbol_ptr=0x200002ad40 name='@?' func_ptr=0x0 [0x18]=1 [0x19]=1 [0x1a]=0
[FLAG-WATCH] Node #318 @0x2000026040: next=0x2000003f20 field[0x08]=0x2000026140 symbol_ptr=0x2000003f20 name='@`' func_ptr=0x80824729b [0x18]=1 [0x19]=0 [0x1a]=0
[FLAG-WATCH] Node #319 @0x2000003f20: next=0x2000026040 field[0x08]=0x2000027440 symbol_ptr=0x200002ad40 name='@?' func_ptr=0x0 [0x18]=1 [0x19]=1 [0x1a]=0
[FLAG-WATCH] Node #320 @0x2000026040: next=0x2000003f20 field[0x08]=0x2000026140 symbol_ptr=0x2000003f20 name='@`' func_ptr=0x80824729b [0x18]=1 [0x19]=0 [0x1a]=0
[FLAG-WATCH] Node #321 @0x2000003f20: next=0x2000026040 field[0x08]=0x2000027440 symbol_ptr=0x200002ad40 name='@?' func_ptr=0x0 [0x18]=1 [0x19]=1 [0x1a]=0
[FLAG-WATCH] Node #322 @0x2000026040: next=0x2000003f20 field[0x08]=0x2000026140 symbol_ptr=0x2000003f20 name='@`' func_ptr=0x80824729b [0x18]=1 [0x19]=0 [0x1a]=0
[FLAG-WATCH] Node #323 @0x2000003f20: next=0x2000026040 field[0x08]=0x2000027440 symbol_ptr=0x200002ad40 name='@?' func_ptr=0x0 [0x18]=1 [0x19]=1 [0x1a]=0
[FLAG-WATCH] Node #324 @0x2000026040: next=0x2000003f20 field[0x08]=0x2000026140 symbol_ptr=0x2000003f20 name='@`' func_ptr=0x80824729b [0x18]=1 [0x19]=0 [0x1a]=0
[FLAG-WATCH] Node #325 @0x2000003f20: next=0x2000026040 field[0x08]=0x2000027440 symbol_ptr=0x200002ad40 name='@?' func_ptr=0x0 [0x18]=1 [0x19]=1 [0x1a]=0
[FLAG-WATCH] Node #326 @0x2000026040: next=0x2000003f20 field[0x08]=0x2000026140 symbol_ptr=0x2000003f20 name='@`' func_ptr=0x80824729b [0x18]=1 [0x19]=0 [0x1a]=0
[FLAG-WATCH] Node #327 @0x2000003f20: next=0x2000026040 field[0x08]=0x2000027440 symbol_ptr=0x200002ad40 name='@?' func_ptr=0x0 [0x18]=1 [0x19]=1 [0x1a]=0
[FLAG-WATCH] Node #328 @0x2000026040: next=0x2000003f20 field[0x08]=0x2000026140 symbol_ptr=0x2000003f20 name='@`' func_ptr=0x80824729b [0x18]=1 [0x19]=0 [0x1a]=0
[FLAG-WATCH] Node #329 @0x2000003f20: next=0x2000026040 field[0x08]=0x2000027440 symbol_ptr=0x200002ad40 name='@?' func_ptr=0x0 [0x18]=1 [0x19]=1 [0x1a]=0
[FLAG-WATCH] Node #330 @0x2000026040: next=0x2000003f20 field[0x08]=0x2000026140 symbol_ptr=0x2000003f20 name='@`' func_ptr=0x80824729b [0x18]=1 [0x19]=0 [0x1a]=0
[FLAG-WATCH] Node #331 @0x2000003f20: next=0x2000026040 field[0x08]=0x2000027440 symbol_ptr=0x200002ad40 name='@?' func_ptr=0x0 [0x18]=1 [0x19]=1 [0x1a]=0
[FLAG-WATCH] Node #332 @0x2000026040: next=0x2000003f20 field[0x08]=0x2000026140 symbol_ptr=0x2000003f20 name='@`' func_ptr=0x80824729b [0x18]=1 [0x19]=0 [0x1a]=0
[FLAG-WATCH] Node #333 @0x2000003f20: next=0x2000026040 field[0x08]=0x2000027440 symbol_ptr=0x200002ad40 name='@?' func_ptr=0x0 [0x18]=1 [0x19]=1 [0x1a]=0
[FLAG-WATCH] Node #334 @0x2000026040: next=0x2000003f20 field[0x08]=0x2000026140 symbol_ptr=0x2000003f20 name='@`' func_ptr=0x80824729b [0x18]=1 [0x19]=0 [0x1a]=0
[FLAG-WATCH] Node #335 @0x2000003f20: next=0x2000026040 field[0x08]=0x2000027440 symbol_ptr=0x200002ad40 name='@?' func_ptr=0x0 [0x18]=1 [0x19]=1 [0x1a]=0
[FLAG-WATCH] Node #336 @0x2000026040: next=0x2000003f20 field[0x08]=0x2000026140 symbol_ptr=0x2000003f20 name='@`' func_ptr=0x80824729b [0x18]=1 [0x19]=0 [0x1a]=0
[FLAG-WATCH] Node #337 @0x2000003f20: next=0x2000026040 field[0x08]=0x2000027440 symbol_ptr=0x200002ad40 name='@?' func_ptr=0x0 [0x18]=1 [0x19]=1 [0x1a]=0
[FLAG-WATCH] Node #338 @0x2000026040: next=0x2000003f20 field[0x08]=0x2000026140 symbol_ptr=0x2000003f20 name='@`' func_ptr=0x80824729b [0x18]=1 [0x19]=0 [0x1a]=0
[FLAG-WATCH] Node #339 @0x2000003f20: next=0x2000026040 field[0x08]=0x2000027440 symbol_ptr=0x200002ad40 name='@?' func_ptr=0x0 [0x18]=1 [0x19]=1 [0x1a]=0
[FLAG-WATCH] Node #340 @0x2000026040: next=0x2000003f20 field[0x08]=0x2000026140 symbol_ptr=0x2000003f20 name='@`' func_ptr=0x80824729b [0x18]=1 [0x19]=0 [0x1a]=0
[FLAG-WATCH] Node #341 @0x2000003f20: next=0x2000026040 field[0x08]=0x2000027440 symbol_ptr=0x200002ad40 name='@?' func_ptr=0x0 [0x18]=1 [0x19]=1 [0x1a]=0
[FLAG-WATCH] Node #342 @0x2000026040: next=0x2000003f20 field[0x08]=0x2000026140 symbol_ptr=0x2000003f20 name='@`' func_ptr=0x80824729b [0x18]=1 [0x19]=0 [0x1a]=0
[FLAG-WATCH] Node #343 @0x2000003f20: next=0x2000026040 field[0x08]=0x2000027440 symbol_ptr=0x200002ad40 name='@?' func_ptr=0x0 [0x18]=1 [0x19]=1 [0x1a]=0
[FLAG-WATCH] Node #344 @0x2000026040: next=0x2000003f20 field[0x08]=0x2000026140 symbol_ptr=0x2000003f20 name='@`' func_ptr=0x80824729b [0x18]=1 [0x19]=0 [0x1a]=0
[FLAG-WATCH] Node #345 @0x2000003f20: next=0x2000026040 field[0x08]=0x2000027440 symbol_ptr=0x200002ad40 name='@?' func_ptr=0x0 [0x18]=1 [0x19]=1 [0x1a]=0
[FLAG-WATCH] Node #346 @0x2000026040: next=0x2000003f20 field[0x08]=0x2000026140 symbol_ptr=0x2000003f20 name='@`' func_ptr=0x80824729b [0x18]=1 [0x19]=0 [0x1a]=0
[FLAG-WATCH] Node #347 @0x2000003f20: next=0x2000026040 field[0x08]=0x2000027440 symbol_ptr=0x200002ad40 name='@?' func_ptr=0x0 [0x18]=1 [0x19]=1 [0x1a]=0
[FLAG-WATCH] Node #348 @0x2000026040: next=0x2000003f20 field[0x08]=0x2000026140 symbol_ptr=0x2000003f20 name='@`' func_ptr=0x80824729b [0x18]=1 [0x19]=0 [0x1a]=0
[FLAG-WATCH] Node #349 @0x2000003f20: next=0x2000026040 field[0x08]=0x2000027440 symbol_ptr=0x200002ad40 name='@?' func_ptr=0x0 [0x18]=1 [0x19]=1 [0x1a]=0
[FLAG-WATCH] Node #350 @0x2000026040: next=0x2000003f20 field[0x08]=0x2000026140 symbol_ptr=0x2000003f20 name='@`' func_ptr=0x80824729b [0x18]=1 [0x19]=0 [0x1a]=0
[FLAG-WATCH] Node #351 @0x2000003f20: next=0x2000026040 field[0x08]=0x2000027440 symbol_ptr=0x200002ad40 name='@?' func_ptr=0x0 [0x18]=1 [0x19]=1 [0x1a]=0
[FLAG-WATCH] Node #352 @0x2000026040: next=0x2000003f20 field[0x08]=0x2000026140 symbol_ptr=0x2000003f20 name='@`' func_ptr=0x80824729b [0x18]=1 [0x19]=0 [0x1a]=0
[FLAG-WATCH] Node #353 @0x2000003f20: next=0x2000026040 field[0x08]=0x2000027440 symbol_ptr=0x200002ad40 name='@?' func_ptr=0x0 [0x18]=1 [0x19]=1 [0x1a]=0
[FLAG-WATCH] Node #354 @0x2000026040: next=0x2000003f20 field[0x08]=0x2000026140 symbol_ptr=0x2000003f20 name='@`' func_ptr=0x80824729b [0x18]=1 [0x19]=0 [0x1a]=0
[FLAG-WATCH] Node #355 @0x2000003f20: next=0x2000026040 field[0x08]=0x2000027440 symbol_ptr=0x200002ad40 name='@?' func_ptr=0x0 [0x18]=1 [0x19]=1 [0x1a]=0
[FLAG-WATCH] Node #356 @0x2000026040: next=0x2000003f20 field[0x08]=0x2000026140 symbol_ptr=0x2000003f20 name='@`' func_ptr=0x80824729b [0x18]=1 [0x19]=0 [0x1a]=0
[FLAG-WATCH] Node #357 @0x2000003f20: next=0x2000026040 field[0x08]=0x2000027440 symbol_ptr=0x200002ad40 name='@?' func_ptr=0x0 [0x18]=1 [0x19]=1 [0x1a]=0
[FLAG-WATCH] Node #358 @0x2000026040: next=0x2000003f20 field[0x08]=0x2000026140 symbol_ptr=0x2000003f20 name='@`' func_ptr=0x80824729b [0x18]=1 [0x19]=0 [0x1a]=0
[FLAG-WATCH] Node #359 @0x2000003f20: next=0x2000026040 field[0x08]=0x2000027440 symbol_ptr=0x200002ad40 name='@?' func_ptr=0x0 [0x18]=1 [0x19]=1 [0x1a]=0
[FLAG-WATCH] Node #360 @0x2000026040: next=0x2000003f20 field[0x08]=0x2000026140 symbol_ptr=0x2000003f20 name='@`' func_ptr=0x80824729b [0x18]=1 [0x19]=0 [0x1a]=0
[FLAG-WATCH] Node #361 @0x2000003f20: next=0x2000026040 field[0x08]=0x2000027440 symbol_ptr=0x200002ad40 name='@?' func_ptr=0x0 [0x18]=1 [0x19]=1 [0x1a]=0
[FLAG-WATCH] Node #362 @0x2000026040: next=0x2000003f20 field[0x08]=0x2000026140 symbol_ptr=0x2000003f20 name='@`' func_ptr=0x80824729b [0x18]=1 [0x19]=0 [0x1a]=0
[FLAG-WATCH] Node #363 @0x2000003f20: next=0x2000026040 field[0x08]=0x2000027440 symbol_ptr=0x200002ad40 name='@?' func_ptr=0x0 [0x18]=1 [0x19]=1 [0x1a]=0
[FLAG-WATCH] Node #364 @0x2000026040: next=0x2000003f20 field[0x08]=0x2000026140 symbol_ptr=0x2000003f20 name='@`' func_ptr=0x80824729b [0x18]=1 [0x19]=0 [0x1a]=0
[FLAG-WATCH] Node #365 @0x2000003f20: next=0x2000026040 field[0x08]=0x2000027440 symbol_ptr=0x200002ad40 name='@?' func_ptr=0x0 [0x18]=1 [0x19]=1 [0x1a]=0
[FLAG-WATCH] Node #366 @0x2000026040: next=0x2000003f20 field[0x08]=0x2000026140 symbol_ptr=0x2000003f20 name='@`' func_ptr=0x80824729b [0x18]=1 [0x19]=0 [0x1a]=0
[FLAG-WATCH] Node #367 @0x2000003f20: next=0x2000026040 field[0x08]=0x2000027440 symbol_ptr=0x200002ad40 name='@?' func_ptr=0x0 [0x18]=1 [0x19]=1 [0x1a]=0
[FLAG-WATCH] Node #368 @0x2000026040: next=0x2000003f20 field[0x08]=0x2000026140 symbol_ptr=0x2000003f20 name='@`' func_ptr=0x80824729b [0x18]=1 [0x19]=0 [0x1a]=0
[FLAG-WATCH] Node #369 @0x2000003f20: next=0x2000026040 field[0x08]=0x2000027440 symbol_ptr=0x200002ad40 name='@?' func_ptr=0x0 [0x18]=1 [0x19]=1 [0x1a]=0
[FLAG-WATCH] Node #370 @0x2000026040: next=0x2000003f20 field[0x08]=0x2000026140 symbol_ptr=0x2000003f20 name='@`' func_ptr=0x80824729b [0x18]=1 [0x19]=0 [0x1a]=0
[FLAG-WATCH] Node #371 @0x2000003f20: next=0x2000026040 field[0x08]=0x2000027440 symbol_ptr=0x200002ad40 name='@?' func_ptr=0x0 [0x18]=1 [0x19]=1 [0x1a]=0
[FLAG-WATCH] Node #372 @0x2000026040: next=0x2000003f20 field[0x08]=0x2000026140 symbol_ptr=0x2000003f20 name='@`' func_ptr=0x80824729b [0x18]=1 [0x19]=0 [0x1a]=0
[FLAG-WATCH] Node #373 @0x2000003f20: next=0x2000026040 field[0x08]=0x2000027440 symbol_ptr=0x200002ad40 name='@?' func_ptr=0x0 [0x18]=1 [0x19]=1 [0x1a]=0
[FLAG-WATCH] Node #374 @0x2000026040: next=0x2000003f20 field[0x08]=0x2000026140 symbol_ptr=0x2000003f20 name='@`' func_ptr=0x80824729b [0x18]=1 [0x19]=0 [0x1a]=0
[FLAG-WATCH] Node #375 @0x2000003f20: next=0x2000026040 field[0x08]=0x2000027440 symbol_ptr=0x200002ad40 name='@?' func_ptr=0x0 [0x18]=1 [0x19]=1 [0x1a]=0
[FLAG-WATCH] Node #376 @0x2000026040: next=0x2000003f20 field[0x08]=0x2000026140 symbol_ptr=0x2000003f20 name='@`' func_ptr=0x80824729b [0x18]=1 [0x19]=0 [0x1a]=0
[FLAG-WATCH] Node #377 @0x2000003f20: next=0x2000026040 field[0x08]=0x2000027440 symbol_ptr=0x200002ad40 name='@?' func_ptr=0x0 [0x18]=1 [0x19]=1 [0x1a]=0
[FLAG-WATCH] Node #378 @0x2000026040: next=0x2000003f20 field[0x08]=0x2000026140 symbol_ptr=0x2000003f20 name='@`' func_ptr=0x80824729b [0x18]=1 [0x19]=0 [0x1a]=0
[FLAG-WATCH] Node #379 @0x2000003f20: next=0x2000026040 field[0x08]=0x2000027440 symbol_ptr=0x200002ad40 name='@?' func_ptr=0x0 [0x18]=1 [0x19]=1 [0x1a]=0
[FLAG-WATCH] Node #380 @0x2000026040: next=0x2000003f20 field[0x08]=0x2000026140 symbol_ptr=0x2000003f20 name='@`' func_ptr=0x80824729b [0x18]=1 [0x19]=0 [0x1a]=0
[FLAG-WATCH] Node #381 @0x2000003f20: next=0x2000026040 field[0x08]=0x2000027440 symbol_ptr=0x200002ad40 name='@?' func_ptr=0x0 [0x18]=1 [0x19]=1 [0x1a]=0
[FLAG-WATCH] Node #382 @0x2000026040: next=0x2000003f20 field[0x08]=0x2000026140 symbol_ptr=0x2000003f20 name='@`' func_ptr=0x80824729b [0x18]=1 [0x19]=0 [0x1a]=0
[FLAG-WATCH] Node #383 @0x2000003f20: next=0x2000026040 field[0x08]=0x2000027440 symbol_ptr=0x200002ad40 name='@?' func_ptr=0x0 [0x18]=1 [0x19]=1 [0x1a]=0
[FLAG-WATCH] Node #384 @0x2000026040: next=0x2000003f20 field[0x08]=0x2000026140 symbol_ptr=0x2000003f20 name='@`' func_ptr=0x80824729b [0x18]=1 [0x19]=0 [0x1a]=0
[FLAG-WATCH] Node #385 @0x2000003f20: next=0x2000026040 field[0x08]=0x2000027440 symbol_ptr=0x200002ad40 name='@?' func_ptr=0x0 [0x18]=1 [0x19]=1 [0x1a]=0
[FLAG-WATCH] Node #386 @0x2000026040: next=0x2000003f20 field[0x08]=0x2000026140 symbol_ptr=0x2000003f20 name='@`' func_ptr=0x80824729b [0x18]=1 [0x19]=0 [0x1a]=0
[FLAG-WATCH] Node #387 @0x2000003f20: next=0x2000026040 field[0x08]=0x2000027440 symbol_ptr=0x200002ad40 name='@?' func_ptr=0x0 [0x18]=1 [0x19]=1 [0x1a]=0
[FLAG-WATCH] Node #388 @0x2000026040: next=0x2000003f20 field[0x08]=0x2000026140 symbol_ptr=0x2000003f20 name='@`' func_ptr=0x80824729b [0x18]=1 [0x19]=0 [0x1a]=0
[FLAG-WATCH] Node #389 @0x2000003f20: next=0x2000026040 field[0x08]=0x2000027440 symbol_ptr=0x200002ad40 name='@?' func_ptr=0x0 [0x18]=1 [0x19]=1 [0x1a]=0
[FLAG-WATCH] Node #390 @0x2000026040: next=0x2000003f20 field[0x08]=0x2000026140 symbol_ptr=0x2000003f20 name='@`' func_ptr=0x80824729b [0x18]=1 [0x19]=0 [0x1a]=0
[FLAG-WATCH] Node #391 @0x2000003f20: next=0x2000026040 field[0x08]=0x2000027440 symbol_ptr=0x200002ad40 name='@?' func_ptr=0x0 [0x18]=1 [0x19]=1 [0x1a]=0
[FLAG-WATCH] Node #392 @0x2000026040: next=0x2000003f20 field[0x08]=0x2000026140 symbol_ptr=0x2000003f20 name='@`' func_ptr=0x80824729b [0x18]=1 [0x19]=0 [0x1a]=0
[FLAG-WATCH] Node #393 @0x2000003f20: next=0x2000026040 field[0x08]=0x2000027440 symbol_ptr=0x200002ad40 name='@?' func_ptr=0x0 [0x18]=1 [0x19]=1 [0x1a]=0
[FLAG-WATCH] Node #394 @0x2000026040: next=0x2000003f20 field[0x08]=0x2000026140 symbol_ptr=0x2000003f20 name='@`' func_ptr=0x80824729b [0x18]=1 [0x19]=0 [0x1a]=0
[FLAG-WATCH] Node #395 @0x2000003f20: next=0x2000026040 field[0x08]=0x2000027440 symbol_ptr=0x200002ad40 name='@?' func_ptr=0x0 [0x18]=1 [0x19]=1 [0x1a]=0
[FLAG-WATCH] Node #396 @0x2000026040: next=0x2000003f20 field[0x08]=0x2000026140 symbol_ptr=0x2000003f20 name='@`' func_ptr=0x80824729b [0x18]=1 [0x19]=0 [0x1a]=0
[FLAG-WATCH] Node #397 @0x2000003f20: next=0x2000026040 field[0x08]=0x2000027440 symbol_ptr=0x200002ad40 name='@?' func_ptr=0x0 [0x18]=1 [0x19]=1 [0x1a]=0
[FLAG-WATCH] Node #398 @0x2000026040: next=0x2000003f20 field[0x08]=0x2000026140 symbol_ptr=0x2000003f20 name='@`' func_ptr=0x80824729b [0x18]=1 [0x19]=0 [0x1a]=0
[FLAG-WATCH] Node #399 @0x2000003f20: next=0x2000026040 field[0x08]=0x2000027440 symbol_ptr=0x200002ad40 name='@?' func_ptr=0x0 [0x18]=1 [0x19]=1 [0x1a]=0
[FLAG-WATCH] Node #400 @0x2000026040: next=0x2000003f20 field[0x08]=0x2000026140 symbol_ptr=0x2000003f20 name='@`' func_ptr=0x80824729b [0x18]=1 [0x19]=0 [0x1a]=0
[FLAG-WATCH] Node #401 @0x2000003f20: next=0x2000026040 field[0x08]=0x2000027440 symbol_ptr=0x200002ad40 name='@?' func_ptr=0x0 [0x18]=1 [0x19]=1 [0x1a]=0
[FLAG-WATCH] Node #402 @0x2000026040: next=0x2000003f20 field[0x08]=0x2000026140 symbol_ptr=0x2000003f20 name='@`' func_ptr=0x80824729b [0x18]=1 [0x19]=0 [0x1a]=0
[FLAG-WATCH] Node #403 @0x2000003f20: next=0x2000026040 field[0x08]=0x2000027440 symbol_ptr=0x200002ad40 name='@?' func_ptr=0x0 [0x18]=1 [0x19]=1 [0x1a]=0
[FLAG-WATCH] Node #404 @0x2000026040: next=0x2000003f20 field[0x08]=0x2000026140 symbol_ptr=0x2000003f20 name='@`' func_ptr=0x80824729b [0x18]=1 [0x19]=0 [0x1a]=0
[FLAG-WATCH] Node #405 @0x2000003f20: next=0x2000026040 field[0x08]=0x2000027440 symbol_ptr=0x200002ad40 name='@?' func_ptr=0x0 [0x18]=1 [0x19]=1 [0x1a]=0
[FLAG-WATCH] Node #406 @0x2000026040: next=0x2000003f20 field[0x08]=0x2000026140 symbol_ptr=0x2000003f20 name='@`' func_ptr=0x80824729b [0x18]=1 [0x19]=0 [0x1a]=0
[FLAG-WATCH] Node #407 @0x2000003f20: next=0x2000026040 field[0x08]=0x2000027440 symbol_ptr=0x200002ad40 name='@?' func_ptr=0x0 [0x18]=1 [0x19]=1 [0x1a]=0
[FLAG-WATCH] Node #408 @0x2000026040: next=0x2000003f20 field[0x08]=0x2000026140 symbol_ptr=0x2000003f20 name='@`' func_ptr=0x80824729b [0x18]=1 [0x19]=0 [0x1a]=0
[FLAG-WATCH] Node #409 @0x2000003f20: next=0x2000026040 field[0x08]=0x2000027440 symbol_ptr=0x200002ad40 name='@?' func_ptr=0x0 [0x18]=1 [0x19]=1 [0x1a]=0
[FLAG-WATCH] Node #410 @0x2000026040: next=0x2000003f20 field[0x08]=0x2000026140 symbol_ptr=0x2000003f20 name='@`' func_ptr=0x80824729b [0x18]=1 [0x19]=0 [0x1a]=0
[FLAG-WATCH] Node #411 @0x2000003f20: next=0x2000026040 field[0x08]=0x2000027440 symbol_ptr=0x200002ad40 name='@?' func_ptr=0x0 [0x18]=1 [0x19]=1 [0x1a]=0
[FLAG-WATCH] Node #412 @0x2000026040: next=0x2000003f20 field[0x08]=0x2000026140 symbol_ptr=0x2000003f20 name='@`' func_ptr=0x80824729b [0x18]=1 [0x19]=0 [0x1a]=0
[FLAG-WATCH] Node #413 @0x2000003f20: next=0x2000026040 field[0x08]=0x2000027440 symbol_ptr=0x200002ad40 name='@?' func_ptr=0x0 [0x18]=1 [0x19]=1 [0x1a]=0
[FLAG-WATCH] Node #414 @0x2000026040: next=0x2000003f20 field[0x08]=0x2000026140 symbol_ptr=0x2000003f20 name='@`' func_ptr=0x80824729b [0x18]=1 [0x19]=0 [0x1a]=0
[FLAG-WATCH] Node #415 @0x2000003f20: next=0x2000026040 field[0x08]=0x2000027440 symbol_ptr=0x200002ad40 name='@?' func_ptr=0x0 [0x18]=1 [0x19]=1 [0x1a]=0
[FLAG-WATCH] Node #416 @0x2000026040: next=0x2000003f20 field[0x08]=0x2000026140 symbol_ptr=0x2000003f20 name='@`' func_ptr=0x80824729b [0x18]=1 [0x19]=0 [0x1a]=0
[FLAG-WATCH] Node #417 @0x2000003f20: next=0x2000026040 field[0x08]=0x2000027440 symbol_ptr=0x200002ad40 name='@?' func_ptr=0x0 [0x18]=1 [0x19]=1 [0x1a]=0
[FLAG-WATCH] Node #418 @0x2000026040: next=0x2000003f20 field[0x08]=0x2000026140 symbol_ptr=0x2000003f20 name='@`' func_ptr=0x80824729b [0x18]=1 [0x19]=0 [0x1a]=0
[FLAG-WATCH] Node #419 @0x2000003f20: next=0x2000026040 field[0x08]=0x2000027440 symbol_ptr=0x200002ad40 name='@?' func_ptr=0x0 [0x18]=1 [0x19]=1 [0x1a]=0
[FLAG-WATCH] Node #420 @0x2000026040: next=0x2000003f20 field[0x08]=0x2000026140 symbol_ptr=0x2000003f20 name='@`' func_ptr=0x80824729b [0x18]=1 [0x19]=0 [0x1a]=0
[FLAG-WATCH] Node #421 @0x2000003f20: next=0x2000026040 field[0x08]=0x2000027440 symbol_ptr=0x200002ad40 name='@?' func_ptr=0x0 [0x18]=1 [0x19]=1 [0x1a]=0
[FLAG-WATCH] Node #422 @0x2000026040: next=0x2000003f20 field[0x08]=0x2000026140 symbol_ptr=0x2000003f20 name='@`' func_ptr=0x80824729b [0x18]=1 [0x19]=0 [0x1a]=0
[FLAG-WATCH] Node #423 @0x2000003f20: next=0x2000026040 field[0x08]=0x2000027440 symbol_ptr=0x200002ad40 name='@?' func_ptr=0x0 [0x18]=1 [0x19]=1 [0x1a]=0
[FLAG-WATCH] Node #424 @0x2000026040: next=0x2000003f20 field[0x08]=0x2000026140 symbol_ptr=0x2000003f20 name='@`' func_ptr=0x80824729b [0x18]=1 [0x19]=0 [0x1a]=0
[FLAG-WATCH] Node #425 @0x2000003f20: next=0x2000026040 field[0x08]=0x2000027440 symbol_ptr=0x200002ad40 name='@?' func_ptr=0x0 [0x18]=1 [0x19]=1 [0x1a]=0
[FLAG-WATCH] Node #426 @0x2000026040: next=0x2000003f20 field[0x08]=0x2000026140 symbol_ptr=0x2000003f20 name='@`' func_ptr=0x80824729b [0x18]=1 [0x19]=0 [0x1a]=0
[FLAG-WATCH] Node #427 @0x2000003f20: next=0x2000026040 field[0x08]=0x2000027440 symbol_ptr=0x200002ad40 name='@?' func_ptr=0x0 [0x18]=1 [0x19]=1 [0x1a]=0
[FLAG-WATCH] Node #428 @0x2000026040: next=0x2000003f20 field[0x08]=0x2000026140 symbol_ptr=0x2000003f20 name='@`' func_ptr=0x80824729b [0x18]=1 [0x19]=0 [0x1a]=0
[FLAG-WATCH] Node #429 @0x2000003f20: next=0x2000026040 field[0x08]=0x2000027440 symbol_ptr=0x200002ad40 name='@?' func_ptr=0x0 [0x18]=1 [0x19]=1 [0x1a]=0
[FLAG-WATCH] Node #430 @0x2000026040: next=0x2000003f20 field[0x08]=0x2000026140 symbol_ptr=0x2000003f20 name='@`' func_ptr=0x80824729b [0x18]=1 [0x19]=0 [0x1a]=0
[FLAG-WATCH] Node #431 @0x2000003f20: next=0x2000026040 field[0x08]=0x2000027440 symbol_ptr=0x200002ad40 name='@?' func_ptr=0x0 [0x18]=1 [0x19]=1 [0x1a]=0
[FLAG-WATCH] Node #432 @0x2000026040: next=0x2000003f20 field[0x08]=0x2000026140 symbol_ptr=0x2000003f20 name='@`' func_ptr=0x80824729b [0x18]=1 [0x19]=0 [0x1a]=0
[FLAG-WATCH] Node #433 @0x2000003f20: next=0x2000026040 field[0x08]=0x2000027440 symbol_ptr=0x200002ad40 name='@?' func_ptr=0x0 [0x18]=1 [0x19]=1 [0x1a]=0
[FLAG-WATCH] Node #434 @0x2000026040: next=0x2000003f20 field[0x08]=0x2000026140 symbol_ptr=0x2000003f20 name='@`' func_ptr=0x80824729b [0x18]=1 [0x19]=0 [0x1a]=0
[FLAG-WATCH] Node #435 @0x2000003f20: next=0x2000026040 field[0x08]=0x2000027440 symbol_ptr=0x200002ad40 name='@?' func_ptr=0x0 [0x18]=1 [0x19]=1 [0x1a]=0
[FLAG-WATCH] Node #436 @0x2000026040: next=0x2000003f20 field[0x08]=0x2000026140 symbol_ptr=0x2000003f20 name='@`' func_ptr=0x80824729b [0x18]=1 [0x19]=0 [0x1a]=0
[FLAG-WATCH] Node #437 @0x2000003f20: next=0x2000026040 field[0x08]=0x2000027440 symbol_ptr=0x200002ad40 name='@?' func_ptr=0x0 [0x18]=1 [0x19]=1 [0x1a]=0
[FLAG-WATCH] Node #438 @0x2000026040: next=0x2000003f20 field[0x08]=0x2000026140 symbol_ptr=0x2000003f20 name='@`' func_ptr=0x80824729b [0x18]=1 [0x19]=0 [0x1a]=0
[FLAG-WATCH] Node #439 @0x2000003f20: next=0x2000026040 field[0x08]=0x2000027440 symbol_ptr=0x200002ad40 name='@?' func_ptr=0x0 [0x18]=1 [0x19]=1 [0x1a]=0
[FLAG-WATCH] Node #440 @0x2000026040: next=0x2000003f20 field[0x08]=0x2000026140 symbol_ptr=0x2000003f20 name='@`' func_ptr=0x80824729b [0x18]=1 [0x19]=0 [0x1a]=0
[FLAG-WATCH] Node #441 @0x2000003f20: next=0x2000026040 field[0x08]=0x2000027440 symbol_ptr=0x200002ad40 name='@?' func_ptr=0x0 [0x18]=1 [0x19]=1 [0x1a]=0
[FLAG-WATCH] Node #442 @0x2000026040: next=0x2000003f20 field[0x08]=0x2000026140 symbol_ptr=0x2000003f20 name='@`' func_ptr=0x80824729b [0x18]=1 [0x19]=0 [0x1a]=0
[FLAG-WATCH] Node #443 @0x2000003f20: next=0x2000026040 field[0x08]=0x2000027440 symbol_ptr=0x200002ad40 name='@?' func_ptr=0x0 [0x18]=1 [0x19]=1 [0x1a]=0
[FLAG-WATCH] Node #444 @0x2000026040: next=0x2000003f20 field[0x08]=0x2000026140 symbol_ptr=0x2000003f20 name='@`' func_ptr=0x80824729b [0x18]=1 [0x19]=0 [0x1a]=0
[FLAG-WATCH] Node #445 @0x2000003f20: next=0x2000026040 field[0x08]=0x2000027440 symbol_ptr=0x200002ad40 name='@?' func_ptr=0x0 [0x18]=1 [0x19]=1 [0x1a]=0
[FLAG-WATCH] Node #446 @0x2000026040: next=0x2000003f20 field[0x08]=0x2000026140 symbol_ptr=0x2000003f20 name='@`' func_ptr=0x80824729b [0x18]=1 [0x19]=0 [0x1a]=0
[FLAG-WATCH] Node #447 @0x2000003f20: next=0x2000026040 field[0x08]=0x2000027440 symbol_ptr=0x200002ad40 name='@?' func_ptr=0x0 [0x18]=1 [0x19]=1 [0x1a]=0
[FLAG-WATCH] Node #448 @0x2000026040: next=0x2000003f20 field[0x08]=0x2000026140 symbol_ptr=0x2000003f20 name='@`' func_ptr=0x80824729b [0x18]=1 [0x19]=0 [0x1a]=0
[FLAG-WATCH] Node #449 @0x2000003f20: next=0x2000026040 field[0x08]=0x2000027440 symbol_ptr=0x200002ad40 name='@?' func_ptr=0x0 [0x18]=1 [0x19]=1 [0x1a]=0
[FLAG-WATCH] Node #450 @0x2000026040: next=0x2000003f20 field[0x08]=0x2000026140 symbol_ptr=0x2000003f20 name='@`' func_ptr=0x80824729b [0x18]=1 [0x19]=0 [0x1a]=0
[FLAG-WATCH] Node #451 @0x2000003f20: next=0x2000026040 field[0x08]=0x2000027440 symbol_ptr=0x200002ad40 name='@?' func_ptr=0x0 [0x18]=1 [0x19]=1 [0x1a]=0
[FLAG-WATCH] Node #452 @0x2000026040: next=0x2000003f20 field[0x08]=0x2000026140 symbol_ptr=0x2000003f20 name='@`' func_ptr=0x80824729b [0x18]=1 [0x19]=0 [0x1a]=0
[FLAG-WATCH] Node #453 @0x2000003f20: next=0x2000026040 field[0x08]=0x2000027440 symbol_ptr=0x200002ad40 name='@?' func_ptr=0x0 [0x18]=1 [0x19]=1 [0x1a]=0
[FLAG-WATCH] Node #454 @0x2000026040: next=0x2000003f20 field[0x08]=0x2000026140 symbol_ptr=0x2000003f20 name='@`' func_ptr=0x80824729b [0x18]=1 [0x19]=0 [0x1a]=0
[FLAG-WATCH] Node #455 @0x2000003f20: next=0x2000026040 field[0x08]=0x2000027440 symbol_ptr=0x200002ad40 name='@?' func_ptr=0x0 [0x18]=1 [0x19]=1 [0x1a]=0
[FLAG-WATCH] Node #456 @0x2000026040: next=0x2000003f20 field[0x08]=0x2000026140 symbol_ptr=0x2000003f20 name='@`' func_ptr=0x80824729b [0x18]=1 [0x19]=0 [0x1a]=0
[FLAG-WATCH] Node #457 @0x2000003f20: next=0x2000026040 field[0x08]=0x2000027440 symbol_ptr=0x200002ad40 name='@?' func_ptr=0x0 [0x18]=1 [0x19]=1 [0x1a]=0
[FLAG-WATCH] Node #458 @0x2000026040: next=0x2000003f20 field[0x08]=0x2000026140 symbol_ptr=0x2000003f20 name='@`' func_ptr=0x80824729b [0x18]=1 [0x19]=0 [0x1a]=0
[FLAG-WATCH] Node #459 @0x2000003f20: next=0x2000026040 field[0x08]=0x2000027440 symbol_ptr=0x200002ad40 name='@?' func_ptr=0x0 [0x18]=1 [0x19]=1 [0x1a]=0
[FLAG-WATCH] Node #460 @0x2000026040: next=0x2000003f20 field[0x08]=0x2000026140 symbol_ptr=0x2000003f20 name='@`' func_ptr=0x80824729b [0x18]=1 [0x19]=0 [0x1a]=0
[FLAG-WATCH] Node #461 @0x2000003f20: next=0x2000026040 field[0x08]=0x2000027440 symbol_ptr=0x200002ad40 name='@?' func_ptr=0x0 [0x18]=1 [0x19]=1 [0x1a]=0
[FLAG-WATCH] Node #462 @0x2000026040: next=0x2000003f20 field[0x08]=0x2000026140 symbol_ptr=0x2000003f20 name='@`' func_ptr=0x80824729b [0x18]=1 [0x19]=0 [0x1a]=0
[FLAG-WATCH] Node #463 @0x2000003f20: next=0x2000026040 field[0x08]=0x2000027440 symbol_ptr=0x200002ad40 name='@?' func_ptr=0x0 [0x18]=1 [0x19]=1 [0x1a]=0
[FLAG-WATCH] Node #464 @0x2000026040: next=0x2000003f20 field[0x08]=0x2000026140 symbol_ptr=0x2000003f20 name='@`' func_ptr=0x80824729b [0x18]=1 [0x19]=0 [0x1a]=0
[FLAG-WATCH] Node #465 @0x2000003f20: next=0x2000026040 field[0x08]=0x2000027440 symbol_ptr=0x200002ad40 name='@?' func_ptr=0x0 [0x18]=1 [0x19]=1 [0x1a]=0
[FLAG-WATCH] Node #466 @0x2000026040: next=0x2000003f20 field[0x08]=0x2000026140 symbol_ptr=0x2000003f20 name='@`' func_ptr=0x80824729b [0x18]=1 [0x19]=0 [0x1a]=0
[FLAG-WATCH] Node #467 @0x2000003f20: next=0x2000026040 field[0x08]=0x2000027440 symbol_ptr=0x200002ad40 name='@?' func_ptr=0x0 [0x18]=1 [0x19]=1 [0x1a]=0
[FLAG-WATCH] Node #468 @0x2000026040: next=0x2000003f20 field[0x08]=0x2000026140 symbol_ptr=0x2000003f20 name='@`' func_ptr=0x80824729b [0x18]=1 [0x19]=0 [0x1a]=0
[FLAG-WATCH] Node #469 @0x2000003f20: next=0x2000026040 field[0x08]=0x2000027440 symbol_ptr=0x200002ad40 name='@?' func_ptr=0x0 [0x18]=1 [0x19]=1 [0x1a]=0
[FLAG-WATCH] Node #470 @0x2000026040: next=0x2000003f20 field[0x08]=0x2000026140 symbol_ptr=0x2000003f20 name='@`' func_ptr=0x80824729b [0x18]=1 [0x19]=0 [0x1a]=0
[FLAG-WATCH] Node #471 @0x2000003f20: next=0x2000026040 field[0x08]=0x2000027440 symbol_ptr=0x200002ad40 name='@?' func_ptr=0x0 [0x18]=1 [0x19]=1 [0x1a]=0
[FLAG-WATCH] Node #472 @0x2000026040: next=0x2000003f20 field[0x08]=0x2000026140 symbol_ptr=0x2000003f20 name='@`' func_ptr=0x80824729b [0x18]=1 [0x19]=0 [0x1a]=0
[FLAG-WATCH] Node #473 @0x2000003f20: next=0x2000026040 field[0x08]=0x2000027440 symbol_ptr=0x200002ad40 name='@?' func_ptr=0x0 [0x18]=1 [0x19]=1 [0x1a]=0
[FLAG-WATCH] Node #474 @0x2000026040: next=0x2000003f20 field[0x08]=0x2000026140 symbol_ptr=0x2000003f20 name='@`' func_ptr=0x80824729b [0x18]=1 [0x19]=0 [0x1a]=0
[FLAG-WATCH] Node #475 @0x2000003f20: next=0x2000026040 field[0x08]=0x2000027440 symbol_ptr=0x200002ad40 name='@?' func_ptr=0x0 [0x18]=1 [0x19]=1 [0x1a]=0
[FLAG-WATCH] Node #476 @0x2000026040: next=0x2000003f20 field[0x08]=0x2000026140 symbol_ptr=0x2000003f20 name='@`' func_ptr=0x80824729b [0x18]=1 [0x19]=0 [0x1a]=0
[FLAG-WATCH] Node #477 @0x2000003f20: next=0x2000026040 field[0x08]=0x2000027440 symbol_ptr=0x200002ad40 name='@?' func_ptr=0x0 [0x18]=1 [0x19]=1 [0x1a]=0
[FLAG-WATCH] Node #478 @0x2000026040: next=0x2000003f20 field[0x08]=0x2000026140 symbol_ptr=0x2000003f20 name='@`' func_ptr=0x80824729b [0x18]=1 [0x19]=0 [0x1a]=0
[FLAG-WATCH] Node #479 @0x2000003f20: next=0x2000026040 field[0x08]=0x2000027440 symbol_ptr=0x200002ad40 name='@?' func_ptr=0x0 [0x18]=1 [0x19]=1 [0x1a]=0
[FLAG-WATCH] Node #480 @0x2000026040: next=0x2000003f20 field[0x08]=0x2000026140 symbol_ptr=0x2000003f20 name='@`' func_ptr=0x80824729b [0x18]=1 [0x19]=0 [0x1a]=0
[FLAG-WATCH] Node #481 @0x2000003f20: next=0x2000026040 field[0x08]=0x2000027440 symbol_ptr=0x200002ad40 name='@?' func_ptr=0x0 [0x18]=1 [0x19]=1 [0x1a]=0
[FLAG-WATCH] Node #482 @0x2000026040: next=0x2000003f20 field[0x08]=0x2000026140 symbol_ptr=0x2000003f20 name='@`' func_ptr=0x80824729b [0x18]=1 [0x19]=0 [0x1a]=0
[FLAG-WATCH] Node #483 @0x2000003f20: next=0x2000026040 field[0x08]=0x2000027440 symbol_ptr=0x200002ad40 name='@?' func_ptr=0x0 [0x18]=1 [0x19]=1 [0x1a]=0
[FLAG-WATCH] Node #484 @0x2000026040: next=0x2000003f20 field[0x08]=0x2000026140 symbol_ptr=0x2000003f20 name='@`' func_ptr=0x80824729b [0x18]=1 [0x19]=0 [0x1a]=0
[FLAG-WATCH] Node #485 @0x2000003f20: next=0x2000026040 field[0x08]=0x2000027440 symbol_ptr=0x200002ad40 name='@?' func_ptr=0x0 [0x18]=1 [0x19]=1 [0x1a]=0
[FLAG-WATCH] Node #486 @0x2000026040: next=0x2000003f20 field[0x08]=0x2000026140 symbol_ptr=0x2000003f20 name='@`' func_ptr=0x80824729b [0x18]=1 [0x19]=0 [0x1a]=0
[FLAG-WATCH] Node #487 @0x2000003f20: next=0x2000026040 field[0x08]=0x2000027440 symbol_ptr=0x200002ad40 name='@?' func_ptr=0x0 [0x18]=1 [0x19]=1 [0x1a]=0
[FLAG-WATCH] Node #488 @0x2000026040: next=0x2000003f20 field[0x08]=0x2000026140 symbol_ptr=0x2000003f20 name='@`' func_ptr=0x80824729b [0x18]=1 [0x19]=0 [0x1a]=0
[FLAG-WATCH] Node #489 @0x2000003f20: next=0x2000026040 field[0x08]=0x2000027440 symbol_ptr=0x200002ad40 name='@?' func_ptr=0x0 [0x18]=1 [0x19]=1 [0x1a]=0
[FLAG-WATCH] Node #490 @0x2000026040: next=0x2000003f20 field[0x08]=0x2000026140 symbol_ptr=0x2000003f20 name='@`' func_ptr=0x80824729b [0x18]=1 [0x19]=0 [0x1a]=0
[FLAG-WATCH] Node #491 @0x2000003f20: next=0x2000026040 field[0x08]=0x2000027440 symbol_ptr=0x200002ad40 name='@?' func_ptr=0x0 [0x18]=1 [0x19]=1 [0x1a]=0
[FLAG-WATCH] Node #492 @0x2000026040: next=0x2000003f20 field[0x08]=0x2000026140 symbol_ptr=0x2000003f20 name='@`' func_ptr=0x80824729b [0x18]=1 [0x19]=0 [0x1a]=0
[FLAG-WATCH] Node #493 @0x2000003f20: next=0x2000026040 field[0x08]=0x2000027440 symbol_ptr=0x200002ad40 name='@?' func_ptr=0x0 [0x18]=1 [0x19]=1 [0x1a]=0
[FLAG-WATCH] Node #494 @0x2000026040: next=0x2000003f20 field[0x08]=0x2000026140 symbol_ptr=0x2000003f20 name='@`' func_ptr=0x80824729b [0x18]=1 [0x19]=0 [0x1a]=0
[FLAG-WATCH] Node #495 @0x2000003f20: next=0x2000026040 field[0x08]=0x2000027440 symbol_ptr=0x200002ad40 name='@?' func_ptr=0x0 [0x18]=1 [0x19]=1 [0x1a]=0
[FLAG-WATCH] Node #496 @0x2000026040: next=0x2000003f20 field[0x08]=0x2000026140 symbol_ptr=0x2000003f20 name='@`' func_ptr=0x80824729b [0x18]=1 [0x19]=0 [0x1a]=0
[FLAG-WATCH] Node #497 @0x2000003f20: next=0x2000026040 field[0x08]=0x2000027440 symbol_ptr=0x200002ad40 name='@?' func_ptr=0x0 [0x18]=1 [0x19]=1 [0x1a]=0
[FLAG-WATCH] Node #498 @0x2000026040: next=0x2000003f20 field[0x08]=0x2000026140 symbol_ptr=0x2000003f20 name='@`' func_ptr=0x80824729b [0x18]=1 [0x19]=0 [0x1a]=0
[FLAG-WATCH] Node #499 @0x2000003f20: next=0x2000026040 field[0x08]=0x2000027440 symbol_ptr=0x200002ad40 name='@?' func_ptr=0x0 [0x18]=1 [0x19]=1 [0x1a]=0
[FLAG-WATCH] Node #500 @0x2000026040: next=0x2000003f20 field[0x08]=0x2000026140 symbol_ptr=0x2000003f20 name='@`' func_ptr=0x80824729b [0x18]=1 [0x19]=0 [0x1a]=0
[FLAG-WATCH] Total nodes: 500
[FLAG-WATCH] === RESOLVER NODE DUMP COMPLETE ===
[BST-WALK] === INDEPENDENT BST WALK (post-wrapper (Import#2084)) ===
[BST-WALK] List head struct: 0x2000003f20
[BST-WALK] Root node: 0x2000027440
[BST-WALK] Node #1 @0x2000027440: name='il2cpp_class_num_fields' left=0x2000028340 right=0x2000026d40 flag[0x19]=0
[BST-WALK] Node #2 @0x2000028340: name='il2cpp_format_stack_trace' left=0x2000029840 right=0x20000285c0 flag[0x19]=0
[BST-WALK] Node #3 @0x2000029840: name='il2cpp_object_header_size' left=0x200002b5c0 right=0x2000025fc0 flag[0x19]=0
[BST-WALK] Node #4 @0x200002b5c0: name='il2cpp_string_new_len' left=0x200002bc40 right=0x2000025cc0 flag[0x19]=0
[BST-WALK] Node #5 @0x200002bc40: name='il2cpp_thread_get_top_frame' left=0x20000271c0 right=0x200002b840 flag[0x19]=0
[BST-WALK] Node #6 @0x20000271c0: name='il2cpp_type_get_name_chunked' left=0x2000029ac0 right=0x200002c040 flag[0x19]=0
[BST-WALK] Node #7 @0x2000029ac0: name='il2cpp_unity_liveness_allocate_struct' left=0x2000029bc0 right=0x200002bfc0 flag[0x19]=0
[BST-WALK] Node #8 @0x2000029bc0: name='il2cpp_unity_liveness_calculation_from_statics' left=0x2000029cc0 right=0x2000029b40 flag[0x19]=0
[BST-WALK] Node #9 @0x2000029cc0: name='il2cpp_unity_liveness_free_struct' left=0x200002ad40 right=0x2000029c40 flag[0x19]=0
[BST-WALK] Node #10 @0x200002ad40: name='il2cpp_value_box' left=0x2000003f20 right=0x200002d140 flag[0x19]=0
[BST-WALK] Node #11 @0x2000003f20: name='<SENTINEL>' left=0x200002ad40 right=0x2000026040 flag[0x19]=1
[BST-WALK] Node #12 @0x2000026040: name='il2cpp_add_internal_call' left=0x2000003f20 right=0x2000003f20 flag[0x19]=0
[BST-WALK] Node #13 @0x200002d140: name='il2cpp_unity_set_android_network_up_state_func' left=0x2000003f20 right=0x2000003f20 flag[0x19]=0
[BST-WALK] Node #14 @0x2000029c40: name='il2cpp_unity_liveness_finalize' left=0x2000003f20 right=0x2000003f20 flag[0x19]=0
[BST-WALK] Node #15 @0x2000029b40: name='il2cpp_unity_liveness_calculation_from_root' left=0x2000003f20 right=0x2000003f20 flag[0x19]=0
[BST-WALK] Node #16 @0x200002bfc0: name='il2cpp_type_get_type' left=0x200002c3c0 right=0x200002bf40 flag[0x19]=0
[BST-WALK] Node #17 @0x200002c3c0: name='il2cpp_type_is_static' left=0x20000283c0 right=0x200002c140 flag[0x19]=0
[BST-WALK] Node #18 @0x20000283c0: name='il2cpp_unhandled_exception' left=0x200002cbc0 right=0x2000003f20 flag[0x19]=0
[BST-WALK] Node #19 @0x200002cbc0: name='il2cpp_unity_install_unitytls_interface' left=0x2000003f20 right=0x2000003f20 flag[0x19]=0
[BST-WALK] Node #20 @0x200002c140: name='il2cpp_type_is_byref' left=0x200002c440 right=0x2000003f20 flag[0x19]=0
[BST-WALK] Node #21 @0x200002c440: name='il2cpp_type_is_pointer_type' left=0x2000003f20 right=0x2000003f20 flag[0x19]=0
[BST-WALK] Node #22 @0x200002bf40: name='il2cpp_type_get_object' left=0x200002c340 right=0x2000003f20 flag[0x19]=0
[BST-WALK] Node #23 @0x200002c340: name='il2cpp_type_get_reflection_name' left=0x2000003f20 right=0x2000003f20 flag[0x19]=0
[BST-WALK] Node #24 @0x200002c040: name='il2cpp_type_get_class_or_element_class' left=0x200002c0c0 right=0x200002c240 flag[0x19]=0
[BST-WALK] Node #25 @0x200002c0c0: name='il2cpp_type_get_name' left=0x2000003f20 right=0x2000003f20 flag[0x19]=0
[BST-WALK] Node #26 @0x200002c240: name='il2cpp_type_equals' left=0x200002c1c0 right=0x200002bb40 flag[0x19]=0
[BST-WALK] Node #27 @0x200002c1c0: name='il2cpp_type_get_attrs' left=0x2000003f20 right=0x200002c2c0 flag[0x19]=0
[BST-WALK] Node #28 @0x200002c2c0: name='il2cpp_type_get_assembly_qualified_name' left=0x2000003f20 right=0x2000003f20 flag[0x19]=0
[BST-WALK] Node #29 @0x200002bb40: name='il2cpp_thread_walk_frame_stack' left=0x2000003f20 right=0x2000003f20 flag[0x19]=0
[BST-WALK] Node #30 @0x200002b840: name='il2cpp_thread_current' left=0x200002b9c0 right=0x200002b6c0 flag[0x19]=0
[BST-WALK] Node #31 @0x200002b9c0: name='il2cpp_thread_get_all_attached_threads' left=0x200002bd40 right=0x200002b940 flag[0x19]=0
[BST-WALK] Node #32 @0x200002bd40: name='il2cpp_thread_get_frame_at' left=0x200002be40 right=0x2000003f20 flag[0x19]=0
[BST-WALK] Node #33 @0x200002be40: name='il2cpp_thread_get_stack_depth' left=0x2000003f20 right=0x2000003f20 flag[0x19]=0
[BST-WALK] Node #34 @0x200002b940: name='il2cpp_thread_detach' left=0x2000003f20 right=0x2000003f20 flag[0x19]=0
[BST-WALK] Node #35 @0x200002b6c0: name='il2cpp_string_new_wrapper' left=0x200002b8c0 right=0x200002b640 flag[0x19]=0
[BST-WALK] Node #36 @0x200002b8c0: name='il2cpp_thread_attach' left=0x2000003f20 right=0x2000003f20 flag[0x19]=0
[BST-WALK] Node #37 @0x200002b640: name='il2cpp_string_new_utf16' left=0x2000003f20 right=0x2000003f20 flag[0x19]=0
[BST-WALK] Node #38 @0x2000025cc0: name='il2cpp_set_temp_dir' left=0x20000293c0 right=0x200002a940 flag[0x19]=0
[BST-WALK] Node #39 @0x20000293c0: name='il2cpp_stop_gc_world' left=0x200002b440 right=0x2000027ec0 flag[0x19]=0
[BST-WALK] Node #40 @0x200002b440: name='il2cpp_string_length' left=0x200002b540 right=0x200002b740 flag[0x19]=0
[BST-WALK] Node #41 @0x200002b540: name='il2cpp_string_new' left=0x2000003f20 right=0x2000003f20 flag[0x19]=0
[BST-WALK] Node #42 @0x200002b740: name='il2cpp_string_intern' left=0x200002b7c0 right=0x200002b4c0 flag[0x19]=0
[BST-WALK] Node #43 @0x200002b7c0: name='il2cpp_string_is_interned' left=0x2000003f20 right=0x2000003f20 flag[0x19]=0
[BST-WALK] Node #44 @0x200002b4c0: name='il2cpp_string_chars' left=0x2000003f20 right=0x2000003f20 flag[0x19]=0
[BST-WALK] Node #45 @0x2000027ec0: name='il2cpp_stats_dump_to_file' left=0x2000027f40 right=0x2000025b40 flag[0x19]=0
[BST-WALK] Node #46 @0x2000027f40: name='il2cpp_stats_get_value' left=0x2000003f20 right=0x2000003f20 flag[0x19]=0
[BST-WALK] Node #47 @0x2000025b40: name='il2cpp_shutdown' left=0x2000029440 right=0x2000003f20 flag[0x19]=0
[BST-WALK] Node #48 @0x2000029440: name='il2cpp_start_gc_world' left=0x2000003f20 right=0x2000003f20 flag[0x19]=0
[BST-WALK] Node #49 @0x200002a940: name='il2cpp_property_get_set_method' left=0x2000025dc0 right=0x200002a540 flag[0x19]=0
[BST-WALK] Node #50 @0x2000025dc0: name='il2cpp_set_commandline_arguments_utf16' left=0x2000025c40 right=0x200002b1c0 flag[0x19]=0
[BST-WALK] Node #51 @0x2000025c40: name='il2cpp_set_data_dir' left=0x200002c8c0 right=0x2000025bc0 flag[0x19]=0
[BST-WALK] Node #52 @0x200002c8c0: name='il2cpp_set_find_plugin_callback' left=0x2000025f40 right=0x200002d0c0 flag[0x19]=0
[BST-WALK] Node #53 @0x2000025f40: name='il2cpp_set_memory_callbacks' left=0x2000003f20 right=0x2000003f20 flag[0x19]=0
[BST-WALK] Node #54 @0x200002d0c0: name='il2cpp_set_default_thread_affinity' left=0x2000003f20 right=0x2000003f20 flag[0x19]=0
[BST-WALK] Node #55 @0x2000025bc0: name='il2cpp_set_config_dir' left=0x2000025e40 right=0x2000025ec0 flag[0x19]=0
[BST-WALK] Node #56 @0x2000025e40: name='il2cpp_set_config_utf16' left=0x2000003f20 right=0x2000003f20 flag[0x19]=0
[BST-WALK] Node #57 @0x2000025ec0: name='il2cpp_set_config' left=0x2000003f20 right=0x2000003f20 flag[0x19]=0
[BST-WALK] Node #58 @0x200002b1c0: name='il2cpp_runtime_invoke_convert_args' left=0x200002b340 right=0x20000260c0 flag[0x19]=0
[BST-WALK] Node #59 @0x200002b340: name='il2cpp_runtime_object_init_exception' left=0x2000025d40 right=0x200002b2c0 flag[0x19]=0
[BST-WALK] Node #60 @0x2000025d40: name='il2cpp_set_commandline_arguments' left=0x2000003f20 right=0x200002b3c0 flag[0x19]=0
[BST-WALK] Node #61 @0x200002b3c0: name='il2cpp_runtime_unhandled_exception_policy_set' left=0x2000003f20 right=0x2000003f20 flag[0x19]=0
[BST-WALK] Node #62 @0x200002b2c0: name='il2cpp_runtime_object_init' left=0x2000003f20 right=0x2000003f20 flag[0x19]=0
[BST-WALK] Node #63 @0x20000260c0: name='il2cpp_resolve_icall' left=0x200002b140 right=0x200002cac0 flag[0x19]=0
[BST-WALK] Node #64 @0x200002b140: name='il2cpp_runtime_invoke' left=0x2000003f20 right=0x200002b240 flag[0x19]=0
[BST-WALK] Node #65 @0x200002b240: name='il2cpp_runtime_class_init' left=0x2000003f20 right=0x2000003f20 flag[0x19]=0
[BST-WALK] Node #66 @0x200002cac0: name='il2cpp_register_debugger_agent_transport' left=0x200002c940 right=0x2000028140 flag[0x19]=0
[BST-WALK] Node #67 @0x200002c940: name='il2cpp_register_log_callback' left=0x2000003f20 right=0x2000003f20 flag[0x19]=0
[BST-WALK] Node #68 @0x2000028140: name='il2cpp_raise_exception' left=0x2000003f20 right=0x2000003f20 flag[0x19]=0
[BST-WALK] Node #69 @0x200002a540: name='il2cpp_profiler_set_events' left=0x200002a8c0 right=0x200002a640 flag[0x19]=0
[BST-WALK] Node #70 @0x200002a8c0: name='il2cpp_property_get_get_method' left=0x200002a9c0 right=0x200002a840 flag[0x19]=0
[BST-WALK] Node #71 @0x200002a9c0: name='il2cpp_property_get_name' left=0x200002aa40 right=0x2000003f20 flag[0x19]=0
[BST-WALK] Node #72 @0x200002aa40: name='il2cpp_property_get_parent' left=0x2000003f20 right=0x2000003f20 flag[0x19]=0
[BST-WALK] Node #73 @0x200002a840: name='il2cpp_property_get_flags' left=0x2000003f20 right=0x2000003f20 flag[0x19]=0
[BST-WALK] Node #74 @0x200002a640: name='il2cpp_profiler_install_allocation' left=0x200002a740 right=0x2000029940 flag[0x19]=0
[BST-WALK] Node #75 @0x200002a740: name='il2cpp_profiler_install_fileio' left=0x200002a6c0 right=0x200002a5c0 flag[0x19]=0
[BST-WALK] Node #76 @0x200002a6c0: name='il2cpp_profiler_install_gc' left=0x200002a7c0 right=0x2000003f20 flag[0x19]=0
[BST-WALK] Node #77 @0x200002a7c0: name='il2cpp_profiler_install_thread' left=0x2000003f20 right=0x2000003f20 flag[0x19]=0
[BST-WALK] Node #78 @0x200002a5c0: name='il2cpp_profiler_install_enter_leave' left=0x2000003f20 right=0x2000003f20 flag[0x19]=0
[BST-WALK] Node #79 @0x2000029940: name='il2cpp_offset_of_array_length_in_array_object_header' left=0x200002a4c0 right=0x200002acc0 flag[0x19]=0
[BST-WALK] Node #80 @0x200002a4c0: name='il2cpp_profiler_install' left=0x2000003f20 right=0x200002bec0 flag[0x19]=0
[BST-WALK] Node #81 @0x200002bec0: name='il2cpp_override_stack_backtrace' left=0x2000003f20 right=0x2000003f20 flag[0x19]=0
[BST-WALK] Node #82 @0x200002acc0: name='il2cpp_object_unbox' left=0x20000299c0 right=0x200002ac40 flag[0x19]=0
[BST-WALK] Node #83 @0x20000299c0: name='il2cpp_offset_of_array_bounds_in_array_object_header' left=0x2000003f20 right=0x2000003f20 flag[0x19]=0
[BST-WALK] Node #84 @0x200002ac40: name='il2cpp_object_new' left=0x2000003f20 right=0x2000003f20 flag[0x19]=0
[BST-WALK] Node #85 @0x2000025fc0: name='il2cpp_get_corlib' left=0x2000029d40 right=0x2000028dc0 flag[0x19]=0
[BST-WALK] Node #86 @0x2000029d40: name='il2cpp_method_get_return_type' left=0x200002adc0 right=0x2000029ec0 flag[0x19]=0
[BST-WALK] Node #87 @0x200002adc0: name='il2cpp_monitor_enter' left=0x200002ae40 right=0x200002a040 flag[0x19]=0
[BST-WALK] Node #88 @0x200002ae40: name='il2cpp_monitor_try_enter' left=0x2000028440 right=0x200002af40 flag[0x19]=0
[BST-WALK] Node #89 @0x2000028440: name='il2cpp_native_stack_trace' left=0x200002ab40 right=0x200002b040 flag[0x19]=0
[BST-WALK] Node #90 @0x200002ab40: name='il2cpp_object_get_size' left=0x200002abc0 right=0x200002aac0 flag[0x19]=0
[BST-WALK] Node #91 @0x200002abc0: name='il2cpp_object_get_virtual_method' left=0x2000003f20 right=0x2000003f20 flag[0x19]=0
[BST-WALK] Node #92 @0x200002aac0: name='il2cpp_object_get_class' left=0x2000003f20 right=0x2000003f20 flag[0x19]=0
[BST-WALK] Node #93 @0x200002b040: name='il2cpp_monitor_wait' left=0x2000003f20 right=0x200002b0c0 flag[0x19]=0
[BST-WALK] Node #94 @0x200002b0c0: name='il2cpp_monitor_try_wait' left=0x2000003f20 right=0x2000003f20 flag[0x19]=0
[BST-WALK] Node #95 @0x200002af40: name='il2cpp_monitor_pulse' left=0x200002afc0 right=0x200002aec0 flag[0x19]=0
[BST-WALK] Node #96 @0x200002afc0: name='il2cpp_monitor_pulse_all' left=0x2000003f20 right=0x2000003f20 flag[0x19]=0
[BST-WALK] Node #97 @0x200002aec0: name='il2cpp_monitor_exit' left=0x2000003f20 right=0x2000003f20 flag[0x19]=0
[BST-WALK] Node #98 @0x200002a040: name='il2cpp_method_is_inflated' left=0x200002a0c0 right=0x200002a2c0 flag[0x19]=0
[BST-WALK] Node #99 @0x200002a0c0: name='il2cpp_method_is_instance' left=0x2000003f20 right=0x2000003f20 flag[0x19]=0
[BST-WALK] Node #100 @0x200002a2c0: name='il2cpp_method_has_attribute' left=0x2000029fc0 right=0x200002a3c0 flag[0x19]=0
[BST-WALK] Node #101 @0x2000029fc0: name='il2cpp_method_is_generic' left=0x2000003f20 right=0x2000003f20 flag[0x19]=0
[BST-WALK] Node #102 @0x200002a3c0: name='il2cpp_method_get_token' left=0x2000003f20 right=0x2000003f20 flag[0x19]=0
[BST-WALK] Node #103 @0x2000029ec0: name='il2cpp_method_get_from_reflection' left=0x2000029f40 right=0x2000025ac0 flag[0x19]=0
[BST-WALK] Node #104 @0x2000029f40: name='il2cpp_method_get_object' left=0x200002a140 right=0x2000029e40 flag[0x19]=0
[BST-WALK] Node #105 @0x200002a140: name='il2cpp_method_get_param_count' left=0x200002a440 right=0x200002a1c0 flag[0x19]=0
[BST-WALK] Node #106 @0x200002a440: name='il2cpp_method_get_param_name' left=0x2000003f20 right=0x2000003f20 flag[0x19]=0
[BST-WALK] Node #107 @0x200002a1c0: name='il2cpp_method_get_param' left=0x2000003f20 right=0x2000003f20 flag[0x19]=0
[BST-WALK] Node #108 @0x2000029e40: name='il2cpp_method_get_name' left=0x2000003f20 right=0x2000003f20 flag[0x19]=0
[BST-WALK] Node #109 @0x2000025ac0: name='il2cpp_init_utf16' left=0x2000029dc0 right=0x200002c640 flag[0x19]=0
[BST-WALK] Node #110 @0x2000029dc0: name='il2cpp_method_get_declaring_type' left=0x200002a340 right=0x200002ba40 flag[0x19]=0
[BST-WALK] Node #111 @0x200002a340: name='il2cpp_method_get_flags' left=0x2000003f20 right=0x2000003f20 flag[0x19]=0
[BST-WALK] Node #112 @0x200002ba40: name='il2cpp_is_vm_thread' left=0x200002a240 right=0x200002ca40 flag[0x19]=0
[BST-WALK] Node #113 @0x200002a240: name='il2cpp_method_get_class' left=0x2000003f20 right=0x2000003f20 flag[0x19]=0
[BST-WALK] Node #114 @0x200002ca40: name='il2cpp_is_debugger_attached' left=0x2000003f20 right=0x2000003f20 flag[0x19]=0
[BST-WALK] Node #115 @0x200002c640: name='il2cpp_image_get_entry_point' left=0x200002c540 right=0x200002c4c0 flag[0x19]=0
[BST-WALK] Node #116 @0x200002c540: name='il2cpp_image_get_name' left=0x2000025a40 right=0x200002c5c0 flag[0x19]=0
[BST-WALK] Node #117 @0x2000025a40: name='il2cpp_init' left=0x2000003f20 right=0x2000003f20 flag[0x19]=0
[BST-WALK] Node #118 @0x200002c5c0: name='il2cpp_image_get_filename' left=0x2000003f20 right=0x2000003f20 flag[0x19]=0
[BST-WALK] Node #119 @0x200002c4c0: name='il2cpp_image_get_assembly' left=0x200002c6c0 right=0x2000028240 flag[0x19]=0
[BST-WALK] Node #120 @0x200002c6c0: name='il2cpp_image_get_class_count' left=0x2000003f20 right=0x200002c740 flag[0x19]=0
[BST-WALK] Node #121 @0x200002c740: name='il2cpp_image_get_class' left=0x2000003f20 right=0x2000003f20 flag[0x19]=0
[BST-WALK] Node #122 @0x2000028240: name='il2cpp_get_exception_argument_null' left=0x2000003f20 right=0x2000003f20 flag[0x19]=0
[BST-WALK] Node #123 @0x2000028dc0: name='il2cpp_gc_is_disabled' left=0x2000028e40 right=0x2000028cc0 flag[0x19]=0
[BST-WALK] Node #124 @0x2000028e40: name='il2cpp_gc_set_mode' left=0x2000029140 right=0x2000029240 flag[0x19]=0
[BST-WALK] Node #125 @0x2000029140: name='il2cpp_gc_wbarrier_set_field' left=0x20000295c0 right=0x2000028c40 flag[0x19]=0
[BST-WALK] Node #126 @0x20000295c0: name='il2cpp_gchandle_new' left=0x2000029640 right=0x2000029740 flag[0x19]=0
[BST-WALK] Node #127 @0x2000029640: name='il2cpp_gchandle_new_weakref' left=0x2000003f20 right=0x2000003f20 flag[0x19]=0
[BST-WALK] Node #128 @0x2000029740: name='il2cpp_gchandle_free' left=0x20000296c0 right=0x20000297c0 flag[0x19]=0
[BST-WALK] Node #129 @0x20000296c0: name='il2cpp_gchandle_get_target' left=0x2000003f20 right=0x2000003f20 flag[0x19]=0
[BST-WALK] Node #130 @0x20000297c0: name='il2cpp_gchandle_foreach_get_target' left=0x2000003f20 right=0x2000003f20 flag[0x19]=0
[BST-WALK] Node #131 @0x2000028c40: name='il2cpp_gc_start_incremental_collection' left=0x2000003f20 right=0x2000003f20 flag[0x19]=0
[BST-WALK] Node #132 @0x2000029240: name='il2cpp_gc_set_external_allocation_tracker' left=0x2000028f40 right=0x2000028fc0 flag[0x19]=0
[BST-WALK] Node #133 @0x2000028f40: name='il2cpp_gc_set_max_time_slice_ns' left=0x2000003f20 right=0x20000292c0 flag[0x19]=0
[BST-WALK] Node #134 @0x20000292c0: name='il2cpp_gc_set_external_wbarrier_tracker' left=0x2000003f20 right=0x2000003f20 flag[0x19]=0
[BST-WALK] Node #135 @0x2000028fc0: name='il2cpp_gc_is_incremental' left=0x2000003f20 right=0x2000003f20 flag[0x19]=0
[BST-WALK] Node #136 @0x2000028cc0: name='il2cpp_gc_disable' left=0x2000028ec0 right=0x2000028b40 flag[0x19]=0
[BST-WALK] Node #137 @0x2000028ec0: name='il2cpp_gc_get_max_time_slice_ns' left=0x2000029040 right=0x2000029340 flag[0x19]=0
[BST-WALK] Node #138 @0x2000029040: name='il2cpp_gc_get_used_size' left=0x20000291c0 right=0x2000003f20 flag[0x19]=0
[BST-WALK] Node #139 @0x20000291c0: name='il2cpp_gc_has_strict_wbarriers' left=0x2000003f20 right=0x2000003f20 flag[0x19]=0
[BST-WALK] Node #140 @0x2000029340: name='il2cpp_gc_foreach_heap' left=0x20000290c0 right=0x2000028d40 flag[0x19]=0
[BST-WALK] Node #141 @0x20000290c0: name='il2cpp_gc_get_heap_size' left=0x2000003f20 right=0x2000029540 flag[0x19]=0
[BST-WALK] Node #142 @0x2000029540: name='il2cpp_gc_free_fixed' left=0x2000003f20 right=0x2000003f20 flag[0x19]=0
[BST-WALK] Node #143 @0x2000028d40: name='il2cpp_gc_enable' left=0x2000003f20 right=0x2000003f20 flag[0x19]=0
[BST-WALK] Node #144 @0x2000028b40: name='il2cpp_gc_collect' left=0x2000028bc0 right=0x200002c840 flag[0x19]=0
[BST-WALK] Node #145 @0x2000028bc0: name='il2cpp_gc_collect_a_little' left=0x2000003f20 right=0x2000003f20 flag[0x19]=0
[BST-WALK] Node #146 @0x200002c840: name='il2cpp_free_captured_memory_snapshot' left=0x20000294c0 right=0x20000261c0 flag[0x19]=0
[BST-WALK] Node #147 @0x20000294c0: name='il2cpp_gc_alloc_fixed' left=0x2000003f20 right=0x2000003f20 flag[0x19]=0
[BST-WALK] Node #148 @0x20000261c0: name='il2cpp_free' left=0x2000003f20 right=0x2000003f20 flag[0x19]=0
[BST-WALK] Node #149 @0x20000285c0: name='il2cpp_field_get_parent' left=0x2000028840 right=0x200002c9c0 flag[0x19]=0
[BST-WALK] Node #150 @0x2000028840: name='il2cpp_field_has_attribute' left=0x2000028940 right=0x2000028740 flag[0x19]=0
[BST-WALK] Node #151 @0x2000028940: name='il2cpp_field_static_get_value' left=0x20000282c0 right=0x20000288c0 flag[0x19]=0
[BST-WALK] Node #152 @0x20000282c0: name='il2cpp_format_exception' left=0x2000003f20 right=0x20000289c0 flag[0x19]=0
[BST-WALK] Node #153 @0x20000289c0: name='il2cpp_field_static_set_value' left=0x2000003f20 right=0x2000003f20 flag[0x19]=0
[BST-WALK] Node #154 @0x20000288c0: name='il2cpp_field_set_value' left=0x2000028a40 right=0x2000028ac0 flag[0x19]=0
[BST-WALK] Node #155 @0x2000028a40: name='il2cpp_field_set_value_object' left=0x2000003f20 right=0x2000003f20 flag[0x19]=0
[BST-WALK] Node #156 @0x2000028ac0: name='il2cpp_field_is_literal' left=0x2000003f20 right=0x2000003f20 flag[0x19]=0
[BST-WALK] Node #157 @0x2000028740: name='il2cpp_field_get_value' left=0x20000287c0 right=0x20000286c0 flag[0x19]=0
[BST-WALK] Node #158 @0x20000287c0: name='il2cpp_field_get_value_object' left=0x2000003f20 right=0x2000003f20 flag[0x19]=0
[BST-WALK] Node #159 @0x20000286c0: name='il2cpp_field_get_type' left=0x2000003f20 right=0x2000003f20 flag[0x19]=0
[BST-WALK] Node #160 @0x200002c9c0: name='il2cpp_debugger_set_agent_options' left=0x20000281c0 right=0x200002bac0 flag[0x19]=0
[BST-WALK] Node #161 @0x20000281c0: name='il2cpp_exception_from_name_msg' left=0x2000028540 right=0x2000027fc0 flag[0x19]=0
[BST-WALK] Node #162 @0x2000028540: name='il2cpp_field_get_name' left=0x2000028640 right=0x20000284c0 flag[0x19]=0
[BST-WALK] Node #163 @0x2000028640: name='il2cpp_field_get_offset' left=0x2000003f20 right=0x2000003f20 flag[0x19]=0
[BST-WALK] Node #164 @0x20000284c0: name='il2cpp_field_get_flags' left=0x2000003f20 right=0x2000003f20 flag[0x19]=0
[BST-WALK] Node #165 @0x2000027fc0: name='il2cpp_domain_get' left=0x20000280c0 right=0x2000028040 flag[0x19]=0
[BST-WALK] Node #166 @0x20000280c0: name='il2cpp_domain_get_assemblies' left=0x2000003f20 right=0x2000003f20 flag[0x19]=0
[BST-WALK] Node #167 @0x2000028040: name='il2cpp_domain_assembly_open' left=0x2000003f20 right=0x2000003f20 flag[0x19]=0
[BST-WALK] Node #168 @0x200002bac0: name='il2cpp_current_thread_walk_frame_stack' left=0x200002ccc0 right=0x200002bcc0 flag[0x19]=0
[BST-WALK] Node #169 @0x200002ccc0: name='il2cpp_custom_attrs_from_method' left=0x200002ce40 right=0x200002cc40 flag[0x19]=0
[BST-WALK] Node #170 @0x200002ce40: name='il2cpp_custom_attrs_has_attr' left=0x200002cb40 right=0x200002cdc0 flag[0x19]=0
[BST-WALK] Node #171 @0x200002cb40: name='il2cpp_debug_get_method_info' left=0x2000003f20 right=0x2000003f20 flag[0x19]=0
[BST-WALK] Node #172 @0x200002cdc0: name='il2cpp_custom_attrs_get_attr' left=0x2000003f20 right=0x2000003f20 flag[0x19]=0
[BST-WALK] Node #173 @0x200002cc40: name='il2cpp_custom_attrs_from_class' left=0x200002cd40 right=0x200002cec0 flag[0x19]=0
[BST-WALK] Node #174 @0x200002cd40: name='il2cpp_custom_attrs_from_field' left=0x2000003f20 right=0x2000003f20 flag[0x19]=0
[BST-WALK] Node #175 @0x200002cec0: name='il2cpp_custom_attrs_construct' left=0x200002cf40 right=0x2000003f20 flag[0x19]=0
[BST-WALK] Node #176 @0x200002cf40: name='il2cpp_custom_attrs_free' left=0x2000003f20 right=0x2000003f20 flag[0x19]=0
[BST-WALK] Node #177 @0x200002bcc0: name='il2cpp_current_thread_get_frame_at' left=0x200002bbc0 right=0x2000027540 flag[0x19]=0
[BST-WALK] Node #178 @0x200002bbc0: name='il2cpp_current_thread_get_top_frame' left=0x2000003f20 right=0x200002bdc0 flag[0x19]=0
[BST-WALK] Node #179 @0x200002bdc0: name='il2cpp_current_thread_get_stack_depth' left=0x2000003f20 right=0x2000003f20 flag[0x19]=0
[BST-WALK] Node #180 @0x2000027540: name='il2cpp_class_value_size' left=0x2000003f20 right=0x200002cfc0 flag[0x19]=0
[BST-WALK] Node #181 @0x200002cfc0: name='il2cpp_class_set_userdata' left=0x2000003f20 right=0x2000003f20 flag[0x19]=0
[BST-WALK] Node #182 @0x2000026d40: name='il2cpp_class_get_fields' left=0x2000026a40 right=0x2000026540 flag[0x19]=0
[BST-WALK] Node #183 @0x2000026a40: name='il2cpp_class_has_parent' left=0x2000026840 right=0x2000026dc0 flag[0x19]=0
[BST-WALK] Node #184 @0x2000026840: name='il2cpp_class_is_generic' left=0x20000267c0 right=0x2000026940 flag[0x19]=0
[BST-WALK] Node #185 @0x20000267c0: name='il2cpp_class_is_inited' left=0x20000269c0 right=0x20000268c0 flag[0x19]=0
[BST-WALK] Node #186 @0x20000269c0: name='il2cpp_class_is_subclass_of' left=0x20000274c0 right=0x2000027740 flag[0x19]=0
[BST-WALK] Node #187 @0x20000274c0: name='il2cpp_class_is_valuetype' left=0x2000003f20 right=0x2000003f20 flag[0x19]=0
[BST-WALK] Node #188 @0x2000027740: name='il2cpp_class_is_interface' left=0x2000003f20 right=0x2000003f20 flag[0x19]=0
[BST-WALK] Node #189 @0x20000268c0: name='il2cpp_class_is_inflated' left=0x2000003f20 right=0x2000003f20 flag[0x19]=0
[BST-WALK] Node #190 @0x2000026940: name='il2cpp_class_is_assignable_from' left=0x20000275c0 right=0x20000273c0 flag[0x19]=0
[BST-WALK] Node #191 @0x20000275c0: name='il2cpp_class_is_blittable' left=0x2000027ac0 right=0x2000003f20 flag[0x19]=0
[BST-WALK] Node #192 @0x2000027ac0: name='il2cpp_class_is_enum' left=0x2000003f20 right=0x2000003f20 flag[0x19]=0
[BST-WALK] Node #193 @0x20000273c0: name='il2cpp_class_instance_size' left=0x20000276c0 right=0x2000027a40 flag[0x19]=0
[BST-WALK] Node #194 @0x20000276c0: name='il2cpp_class_is_abstract' left=0x2000003f20 right=0x2000003f20 flag[0x19]=0
[BST-WALK] Node #195 @0x2000027a40: name='il2cpp_class_has_references' left=0x2000003f20 right=0x2000003f20 flag[0x19]=0
[BST-WALK] Node #196 @0x2000026dc0: name='il2cpp_class_get_nested_types' left=0x2000026ec0 right=0x20000270c0 flag[0x19]=0
[BST-WALK] Node #197 @0x2000026ec0: name='il2cpp_class_get_properties' left=0x20000278c0 right=0x20000272c0 flag[0x19]=0
[BST-WALK] Node #198 @0x20000278c0: name='il2cpp_class_get_type' left=0x200002d040 right=0x2000027c40 flag[0x19]=0
[BST-WALK] Node #199 @0x200002d040: name='il2cpp_class_get_userdata_offset' left=0x20000279c0 right=0x2000027940 flag[0x19]=0
[BST-WALK] Node #200 @0x20000279c0: name='il2cpp_class_has_attribute' left=0x2000003f20 right=0x2000003f20 flag[0x19]=0
[BST-WALK] Node #201 @0x2000027940: name='il2cpp_class_get_type_token' left=0x2000003f20 right=0x2000003f20 flag[0x19]=0
[BST-WALK] Node #202 @0x2000027c40: name='il2cpp_class_get_rank' left=0x2000027d40 right=0x2000026f40 flag[0x19]=0
[BST-WALK] Node #203 @0x2000027d40: name='il2cpp_class_get_static_field_data' left=0x2000003f20 right=0x2000003f20 flag[0x19]=0
[BST-WALK] Node #204 @0x2000026f40: name='il2cpp_class_get_property_from_name' left=0x2000003f20 right=0x2000003f20 flag[0x19]=0
[BST-WALK] Node #205 @0x20000272c0: name='il2cpp_class_get_parent' left=0x2000003f20 right=0x2000003f20 flag[0x19]=0
[BST-WALK] Node #206 @0x20000270c0: name='il2cpp_class_get_method_from_name' left=0x2000027140 right=0x2000027b40 flag[0x19]=0
[BST-WALK] Node #207 @0x2000027140: name='il2cpp_class_get_name' left=0x2000027240 right=0x2000027040 flag[0x19]=0
[BST-WALK] Node #208 @0x2000027240: name='il2cpp_class_get_namespace' left=0x2000003f20 right=0x2000003f20 flag[0x19]=0
[BST-WALK] Node #209 @0x2000027040: name='il2cpp_class_get_methods' left=0x2000003f20 right=0x2000003f20 flag[0x19]=0
[BST-WALK] Node #210 @0x2000027b40: name='il2cpp_class_get_image' left=0x2000026e40 right=0x2000027640 flag[0x19]=0
[BST-WALK] Node #211 @0x2000026e40: name='il2cpp_class_get_interfaces' left=0x2000003f20 right=0x2000003f20 flag[0x19]=0
[BST-WALK] Node #212 @0x2000027640: name='il2cpp_class_get_flags' left=0x2000003f20 right=0x2000003f20 flag[0x19]=0
[BST-WALK] Node #213 @0x2000026540: name='il2cpp_bounded_array_class_get' left=0x2000026b40 right=0x20000262c0 flag[0x19]=0
[BST-WALK] Node #214 @0x2000026b40: name='il2cpp_class_from_name' left=0x2000027cc0 right=0x20000266c0 flag[0x19]=0
[BST-WALK] Node #215 @0x2000027cc0: name='il2cpp_class_get_data_size' left=0x2000026c40 right=0x2000027840 flag[0x19]=0
[BST-WALK] Node #216 @0x2000026c40: name='il2cpp_class_get_element_class' left=0x2000026cc0 right=0x2000027340 flag[0x19]=0
[BST-WALK] Node #217 @0x2000026cc0: name='il2cpp_class_get_events' left=0x2000026fc0 right=0x2000003f20 flag[0x19]=0
[BST-WALK] Node #218 @0x2000026fc0: name='il2cpp_class_get_field_from_name' left=0x2000003f20 right=0x2000003f20 flag[0x19]=0
[BST-WALK] Node #219 @0x2000027340: name='il2cpp_class_get_declaring_type' left=0x2000003f20 right=0x2000003f20 flag[0x19]=0
[BST-WALK] Node #220 @0x2000027840: name='il2cpp_class_from_type' left=0x2000027e40 right=0x2000026bc0 flag[0x19]=0
[BST-WALK] Node #221 @0x2000027e40: name='il2cpp_class_get_bitmap' left=0x2000027dc0 right=0x2000027bc0 flag[0x19]=0
[BST-WALK] Node #222 @0x2000027dc0: name='il2cpp_class_get_bitmap_size' left=0x2000003f20 right=0x2000003f20 flag[0x19]=0
[BST-WALK] Node #223 @0x2000027bc0: name='il2cpp_class_get_assemblyname' left=0x2000003f20 right=0x2000003f20 flag[0x19]=0
[BST-WALK] Node #224 @0x2000026bc0: name='il2cpp_class_from_system_type' left=0x2000003f20 right=0x2000003f20 flag[0x19]=0
[BST-WALK] Node #225 @0x20000266c0: name='il2cpp_class_for_each' left=0x2000026ac0 right=0x20000277c0 flag[0x19]=0
[BST-WALK] Node #226 @0x2000026ac0: name='il2cpp_class_from_il2cpp_type' left=0x2000003f20 right=0x2000003f20 flag[0x19]=0
[BST-WALK] Node #227 @0x20000277c0: name='il2cpp_class_array_element_size' left=0x2000026740 right=0x200002c7c0 flag[0x19]=0
[BST-WALK] Node #228 @0x2000026740: name='il2cpp_class_enum_basetype' left=0x2000003f20 right=0x2000003f20 flag[0x19]=0
[BST-WALK] Node #229 @0x200002c7c0: name='il2cpp_capture_memory_snapshot' left=0x2000003f20 right=0x2000003f20 flag[0x19]=0
[BST-WALK] Node #230 @0x20000262c0: name='il2cpp_array_length' left=0x2000026440 right=0x2000026140 flag[0x19]=0
[BST-WALK] Node #231 @0x2000026440: name='il2cpp_array_new_specific' left=0x2000026640 right=0x20000263c0 flag[0x19]=0
[BST-WALK] Node #232 @0x2000026640: name='il2cpp_assembly_get_image' left=0x2000003f20 right=0x20000298c0 flag[0x19]=0
[BST-WALK] Node #233 @0x20000298c0: name='il2cpp_array_object_header_size' left=0x2000003f20 right=0x2000003f20 flag[0x19]=0
[BST-WALK] Node #234 @0x20000263c0: name='il2cpp_array_new' left=0x20000264c0 right=0x2000003f20 flag[0x19]=0
[BST-WALK] Node #235 @0x20000264c0: name='il2cpp_array_new_full' left=0x2000003f20 right=0x2000003f20 flag[0x19]=0
[BST-WALK] Node #236 @0x2000026140: name='il2cpp_alloc' left=0x20000265c0 right=0x2000026040 flag[0x19]=0
[BST-WALK] Node #237 @0x20000265c0: name='il2cpp_array_element_size' left=0x2000026340 right=0x2000026240 flag[0x19]=0
[BST-WALK] Node #238 @0x2000026340: name='il2cpp_array_get_byte_length' left=0x2000003f20 right=0x2000003f20 flag[0x19]=0
[BST-WALK] Node #239 @0x2000026240: name='il2cpp_array_class_get' left=0x2000003f20 right=0x2000029a40 flag[0x19]=0
[BST-WALK] Node #240 @0x2000029a40: name='il2cpp_allocation_granularity' left=0x2000003f20 right=0x2000003f20 flag[0x19]=0
[BST-WALK] === SUMMARY ===
[BST-WALK] Total nodes visited: 240
[BST-WALK] Real nodes (flag=0): 239
[BST-WALK] Sentinel hits (flag=1): 1
[BST-WALK] Cycle hits: 0
[BST-WALK] Unique addresses: 240
[BST-WALK] === SYMBOL SEARCH ===
[BST-WALK] FOUND: 'il2cpp_init' @0x2000025a40 left=0x2000003f20 right=0x2000003f20
[BST-WALK] FOUND: 'il2cpp_shutdown' @0x2000025b40 left=0x2000029440 right=0x2000003f20
[BST-WALK] FOUND: 'il2cpp_alloc' @0x2000026140 left=0x20000265c0 right=0x2000026040
[BST-WALK] FOUND: 'il2cpp_class_num_fields' @0x2000027440 left=0x2000028340 right=0x2000026d40
[BST-WALK] FOUND: 'il2cpp_add_internal_call' @0x2000026040 left=0x2000003f20 right=0x2000003f20
[BST-WALK] FOUND: 'il2cpp_resolve_icall' @0x20000260c0 left=0x200002b140 right=0x200002cac0
[BST-WALK] FOUND: 'il2cpp_free' @0x20000261c0 left=0x2000003f20 right=0x2000003f20
[BST-WALK] === INDEPENDENT BST WALK COMPLETE ===
[LOADER][TRACE] sema.create handle=0x0000004B name='Baselib_SystemSemaphore' attr=0x1 init=0 max=2147483647
[LOADER][TRACE] sema.create handle=0x0000004C name='Baselib_SystemSemaphore' attr=0x1 init=0 max=2147483647
[LOADER][TRACE] sema.create handle=0x0000004D name='Baselib_SystemSemaphore' attr=0x1 init=0 max=2147483647
[LOADER][TRACE] sema.create handle=0x0000004E name='Baselib_SystemSemaphore' attr=0x1 init=0 max=2147483647
[LOADER][TRACE] sema.create handle=0x0000004F name='Baselib_SystemSemaphore' attr=0x1 init=0 max=2147483647
[LOADER][TRACE] sema.create handle=0x00000050 name='Baselib_SystemSemaphore' attr=0x1 init=0 max=2147483647
[LOADER][TRACE] sema.create handle=0x00000051 name='Baselib_SystemSemaphore' attr=0x1 init=0 max=2147483647
[LOADER][TRACE] sema.create handle=0x00000052 name='Baselib_SystemSemaphore' attr=0x1 init=0 max=2147483647
[LOADER][TRACE] sema.create handle=0x00000053 name='Baselib_SystemSemaphore' attr=0x1 init=0 max=2147483647
[LOADER][TRACE] sema.create handle=0x00000054 name='Baselib_SystemSemaphore' attr=0x1 init=0 max=2147483647
[LOADER][TRACE] sema.create handle=0x00000055 name='Baselib_SystemSemaphore' attr=0x1 init=0 max=2147483647
[LOADER][TRACE] sema.create handle=0x00000056 name='Baselib_SystemSemaphore' attr=0x1 init=0 max=2147483647
[LOADER][TRACE] sema.create handle=0x00000057 name='Baselib_SystemSemaphore' attr=0x1 init=0 max=2147483647
[LOADER][TRACE] sema.create handle=0x00000058 name='Baselib_SystemSemaphore' attr=0x1 init=0 max=2147483647
[LOADER][TRACE] sema.create handle=0x00000059 name='Baselib_SystemSemaphore' attr=0x1 init=0 max=2147483647
[LOADER][TRACE] sema.create handle=0x0000005A name='Baselib_SystemSemaphore' attr=0x1 init=0 max=2147483647
[LOADER][TRACE] sema.create handle=0x0000005B name='Baselib_SystemSemaphore' attr=0x1 init=0 max=2147483647
[LOADER][TRACE] sema.create handle=0x0000005C name='Baselib_SystemSemaphore' attr=0x1 init=0 max=2147483647
[LOADER][TRACE] sema.create handle=0x0000005D name='Baselib_SystemSemaphore' attr=0x1 init=0 max=2147483647
[LOADER][INFO] Scheduled guest thread 'AssetGarbageCollectorHelper' handle=0x00007FCEB8F8A800 entry=0x0000000800BB06A0 arg=0x00000006006D0FF0 priority=700 host_priority=Normal affinity=0x7F
[EXP-018] sceKernelWaitSema handle=0x0000005D need=1 waiters=1 READY=0 RUNNING=1 BLOCKED=0 (after Pump)
[LOADER][TRACE] sema.wait-host-block handle=0x0000005D name='Baselib_SystemSemaphore' need=1 count=0 timeout=infinite guest=0x0000000000000000 ret=0x0000000800A9FC25
[THREADMODE] worker_enter guest=0x00007FCEB8F8A800 stub=0x00007FCEB4411000 tid=25247 managed=25
[LOADER][TRACE] sema.signal handle=0x0000005D name='Baselib_SystemSemaphore' signal=1 count=1 waiters=1 guest=0x00007FCEB8F8A800 ret=0x0000000800AA0251
[LOADER][TRACE] sema.wait-host-wake handle=0x0000005D name='Baselib_SystemSemaphore' need=1 count=0 guest=0x0000000000000000 ret=0x0000000800A9FC25
[LOADER][TRACE] sema.create handle=0x0000005E name='Baselib_SystemSemaphore' attr=0x1 init=0 max=2147483647
[LOADER][TRACE] sema.create handle=0x0000005F name='Baselib_SystemSemaphore' attr=0x1 init=0 max=2147483647
[EXP-018] sceKernelWaitSema handle=0x0000005C need=1 waiters=1 READY=0 RUNNING=1 BLOCKED=0 (after Pump)
[LOADER][TRACE] sema.wait-block handle=0x0000005C name='Baselib_SystemSemaphore' need=1 count=0 timeout=infinite waiters=1 guest=0x00007FCEB8F8A800 ret=0x0000000800AA0207
[LOADER][INFO] Scheduled guest thread 'AssetGarbageCollectorHelper' handle=0x00007FCEB8F89720 entry=0x0000000800BB06A0 arg=0x00000006006D1130 priority=700 host_priority=Normal affinity=0x7F
[THREADMODE] worker_exit guest=0x00007FCEB8F8A800 result=0xA8005160 yield=True tid=25247 managed=25
[EXP-018] sceKernelWaitSema handle=0x0000005F need=1 waiters=1 READY=0 RUNNING=2 BLOCKED=0 (after Pump)
[LOADER][TRACE] sema.wait-host-block handle=0x0000005F name='Baselib_SystemSemaphore' need=1 count=0 timeout=infinite guest=0x0000000000000000 ret=0x0000000800A9FC25
[THREADMODE] worker_enter guest=0x00007FCEB8F89720 stub=0x00007FCEB4411000 tid=25247 managed=25
[LOADER][TRACE] sema.signal handle=0x0000005F name='Baselib_SystemSemaphore' signal=1 count=1 waiters=1 guest=0x00007FCEB8F89720 ret=0x0000000800AA0251
[LOADER][TRACE] sema.wait-host-wake handle=0x0000005F name='Baselib_SystemSemaphore' need=1 count=0 guest=0x0000000000000000 ret=0x0000000800A9FC25
[LOADER][TRACE] sema.create handle=0x00000060 name='Baselib_SystemSemaphore' attr=0x1 init=0 max=2147483647
[LOADER][TRACE] sema.create handle=0x00000061 name='Baselib_SystemSemaphore' attr=0x1 init=0 max=2147483647
[EXP-018] sceKernelWaitSema handle=0x0000005E need=1 waiters=1 READY=0 RUNNING=1 BLOCKED=1 (after Pump)
[LOADER][TRACE] sema.wait-block handle=0x0000005E name='Baselib_SystemSemaphore' need=1 count=0 timeout=infinite waiters=1 guest=0x00007FCEB8F89720 ret=0x0000000800AA0207
[THREADMODE] worker_exit guest=0x00007FCEB8F89720 result=0xB0000EE0 yield=True tid=25247 managed=25
[LOADER][INFO] Scheduled guest thread 'AssetGarbageCollectorHelper' handle=0x00007FCEB8F8B810 entry=0x0000000800BB06A0 arg=0x00000006006D1270 priority=700 host_priority=Normal affinity=0x7F
[EXP-018] sceKernelWaitSema handle=0x00000061 need=1 waiters=1 READY=0 RUNNING=1 BLOCKED=2 (after Pump)
[THREADMODE] worker_enter guest=0x00007FCEB8F8B810 stub=0x00007FCEB4411000 tid=25247 managed=25
[LOADER][TRACE] sema.wait-host-block handle=0x00000061 name='Baselib_SystemSemaphore' need=1 count=0 timeout=infinite guest=0x0000000000000000 ret=0x0000000800A9FC25
[LOADER][TRACE] sema.signal handle=0x00000061 name='Baselib_SystemSemaphore' signal=1 count=1 waiters=1 guest=0x00007FCEB8F8B810 ret=0x0000000800AA0251
[LOADER][TRACE] sema.wait-host-wake handle=0x00000061 name='Baselib_SystemSemaphore' need=1 count=0 guest=0x0000000000000000 ret=0x0000000800A9FC25
[EXP-018] sceKernelWaitSema handle=0x00000060 need=1 waiters=1 READY=0 RUNNING=1 BLOCKED=2 (after Pump)
[LOADER][TRACE] sema.wait-block handle=0x00000060 name='Baselib_SystemSemaphore' need=1 count=0 timeout=infinite waiters=1 guest=0x00007FCEB8F8B810 ret=0x0000000800AA0207
[THREADMODE] worker_exit guest=0x00007FCEB8F8B810 result=0xBC001110 yield=True tid=25247 managed=25
[LOADER][TRACE] sema.create handle=0x00000062 name='Baselib_SystemSemaphore' attr=0x1 init=0 max=2147483647
[LOADER][TRACE] sema.create handle=0x00000063 name='Baselib_SystemSemaphore' attr=0x1 init=0 max=2147483647
[LOADER][INFO] Scheduled guest thread 'AssetGarbageCollectorHelper' handle=0x00007FCEB8F8D4D0 entry=0x0000000800BB06A0 arg=0x00000006006D13B0 priority=700 host_priority=Normal affinity=0x7F
[EXP-018] sceKernelWaitSema handle=0x00000063 need=1 waiters=1 READY=0 RUNNING=1 BLOCKED=3 (after Pump)
[LOADER][TRACE] sema.wait-host-block handle=0x00000063 name='Baselib_SystemSemaphore' need=1 count=0 timeout=infinite guest=0x0000000000000000 ret=0x0000000800A9FC25
[THREADMODE] worker_enter guest=0x00007FCEB8F8D4D0 stub=0x00007FCEB4411000 tid=25247 managed=25
[LOADER][TRACE] sema.signal handle=0x00000063 name='Baselib_SystemSemaphore' signal=1 count=1 waiters=1 guest=0x00007FCEB8F8D4D0 ret=0x0000000800AA0251
[LOADER][TRACE] sema.wait-host-wake handle=0x00000063 name='Baselib_SystemSemaphore' need=1 count=0 guest=0x0000000000000000 ret=0x0000000800A9FC25
[EXP-018] sceKernelWaitSema handle=0x00000062 need=1 waiters=1 READY=0 RUNNING=1 BLOCKED=3 (after Pump)
[LOADER][TRACE] sema.wait-block handle=0x00000062 name='Baselib_SystemSemaphore' need=1 count=0 timeout=infinite waiters=1 guest=0x00007FCEB8F8D4D0 ret=0x0000000800AA0207
[THREADMODE] worker_exit guest=0x00007FCEB8F8D4D0 result=0xB8EED750 yield=True tid=25247 managed=25
[LOADER][TRACE] sema.create handle=0x00000064 name='Baselib_SystemSemaphore' attr=0x1 init=0 max=2147483647
[LOADER][TRACE] sema.create handle=0x00000065 name='Baselib_SystemSemaphore' attr=0x1 init=0 max=2147483647
[LOADER][INFO] Scheduled guest thread 'AssetGarbageCollectorHelper' handle=0x00007FCEB8F8E5E0 entry=0x0000000800BB06A0 arg=0x00000006006D14F0 priority=700 host_priority=Normal affinity=0x7F
[EXP-018] sceKernelWaitSema handle=0x00000065 need=1 waiters=1 READY=0 RUNNING=2 BLOCKED=3 (after Pump)
[THREADMODE] worker_enter guest=0x00007FCEB8F8E5E0 stub=0x00007FCEB4411000 tid=25247 managed=25
[LOADER][TRACE] sema.wait-host-block handle=0x00000065 name='Baselib_SystemSemaphore' need=1 count=0 timeout=infinite guest=0x0000000000000000 ret=0x0000000800A9FC25
[LOADER][TRACE] sema.signal handle=0x00000065 name='Baselib_SystemSemaphore' signal=1 count=1 waiters=1 guest=0x00007FCEB8F8E5E0 ret=0x0000000800AA0251
[LOADER][TRACE] sema.wait-host-wake handle=0x00000065 name='Baselib_SystemSemaphore' need=1 count=0 guest=0x0000000000000000 ret=0x0000000800A9FC25
[EXP-018] sceKernelWaitSema handle=0x00000064 need=1 waiters=1 READY=0 RUNNING=1 BLOCKED=4 (after Pump)
[LOADER][TRACE] sema.wait-block handle=0x00000064 name='Baselib_SystemSemaphore' need=1 count=0 timeout=infinite waiters=1 guest=0x00007FCEB8F8E5E0 ret=0x0000000800AA0207
[THREADMODE] worker_exit guest=0x00007FCEB8F8E5E0 result=0xC0109400 yield=True tid=25247 managed=25
[LOADER][TRACE] sema.create handle=0x00000066 name='Baselib_SystemSemaphore' attr=0x1 init=0 max=2147483647
[LOADER][TRACE] sema.create handle=0x00000067 name='Baselib_SystemSemaphore' attr=0x1 init=0 max=2147483647
[LOADER][INFO] Scheduled guest thread 'AssetGarbageCollectorHelper' handle=0x00007FCEB8F91A60 entry=0x0000000800BB06A0 arg=0x00000006006D1630 priority=700 host_priority=Normal affinity=0x7F
[THREADMODE] worker_enter guest=0x00007FCEB8F91A60 stub=0x00007FCEB4411000 tid=25247 managed=25
[EXP-018] sceKernelWaitSema handle=0x00000067 need=1 waiters=1 READY=0 RUNNING=1 BLOCKED=5 (after Pump)
[LOADER][TRACE] sema.wait-host-block handle=0x00000067 name='Baselib_SystemSemaphore' need=1 count=0 timeout=infinite guest=0x0000000000000000 ret=0x0000000800A9FC25
[LOADER][TRACE] sema.signal handle=0x00000067 name='Baselib_SystemSemaphore' signal=1 count=1 waiters=1 guest=0x00007FCEB8F91A60 ret=0x0000000800AA0251
[EXP-018] sceKernelWaitSema handle=0x00000066 need=1 waiters=1 READY=0 RUNNING=1 BLOCKED=5 (after Pump)
[LOADER][TRACE] sema.wait-block handle=0x00000066 name='Baselib_SystemSemaphore' need=1 count=0 timeout=infinite waiters=1 guest=0x00007FCEB8F91A60 ret=0x0000000800AA0207
[LOADER][TRACE] sema.wait-host-wake handle=0x00000067 name='Baselib_SystemSemaphore' need=1 count=0 guest=0x0000000000000000 ret=0x0000000800A9FC25
[THREADMODE] worker_exit guest=0x00007FCEB8F91A60 result=0x84001990 yield=True tid=25247 managed=25
[LOADER][TRACE] sema.create handle=0x00000068 name='Baselib_SystemSemaphore' attr=0x1 init=0 max=2147483647
[LOADER][TRACE] sema.create handle=0x00000069 name='Baselib_SystemSemaphore' attr=0x1 init=0 max=2147483647
[LOADER][INFO] Scheduled guest thread 'AssetGarbageCollectorHelper' handle=0x00007FCEB8F955A0 entry=0x0000000800BB06A0 arg=0x00000006006D1770 priority=700 host_priority=Normal affinity=0x7F
[THREADMODE] worker_enter guest=0x00007FCEB8F955A0 stub=0x00007FCEB4411000 tid=25247 managed=25
[EXP-018] sceKernelWaitSema handle=0x00000069 need=1 waiters=1 READY=0 RUNNING=1 BLOCKED=6 (after Pump)
[LOADER][TRACE] sema.wait-host-block handle=0x00000069 name='Baselib_SystemSemaphore' need=1 count=0 timeout=infinite guest=0x0000000000000000 ret=0x0000000800A9FC25
[LOADER][TRACE] sema.signal handle=0x00000069 name='Baselib_SystemSemaphore' signal=1 count=1 waiters=1 guest=0x00007FCEB8F955A0 ret=0x0000000800AA0251
[LOADER][TRACE] sema.wait-host-wake handle=0x00000069 name='Baselib_SystemSemaphore' need=1 count=0 guest=0x0000000000000000 ret=0x0000000800A9FC25
[EXP-018] sceKernelWaitSema handle=0x00000068 need=1 waiters=1 READY=0 RUNNING=1 BLOCKED=6 (after Pump)
[LOADER][TRACE] sema.wait-block handle=0x00000068 name='Baselib_SystemSemaphore' need=1 count=0 timeout=infinite waiters=1 guest=0x00007FCEB8F955A0 ret=0x0000000800AA0207
[THREADMODE] worker_exit guest=0x00007FCEB8F955A0 result=0x800014C0 yield=True tid=25247 managed=25
[LOADER][TRACE] sema.create handle=0x0000006A name='Baselib_SystemSemaphore' attr=0x1 init=0 max=2147483647
[LOADER][TRACE] sema.create handle=0x0000006B name='Baselib_SystemSemaphore' attr=0x1 init=0 max=2147483647
[LOADER][INFO] Scheduled guest thread 'AssetGarbageCollectorHelper' handle=0x00007FCEB805A660 entry=0x0000000800BB06A0 arg=0x00000006006D18B0 priority=700 host_priority=Normal affinity=0x7F
[THREADMODE] worker_enter guest=0x00007FCEB805A660 stub=0x00007FCEB4411000 tid=25247 managed=25
[EXP-018] sceKernelWaitSema handle=0x0000006B need=1 waiters=1 READY=0 RUNNING=1 BLOCKED=7 (after Pump)
[LOADER][TRACE] sema.wait-host-block handle=0x0000006B name='Baselib_SystemSemaphore' need=1 count=0 timeout=infinite guest=0x0000000000000000 ret=0x0000000800A9FC25
[LOADER][TRACE] sema.signal handle=0x0000006B name='Baselib_SystemSemaphore' signal=1 count=1 waiters=1 guest=0x00007FCEB805A660 ret=0x0000000800AA0251
[LOADER][TRACE] sema.wait-host-wake handle=0x0000006B name='Baselib_SystemSemaphore' need=1 count=0 guest=0x0000000000000000 ret=0x0000000800A9FC25
[EXP-018] sceKernelWaitSema handle=0x0000006A need=1 waiters=1 READY=0 RUNNING=1 BLOCKED=7 (after Pump)
[LOADER][TRACE] sema.wait-block handle=0x0000006A name='Baselib_SystemSemaphore' need=1 count=0 timeout=infinite waiters=1 guest=0x00007FCEB805A660 ret=0x0000000800AA0207
[LOADER][TRACE] sema.create handle=0x0000006C name='Baselib_SystemSemaphore' attr=0x1 init=0 max=2147483647
[LOADER][TRACE] sema.create handle=0x0000006D name='Baselib_SystemSemaphore' attr=0x1 init=0 max=2147483647
[THREADMODE] worker_exit guest=0x00007FCEB805A660 result=0x8C001340 yield=True tid=25247 managed=25
[LOADER][INFO] Scheduled guest thread 'AssetGarbageCollectorHelper' handle=0x00007FCEB805C8F0 entry=0x0000000800BB06A0 arg=0x00000006006D19F0 priority=700 host_priority=Normal affinity=0x7F
[EXP-018] sceKernelWaitSema handle=0x0000006D need=1 waiters=1 READY=0 RUNNING=1 BLOCKED=8 (after Pump)
[LOADER][TRACE] sema.wait-host-block handle=0x0000006D name='Baselib_SystemSemaphore' need=1 count=0 timeout=infinite guest=0x0000000000000000 ret=0x0000000800A9FC25
[THREADMODE] worker_enter guest=0x00007FCEB805C8F0 stub=0x00007FCEB4411000 tid=25247 managed=25
[LOADER][TRACE] sema.signal handle=0x0000006D name='Baselib_SystemSemaphore' signal=1 count=1 waiters=1 guest=0x00007FCEB805C8F0 ret=0x0000000800AA0251
[LOADER][TRACE] sema.wait-host-wake handle=0x0000006D name='Baselib_SystemSemaphore' need=1 count=0 guest=0x0000000000000000 ret=0x0000000800A9FC25
[EXP-018] sceKernelWaitSema handle=0x0000006C need=1 waiters=1 READY=0 RUNNING=1 BLOCKED=8 (after Pump)
[LOADER][TRACE] sema.wait-block handle=0x0000006C name='Baselib_SystemSemaphore' need=1 count=0 timeout=infinite waiters=1 guest=0x00007FCEB805C8F0 ret=0x0000000800AA0207
[THREADMODE] worker_exit guest=0x00007FCEB805C8F0 result=0x88001590 yield=True tid=25247 managed=25
[LOADER][TRACE] sema.create handle=0x0000006E name='Baselib_SystemSemaphore' attr=0x1 init=0 max=2147483647
[LOADER][TRACE] sema.create handle=0x0000006F name='Baselib_SystemSemaphore' attr=0x1 init=0 max=2147483647
[LOADER][INFO] Scheduled guest thread 'AssetGarbageCollectorHelper' handle=0x00007FCEB805F450 entry=0x0000000800BB06A0 arg=0x00000006006D1B30 priority=700 host_priority=Normal affinity=0x7F
[THREADMODE] worker_enter guest=0x00007FCEB805F450 stub=0x00007FCEB4411000 tid=25247 managed=25
[EXP-018] sceKernelWaitSema handle=0x0000006F need=1 waiters=1 READY=0 RUNNING=1 BLOCKED=9 (after Pump)
[LOADER][TRACE] sema.wait-host-block handle=0x0000006F name='Baselib_SystemSemaphore' need=1 count=0 timeout=infinite guest=0x0000000000000000 ret=0x0000000800A9FC25
[LOADER][TRACE] sema.signal handle=0x0000006F name='Baselib_SystemSemaphore' signal=1 count=1 waiters=1 guest=0x00007FCEB805F450 ret=0x0000000800AA0251
[LOADER][TRACE] sema.wait-host-wake handle=0x0000006F name='Baselib_SystemSemaphore' need=1 count=0 guest=0x0000000000000000 ret=0x0000000800A9FC25
[EXP-018] sceKernelWaitSema handle=0x0000006E need=1 waiters=1 READY=0 RUNNING=1 BLOCKED=9 (after Pump)
[LOADER][TRACE] sema.wait-block handle=0x0000006E name='Baselib_SystemSemaphore' need=1 count=0 timeout=infinite waiters=1 guest=0x00007FCEB805F450 ret=0x0000000800AA0207
[THREADMODE] worker_exit guest=0x00007FCEB805F450 result=0x90001340 yield=True tid=25247 managed=25
[LOADER][TRACE] sema.create handle=0x00000070 name='Baselib_SystemSemaphore' attr=0x1 init=0 max=2147483647
[LOADER][TRACE] sema.create handle=0x00000071 name='Baselib_SystemSemaphore' attr=0x1 init=0 max=2147483647
[LOADER][INFO] Scheduled guest thread 'AssetGarbageCollectorHelper' handle=0x00007FCEB8061EB0 entry=0x0000000800BB06A0 arg=0x00000006006D1C70 priority=700 host_priority=Normal affinity=0x7F
[THREADMODE] worker_enter guest=0x00007FCEB8061EB0 stub=0x00007FCEB4411000 tid=25247 managed=25
[LOADER][TRACE] sema.wait-host-block handle=0x00000071 name='Baselib_SystemSemaphore' need=1 count=0 timeout=infinite guest=0x0000000000000000 ret=0x0000000800A9FC25
[LOADER][TRACE] sema.signal handle=0x00000071 name='Baselib_SystemSemaphore' signal=1 count=1 waiters=1 guest=0x00007FCEB8061EB0 ret=0x0000000800AA0251
[LOADER][TRACE] sema.wait-host-wake handle=0x00000071 name='Baselib_SystemSemaphore' need=1 count=0 guest=0x0000000000000000 ret=0x0000000800A9FC25
[LOADER][TRACE] sema.wait-block handle=0x00000070 name='Baselib_SystemSemaphore' need=1 count=0 timeout=infinite waiters=1 guest=0x00007FCEB8061EB0 ret=0x0000000800AA0207
[THREADMODE] worker_exit guest=0x00007FCEB8061EB0 result=0x16235D50 yield=True tid=25247 managed=25
[LOADER][TRACE] sema.create handle=0x00000072 name='Baselib_SystemSemaphore' attr=0x1 init=0 max=2147483647
[LOADER][TRACE] sema.create handle=0x00000073 name='Baselib_SystemSemaphore' attr=0x1 init=0 max=2147483647
[LOADER][INFO] Scheduled guest thread 'AssetGarbageCollectorHelper' handle=0x00007FCEB8064A10 entry=0x0000000800BB06A0 arg=0x00000006006D1DB0 priority=700 host_priority=Normal affinity=0x7F
[THREADMODE] worker_enter guest=0x00007FCEB8064A10 stub=0x00007FCEB4411000 tid=25247 managed=25
[LOADER][TRACE] sema.wait-host-block handle=0x00000073 name='Baselib_SystemSemaphore' need=1 count=0 timeout=infinite guest=0x0000000000000000 ret=0x0000000800A9FC25
[LOADER][TRACE] sema.signal handle=0x00000073 name='Baselib_SystemSemaphore' signal=1 count=1 waiters=1 guest=0x00007FCEB8064A10 ret=0x0000000800AA0251
[LOADER][TRACE] sema.wait-host-wake handle=0x00000073 name='Baselib_SystemSemaphore' need=1 count=0 guest=0x0000000000000000 ret=0x0000000800A9FC25
[LOADER][TRACE] sema.wait-block handle=0x00000072 name='Baselib_SystemSemaphore' need=1 count=0 timeout=infinite waiters=1 guest=0x00007FCEB8064A10 ret=0x0000000800AA0207
[THREADMODE] worker_exit guest=0x00007FCEB8064A10 result=0x98001670 yield=True tid=25247 managed=25
[LOADER][TRACE] sema.create handle=0x00000074 name='Baselib_SystemSemaphore' attr=0x1 init=0 max=2147483647
[LOADER][TRACE] sema.create handle=0x00000075 name='Baselib_SystemSemaphore' attr=0x1 init=0 max=2147483647
[LOADER][INFO] Scheduled guest thread 'AssetGarbageCollectorHelper' handle=0x00007FCEB8067570 entry=0x0000000800BB06A0 arg=0x00000006006D1EF0 priority=700 host_priority=Normal affinity=0x7F
[THREADMODE] worker_enter guest=0x00007FCEB8067570 stub=0x00007FCEB4411000 tid=25247 managed=25
[LOADER][TRACE] sema.wait-host-block handle=0x00000075 name='Baselib_SystemSemaphore' need=1 count=0 timeout=infinite guest=0x0000000000000000 ret=0x0000000800A9FC25
[LOADER][TRACE] sema.signal handle=0x00000075 name='Baselib_SystemSemaphore' signal=1 count=1 waiters=1 guest=0x00007FCEB8067570 ret=0x0000000800AA0251
[LOADER][TRACE] sema.wait-host-wake handle=0x00000075 name='Baselib_SystemSemaphore' need=1 count=0 guest=0x0000000000000000 ret=0x0000000800A9FC25
[LOADER][TRACE] sema.wait-block handle=0x00000074 name='Baselib_SystemSemaphore' need=1 count=0 timeout=infinite waiters=1 guest=0x00007FCEB8067570 ret=0x0000000800AA0207
[THREADMODE] worker_exit guest=0x00007FCEB8067570 result=0x94000D60 yield=True tid=25247 managed=25
[LOADER][TRACE] sema.create handle=0x00000076 name='Baselib_SystemSemaphore' attr=0x1 init=0 max=2147483647
[LOADER][TRACE] sema.create handle=0x00000077 name='Baselib_SystemSemaphore' attr=0x1 init=0 max=2147483647
[LOADER][TRACE] sema.create handle=0x00000078 name='Baselib_SystemSemaphore' attr=0x1 init=0 max=2147483647
[DIAG-VERIFY] Import #3000 OK: libKernel::libKernel:sceKernelCreateSema ret=0x0000000000000000
[LOADER][TRACE] sema.create handle=0x00000079 name='Baselib_SystemSemaphore' attr=0x1 init=0 max=2147483647
[LOADER][TRACE] sema.create handle=0x0000007A name='Baselib_SystemSemaphore' attr=0x1 init=0 max=2147483647
[LOADER][TRACE] sema.create handle=0x0000007B name='Baselib_SystemSemaphore' attr=0x1 init=0 max=2147483647
[LOADER][INFO] Keyboard controls: Arrow keys = D-pad, WASD = left stick, IJKL = right stick, Z/Enter = Cross, X/Esc = Circle, C = Square, V = Triangle, Q = L1, E = R1, R = L2, F = R2, Tab/Backspace = Options. A DualSense or Xbox controller will be used automatically when plugged in.
[LOADER][WARN] Import#4826 unresolved: nid=AcslpN1jHR8 ret=0x00000008014046F1 rdi=0x0000000000000001 rsi=0x0000000801EC17B0 rdx=0x0000000000000000 rcx=0x0000000000000000 r8=0x0000000000000000 r9=0x0000000801BD49F0
[LOADER][WARN] Import#4830 unresolved: nid=AcslpN1jHR8 ret=0x00000008014046F1 rdi=0x0000000000000001 rsi=0x0000000801EC3618 rdx=0x0000000000000000 rcx=0x0000000000000000 r8=0x0000000000000000 r9=0x0000000801BD49F0
[LOADER][TRACE] sema.create handle=0x0000007C name='Baselib_SystemSemaphore' attr=0x1 init=0 max=2147483647
[LOADER][WARN] Import#4861 result: ORBIS_GEN2_ERROR_PERMISSION_DENIED (1-LFLmRFxxM) rdi=0x00006FFFF01FB510 rsi=0x00000000000001FF rdx=0xFFFFFFFFFFFFFFFF rcx=0x0000000000000001 ret=0x00000008013E6016
[LOADER][TRACE] sema.create handle=0x0000007D name='Baselib_SystemSemaphore' attr=0x1 init=0 max=2147483647
[DIAG-VERIFY] Import #4000 OK: libKernel::libKernel:scePthreadMutexLock ret=0x0000000000000000
[DIAG-VERIFY] Import #5000 OK: libKernel::libKernel:scePthreadMutexLock ret=0x0000000000000000
[DIAG-VERIFY] Import #6000 OK: libKernel::libKernel:scePthreadMutexLock ret=0x0000000000000000
[DIAG-VERIFY] Import #7000 OK: libKernel::libKernel:scePthreadMutexLock ret=0x0000000000000000
[DIAG-VERIFY] Import #8000 OK: libKernel::libKernel:scePthreadMutexLock ret=0x0000000000000000
[DIAG-VERIFY] Import #9000 OK: libKernel::libKernel:scePthreadMutexLock ret=0x0000000000000000
[DIAG-VERIFY] Import #10000 OK: libKernel::libKernel:scePthreadMutexLock ret=0x0000000000000000
[DIAG-VERIFY] Import #11000 OK: libKernel::libKernel:scePthreadMutexLock ret=0x0000000000000000
[DIAG-VERIFY] Import #12000 OK: libKernel::libKernel:scePthreadMutexLock ret=0x0000000000000000
[DIAG-VERIFY] Import #13000 OK: libKernel::libKernel:scePthreadMutexLock ret=0x0000000000000000
[DIAG-VERIFY] Import #14000 OK: libKernel::libKernel:scePthreadMutexLock ret=0x0000000000000000
[DIAG-VERIFY] Import #15000 OK: libKernel::libKernel:scePthreadMutexLock ret=0x0000000000000000
[DIAG-VERIFY] Import #16000 OK: libKernel::libKernel:scePthreadMutexLock ret=0x0000000000000000
[DIAG-VERIFY] Import #17000 OK: libKernel::libKernel:scePthreadMutexLock ret=0x0000000000000000
[DIAG-VERIFY] Import #18000 OK: libKernel::libKernel:scePthreadMutexLock ret=0x0000000000000000
[DIAG-VERIFY] Import #19000 OK: libKernel::libKernel:scePthreadMutexLock ret=0x0000000000000000
[DIAG-VERIFY] Import #20000 OK: libKernel::libKernel:scePthreadMutexLock ret=0x0000000000000000
[DIAG-VERIFY] Import #21000 OK: libKernel::libKernel:scePthreadMutexLock ret=0x0000000000000000
[DIAG-VERIFY] Import #22000 OK: libKernel::libKernel:scePthreadMutexLock ret=0x0000000000000000
[DIAG-VERIFY] Import #23000 OK: libKernel::libKernel:scePthreadMutexLock ret=0x0000000000000000
[DIAG-VERIFY] Import #24000 OK: libKernel::libKernel:scePthreadMutexLock ret=0x0000000000000000
[DIAG-VERIFY] Import #25000 OK: libKernel::libKernel:scePthreadMutexLock ret=0x0000000000000000
[DIAG-VERIFY] Import #26000 OK: libKernel::libKernel:scePthreadMutexLock ret=0x0000000000000000
[DIAG-VERIFY] Import #27000 OK: libKernel::libKernel:scePthreadMutexLock ret=0x0000000000000000
[DIAG-VERIFY] Import #28000 OK: libKernel::libKernel:scePthreadMutexLock ret=0x0000000000000000
[DIAG-VERIFY] Import #29000 OK: libKernel::libKernel:scePthreadMutexLock ret=0x0000000000000000
[DIAG-VERIFY] Import #30000 OK: libKernel::libKernel:scePthreadMutexLock ret=0x0000000000000000
[DIAG-VERIFY] Import #31000 OK: libKernel::libKernel:scePthreadMutexLock ret=0x0000000000000000
[DIAG-VERIFY] Import #32000 OK: libKernel::libKernel:scePthreadMutexLock ret=0x0000000000000000
[DIAG-VERIFY] Import #33000 OK: libKernel::libKernel:scePthreadMutexLock ret=0x0000000000000000
[DIAG-VERIFY] Import #34000 OK: libKernel::libKernel:scePthreadMutexLock ret=0x0000000000000000
[DIAG-VERIFY] Import #35000 OK: libKernel::libKernel:scePthreadMutexLock ret=0x0000000000000000
[DIAG-VERIFY] Import #36000 OK: libKernel::libKernel:scePthreadMutexLock ret=0x0000000000000000
[DIAG-VERIFY] Import #37000 OK: libKernel::libKernel:scePthreadMutexLock ret=0x0000000000000000
[DIAG-VERIFY] Import #38000 OK: libKernel::libKernel:scePthreadMutexLock ret=0x0000000000000000
[LOADER][TRACE] sema.create handle=0x0000007E name='Baselib_SystemSemaphore' attr=0x1 init=0 max=2147483647
[LOADER][TRACE] sema.create handle=0x0000007F name='Baselib_SystemSemaphore' attr=0x1 init=0 max=2147483647
[LOADER][TRACE] sema.create handle=0x00000080 name='Baselib_SystemSemaphore' attr=0x1 init=0 max=2147483647
[LOADER][TRACE] sema.create handle=0x00000081 name='Baselib_SystemSemaphore' attr=0x1 init=0 max=2147483647
[LOADER][TRACE] sema.create handle=0x00000082 name='Baselib_SystemSemaphore' attr=0x1 init=0 max=2147483647
[LOADER][WARN] Import#75024 result: ORBIS_GEN2_ERROR_NOT_FOUND (wuCroIGjt2g) rdi=0x000000200022E540 rsi=0x0000000000000000 rdx=0x00000000000001B6 rcx=0x0000000804F40EFE ret=0x0000000804F40F36
[LOADER][WARN] Import#75025 result: ORBIS_GEN2_ERROR_NOT_FOUND (mqQMh1zPPT8) rdi=0x0000000080020002 rsi=0x00006FFFF01FB718 rdx=0x00000000000001B6 rcx=0x0000000804F40EFE ret=0x0000000804F40F51
[LOADER][WARN] Import#75038 result: ORBIS_GEN2_ERROR_NOT_FOUND (mqQMh1zPPT8) rdi=0x0000000080020002 rsi=0x00006FFFF01FB610 rdx=0x0000000000000001 rcx=0x0000000000000001 ret=0x0000000804F414C3
[LOADER][WARN] Import#75043 result: ORBIS_GEN2_ERROR_NOT_FOUND (bY-PO6JhzhQ) rdi=0x0000000080020002 rsi=0x00006FFFF01FB7E0 rdx=0x0000000000000001 rcx=0x0000000808B53E78 ret=0x0000000804F412CB
[LOADER][TRACE] sema.create handle=0x00000083 name='Baselib_SystemSemaphore' attr=0x1 init=0 max=2147483647
[LOADER][TRACE] sema.create handle=0x00000084 name='Baselib_SystemSemaphore' attr=0x1 init=0 max=2147483647
[LOADER][TRACE] sema.create handle=0x00000085 name='Baselib_SystemSemaphore' attr=0x1 init=0 max=2147483647
[LOADER][TRACE] sema.create handle=0x00000086 name='Baselib_SystemSemaphore' attr=0x1 init=0 max=2147483647
[LOADER][TRACE] sema.create handle=0x00000087 name='Baselib_SystemSemaphore' attr=0x1 init=0 max=2147483647
[LOADER][TRACE] sema.create handle=0x00000088 name='Baselib_SystemSemaphore' attr=0x1 init=0 max=2147483647
[LOADER][TRACE] sema.create handle=0x00000089 name='Baselib_SystemSemaphore' attr=0x1 init=0 max=2147483647
[LOADER][TRACE] sema.create handle=0x0000008A name='Baselib_SystemSemaphore' attr=0x1 init=0 max=2147483647
[LOADER][TRACE] sema.create handle=0x0000008B name='Baselib_SystemSemaphore' attr=0x1 init=0 max=2147483647
[LOADER][TRACE] sema.create handle=0x0000008C name='Baselib_SystemSemaphore' attr=0x1 init=0 max=2147483647
[LOADER][TRACE] sema.create handle=0x0000008D name='Baselib_SystemSemaphore' attr=0x1 init=0 max=2147483647
[LOADER][TRACE] sema.create handle=0x0000008E name='Baselib_SystemSemaphore' attr=0x1 init=0 max=2147483647
[LOADER][TRACE] sema.create handle=0x0000008F name='Baselib_SystemSemaphore' attr=0x1 init=0 max=2147483647
[LOADER][TRACE] sema.create handle=0x00000090 name='Baselib_SystemSemaphore' attr=0x1 init=0 max=2147483647
[LOADER][TRACE] sema.create handle=0x00000091 name='Baselib_SystemSemaphore' attr=0x1 init=0 max=2147483647
[LOADER][TRACE] sema.create handle=0x00000092 name='Baselib_SystemSemaphore' attr=0x1 init=0 max=2147483647
[LOADER][TRACE] sema.create handle=0x00000093 name='Baselib_SystemSemaphore' attr=0x1 init=0 max=2147483647
[LOADER][TRACE] sema.create handle=0x00000094 name='Baselib_SystemSemaphore' attr=0x1 init=0 max=2147483647
[LOADER][INFO] Scheduled guest thread 'Job.worker 0' handle=0x00007FCEB803A130 entry=0x0000000800BB06A0 arg=0x00000006007C6380 priority=700 host_priority=Normal affinity=0x7F
[THREADMODE] worker_enter guest=0x00007FCEB803A130 stub=0x00007FCEB43D8000 tid=25247 managed=25
[LOADER][INFO] Scheduled guest thread 'Job.worker 1' handle=0x00007FCEB803BDF0 entry=0x0000000800BB06A0 arg=0x00000006007C63E8 priority=700 host_priority=Normal affinity=0x7F
[LOADER][TRACE] sema.wait-block handle=0x00000084 name='Baselib_SystemSemaphore' need=1 count=0 timeout=infinite waiters=1 guest=0x00007FCEB803A130 ret=0x0000000800A5CD57
[THREADMODE] worker_exit guest=0x00007FCEB803A130 result=0xA0001570 yield=True tid=25247 managed=25
[THREADMODE] worker_enter guest=0x00007FCEB803BDF0 stub=0x00007FCEB43D8000 tid=25247 managed=25
[LOADER][INFO] Scheduled guest thread 'Job.worker 2' handle=0x00007FCEB803E620 entry=0x0000000800BB06A0 arg=0x00000006007C6450 priority=700 host_priority=Normal affinity=0x7F
[LOADER][TRACE] sema.wait-block handle=0x00000085 name='Baselib_SystemSemaphore' need=1 count=0 timeout=infinite waiters=1 guest=0x00007FCEB803BDF0 ret=0x0000000800A5CD57
[THREADMODE] worker_exit guest=0x00007FCEB803BDF0 result=0x9C005480 yield=True tid=25247 managed=25
[LOADER][INFO] Scheduled guest thread 'Job.worker 3' handle=0x00007FCEB8041050 entry=0x0000000800BB06A0 arg=0x00000006007C64B8 priority=700 host_priority=Normal affinity=0x7F
[THREADMODE] worker_enter guest=0x00007FCEB8041050 stub=0x00007FCEB43D8000 tid=25247 managed=25
[LOADER][TRACE] sema.wait-block handle=0x00000087 name='Baselib_SystemSemaphore' need=1 count=0 timeout=infinite waiters=1 guest=0x00007FCEB8041050 ret=0x0000000800A5CD57
[THREADMODE] worker_exit guest=0x00007FCEB8041050 result=0xA8004630 yield=True tid=25247 managed=25
[LOADER][INFO] Scheduled guest thread 'Job.worker 4' handle=0x00007FCEB8043A80 entry=0x0000000800BB06A0 arg=0x00000006007C6520 priority=700 host_priority=Normal affinity=0x7F
[THREADMODE] worker_enter guest=0x00007FCEB803E620 stub=0x00007FCEB43D8000 tid=25247 managed=25
[LOADER][TRACE] sema.wait-block handle=0x00000086 name='Baselib_SystemSemaphore' need=1 count=0 timeout=infinite waiters=1 guest=0x00007FCEB803E620 ret=0x0000000800A5CD57
[THREADMODE] worker_exit guest=0x00007FCEB803E620 result=0xA40047F0 yield=True tid=25247 managed=25
[LOADER][INFO] Scheduled guest thread 'Job.worker 5' handle=0x00007FCEB80464B0 entry=0x0000000800BB06A0 arg=0x00000006007C6588 priority=700 host_priority=Normal affinity=0x7F
[THREADMODE] worker_enter guest=0x00007FCEB8043A80 stub=0x00007FCEB43D8000 tid=25247 managed=25
[LOADER][TRACE] sema.wait-block handle=0x00000088 name='Baselib_SystemSemaphore' need=1 count=0 timeout=infinite waiters=1 guest=0x00007FCEB8043A80 ret=0x0000000800A5CD57
[THREADMODE] worker_exit guest=0x00007FCEB8043A80 result=0xB00050A0 yield=True tid=25247 managed=25
[THREADMODE] worker_enter guest=0x00007FCEB80464B0 stub=0x00007FCEB43D8000 tid=25247 managed=25
[LOADER][TRACE] sema.wait-block handle=0x00000089 name='Baselib_SystemSemaphore' need=1 count=0 timeout=infinite waiters=1 guest=0x00007FCEB80464B0 ret=0x0000000800A5CD57
[THREADMODE] worker_exit guest=0x00007FCEB80464B0 result=0xBC0016F0 yield=True tid=25247 managed=25
[LOADER][INFO] Scheduled guest thread 'Job.worker 6' handle=0x00007FCEB8110600 entry=0x0000000800BB06A0 arg=0x00000006007C65F0 priority=700 host_priority=Normal affinity=0x7F
[THREADMODE] worker_enter guest=0x00007FCEB8110600 stub=0x00007FCEB43D8000 tid=25247 managed=25
[LOADER][TRACE] sema.wait-block handle=0x0000008A name='Baselib_SystemSemaphore' need=1 count=0 timeout=infinite waiters=1 guest=0x00007FCEB8110600 ret=0x0000000800A5CD57
[THREADMODE] worker_exit guest=0x00007FCEB8110600 result=0xB8F31C90 yield=True tid=25247 managed=25
[LOADER][INFO] Scheduled guest thread 'Job.worker 7' handle=0x00007FCEB8113430 entry=0x0000000800BB06A0 arg=0x00000006007C6658 priority=700 host_priority=Normal affinity=0x7F
[THREADMODE] worker_enter guest=0x00007FCEB8113430 stub=0x00007FCEB43D8000 tid=25247 managed=25
[LOADER][TRACE] sema.wait-block handle=0x0000008B name='Baselib_SystemSemaphore' need=1 count=0 timeout=infinite waiters=1 guest=0x00007FCEB8113430 ret=0x0000000800A5CD57
[THREADMODE] worker_exit guest=0x00007FCEB8113430 result=0xC0108220 yield=True tid=25247 managed=25
[LOADER][INFO] Scheduled guest thread 'Job.worker 8' handle=0x00007FCEB8115E60 entry=0x0000000800BB06A0 arg=0x00000006007C66C0 priority=700 host_priority=Normal affinity=0x7F
[THREADMODE] worker_enter guest=0x00007FCEB8115E60 stub=0x00007FCEB43D8000 tid=25247 managed=25
[LOADER][TRACE] sema.wait-block handle=0x0000008C name='Baselib_SystemSemaphore' need=1 count=0 timeout=infinite waiters=1 guest=0x00007FCEB8115E60 ret=0x0000000800A5CD57
[THREADMODE] worker_exit guest=0x00007FCEB8115E60 result=0x84001F70 yield=True tid=25247 managed=25
[LOADER][INFO] Scheduled guest thread 'Job.worker 9' handle=0x00007FCEB8118890 entry=0x0000000800BB06A0 arg=0x00000006007C6728 priority=700 host_priority=Normal affinity=0x7F
[THREADMODE] worker_enter guest=0x00007FCEB8118890 stub=0x00007FCEB43D8000 tid=25247 managed=25
[LOADER][TRACE] sema.wait-block handle=0x0000008D name='Baselib_SystemSemaphore' need=1 count=0 timeout=infinite waiters=1 guest=0x00007FCEB8118890 ret=0x0000000800A5CD57
[THREADMODE] worker_exit guest=0x00007FCEB8118890 result=0x80001AA0 yield=True tid=25247 managed=25
[LOADER][INFO] Scheduled guest thread 'Job.worker 10' handle=0x00007FCEB811B2C0 entry=0x0000000800BB06A0 arg=0x00000006007C6790 priority=700 host_priority=Normal affinity=0x7F
[THREADMODE] worker_enter guest=0x00007FCEB811B2C0 stub=0x00007FCEB43D8000 tid=25247 managed=25
[LOADER][TRACE] sema.wait-block handle=0x0000008E name='Baselib_SystemSemaphore' need=1 count=0 timeout=infinite waiters=1 guest=0x00007FCEB811B2C0 ret=0x0000000800A5CD57
[THREADMODE] worker_exit guest=0x00007FCEB811B2C0 result=0x8C001A20 yield=True tid=25247 managed=25
[LOADER][INFO] Scheduled guest thread 'Job.worker 11' handle=0x00007FCEB811DCF0 entry=0x0000000800BB06A0 arg=0x00000006007C67F8 priority=700 host_priority=Normal affinity=0x7F
[THREADMODE] worker_enter guest=0x00007FCEB811DCF0 stub=0x00007FCEB43D8000 tid=25247 managed=25
[LOADER][TRACE] sema.wait-block handle=0x0000008F name='Baselib_SystemSemaphore' need=1 count=0 timeout=infinite waiters=1 guest=0x00007FCEB811DCF0 ret=0x0000000800A5CD57
[THREADMODE] worker_exit guest=0x00007FCEB811DCF0 result=0x88001B70 yield=True tid=25247 managed=25
[LOADER][INFO] Scheduled guest thread 'Job.worker 12' handle=0x00007FCEB82F0980 entry=0x0000000800BB06A0 arg=0x00000006007C6860 priority=700 host_priority=Normal affinity=0x7F
[LOADER][TRACE] sema.create handle=0x00000095 name='Baselib_SystemSemaphore' attr=0x1 init=0 max=2147483647
[LOADER][TRACE] sema.create handle=0x00000096 name='Baselib_SystemSemaphore' attr=0x1 init=0 max=2147483647
[LOADER][TRACE] sema.create handle=0x00000097 name='Baselib_SystemSemaphore' attr=0x1 init=0 max=2147483647
[LOADER][TRACE] sema.create handle=0x00000098 name='Baselib_SystemSemaphore' attr=0x1 init=0 max=2147483647
[LOADER][TRACE] sema.create handle=0x00000099 name='Baselib_SystemSemaphore' attr=0x1 init=0 max=2147483647
[LOADER][TRACE] sema.create handle=0x0000009A name='Baselib_SystemSemaphore' attr=0x1 init=0 max=2147483647
[LOADER][TRACE] sema.create handle=0x0000009B name='Baselib_SystemSemaphore' attr=0x1 init=0 max=2147483647
[LOADER][TRACE] sema.create handle=0x0000009C name='Baselib_SystemSemaphore' attr=0x1 init=0 max=2147483647
[LOADER][TRACE] sema.create handle=0x0000009D name='Baselib_SystemSemaphore' attr=0x1 init=0 max=2147483647
[LOADER][TRACE] sema.create handle=0x0000009E name='Baselib_SystemSemaphore' attr=0x1 init=0 max=2147483647
[LOADER][TRACE] sema.create handle=0x0000009F name='Baselib_SystemSemaphore' attr=0x1 init=0 max=2147483647
[LOADER][TRACE] sema.create handle=0x000000A0 name='Baselib_SystemSemaphore' attr=0x1 init=0 max=2147483647
[LOADER][TRACE] sema.create handle=0x000000A1 name='Baselib_SystemSemaphore' attr=0x1 init=0 max=2147483647
[LOADER][TRACE] sema.create handle=0x000000A2 name='Baselib_SystemSemaphore' attr=0x1 init=0 max=2147483647
[LOADER][TRACE] sema.create handle=0x000000A3 name='Baselib_SystemSemaphore' attr=0x1 init=0 max=2147483647
[LOADER][TRACE] sema.create handle=0x000000A4 name='Baselib_SystemSemaphore' attr=0x1 init=0 max=2147483647
[LOADER][TRACE] sema.create handle=0x000000A5 name='Baselib_SystemSemaphore' attr=0x1 init=0 max=2147483647
[LOADER][TRACE] sema.create handle=0x000000A6 name='Baselib_SystemSemaphore' attr=0x1 init=0 max=2147483647
[LOADER][TRACE] sema.create handle=0x000000A7 name='Baselib_SystemSemaphore' attr=0x1 init=0 max=2147483647
[LOADER][TRACE] sema.create handle=0x000000A8 name='Baselib_SystemSemaphore' attr=0x1 init=0 max=2147483647
[LOADER][TRACE] sema.create handle=0x000000A9 name='Baselib_SystemSemaphore' attr=0x1 init=0 max=2147483647
[THREADMODE] worker_enter guest=0x00007FCEB82F0980 stub=0x00007FCEB43D8000 tid=25247 managed=25
[LOADER][TRACE] sema.wait-block handle=0x00000090 name='Baselib_SystemSemaphore' need=1 count=0 timeout=infinite waiters=1 guest=0x00007FCEB82F0980 ret=0x0000000800A5CD57
[LOADER][INFO] Scheduled guest thread 'Background Job.worker 0' handle=0x00007FCEB82F1990 entry=0x0000000800BB06A0 arg=0x00000006007EACA0 priority=700 host_priority=Normal affinity=0x7F
[THREADMODE] worker_exit guest=0x00007FCEB82F0980 result=0x90001920 yield=True tid=25247 managed=25
[THREADMODE] worker_enter guest=0x00007FCEB82F1990 stub=0x00007FCEB43D8000 tid=25247 managed=25
[LOADER][TRACE] sema.wait-block handle=0x00000096 name='Baselib_SystemSemaphore' need=1 count=0 timeout=infinite waiters=1 guest=0x00007FCEB82F1990 ret=0x0000000800A5CD57
[THREADMODE] worker_exit guest=0x00007FCEB82F1990 result=0x162296C0 yield=True tid=25247 managed=25
[LOADER][INFO] Scheduled guest thread 'Background Job.worker 1' handle=0x00007FCEB82F43C0 entry=0x0000000800BB06A0 arg=0x00000006007EAD08 priority=700 host_priority=Normal affinity=0x7F
[THREADMODE] worker_enter guest=0x00007FCEB82F43C0 stub=0x00007FCEB43D8000 tid=25247 managed=25
[LOADER][TRACE] sema.wait-block handle=0x00000097 name='Baselib_SystemSemaphore' need=1 count=0 timeout=infinite waiters=1 guest=0x00007FCEB82F43C0 ret=0x0000000800A5CD57
[THREADMODE] worker_exit guest=0x00007FCEB82F43C0 result=0x98000EE0 yield=True tid=25247 managed=25
[LOADER][INFO] Scheduled guest thread 'Background Job.worker 2' handle=0x00007FCEB82F6E20 entry=0x0000000800BB06A0 arg=0x00000006007EAD70 priority=700 host_priority=Normal affinity=0x7F
[THREADMODE] worker_enter guest=0x00007FCEB82F6E20 stub=0x00007FCEB43D8000 tid=25247 managed=25
[LOADER][TRACE] sema.wait-block handle=0x00000098 name='Baselib_SystemSemaphore' need=1 count=0 timeout=infinite waiters=1 guest=0x00007FCEB82F6E20 ret=0x0000000800A5CD57
[THREADMODE] worker_exit guest=0x00007FCEB82F6E20 result=0x94004080 yield=True tid=25247 managed=25
[LOADER][INFO] Scheduled guest thread 'Background Job.worker 3' handle=0x00007FCEB8F8F5F0 entry=0x0000000800BB06A0 arg=0x00000006007EADD8 priority=700 host_priority=Normal affinity=0x7F
[THREADMODE] worker_enter guest=0x00007FCEB8F8F5F0 stub=0x00007FCEB437F000 tid=25247 managed=25
[LOADER][TRACE] sema.wait-block handle=0x00000099 name='Baselib_SystemSemaphore' need=1 count=0 timeout=infinite waiters=1 guest=0x00007FCEB8F8F5F0 ret=0x0000000800A5CD57
[THREADMODE] worker_exit guest=0x00007FCEB8F8F5F0 result=0xA0001B50 yield=True tid=25247 managed=25
[LOADER][INFO] Scheduled guest thread 'Background Job.worker 4' handle=0x00007FCEB82FD860 entry=0x0000000800BB06A0 arg=0x00000006007EAE40 priority=700 host_priority=Normal affinity=0x7F
[THREADMODE] worker_enter guest=0x00007FCEB82FD860 stub=0x00007FCEB437F000 tid=25247 managed=25
[LOADER][TRACE] sema.wait-block handle=0x0000009A name='Baselib_SystemSemaphore' need=1 count=0 timeout=infinite waiters=1 guest=0x00007FCEB82FD860 ret=0x0000000800A5CD57
[THREADMODE] worker_exit guest=0x00007FCEB82FD860 result=0x9C007420 yield=True tid=25247 managed=25
[LOADER][INFO] Scheduled guest thread 'Background Job.worker 5' handle=0x00007FCEB8C2E570 entry=0x0000000800BB06A0 arg=0x00000006007EAEA8 priority=700 host_priority=Normal affinity=0x7F
[THREADMODE] worker_enter guest=0x00007FCEB8C2E570 stub=0x00007FCEB437F000 tid=25247 managed=25
[LOADER][TRACE] sema.wait-block handle=0x0000009B name='Baselib_SystemSemaphore' need=1 count=0 timeout=infinite waiters=1 guest=0x00007FCEB8C2E570 ret=0x0000000800A5CD57
[THREADMODE] worker_exit guest=0x00007FCEB8C2E570 result=0xA40084D0 yield=True tid=25247 managed=25
[LOADER][INFO] Scheduled guest thread 'Background Job.worker 6' handle=0x00007FCEB8C30AB0 entry=0x0000000800BB06A0 arg=0x00000006007EAF10 priority=700 host_priority=Normal affinity=0x7F
[THREADMODE] worker_enter guest=0x00007FCEB8C30AB0 stub=0x00007FCEB437F000 tid=25247 managed=25
[LOADER][TRACE] sema.wait-block handle=0x0000009C name='Baselib_SystemSemaphore' need=1 count=0 timeout=infinite waiters=1 guest=0x00007FCEB8C30AB0 ret=0x0000000800A5CD57
[THREADMODE] worker_exit guest=0x00007FCEB8C30AB0 result=0xA80038C0 yield=True tid=25247 managed=25
[LOADER][INFO] Scheduled guest thread 'Background Job.worker 7' handle=0x00007FCEB8C33510 entry=0x0000000800BB06A0 arg=0x00000006007EAF78 priority=700 host_priority=Normal affinity=0x7F
[THREADMODE] worker_enter guest=0x00007FCEB8C33510 stub=0x00007FCEB437F000 tid=25247 managed=25
[LOADER][TRACE] sema.wait-block handle=0x0000009D name='Baselib_SystemSemaphore' need=1 count=0 timeout=infinite waiters=1 guest=0x00007FCEB8C33510 ret=0x0000000800A5CD57
[THREADMODE] worker_exit guest=0x00007FCEB8C33510 result=0xB0005680 yield=True tid=25247 managed=25
[LOADER][INFO] Scheduled guest thread 'Background Job.worker 8' handle=0x00007FCEB8C35F70 entry=0x0000000800BB06A0 arg=0x00000006007EAFE0 priority=700 host_priority=Normal affinity=0x7F
[THREADMODE] worker_enter guest=0x00007FCEB8C35F70 stub=0x00007FCEB437F000 tid=25247 managed=25
[LOADER][TRACE] sema.wait-block handle=0x0000009E name='Baselib_SystemSemaphore' need=1 count=0 timeout=infinite waiters=1 guest=0x00007FCEB8C35F70 ret=0x0000000800A5CD57
[THREADMODE] worker_exit guest=0x00007FCEB8C35F70 result=0xBC001D10 yield=True tid=25247 managed=25
[LOADER][INFO] Scheduled guest thread 'Background Job.worker 9' handle=0x00007FCEB8C389D0 entry=0x0000000800BB06A0 arg=0x00000006007EB048 priority=700 host_priority=Normal affinity=0x7F
[THREADMODE] worker_enter guest=0x00007FCEB8C389D0 stub=0x00007FCEB437F000 tid=25247 managed=25
[LOADER][TRACE] sema.wait-block handle=0x0000009F name='Baselib_SystemSemaphore' need=1 count=0 timeout=infinite waiters=1 guest=0x00007FCEB8C389D0 ret=0x0000000800A5CD57
[THREADMODE] worker_exit guest=0x00007FCEB8C389D0 result=0xB8F13030 yield=True tid=25247 managed=25
[LOADER][INFO] Scheduled guest thread 'Background Job.worker 10' handle=0x00007FCEB8C3B930 entry=0x0000000800BB06A0 arg=0x00000006007EB0B0 priority=700 host_priority=Normal affinity=0x7F
[THREADMODE] worker_enter guest=0x00007FCEB8C3B930 stub=0x00007FCEB437F000 tid=25247 managed=25
[LOADER][TRACE] sema.wait-block handle=0x000000A0 name='Baselib_SystemSemaphore' need=1 count=0 timeout=infinite waiters=1 guest=0x00007FCEB8C3B930 ret=0x0000000800A5CD57
[THREADMODE] worker_exit guest=0x00007FCEB8C3B930 result=0xC018EFF0 yield=True tid=25247 managed=25
[LOADER][INFO] Scheduled guest thread 'Background Job.worker 11' handle=0x00007FCEB82106F0 entry=0x0000000800BB06A0 arg=0x00000006007EB118 priority=700 host_priority=Normal affinity=0x7F
[THREADMODE] worker_enter guest=0x00007FCEB82106F0 stub=0x00007FCEB437F000 tid=25247 managed=25
[LOADER][TRACE] sema.wait-block handle=0x000000A1 name='Baselib_SystemSemaphore' need=1 count=0 timeout=infinite waiters=1 guest=0x00007FCEB82106F0 ret=0x0000000800A5CD57
[THREADMODE] worker_exit guest=0x00007FCEB82106F0 result=0x84002550 yield=True tid=25247 managed=25
[LOADER][INFO] Scheduled guest thread 'Background Job.worker 12' handle=0x00007FCEB8212FA0 entry=0x0000000800BB06A0 arg=0x00000006007EB180 priority=700 host_priority=Normal affinity=0x7F
[THREADMODE] worker_enter guest=0x00007FCEB8212FA0 stub=0x00007FCEB437F000 tid=25247 managed=25
[LOADER][TRACE] sema.wait-block handle=0x000000A2 name='Baselib_SystemSemaphore' need=1 count=0 timeout=infinite waiters=1 guest=0x00007FCEB8212FA0 ret=0x0000000800A5CD57
[THREADMODE] worker_exit guest=0x00007FCEB8212FA0 result=0x800020C0 yield=True tid=25247 managed=25
[LOADER][INFO] Scheduled guest thread 'Background Job.worker 13' handle=0x00007FCEB8215A00 entry=0x0000000800BB06A0 arg=0x00000006007EB1E8 priority=700 host_priority=Normal affinity=0x7F
[THREADMODE] worker_enter guest=0x00007FCEB8215A00 stub=0x00007FCEB437F000 tid=25247 managed=25
[LOADER][TRACE] sema.wait-block handle=0x000000A3 name='Baselib_SystemSemaphore' need=1 count=0 timeout=infinite waiters=1 guest=0x00007FCEB8215A00 ret=0x0000000800A5CD57
[THREADMODE] worker_exit guest=0x00007FCEB8215A00 result=0x8C002040 yield=True tid=25247 managed=25
[LOADER][INFO] Scheduled guest thread 'Background Job.worker 14' handle=0x00007FCEB8218460 entry=0x0000000800BB06A0 arg=0x00000006007EB250 priority=700 host_priority=Normal affinity=0x7F
[THREADMODE] worker_enter guest=0x00007FCEB8218460 stub=0x00007FCEB437F000 tid=25247 managed=25
[LOADER][TRACE] sema.wait-block handle=0x000000A4 name='Baselib_SystemSemaphore' need=1 count=0 timeout=infinite waiters=1 guest=0x00007FCEB8218460 ret=0x0000000800A5CD57
[THREADMODE] worker_exit guest=0x00007FCEB8218460 result=0x88002190 yield=True tid=25247 managed=25
[LOADER][INFO] Scheduled guest thread 'Background Job.worker 15' handle=0x00007FCEB821AEC0 entry=0x0000000800BB06A0 arg=0x00000006007EB2B8 priority=700 host_priority=Normal affinity=0x7F
[THREADMODE] worker_enter guest=0x00007FCEB821AEC0 stub=0x00007FCEB437F000 tid=25247 managed=25
[LOADER][TRACE] sema.wait-block handle=0x000000A5 name='Baselib_SystemSemaphore' need=1 count=0 timeout=infinite waiters=1 guest=0x00007FCEB821AEC0 ret=0x0000000800A5CD57
[THREADMODE] worker_exit guest=0x00007FCEB821AEC0 result=0x90001F00 yield=True tid=25247 managed=25
[LOADER][TRACE] sema.create handle=0x000000AA name='Baselib_SystemSemaphore' attr=0x1 init=0 max=2147483647
[LOADER][TRACE] sema.create handle=0x000000AB name='Baselib_SystemSemaphore' attr=0x1 init=0 max=2147483647
[LOADER][INFO] Scheduled guest thread 'BatchDeleteObjects' handle=0x00007FCEB821D920 entry=0x0000000800BB06A0 arg=0x000000060109D2C0 priority=700 host_priority=Normal affinity=0x7F
[THREADMODE] worker_enter guest=0x00007FCEB821D920 stub=0x00007FCEB437F000 tid=25247 managed=25
[LOADER][TRACE] sema.create handle=0x000000AC name='Baselib_SystemSemaphore' attr=0x1 init=0 max=2147483647
[LOADER][TRACE] sema.wait-block handle=0x000000AB name='Baselib_SystemSemaphore' need=1 count=0 timeout=infinite waiters=1 guest=0x00007FCEB821D920 ret=0x0000000800BB18FE
[THREADMODE] worker_exit guest=0x00007FCEB821D920 result=0x16238930 yield=True tid=25247 managed=25
[LOADER][INFO] Scheduled guest thread 'Loading.AsyncRead' handle=0x00007FCEB8C0E550 entry=0x0000000800BB06A0 arg=0x00000006010DDF80 priority=700 host_priority=Normal affinity=0x7F
[THREADMODE] worker_enter guest=0x00007FCEB8C0E550 stub=0x00007FCEB437F000 tid=25247 managed=25
[LOADER][TRACE] sema.create handle=0x000000AD name='Baselib_SystemSemaphore' attr=0x1 init=0 max=2147483647
[LOADER][TRACE] sema.wait-block handle=0x000000AC name='Baselib_SystemSemaphore' need=1 count=0 timeout=infinite waiters=1 guest=0x00007FCEB8C0E550 ret=0x000000080090A35A
[THREADMODE] worker_exit guest=0x00007FCEB8C0E550 result=0x98002360 yield=True tid=25247 managed=25

[VIDEOOUT] ============================================
[VIDEOOUT] Backend Selection:
[VIDEOOUT] ============================================
[VIDEOOUT]     GPU Available: True
[VIDEOOUT]     Forced Headless: False
[VIDEOOUT]     Reason: GPU detected, using Vulkan

[VIDEOOUT] Using:
[VIDEOOUT]   VulkanVideoPresenter (default)
[VIDEOOUT] ============================================

[INFO][SharpEmu.VideoOutManager] VideoOutManager.cs:139 Backend selected: VulkanVideoPresenter (default) (reason: GPU detected, using Vulkan)
[LOADER][INFO] Linux X11 session detected; requested GLFW X11 backend explicitly.
[LOADER][INFO] Scheduled guest thread 'Thread-7FCEB8C11290' handle=0x00007FCEB8C11290 entry=0x00000008014635D0 arg=0x0000000000000000 priority=256 host_priority=Highest affinity=0x7F
[LOADER][TRACE] sema.create handle=0x000000AE name='Baselib_SystemSemaphore' attr=0x1 init=0 max=2147483647
[LOADER][TRACE] sema.create handle=0x000000AF name='Baselib_SystemSemaphore' attr=0x1 init=0 max=2147483647
[LOADER][TRACE] posix-signal#1: sig=11 rip=0x000000080135DE83 fault=0x0000000000000098 access=0 rsp=0x00006FFFF01FB280
[THREADMODE] worker_enter guest=0x00007FCEB8C11290 stub=0x00007FCEB437F000 tid=25247 managed=25
[UNMAPPED] #1 READ rip=0x000000080135DE83 fault=0x0000000000000098 instr='mov ecx,[rax+98h]' len=6
  RAX=0x0000000000000000 RBX=0x00006FFFF01FB2A8 RCX=0x0000000000000000 RDX=0x00000000656E6F4E
  RSI=0x00006FFFF01FB360 RDI=0x00006FFFF01FB288 R8=0x0000000000000100 R9=0x0000000000000000
  R10=0x0000000001293ECC R11=0x00007FD2969675D0 R12=0x00007FCEB8ED89E0 R13=0x0000000602500010
  R14=0x00006FFFF01FB360 R15=0x0000000000000004 RBP=0x00006FFFF01FB350 RSP=0x00006FFFF01FB280
  thread=0x0000000000000000 name='?'
[LOADER][TRACE] posix-signal#1: recovered=True new_rip=0x000000080135DE89
[LOADER][TRACE] posix-signal#2: sig=11 rip=0x000000080135DEA2 fault=0x0000000000000090 access=0 rsp=0x00006FFFF01FB280
[UNMAPPED] #2 READ rip=0x000000080135DEA2 fault=0x0000000000000090 instr='mov rsi,[rax+90h]' len=7
  RAX=0x0000000000000000 RBX=0x00006FFFF01FB2A8 RCX=0x0000000000000000 RDX=0x00000000656E6F4E
  RSI=0x0000000000000000 RDI=0x00006FFFF01FB288 R8=0x0000000000000100 R9=0x0000000000000000
  R10=0x0000000001293ECC R11=0x00007FD2969675D0 R12=0x00007FCEB8ED89E0 R13=0x0000000602500010
  R14=0x00006FFFF01FB360 R15=0x0000000000000004 RBP=0x00006FFFF01FB350 RSP=0x00006FFFF01FB280
  thread=0x0000000000000000 name='?'
[LOADER][TRACE] posix-signal#2: recovered=True new_rip=0x000000080135DEA9
[LOADER][TRACE] posix-signal#3: sig=11 rip=0x000000080135DEA9 fault=0x00000000000000A0 access=0 rsp=0x00006FFFF01FB280
[UNMAPPED] #3 READ rip=0x000000080135DEA9 fault=0x00000000000000A0 instr='mov rax,[rax+0A0h]' len=7
  RAX=0x0000000000000000 RBX=0x00006FFFF01FB2A8 RCX=0x0000000000000000 RDX=0x00000000656E6F4E
  RSI=0x0000000000000000 RDI=0x00006FFFF01FB288 R8=0x0000000000000100 R9=0x0000000000000000
  R10=0x0000000001293ECC R11=0x00007FD2969675D0 R12=0x00007FCEB8ED89E0 R13=0x0000000602500010
  R14=0x00006FFFF01FB360 R15=0x0000000000000004 RBP=0x00006FFFF01FB350 RSP=0x00006FFFF01FB280
  thread=0x0000000000000000 name='?'
[LOADER][TRACE] posix-signal#3: recovered=True new_rip=0x000000080135DEB0
[LOADER][TRACE] posix-signal#4: sig=11 rip=0x0000000801352796 fault=0x0000000000000090 access=0 rsp=0x00006FFFF01FB2C0
[UNMAPPED] #4 READ rip=0x0000000801352796 fault=0x0000000000000090 instr='mov rsi,[rax+90h]' len=7
  RAX=0x0000000000000000 RBX=0x00006FFFF01FB6D8 RCX=0x0000000000000090 RDX=0x0000000000000000
  RSI=0x0000000000000000 RDI=0x00006FFFF01FB6D8 R8=0x0000000000000100 R9=0x0000000000000000
  R10=0x0000000001293ECC R11=0x00007FD2969675D0 R12=0x00007FCEB8ED89E0 R13=0x0000000602500010
  R14=0x00006FFFF01FB6D8 R15=0x0000000600115E10 RBP=0x00006FFFF01FB350 RSP=0x00006FFFF01FB2C0
  thread=0x0000000000000000 name='?'
[LOADER][TRACE] posix-signal#4: recovered=True new_rip=0x000000080135279D
[LOADER][TRACE] posix-signal#5: sig=11 rip=0x000000080135279D fault=0x00000000000000A0 access=0 rsp=0x00006FFFF01FB2C0
[UNMAPPED] #5 READ rip=0x000000080135279D fault=0x00000000000000A0 instr='mov rax,[rax+0A0h]' len=7
  RAX=0x0000000000000000 RBX=0x00006FFFF01FB6D8 RCX=0x0000000000000090 RDX=0x0000000000000000
  RSI=0x0000000000000000 RDI=0x00006FFFF01FB6D8 R8=0x0000000000000100 R9=0x0000000000000000
  R10=0x0000000001293ECC R11=0x00007FD2969675D0 R12=0x00007FCEB8ED89E0 R13=0x0000000602500010
  R14=0x00006FFFF01FB6D8 R15=0x0000000600115E10 RBP=0x00006FFFF01FB350 RSP=0x00006FFFF01FB2C0
  thread=0x0000000000000000 name='?'
[LOADER][TRACE] posix-signal#5: recovered=True new_rip=0x00000008013527A4
[LOADER][TRACE] sema.create handle=0x000000B0 name='Baselib_SystemSemaphore' attr=0x1 init=0 max=2147483647
[LOADER][TRACE] sema.create handle=0x000000B1 name='Baselib_SystemSemaphore' attr=0x1 init=0 max=2147483647
[LOADER][TRACE] sema.create handle=0x000000B2 name='Baselib_SystemSemaphore' attr=0x1 init=0 max=2147483647
[LOADER][TRACE] sema.create handle=0x000000B3 name='Baselib_SystemSemaphore' attr=0x1 init=0 max=2147483647
[LOADER][TRACE] sema.create handle=0x000000B4 name='Baselib_SystemSemaphore' attr=0x1 init=0 max=2147483647
[LOADER][TRACE] sema.create handle=0x000000B5 name='Baselib_SystemSemaphore' attr=0x1 init=0 max=2147483647
[LOADER][TRACE] posix-signal#6: sig=11 rip=0x00000008014327CF fault=0x00000000000000F4 access=0 rsp=0x00006FFFF01FB800
[LOADER][TRACE] posix-signal#6: recovered=True new_rip=0x00000008014327D7
[DIAG-VERIFY] Import #39000 OK: libKernel::libKernel:sceKernelMprotect ret=0x0000000000000000
[LOADER][TRACE] sema.create handle=0x000000B6 name='Baselib_SystemSemaphore' attr=0x1 init=0 max=2147483647
[LOADER][TRACE] sema.create handle=0x000000B7 name='Baselib_SystemSemaphore' attr=0x1 init=0 max=2147483647
[LOADER][TRACE] sema.create handle=0x000000B8 name='Baselib_SystemSemaphore' attr=0x1 init=0 max=2147483647
[LOADER][TRACE] sema.create handle=0x000000B9 name='Baselib_SystemSemaphore' attr=0x1 init=0 max=2147483647
[NID-TRACE] hsi9drzHR2k rdi=0x000000003FF00000 rsi=0x000000003FF00000 rdx=0x0000000000000000 rcx=0x0000000000000010 r8=0x3FF0000000000000 r9=0x0000000000000000 thread=0x0000000000000000
[DIAG-VERIFY] Import #40000 OK: libc::libc:hsi9drzHR2k_traced ret=0x0000000000000000
[DIAG-VERIFY] Import #41000 OK: libc::libc:hsi9drzHR2k_traced ret=0x0000000000000000
[DIAG-VERIFY] Import #42000 OK: libc::libc:hsi9drzHR2k_traced ret=0x0000000000000000
[LOADER][INFO] Scheduled guest thread 'UnityEOPThread' handle=0x00007FCEB81F6EB0 entry=0x0000000800BB06A0 arg=0x00000006011F21E8 priority=700 host_priority=Normal affinity=0x7F
[DEBUG][PRINF] todo: void GfxDevicePS5SharedData::CreateWorkload()
[LOADER][TRACE] sema.create handle=0x000000BA name='Baselib_SystemSemaphore' attr=0x1 init=0 max=2147483647
[LOADER][TRACE] sema.create handle=0x000000BB name='Baselib_SystemSemaphore' attr=0x1 init=0 max=2147483647
[LOADER][INFO] Scheduled guest thread 'GfxFlipThread' handle=0x00007FCEB81F8510 entry=0x0000000800BB06A0 arg=0x000000060011C630 priority=700 host_priority=Normal affinity=0x7F
[THREADMODE] worker_created native_tid=25293 loop=0x00007FCEB4381000 tid=25293 managed=71
[THREADMODE] worker_created native_tid=25294 loop=0x00007FCEB41AD000 tid=25294 managed=72
[LOADER][TRACE] posix-signal#7: sig=11 rip=0x000000080143461A fault=0x0000000000000074 access=0 rsp=0x00006FFFF01FB800
[LOADER][TRACE] posix-signal#7: recovered=True new_rip=0x000000080143461E
[LOADER][TRACE] posix-signal#8: sig=11 rip=0x000000080143461E fault=0x0000000000000030 access=0 rsp=0x00006FFFF01FB800
[LOADER][TRACE] posix-signal#8: recovered=True new_rip=0x0000000801434622
[LOADER][TRACE] posix-signal#9: sig=11 rip=0x0000000801434EAB fault=0x0000000000000088 access=0 rsp=0x00006FFFF01FB800
[LOADER][TRACE] posix-signal#9: recovered=True new_rip=0x0000000801434EB2
[LOADER][INFO] Scheduled guest thread 'UnityGfxDeviceWorker' handle=0x00007FCEB8150640 entry=0x0000000800BB06A0 arg=0x000000060011C5C0 priority=700 host_priority=Normal affinity=0x7F
[THREADMODE] worker_enter guest=0x00007FCEB81F6EB0 stub=0x00007FCEB4411000 tid=25295 managed=74
[THREADMODE] worker_enter guest=0x00007FCEB81F8510 stub=0x00007FCEB437E000 tid=25296 managed=75
[LOADER][TRACE] sema.wait-host-block handle=0x000000B5 name='Baselib_SystemSemaphore' need=1 count=0 timeout=infinite guest=0x0000000000000000 ret=0x0000000800D9E812
[THREADMODE] worker_exit guest=0x00007FCEB81F6EB0 result=0xA0002130 yield=True tid=25295 managed=74
[THREADMODE] worker_created native_tid=25297 loop=0x00007FCEB41A9000 tid=25297 managed=73
[THREADMODE] worker_enter guest=0x00007FCEB8150640 stub=0x00007FCEB4382000 tid=25298 managed=76
[THREADMODE] worker_exit guest=0x00007FCEB8150640 result=0xA4008540 yield=True tid=25298 managed=76
[THREADMODE] worker_exit guest=0x00007FCEB81F8510 result=0x9C002850 yield=True tid=25296 managed=75
[LOADER][TRACE] sema.signal handle=0x000000B5 name='Baselib_SystemSemaphore' signal=1 count=1 waiters=1 guest=0x00007FCEB8150640 ret=0x000000080158B060
[LOADER][TRACE] sema.wait-block handle=0x000000B1 name='Baselib_SystemSemaphore' need=1 count=0 timeout=infinite waiters=1 guest=0x00007FCEB8150640 ret=0x0000000800BB18FE
[LOADER][TRACE] sema.wait-host-wake handle=0x000000B5 name='Baselib_SystemSemaphore' need=1 count=0 guest=0x0000000000000000 ret=0x0000000800D9E812
[LOADER][TRACE] sema.signal handle=0x000000B1 name='Baselib_SystemSemaphore' signal=1 count=1 waiters=1 guest=0x0000000000000000 ret=0x0000000800D9E91D
[LOADER][TRACE] sema.wait-host-block handle=0x000000B5 name='Baselib_SystemSemaphore' need=1 count=0 timeout=infinite guest=0x0000000000000000 ret=0x00000008013F06E7
[LOADER][TRACE] sema.wait-wake handle=0x000000B1 name='Baselib_SystemSemaphore' need=1 count=0
[LOADER][TRACE] sema.signal handle=0x000000B5 name='Baselib_SystemSemaphore' signal=1 count=1 waiters=1 guest=0x00007FCEB8150640 ret=0x000000080158B037
[LOADER][TRACE] sema.wait-block handle=0x000000B1 name='Baselib_SystemSemaphore' need=1 count=0 timeout=infinite waiters=1 guest=0x00007FCEB8150640 ret=0x0000000800BB18FE
[LOADER][TRACE] sema.wait-host-wake handle=0x000000B5 name='Baselib_SystemSemaphore' need=1 count=0 guest=0x0000000000000000 ret=0x00000008013F06E7
[LOADER][TRACE] sema.signal handle=0x000000B1 name='Baselib_SystemSemaphore' signal=1 count=1 waiters=1 guest=0x0000000000000000 ret=0x0000000800D9B504
[LOADER][TRACE] posix-signal#10: sig=11 rip=0x0000000800C50BE4 fault=0x0000000000000074 access=0 rsp=0x00006FFFF01FB990
[LOADER][TRACE] posix-signal#10: recovered=True new_rip=0x0000000800C50BE8
[LOADER][TRACE] posix-signal#11: sig=11 rip=0x0000000800C50BE8 fault=0x0000000000000030 access=0 rsp=0x00006FFFF01FB990
[LOADER][TRACE] posix-signal#11: recovered=True new_rip=0x0000000800C50BEC
[LOADER][TRACE] posix-signal#12: sig=11 rip=0x0000000800C50BF3 fault=0x0000000000000088 access=0 rsp=0x00006FFFF01FB990
[LOADER][TRACE] posix-signal#12: recovered=True new_rip=0x0000000800C50BFA
[LOADER][TRACE] sema.create handle=0x000000BC name='Baselib_SystemSemaphore' attr=0x1 init=0 max=2147483647
[LOADER][TRACE] sema.create handle=0x000000BD name='Baselib_SystemSemaphore' attr=0x1 init=0 max=2147483647
[LOADER][TRACE] sema.create handle=0x000000BE name='Baselib_SystemSemaphore' attr=0x1 init=0 max=2147483647
[LOADER][TRACE] sema.create handle=0x000000BF name='Baselib_SystemSemaphore' attr=0x1 init=0 max=2147483647
[LOADER][TRACE] sema.create handle=0x000000C0 name='Baselib_SystemSemaphore' attr=0x1 init=0 max=2147483647
[LOADER][TRACE] sema.create handle=0x000000C1 name='Baselib_SystemSemaphore' attr=0x1 init=0 max=2147483647
[LOADER][TRACE] sema.create handle=0x000000C2 name='Baselib_SystemSemaphore' attr=0x1 init=0 max=2147483647
[LOADER][TRACE] sema.create handle=0x000000C3 name='Baselib_SystemSemaphore' attr=0x1 init=0 max=2147483647
[LOADER][TRACE] sema.create handle=0x000000C4 name='Baselib_SystemSemaphore' attr=0x1 init=0 max=2147483647
[LOADER][TRACE] sema.create handle=0x000000C5 name='Baselib_SystemSemaphore' attr=0x1 init=0 max=2147483647
[LOADER][TRACE] sema.create handle=0x000000C6 name='Baselib_SystemSemaphore' attr=0x1 init=0 max=2147483647
[LOADER][TRACE] sema.create handle=0x000000C7 name='Baselib_SystemSemaphore' attr=0x1 init=0 max=2147483647
[LOADER][TRACE] sema.create handle=0x000000C8 name='Baselib_SystemSemaphore' attr=0x1 init=0 max=2147483647
[LOADER][TRACE] sema.create handle=0x000000C9 name='Baselib_SystemSemaphore' attr=0x1 init=0 max=2147483647
[LOADER][TRACE] sema.create handle=0x000000CA name='Baselib_SystemSemaphore' attr=0x1 init=0 max=2147483647
[LOADER][TRACE] sema.create handle=0x000000CB name='Baselib_SystemSemaphore' attr=0x1 init=0 max=2147483647
[LOADER][TRACE] sema.create handle=0x000000CC name='Baselib_SystemSemaphore' attr=0x1 init=0 max=2147483647
[LOADER][TRACE] sema.create handle=0x000000CD name='Baselib_SystemSemaphore' attr=0x1 init=0 max=2147483647
[LOADER][TRACE] sema.create handle=0x000000CE name='Baselib_SystemSemaphore' attr=0x1 init=0 max=2147483647
[LOADER][TRACE] sema.create handle=0x000000CF name='Baselib_SystemSemaphore' attr=0x1 init=0 max=2147483647
[LOADER][TRACE] sema.create handle=0x000000D0 name='Baselib_SystemSemaphore' attr=0x1 init=0 max=2147483647
[LOADER][TRACE] sema.create handle=0x000000D1 name='Baselib_SystemSemaphore' attr=0x1 init=0 max=2147483647
[LOADER][TRACE] sema.create handle=0x000000D2 name='Baselib_SystemSemaphore' attr=0x1 init=0 max=2147483647
[LOADER][TRACE] sema.create handle=0x000000D3 name='Baselib_SystemSemaphore' attr=0x1 init=0 max=2147483647
[LOADER][TRACE] sema.create handle=0x000000D4 name='Baselib_SystemSemaphore' attr=0x1 init=0 max=2147483647
[LOADER][TRACE] sema.create handle=0x000000D5 name='Baselib_SystemSemaphore' attr=0x1 init=0 max=2147483647
[LOADER][TRACE] sema.create handle=0x000000D6 name='Baselib_SystemSemaphore' attr=0x1 init=0 max=2147483647
[LOADER][TRACE] sema.create handle=0x000000D7 name='Baselib_SystemSemaphore' attr=0x1 init=0 max=2147483647
[LOADER][TRACE] sema.create handle=0x000000D8 name='Baselib_SystemSemaphore' attr=0x1 init=0 max=2147483647
[LOADER][TRACE] sema.create handle=0x000000D9 name='Baselib_SystemSemaphore' attr=0x1 init=0 max=2147483647
[DIAG-VERIFY] Import #43000 OK: libc::libc:cosf ret=0x000000003F800000
[NID-TRACE] 1D0H2KNjshE rdi=0x00000006011FEF90 rsi=0x00000006011FF140 rdx=0x0000000000000000 rcx=0x0000000000000000 r8=0x0000000000000100 r9=0x0000000000000040 thread=0x0000000000000000
[LOADER][TRACE] sema.wait-wake handle=0x000000B1 name='Baselib_SystemSemaphore' need=1 count=0
[LOADER][TRACE] sema.wait-block handle=0x000000B1 name='Baselib_SystemSemaphore' need=1 count=0 timeout=infinite waiters=1 guest=0x00007FCEB8150640 ret=0x0000000800BB18FE
[DIAG-VERIFY] Import #44000 OK: libc::libc:hsi9drzHR2k_traced ret=0x0000000000000000
[DIAG-VERIFY] Import #45000 OK: libc::libc:1D0H2KNjshE_traced ret=0x0000000000000000
[DIAG-VERIFY] Import #46000 OK: libc::libc:1D0H2KNjshE_traced ret=0x0000000000000000
[DIAG-VERIFY] Import #47000 OK: libc::libc:1D0H2KNjshE_traced ret=0x0000000000000000
[DIAG-VERIFY] Import #48000 OK: libc::libc:1D0H2KNjshE_traced ret=0x0000000000000000
[DIAG-VERIFY] Import #49000 OK: libc::libc:1D0H2KNjshE_traced ret=0x0000000000000000
[DIAG-VERIFY] Import #50000 OK: libc::libc:hsi9drzHR2k_traced ret=0x0000000000000000
[DIAG-VERIFY] Import #51000 OK: libc::libc:hsi9drzHR2k_traced ret=0x0000000000000000
[DIAG-VERIFY] Import #52000 OK: libc::libc:1D0H2KNjshE_traced ret=0x0000000000000000
[DIAG-VERIFY] Import #53000 OK: libc::libc:1D0H2KNjshE_traced ret=0x0000000000000000
[DIAG-VERIFY] Import #54000 OK: libc::libc:1D0H2KNjshE_traced ret=0x0000000000000000
[DIAG-VERIFY] Import #55000 OK: libc::libc:1D0H2KNjshE_traced ret=0x0000000000000000
[DIAG-VERIFY] Import #56000 OK: libc::libc:1D0H2KNjshE_traced ret=0x0000000000000000
[DIAG-VERIFY] Import #57000 OK: libc::libc:hsi9drzHR2k_traced ret=0x0000000000000000
[DIAG-VERIFY] Import #58000 OK: libc::libc:1D0H2KNjshE_traced ret=0x0000000000000000
[LOADER][INFO] GLFW windowing platform in use: X11
[DIAG-VERIFY] Import #59000 OK: libc::libc:1D0H2KNjshE_traced ret=0x0000000000000000
[DIAG-VERIFY] Import #60000 OK: libc::libc:1D0H2KNjshE_traced ret=0x0000000000000000
[LOADER][TRACE] Import#100000: libc:1D0H2KNjshE_traced (1D0H2KNjshE)
[DIAG-VERIFY] Import #61000 OK: libc::libc:1D0H2KNjshE_traced ret=0x0000000000000000
[DIAG-VERIFY] Import #62000 OK: libc::libc:hsi9drzHR2k_traced ret=0x0000000000000000
[DIAG-VERIFY] Import #63000 OK: libc::libc:1D0H2KNjshE_traced ret=0x0000000000000000
[DIAG-VERIFY] Import #64000 OK: libc::libc:1D0H2KNjshE_traced ret=0x0000000000000000
[DIAG-VERIFY] Import #65000 OK: libc::libc:1D0H2KNjshE_traced ret=0x0000000000000000
[DIAG-VERIFY] Import #66000 OK: libc::libc:1D0H2KNjshE_traced ret=0x0000000000000000
[DIAG-VERIFY] Import #67000 OK: libc::libc:1D0H2KNjshE_traced ret=0x0000000000000000
[DIAG-VERIFY] Import #68000 OK: libc::libc:hsi9drzHR2k_traced ret=0x0000000000000000
[DIAG-VERIFY] Import #69000 OK: libc::libc:1D0H2KNjshE_traced ret=0x0000000000000000
[DIAG-VERIFY] Import #70000 OK: libc::libc:1D0H2KNjshE_traced ret=0x0000000000000000
[LOADER][INFO] Window keyboard input attached for pad emulation.
[DIAG-VERIFY] Import #71000 OK: libc::libc:1D0H2KNjshE_traced ret=0x0000000000000000
[DIAG-VERIFY] Import #72000 OK: libc::libc:1D0H2KNjshE_traced ret=0x0000000000000000
[DIAG-VERIFY] Import #73000 OK: libc::libc:1D0H2KNjshE_traced ret=0x0000000000000000
[DIAG-VERIFY] Import #74000 OK: libc::libc:1D0H2KNjshE_traced ret=0x0000000000000000
[DIAG-VERIFY] Import #75000 OK: libc::libc:hsi9drzHR2k_traced ret=0x0000000000000000
[DIAG-VERIFY] Import #76000 OK: libc::libc:1D0H2KNjshE_traced ret=0x0000000000000000
[DIAG-VERIFY] Import #77000 OK: libc::libc:1D0H2KNjshE_traced ret=0x0000000000000000
[DIAG-VERIFY] Import #78000 OK: libc::libc:1D0H2KNjshE_traced ret=0x0000000000000000
[DIAG-VERIFY] Import #79000 OK: libc::libc:1D0H2KNjshE_traced ret=0x0000000000000000
[DIAG-VERIFY] Import #80000 OK: libc::libc:1D0H2KNjshE_traced ret=0x0000000000000000
[DIAG-VERIFY] Import #81000 OK: libc::libc:1D0H2KNjshE_traced ret=0x0000000000000000
[DIAG-VERIFY] Import #82000 OK: libc::libc:hsi9drzHR2k_traced ret=0x0000000000000000
[DIAG-VERIFY] Import #83000 OK: libc::libc:1D0H2KNjshE_traced ret=0x0000000000000000
[DIAG-VERIFY] Import #84000 OK: libc::libc:1D0H2KNjshE_traced ret=0x0000000000000000
[DIAG-VERIFY] Import #85000 OK: libc::libc:1D0H2KNjshE_traced ret=0x0000000000000000
[DIAG-VERIFY] Import #86000 OK: libc::libc:1D0H2KNjshE_traced ret=0x0000000000000000
[DIAG-VERIFY] Import #87000 OK: libc::libc:1D0H2KNjshE_traced ret=0x0000000000000000
[DIAG-VERIFY] Import #88000 OK: libc::libc:hsi9drzHR2k_traced ret=0x0000000000000000
[DIAG-VERIFY] Import #89000 OK: libc::libc:1D0H2KNjshE_traced ret=0x0000000000000000
[DIAG-VERIFY] Import #90000 OK: libc::libc:1D0H2KNjshE_traced ret=0x0000000000000000
[LOADER][INFO] Vulkan candidate: llvmpipe (LLVM 19.1.7, 256 bits) (Cpu) score=50
[LOADER][INFO] Vulkan compute limits groups=65535x65535x65535 local=1024x1024x1024 invocations=1024 storage_alignment=16
[DIAG-VERIFY] Import #91000 OK: libc::libc:hsi9drzHR2k_traced ret=0x0000000000000000
[LOADER][INFO] Vulkan subgroup default=8 stages=FragmentBit, ComputeBit, ShaderStageTaskBitNV, MeshBitNV ops=BasicBit, VoteBit, ArithmeticBit, BallotBit, SubgroupFeatureShuffleBit, SubgroupFeatureShuffleRelativeBit, SubgroupFeatureClusteredBit, SubgroupFeatureQuadBit, RotateBit, RotateClusteredBit size_control=8-8 required_stages=FragmentBit, ComputeBit max_compute_subgroups=32
[LOADER][INFO] Vulkan device: llvmpipe (LLVM 19.1.7, 256 bits) (Cpu)
[DIAG-VERIFY] Import #92000 OK: libc::libc:1D0H2KNjshE_traced ret=0x0000000000000000
[DIAG-VERIFY] Import #93000 OK: libc::libc:hsi9drzHR2k_traced ret=0x0000000000000000
[DIAG-VERIFY] Import #94000 OK: libc::libc:1D0H2KNjshE_traced ret=0x0000000000000000
[DIAG-VERIFY] Import #95000 OK: libc::libc:1D0H2KNjshE_traced ret=0x0000000000000000
[DIAG-VERIFY] Import #96000 OK: libc::libc:1D0H2KNjshE_traced ret=0x0000000000000000
[DIAG-VERIFY] Import #97000 OK: libc::libc:1D0H2KNjshE_traced ret=0x0000000000000000
[DIAG-VERIFY] Import #98000 OK: libc::libc:1D0H2KNjshE_traced ret=0x0000000000000000
[DIAG-VERIFY] Import #99000 OK: libc::libc:hsi9drzHR2k_traced ret=0x0000000000000000
[DIAG-VERIFY] Import #100000 OK: libc::libc:1D0H2KNjshE_traced ret=0x0000000000000000
[DIAG-VERIFY] Import #101000 OK: libc::libc:1D0H2KNjshE_traced ret=0x0000000000000000
[DIAG-VERIFY] Import #102000 OK: libc::libc:hsi9drzHR2k_traced ret=0x0000000000000000
[LOADER][INFO] Vulkan debug labels enabled.
[DIAG-VERIFY] Import #103000 OK: libc::libc:hsi9drzHR2k_traced ret=0x0000000000000000
[DIAG-VERIFY] Import #104000 OK: libc::libc:hsi9drzHR2k_traced ret=0x0000000000000000
[DIAG-VERIFY] Import #105000 OK: libc::libc:hsi9drzHR2k_traced ret=0x0000000000000000
[LOADER][INFO] Vulkan pipeline cache ready: path=/home/z/.local/share/SharpEmu/vulkan-pipeline-cache.bin initial=0 bytes
[DIAG-VERIFY] Import #106000 OK: libc::libc:hsi9drzHR2k_traced ret=0x0000000000000000
[DIAG-VERIFY] Import #107000 OK: libc::libc:1D0H2KNjshE_traced ret=0x0000000000000000
[DIAG-VERIFY] Import #108000 OK: libc::libc:hsi9drzHR2k_traced ret=0x0000000000000000
[DIAG-VERIFY] Import #109000 OK: libc::libc:hsi9drzHR2k_traced ret=0x0000000000000000
[LOADER][INFO] Vulkan VideoOut ready: 1280x720, format=B8G8R8A8Unorm
[DIAG-VERIFY] Import #110000 OK: libc::libc:1D0H2KNjshE_traced ret=0x0000000000000000
[DIAG-VERIFY] Import #111000 OK: libc::libc:1D0H2KNjshE_traced ret=0x0000000000000000
[DIAG-VERIFY] Import #112000 OK: libc::libc:1D0H2KNjshE_traced ret=0x0000000000000000
[DIAG-VERIFY] Import #113000 OK: libc::libc:1D0H2KNjshE_traced ret=0x0000000000000000
[DIAG-VERIFY] Import #114000 OK: libc::libc:hsi9drzHR2k_traced ret=0x0000000000000000
[LOADER][WARN] vk.flip_capture_failed version=1 queue=dcb.graphics addr=0x0000000010B20000 found=False initialized=False
[DIAG-VERIFY] Import #115000 OK: libc::libc:1D0H2KNjshE_traced ret=0x0000000000000000
[DIAG-VERIFY] Import #116000 OK: libc::libc:1D0H2KNjshE_traced ret=0x0000000000000000
[DIAG-VERIFY] Import #117000 OK: libc::libc:hsi9drzHR2k_traced ret=0x0000000000000000
[NID-COUNTS] 1D0H2KNjshE=58325 hsi9drzHR2k=19304
[DIAG-VERIFY] Import #118000 OK: libc::libc:hsi9drzHR2k_traced ret=0x0000000000000000
[DIAG-VERIFY] Import #119000 OK: libc::libc:1D0H2KNjshE_traced ret=0x0000000000000000
[DIAG-VERIFY] Import #120000 OK: libc::libc:1D0H2KNjshE_traced ret=0x0000000000000000
[LOADER][TRACE] sema.signal handle=0x000000B1 name='Baselib_SystemSemaphore' signal=1 count=1 waiters=1 guest=0x0000000000000000 ret=0x00000008009BC5E3
[LOADER][TRACE] sema.wait-wake handle=0x000000B1 name='Baselib_SystemSemaphore' need=1 count=0
[LOADER][TRACE] sema.wait-block handle=0x000000B1 name='Baselib_SystemSemaphore' need=1 count=0 timeout=infinite waiters=1 guest=0x00007FCEB8150640 ret=0x0000000800BB18FE
[LOADER][TRACE] sema.create handle=0x000000DA name='Baselib_SystemSemaphore' attr=0x1 init=0 max=2147483647
[LOADER][TRACE] sema.create handle=0x000000DB name='Baselib_SystemSemaphore' attr=0x1 init=0 max=2147483647
[LOADER][TRACE] sema.delete handle=0x000000DB name='Baselib_SystemSemaphore'
[LOADER][TRACE] sema.delete handle=0x000000DA name='Baselib_SystemSemaphore'
[LOADER][TRACE] sema.create handle=0x000000DC name='Baselib_SystemSemaphore' attr=0x1 init=0 max=2147483647
[LOADER][TRACE] sema.create handle=0x000000DD name='Baselib_SystemSemaphore' attr=0x1 init=0 max=2147483647
[LOADER][TRACE] sema.delete handle=0x000000DD name='Baselib_SystemSemaphore'
[LOADER][TRACE] sema.delete handle=0x000000DC name='Baselib_SystemSemaphore'
[LOADER][TRACE] sema.create handle=0x000000DE name='Baselib_SystemSemaphore' attr=0x1 init=0 max=2147483647
[LOADER][TRACE] sema.create handle=0x000000DF name='Baselib_SystemSemaphore' attr=0x1 init=0 max=2147483647
[LOADER][TRACE] sema.delete handle=0x000000DF name='Baselib_SystemSemaphore'
[LOADER][TRACE] sema.delete handle=0x000000DE name='Baselib_SystemSemaphore'
[LOADER][TRACE] posix-signal#13: sig=11 rip=0x0000000800B28A0D fault=0x0000000000000038 access=0 rsp=0x00006FFFF01FB980
[LOADER][TRACE] posix-signal#13: recovered=True new_rip=0x0000000800B28A13
[LOADER][TRACE] sema.signal handle=0x000000B1 name='Baselib_SystemSemaphore' signal=1 count=1 waiters=1 guest=0x0000000000000000 ret=0x0000000800D90BF7
[LOADER][TRACE] sema.wait-wake handle=0x000000B1 name='Baselib_SystemSemaphore' need=1 count=0
[LOADER][TRACE] sema.create handle=0x000000E0 name='Baselib_SystemSemaphore' attr=0x1 init=0 max=2147483647
[LOADER][TRACE] sema.create handle=0x000000E1 name='Baselib_SystemSemaphore' attr=0x1 init=0 max=2147483647
[LOADER][TRACE] sema.wait-block handle=0x000000B1 name='Baselib_SystemSemaphore' need=1 count=0 timeout=infinite waiters=1 guest=0x00007FCEB8150640 ret=0x0000000800BB18FE
[LOADER][TRACE] sema.delete handle=0x000000E1 name='Baselib_SystemSemaphore'
[LOADER][TRACE] sema.delete handle=0x000000E0 name='Baselib_SystemSemaphore'
[LOADER][TRACE] sema.create handle=0x000000E2 name='Baselib_SystemSemaphore' attr=0x1 init=0 max=2147483647
[LOADER][TRACE] sema.create handle=0x000000E3 name='Baselib_SystemSemaphore' attr=0x1 init=0 max=2147483647
[LOADER][TRACE] sema.delete handle=0x000000E3 name='Baselib_SystemSemaphore'
[LOADER][TRACE] sema.delete handle=0x000000E2 name='Baselib_SystemSemaphore'
[LOADER][TRACE] sema.create handle=0x000000E4 name='Baselib_SystemSemaphore' attr=0x1 init=0 max=2147483647
[LOADER][TRACE] sema.create handle=0x000000E5 name='Baselib_SystemSemaphore' attr=0x1 init=0 max=2147483647
[LOADER][TRACE] sema.delete handle=0x000000E5 name='Baselib_SystemSemaphore'
[LOADER][TRACE] sema.delete handle=0x000000E4 name='Baselib_SystemSemaphore'
[LOADER][TRACE] sema.create handle=0x000000E6 name='Baselib_SystemSemaphore' attr=0x1 init=0 max=2147483647
[LOADER][TRACE] sema.create handle=0x000000E7 name='Baselib_SystemSemaphore' attr=0x1 init=0 max=2147483647
[LOADER][TRACE] sema.delete handle=0x000000E7 name='Baselib_SystemSemaphore'
[LOADER][TRACE] sema.delete handle=0x000000E6 name='Baselib_SystemSemaphore'
[DIAG-VERIFY] Import #121000 OK: libc::libc:_Getptolower ret=0x00005611161C8410
[LOADER][TRACE] sema.create handle=0x000000E8 name='Baselib_SystemSemaphore' attr=0x1 init=0 max=2147483647
[LOADER][TRACE] sema.create handle=0x000000E9 name='Baselib_SystemSemaphore' attr=0x1 init=0 max=2147483647
[LOADER][TRACE] sema.delete handle=0x000000E9 name='Baselib_SystemSemaphore'
[LOADER][TRACE] sema.delete handle=0x000000E8 name='Baselib_SystemSemaphore'
[LOADER][TRACE] sema.create handle=0x000000EA name='Baselib_SystemSemaphore' attr=0x1 init=0 max=2147483647
[LOADER][TRACE] sema.create handle=0x000000EB name='Baselib_SystemSemaphore' attr=0x1 init=0 max=2147483647
[LOADER][TRACE] sema.delete handle=0x000000EB name='Baselib_SystemSemaphore'
[LOADER][TRACE] sema.delete handle=0x000000EA name='Baselib_SystemSemaphore'
[LOADER][TRACE] sema.create handle=0x000000EC name='Baselib_SystemSemaphore' attr=0x1 init=0 max=2147483647
[LOADER][TRACE] sema.create handle=0x000000ED name='Baselib_SystemSemaphore' attr=0x1 init=0 max=2147483647
[LOADER][TRACE] sema.delete handle=0x000000ED name='Baselib_SystemSemaphore'
[LOADER][TRACE] sema.delete handle=0x000000EC name='Baselib_SystemSemaphore'
[LOADER][TRACE] sema.create handle=0x000000EE name='Baselib_SystemSemaphore' attr=0x1 init=0 max=2147483647
[LOADER][TRACE] sema.create handle=0x000000EF name='Baselib_SystemSemaphore' attr=0x1 init=0 max=2147483647
[LOADER][TRACE] sema.delete handle=0x000000EF name='Baselib_SystemSemaphore'
[LOADER][TRACE] sema.delete handle=0x000000EE name='Baselib_SystemSemaphore'
[LOADER][TRACE] sema.create handle=0x000000F0 name='Baselib_SystemSemaphore' attr=0x1 init=0 max=2147483647
[LOADER][TRACE] sema.create handle=0x000000F1 name='Baselib_SystemSemaphore' attr=0x1 init=0 max=2147483647
[LOADER][TRACE] sema.delete handle=0x000000F1 name='Baselib_SystemSemaphore'
[LOADER][TRACE] sema.delete handle=0x000000F0 name='Baselib_SystemSemaphore'
[LOADER][TRACE] sema.create handle=0x000000F2 name='Baselib_SystemSemaphore' attr=0x1 init=0 max=2147483647
[LOADER][TRACE] sema.create handle=0x000000F3 name='Baselib_SystemSemaphore' attr=0x1 init=0 max=2147483647
[LOADER][TRACE] sema.delete handle=0x000000F3 name='Baselib_SystemSemaphore'
[LOADER][TRACE] sema.delete handle=0x000000F2 name='Baselib_SystemSemaphore'
[LOADER][TRACE] sema.create handle=0x000000F4 name='Baselib_SystemSemaphore' attr=0x1 init=0 max=2147483647
[LOADER][TRACE] sema.create handle=0x000000F5 name='Baselib_SystemSemaphore' attr=0x1 init=0 max=2147483647
[LOADER][TRACE] sema.delete handle=0x000000F5 name='Baselib_SystemSemaphore'
[LOADER][TRACE] sema.delete handle=0x000000F4 name='Baselib_SystemSemaphore'
[LOADER][TRACE] sema.create handle=0x000000F6 name='Baselib_SystemSemaphore' attr=0x1 init=0 max=2147483647
[LOADER][TRACE] sema.create handle=0x000000F7 name='Baselib_SystemSemaphore' attr=0x1 init=0 max=2147483647
[LOADER][TRACE] sema.delete handle=0x000000F7 name='Baselib_SystemSemaphore'
[LOADER][TRACE] sema.delete handle=0x000000F6 name='Baselib_SystemSemaphore'
[LOADER][TRACE] sema.create handle=0x000000F8 name='Baselib_SystemSemaphore' attr=0x1 init=0 max=2147483647
[LOADER][TRACE] sema.create handle=0x000000F9 name='Baselib_SystemSemaphore' attr=0x1 init=0 max=2147483647
[LOADER][TRACE] sema.delete handle=0x000000F9 name='Baselib_SystemSemaphore'
[LOADER][TRACE] sema.delete handle=0x000000F8 name='Baselib_SystemSemaphore'
[LOADER][TRACE] sema.create handle=0x000000FA name='Baselib_SystemSemaphore' attr=0x1 init=0 max=2147483647
[LOADER][TRACE] sema.create handle=0x000000FB name='Baselib_SystemSemaphore' attr=0x1 init=0 max=2147483647
[LOADER][TRACE] sema.delete handle=0x000000FB name='Baselib_SystemSemaphore'
[LOADER][TRACE] sema.delete handle=0x000000FA name='Baselib_SystemSemaphore'
[LOADER][TRACE] sema.create handle=0x000000FC name='Baselib_SystemSemaphore' attr=0x1 init=0 max=2147483647
[LOADER][TRACE] sema.create handle=0x000000FD name='Baselib_SystemSemaphore' attr=0x1 init=0 max=2147483647
[LOADER][TRACE] sema.delete handle=0x000000FD name='Baselib_SystemSemaphore'
[LOADER][TRACE] sema.delete handle=0x000000FC name='Baselib_SystemSemaphore'
[LOADER][TRACE] sema.create handle=0x000000FE name='Baselib_SystemSemaphore' attr=0x1 init=0 max=2147483647
[LOADER][TRACE] sema.create handle=0x000000FF name='Baselib_SystemSemaphore' attr=0x1 init=0 max=2147483647
[LOADER][TRACE] sema.delete handle=0x000000FF name='Baselib_SystemSemaphore'
[LOADER][TRACE] sema.delete handle=0x000000FE name='Baselib_SystemSemaphore'
[LOADER][TRACE] sema.create handle=0x00000100 name='Baselib_SystemSemaphore' attr=0x1 init=0 max=2147483647
[LOADER][TRACE] sema.create handle=0x00000101 name='Baselib_SystemSemaphore' attr=0x1 init=0 max=2147483647
[LOADER][TRACE] sema.delete handle=0x00000101 name='Baselib_SystemSemaphore'
[LOADER][TRACE] sema.delete handle=0x00000100 name='Baselib_SystemSemaphore'
[LOADER][TRACE] sema.create handle=0x00000102 name='Baselib_SystemSemaphore' attr=0x1 init=0 max=2147483647
[LOADER][TRACE] sema.create handle=0x00000103 name='Baselib_SystemSemaphore' attr=0x1 init=0 max=2147483647
[LOADER][TRACE] sema.delete handle=0x00000103 name='Baselib_SystemSemaphore'
[LOADER][TRACE] sema.delete handle=0x00000102 name='Baselib_SystemSemaphore'
[LOADER][TRACE] sema.create handle=0x00000104 name='Baselib_SystemSemaphore' attr=0x1 init=0 max=2147483647
[LOADER][TRACE] sema.create handle=0x00000105 name='Baselib_SystemSemaphore' attr=0x1 init=0 max=2147483647
[LOADER][TRACE] sema.delete handle=0x00000105 name='Baselib_SystemSemaphore'
[LOADER][TRACE] sema.delete handle=0x00000104 name='Baselib_SystemSemaphore'
[LOADER][TRACE] posix-signal#14: sig=11 rip=0x0000000800C854B0 fault=0x0000000000000278 access=0 rsp=0x00006FFFF01FB760
[LOADER][TRACE] posix-signal#14: recovered=True new_rip=0x0000000800C854B8
[LOADER][TRACE] posix-signal#15: sig=11 rip=0x0000000800C854B8 fault=0x0000000000000280 access=0 rsp=0x00006FFFF01FB760
[LOADER][TRACE] posix-signal#15: recovered=True new_rip=0x0000000800C854C0
[LOADER][TRACE] posix-signal#16: sig=11 rip=0x00000008008067AC fault=0x0000000000000000 access=0 rsp=0x00006FFFF01FB720
[LOADER][TRACE] posix-signal#16: recovered=True new_rip=0x00000008008067B0
[LOADER][WARN] Unmapped read recovery #100: rip=0x000000080080684D fault=0x0000000000000000 instr='mov r8d,[r15+rcx]' len=4
[LOADER][WARN] Unmapped read recovery #200: rip=0x000000080080684D fault=0x0000000000000000 instr='mov r8d,[r15+rcx]' len=4
[LOADER][WARN] Unmapped read recovery #300: rip=0x000000080080684D fault=0x0000000000000000 instr='mov r8d,[r15+rcx]' len=4
[LOADER][WARN] Unmapped read recovery #400: rip=0x000000080080684D fault=0x0000000000000000 instr='mov r8d,[r15+rcx]' len=4
[LOADER][WARN] Unmapped read recovery #500: rip=0x000000080080684D fault=0x0000000000000000 instr='mov r8d,[r15+rcx]' len=4
[LOADER][WARN] Unmapped read recovery #600: rip=0x000000080080684D fault=0x0000000000000000 instr='mov r8d,[r15+rcx]' len=4
[LOADER][WARN] Unmapped read recovery #700: rip=0x000000080080684D fault=0x0000000000000000 instr='mov r8d,[r15+rcx]' len=4
[LOADER][WARN] Unmapped read recovery #800: rip=0x000000080080684D fault=0x0000000000000000 instr='mov r8d,[r15+rcx]' len=4
[LOADER][WARN] Unmapped read recovery #900: rip=0x000000080080684D fault=0x0000000000000000 instr='mov r8d,[r15+rcx]' len=4
[LOADER][WARN] Unmapped read recovery #1000: rip=0x000000080080684D fault=0x0000000000000000 instr='mov r8d,[r15+rcx]' len=4
[LOADER][TRACE] posix-signal#1024: sig=11 rip=0x000000080080684D fault=0x0000000000000000 access=0 rsp=0x00006FFFF01FB720
[LOADER][TRACE] posix-signal#1024: recovered=True new_rip=0x0000000800806851
[LOADER][WARN] Unmapped read recovery #1100: rip=0x000000080080684D fault=0x0000000000000000 instr='mov r8d,[r15+rcx]' len=4
[LOADER][WARN] Unmapped read recovery #1200: rip=0x000000080080684D fault=0x0000000000000000 instr='mov r8d,[r15+rcx]' len=4
[LOADER][WARN] Unmapped read recovery #1300: rip=0x000000080080684D fault=0x0000000000000000 instr='mov r8d,[r15+rcx]' len=4
[LOADER][WARN] Unmapped read recovery #1400: rip=0x000000080080684D fault=0x0000000000000000 instr='mov r8d,[r15+rcx]' len=4
[LOADER][WARN] Unmapped read recovery #1500: rip=0x000000080080684D fault=0x0000000000000000 instr='mov r8d,[r15+rcx]' len=4
[LOADER][WARN] Unmapped read recovery #1600: rip=0x000000080080684D fault=0x0000000000000000 instr='mov r8d,[r15+rcx]' len=4
[LOADER][WARN] Unmapped read recovery #1700: rip=0x000000080080684D fault=0x0000000000000000 instr='mov r8d,[r15+rcx]' len=4
[LOADER][WARN] Unmapped read recovery #1800: rip=0x000000080080684D fault=0x0000000000000000 instr='mov r8d,[r15+rcx]' len=4
[LOADER][WARN] Unmapped read recovery #1900: rip=0x000000080080684D fault=0x0000000000000000 instr='mov r8d,[r15+rcx]' len=4
[LOADER][WARN] Unmapped read recovery #2000: rip=0x000000080080684D fault=0x0000000000000000 instr='mov r8d,[r15+rcx]' len=4
[LOADER][TRACE] posix-signal#2048: sig=11 rip=0x000000080080684D fault=0x0000000000000000 access=0 rsp=0x00006FFFF01FB720
[LOADER][TRACE] posix-signal#2048: recovered=True new_rip=0x0000000800806851
[LOADER][WARN] Unmapped read recovery #2100: rip=0x000000080080684D fault=0x0000000000000000 instr='mov r8d,[r15+rcx]' len=4
[LOADER][WARN] Unmapped read recovery #2200: rip=0x000000080080684D fault=0x0000000000000000 instr='mov r8d,[r15+rcx]' len=4
[LOADER][WARN] Unmapped read recovery #2300: rip=0x000000080080684D fault=0x0000000000000000 instr='mov r8d,[r15+rcx]' len=4
[LOADER][WARN] Unmapped read recovery #2400: rip=0x000000080080684D fault=0x0000000000000000 instr='mov r8d,[r15+rcx]' len=4
[LOADER][WARN] Unmapped read recovery #2500: rip=0x000000080080684D fault=0x0000000000000000 instr='mov r8d,[r15+rcx]' len=4
[LOADER][WARN] Unmapped read recovery #2600: rip=0x000000080080684D fault=0x0000000000000000 instr='mov r8d,[r15+rcx]' len=4
[LOADER][WARN] Unmapped read recovery #2700: rip=0x000000080080684D fault=0x0000000000000000 instr='mov r8d,[r15+rcx]' len=4
[LOADER][WARN] Unmapped read recovery #2800: rip=0x000000080080684D fault=0x0000000000000000 instr='mov r8d,[r15+rcx]' len=4
[LOADER][WARN] Unmapped read recovery #2900: rip=0x000000080080684D fault=0x0000000000000000 instr='mov r8d,[r15+rcx]' len=4
[LOADER][WARN] Unmapped read recovery #3000: rip=0x000000080080684D fault=0x0000000000000000 instr='mov r8d,[r15+rcx]' len=4
[LOADER][TRACE] posix-signal#3072: sig=11 rip=0x000000080080684D fault=0x0000000000000000 access=0 rsp=0x00006FFFF01FB720
[LOADER][TRACE] posix-signal#3072: recovered=True new_rip=0x0000000800806851
[LOADER][WARN] Unmapped read recovery #3100: rip=0x000000080080684D fault=0x0000000000000000 instr='mov r8d,[r15+rcx]' len=4
[LOADER][WARN] Unmapped read recovery #3200: rip=0x000000080080684D fault=0x0000000000000000 instr='mov r8d,[r15+rcx]' len=4
[LOADER][WARN] Unmapped read recovery #3300: rip=0x000000080080684D fault=0x0000000000000000 instr='mov r8d,[r15+rcx]' len=4
[LOADER][WARN] Unmapped read recovery #3400: rip=0x000000080080684D fault=0x0000000000000000 instr='mov r8d,[r15+rcx]' len=4
[LOADER][WARN] Unmapped read recovery #3500: rip=0x000000080080684D fault=0x0000000000000000 instr='mov r8d,[r15+rcx]' len=4
[LOADER][WARN] Unmapped read recovery #3600: rip=0x000000080080684D fault=0x0000000000000000 instr='mov r8d,[r15+rcx]' len=4
[LOADER][WARN] Unmapped read recovery #3700: rip=0x000000080080684D fault=0x0000000000000000 instr='mov r8d,[r15+rcx]' len=4
[LOADER][WARN] Unmapped read recovery #3800: rip=0x000000080080684D fault=0x0000000000000000 instr='mov r8d,[r15+rcx]' len=4
[LOADER][WARN] Unmapped read recovery #3900: rip=0x000000080080684D fault=0x0000000000000000 instr='mov r8d,[r15+rcx]' len=4
[LOADER][WARN] Unmapped read recovery #4000: rip=0x000000080080684D fault=0x0000000000000000 instr='mov r8d,[r15+rcx]' len=4
[LOADER][TRACE] posix-signal#4096: sig=11 rip=0x000000080080684D fault=0x0000000000000000 access=0 rsp=0x00006FFFF01FB720
[LOADER][TRACE] posix-signal#4096: recovered=True new_rip=0x0000000800806851
[LOADER][WARN] Unmapped read recovery #4100: rip=0x000000080080684D fault=0x0000000000000000 instr='mov r8d,[r15+rcx]' len=4
[LOADER][WARN] Unmapped read recovery #4200: rip=0x000000080080684D fault=0x0000000000000000 instr='mov r8d,[r15+rcx]' len=4
[LOADER][WARN] Unmapped read recovery #4300: rip=0x000000080080684D fault=0x0000000000000000 instr='mov r8d,[r15+rcx]' len=4
[LOADER][WARN] Unmapped read recovery #4400: rip=0x000000080080684D fault=0x0000000000000000 instr='mov r8d,[r15+rcx]' len=4
[LOADER][WARN] Unmapped read recovery #4500: rip=0x000000080080684D fault=0x0000000000000000 instr='mov r8d,[r15+rcx]' len=4
[LOADER][WARN] Unmapped read recovery #4600: rip=0x000000080080684D fault=0x0000000000000000 instr='mov r8d,[r15+rcx]' len=4
[LOADER][WARN] Unmapped read recovery #4700: rip=0x000000080080684D fault=0x0000000000000000 instr='mov r8d,[r15+rcx]' len=4
[LOADER][WARN] Unmapped read recovery #4800: rip=0x000000080080684D fault=0x0000000000000000 instr='mov r8d,[r15+rcx]' len=4
[LOADER][WARN] Unmapped read recovery #4900: rip=0x000000080080684D fault=0x0000000000000000 instr='mov r8d,[r15+rcx]' len=4
[LOADER][WARN] Unmapped read recovery #5000: rip=0x000000080080684D fault=0x0000000000000000 instr='mov r8d,[r15+rcx]' len=4
[LOADER][WARN] Unmapped read recovery #5100: rip=0x000000080080684D fault=0x0000000000000000 instr='mov r8d,[r15+rcx]' len=4
[LOADER][TRACE] posix-signal#5120: sig=11 rip=0x000000080080684D fault=0x0000000000000000 access=0 rsp=0x00006FFFF01FB720
[LOADER][TRACE] posix-signal#5120: recovered=True new_rip=0x0000000800806851
[LOADER][WARN] Unmapped read recovery #5200: rip=0x000000080080684D fault=0x0000000000000000 instr='mov r8d,[r15+rcx]' len=4
[LOADER][WARN] Unmapped read recovery #5300: rip=0x000000080080684D fault=0x0000000000000000 instr='mov r8d,[r15+rcx]' len=4
[LOADER][WARN] Unmapped read recovery #5400: rip=0x000000080080684D fault=0x0000000000000000 instr='mov r8d,[r15+rcx]' len=4
[LOADER][WARN] Unmapped read recovery #5500: rip=0x000000080080684D fault=0x0000000000000000 instr='mov r8d,[r15+rcx]' len=4
[LOADER][WARN] Unmapped read recovery #5600: rip=0x000000080080684D fault=0x0000000000000000 instr='mov r8d,[r15+rcx]' len=4
[LOADER][WARN] Unmapped read recovery #5700: rip=0x000000080080684D fault=0x0000000000000000 instr='mov r8d,[r15+rcx]' len=4
[LOADER][WARN] Unmapped read recovery #5800: rip=0x000000080080684D fault=0x0000000000000000 instr='mov r8d,[r15+rcx]' len=4
[LOADER][WARN] Unmapped read recovery #5900: rip=0x000000080080684D fault=0x0000000000000000 instr='mov r8d,[r15+rcx]' len=4
[LOADER][WARN] Unmapped read recovery #6000: rip=0x000000080080684D fault=0x0000000000000000 instr='mov r8d,[r15+rcx]' len=4
[LOADER][WARN] Unmapped read recovery #6100: rip=0x000000080080684D fault=0x0000000000000000 instr='mov r8d,[r15+rcx]' len=4
[LOADER][TRACE] posix-signal#6144: sig=11 rip=0x000000080080684D fault=0x0000000000000000 access=0 rsp=0x00006FFFF01FB720
[LOADER][TRACE] posix-signal#6144: recovered=True new_rip=0x0000000800806851
[LOADER][WARN] Unmapped read recovery #6200: rip=0x000000080080684D fault=0x0000000000000000 instr='mov r8d,[r15+rcx]' len=4
[LOADER][WARN] Unmapped read recovery #6300: rip=0x000000080080684D fault=0x0000000000000000 instr='mov r8d,[r15+rcx]' len=4
[LOADER][WARN] Unmapped read recovery #6400: rip=0x000000080080684D fault=0x0000000000000000 instr='mov r8d,[r15+rcx]' len=4
[LOADER][WARN] Unmapped read recovery #6500: rip=0x000000080080684D fault=0x0000000000000000 instr='mov r8d,[r15+rcx]' len=4
[LOADER][WARN] Unmapped read recovery #6600: rip=0x000000080080684D fault=0x0000000000000000 instr='mov r8d,[r15+rcx]' len=4
[LOADER][WARN] Unmapped read recovery #6700: rip=0x000000080080684D fault=0x0000000000000000 instr='mov r8d,[r15+rcx]' len=4
[LOADER][WARN] Unmapped read recovery #6800: rip=0x000000080080684D fault=0x0000000000000000 instr='mov r8d,[r15+rcx]' len=4
[LOADER][WARN] Unmapped read recovery #6900: rip=0x000000080080684D fault=0x0000000000000000 instr='mov r8d,[r15+rcx]' len=4
[LOADER][WARN] Unmapped read recovery #7000: rip=0x000000080080684D fault=0x0000000000000000 instr='mov r8d,[r15+rcx]' len=4
[LOADER][WARN] Unmapped read recovery #7100: rip=0x000000080080684D fault=0x0000000000000000 instr='mov r8d,[r15+rcx]' len=4
[LOADER][TRACE] posix-signal#7168: sig=11 rip=0x000000080080684D fault=0x0000000000000000 access=0 rsp=0x00006FFFF01FB720
[LOADER][TRACE] posix-signal#7168: recovered=True new_rip=0x0000000800806851
[LOADER][WARN] Unmapped read recovery #7200: rip=0x000000080080684D fault=0x0000000000000000 instr='mov r8d,[r15+rcx]' len=4
[LOADER][WARN] Unmapped read recovery #7300: rip=0x000000080080684D fault=0x0000000000000000 instr='mov r8d,[r15+rcx]' len=4
[LOADER][WARN] Unmapped read recovery #7400: rip=0x000000080080684D fault=0x0000000000000000 instr='mov r8d,[r15+rcx]' len=4
[LOADER][WARN] Unmapped read recovery #7500: rip=0x000000080080684D fault=0x0000000000000000 instr='mov r8d,[r15+rcx]' len=4
[LOADER][WARN] Unmapped read recovery #7600: rip=0x000000080080684D fault=0x0000000000000000 instr='mov r8d,[r15+rcx]' len=4
[LOADER][WARN] Unmapped read recovery #7700: rip=0x000000080080684D fault=0x0000000000000000 instr='mov r8d,[r15+rcx]' len=4
[LOADER][WARN] Unmapped read recovery #7800: rip=0x000000080080684D fault=0x0000000000000000 instr='mov r8d,[r15+rcx]' len=4
[LOADER][WARN] Unmapped read recovery #7900: rip=0x000000080080684D fault=0x0000000000000000 instr='mov r8d,[r15+rcx]' len=4
[LOADER][WARN] Unmapped read recovery #8000: rip=0x000000080080684D fault=0x0000000000000000 instr='mov r8d,[r15+rcx]' len=4
[LOADER][WARN] Unmapped read recovery #8100: rip=0x000000080080684D fault=0x0000000000000000 instr='mov r8d,[r15+rcx]' len=4
[LOADER][TRACE] posix-signal#8192: sig=11 rip=0x000000080080684D fault=0x0000000000000000 access=0 rsp=0x00006FFFF01FB720
[LOADER][TRACE] posix-signal#8192: recovered=True new_rip=0x0000000800806851
[LOADER][WARN] Unmapped read recovery #8200: rip=0x000000080080684D fault=0x0000000000000000 instr='mov r8d,[r15+rcx]' len=4
[LOADER][WARN] Unmapped read recovery #8300: rip=0x000000080080684D fault=0x0000000000000000 instr='mov r8d,[r15+rcx]' len=4
[LOADER][WARN] Unmapped read recovery #8400: rip=0x000000080080684D fault=0x0000000000000000 instr='mov r8d,[r15+rcx]' len=4
[LOADER][WARN] Unmapped read recovery #8500: rip=0x000000080080684D fault=0x0000000000000000 instr='mov r8d,[r15+rcx]' len=4
[LOADER][WARN] Unmapped read recovery #8600: rip=0x000000080080684D fault=0x0000000000000000 instr='mov r8d,[r15+rcx]' len=4
[LOADER][WARN] Unmapped read recovery #8700: rip=0x000000080080684D fault=0x0000000000000000 instr='mov r8d,[r15+rcx]' len=4
[LOADER][WARN] Unmapped read recovery #8800: rip=0x000000080080684D fault=0x0000000000000000 instr='mov r8d,[r15+rcx]' len=4
[LOADER][WARN] Unmapped read recovery #8900: rip=0x000000080080684D fault=0x0000000000000000 instr='mov r8d,[r15+rcx]' len=4
[LOADER][WARN] Unmapped read recovery #9000: rip=0x000000080080684D fault=0x0000000000000000 instr='mov r8d,[r15+rcx]' len=4
[LOADER][WARN] Unmapped read recovery #9100: rip=0x000000080080684D fault=0x0000000000000000 instr='mov r8d,[r15+rcx]' len=4
[LOADER][WARN] Unmapped read recovery #9200: rip=0x000000080080684D fault=0x0000000000000000 instr='mov r8d,[r15+rcx]' len=4
[LOADER][TRACE] posix-signal#9216: sig=11 rip=0x000000080080684D fault=0x0000000000000000 access=0 rsp=0x00006FFFF01FB720
[LOADER][TRACE] posix-signal#9216: recovered=True new_rip=0x0000000800806851
[LOADER][WARN] Unmapped read recovery #9300: rip=0x000000080080684D fault=0x0000000000000000 instr='mov r8d,[r15+rcx]' len=4
[LOADER][WARN] Unmapped read recovery #9400: rip=0x000000080080684D fault=0x0000000000000000 instr='mov r8d,[r15+rcx]' len=4
[LOADER][WARN] Unmapped read recovery #9500: rip=0x000000080080684D fault=0x0000000000000000 instr='mov r8d,[r15+rcx]' len=4
[LOADER][WARN] Unmapped read recovery #9600: rip=0x000000080080684D fault=0x0000000000000000 instr='mov r8d,[r15+rcx]' len=4
[LOADER][WARN] Unmapped read recovery #9700: rip=0x000000080080684D fault=0x0000000000000000 instr='mov r8d,[r15+rcx]' len=4
[LOADER][WARN] Unmapped read recovery #9800: rip=0x000000080080684D fault=0x0000000000000000 instr='mov r8d,[r15+rcx]' len=4
[LOADER][WARN] Unmapped read recovery #9900: rip=0x000000080080684D fault=0x0000000000000000 instr='mov r8d,[r15+rcx]' len=4
[LOADER][WARN] Unmapped read recovery #10000: rip=0x000000080080684D fault=0x0000000000000000 instr='mov r8d,[r15+rcx]' len=4
[LOADER][WARN] Unmapped read recovery #10100: rip=0x000000080080684D fault=0x0000000000000000 instr='mov r8d,[r15+rcx]' len=4
[LOADER][WARN] Unmapped read recovery #10200: rip=0x000000080080684D fault=0x0000000000000000 instr='mov r8d,[r15+rcx]' len=4
[LOADER][TRACE] posix-signal#10240: sig=11 rip=0x000000080080684D fault=0x0000000000000000 access=0 rsp=0x00006FFFF01FB720
[LOADER][TRACE] posix-signal#10240: recovered=True new_rip=0x0000000800806851
[LOADER][WARN] Unmapped read recovery #10300: rip=0x000000080080684D fault=0x0000000000000000 instr='mov r8d,[r15+rcx]' len=4
[LOADER][WARN] Unmapped read recovery #10400: rip=0x000000080080684D fault=0x0000000000000000 instr='mov r8d,[r15+rcx]' len=4
[LOADER][WARN] Unmapped read recovery #10500: rip=0x000000080080684D fault=0x0000000000000000 instr='mov r8d,[r15+rcx]' len=4
[LOADER][WARN] Unmapped read recovery #10600: rip=0x000000080080684D fault=0x0000000000000000 instr='mov r8d,[r15+rcx]' len=4
[LOADER][WARN] Unmapped read recovery #10700: rip=0x000000080080684D fault=0x0000000000000000 instr='mov r8d,[r15+rcx]' len=4
[LOADER][WARN] Unmapped read recovery #10800: rip=0x000000080080684D fault=0x0000000000000000 instr='mov r8d,[r15+rcx]' len=4
[LOADER][WARN] Unmapped read recovery #10900: rip=0x000000080080684D fault=0x0000000000000000 instr='mov r8d,[r15+rcx]' len=4
[LOADER][WARN] Unmapped read recovery #11000: rip=0x000000080080684D fault=0x0000000000000000 instr='mov r8d,[r15+rcx]' len=4
[LOADER][WARN] Unmapped read recovery #11100: rip=0x000000080080684D fault=0x0000000000000000 instr='mov r8d,[r15+rcx]' len=4
[LOADER][WARN] Unmapped read recovery #11200: rip=0x000000080080684D fault=0x0000000000000000 instr='mov r8d,[r15+rcx]' len=4
[LOADER][TRACE] posix-signal#11264: sig=11 rip=0x000000080080684D fault=0x0000000000000000 access=0 rsp=0x00006FFFF01FB720
[LOADER][TRACE] posix-signal#11264: recovered=True new_rip=0x0000000800806851
[LOADER][WARN] Unmapped read recovery #11300: rip=0x000000080080684D fault=0x0000000000000000 instr='mov r8d,[r15+rcx]' len=4
[LOADER][WARN] Unmapped read recovery #11400: rip=0x000000080080684D fault=0x0000000000000000 instr='mov r8d,[r15+rcx]' len=4
[LOADER][WARN] Unmapped read recovery #11500: rip=0x000000080080684D fault=0x0000000000000000 instr='mov r8d,[r15+rcx]' len=4
[LOADER][WARN] Unmapped read recovery #11600: rip=0x000000080080684D fault=0x0000000000000000 instr='mov r8d,[r15+rcx]' len=4
[LOADER][WARN] Unmapped read recovery #11700: rip=0x000000080080684D fault=0x0000000000000000 instr='mov r8d,[r15+rcx]' len=4
[LOADER][WARN] Unmapped read recovery #11800: rip=0x000000080080684D fault=0x0000000000000000 instr='mov r8d,[r15+rcx]' len=4
[LOADER][WARN] Unmapped read recovery #11900: rip=0x000000080080684D fault=0x0000000000000000 instr='mov r8d,[r15+rcx]' len=4
[LOADER][WARN] Unmapped read recovery #12000: rip=0x000000080080684D fault=0x0000000000000000 instr='mov r8d,[r15+rcx]' len=4
[LOADER][WARN] Unmapped read recovery #12100: rip=0x000000080080684D fault=0x0000000000000000 instr='mov r8d,[r15+rcx]' len=4
[LOADER][WARN] Unmapped read recovery #12200: rip=0x000000080080684D fault=0x0000000000000000 instr='mov r8d,[r15+rcx]' len=4
[LOADER][TRACE] posix-signal#12288: sig=11 rip=0x000000080080684D fault=0x0000000000000000 access=0 rsp=0x00006FFFF01FB720
[LOADER][TRACE] posix-signal#12288: recovered=True new_rip=0x0000000800806851
[LOADER][WARN] Unmapped read recovery #12300: rip=0x000000080080684D fault=0x0000000000000000 instr='mov r8d,[r15+rcx]' len=4
[LOADER][WARN] Unmapped read recovery #12400: rip=0x000000080080684D fault=0x0000000000000000 instr='mov r8d,[r15+rcx]' len=4
[LOADER][WARN] Unmapped read recovery #12500: rip=0x000000080080684D fault=0x0000000000000000 instr='mov r8d,[r15+rcx]' len=4
[LOADER][WARN] Unmapped read recovery #12600: rip=0x000000080080684D fault=0x0000000000000000 instr='mov r8d,[r15+rcx]' len=4
[LOADER][WARN] Unmapped read recovery #12700: rip=0x000000080080684D fault=0x0000000000000000 instr='mov r8d,[r15+rcx]' len=4
[LOADER][WARN] Unmapped read recovery #12800: rip=0x000000080080684D fault=0x0000000000000000 instr='mov r8d,[r15+rcx]' len=4
[LOADER][WARN] Unmapped read recovery #12900: rip=0x000000080080684D fault=0x0000000000000000 instr='mov r8d,[r15+rcx]' len=4
[LOADER][WARN] Unmapped read recovery #13000: rip=0x000000080080684D fault=0x0000000000000000 instr='mov r8d,[r15+rcx]' len=4
[LOADER][WARN] Unmapped read recovery #13100: rip=0x000000080080684D fault=0x0000000000000000 instr='mov r8d,[r15+rcx]' len=4
[LOADER][WARN] Unmapped read recovery #13200: rip=0x000000080080684D fault=0x0000000000000000 instr='mov r8d,[r15+rcx]' len=4
[LOADER][WARN] Unmapped read recovery #13300: rip=0x000000080080684D fault=0x0000000000000000 instr='mov r8d,[r15+rcx]' len=4
[LOADER][TRACE] posix-signal#13312: sig=11 rip=0x000000080080684D fault=0x0000000000000000 access=0 rsp=0x00006FFFF01FB720
[LOADER][TRACE] posix-signal#13312: recovered=True new_rip=0x0000000800806851
[LOADER][WARN] Unmapped read recovery #13400: rip=0x000000080080684D fault=0x0000000000000000 instr='mov r8d,[r15+rcx]' len=4
[LOADER][WARN] Unmapped read recovery #13500: rip=0x000000080080684D fault=0x0000000000000000 instr='mov r8d,[r15+rcx]' len=4
[LOADER][WARN] Unmapped read recovery #13600: rip=0x000000080080684D fault=0x0000000000000000 instr='mov r8d,[r15+rcx]' len=4
[LOADER][WARN] Unmapped read recovery #13700: rip=0x000000080080684D fault=0x0000000000000000 instr='mov r8d,[r15+rcx]' len=4
[LOADER][WARN] Unmapped read recovery #13800: rip=0x000000080080684D fault=0x0000000000000000 instr='mov r8d,[r15+rcx]' len=4
[LOADER][WARN] Unmapped read recovery #13900: rip=0x000000080080684D fault=0x0000000000000000 instr='mov r8d,[r15+rcx]' len=4
[LOADER][WARN] Unmapped read recovery #14000: rip=0x000000080080684D fault=0x0000000000000000 instr='mov r8d,[r15+rcx]' len=4
[LOADER][WARN] Unmapped read recovery #14100: rip=0x000000080080684D fault=0x0000000000000000 instr='mov r8d,[r15+rcx]' len=4
[LOADER][WARN] Unmapped read recovery #14200: rip=0x000000080080684D fault=0x0000000000000000 instr='mov r8d,[r15+rcx]' len=4
[LOADER][WARN] Unmapped read recovery #14300: rip=0x000000080080684D fault=0x0000000000000000 instr='mov r8d,[r15+rcx]' len=4
[LOADER][TRACE] posix-signal#14336: sig=11 rip=0x000000080080684D fault=0x0000000000000000 access=0 rsp=0x00006FFFF01FB720
[LOADER][TRACE] posix-signal#14336: recovered=True new_rip=0x0000000800806851
[LOADER][WARN] Unmapped read recovery #14400: rip=0x000000080080684D fault=0x0000000000000000 instr='mov r8d,[r15+rcx]' len=4
[LOADER][WARN] Unmapped read recovery #14500: rip=0x000000080080684D fault=0x0000000000000000 instr='mov r8d,[r15+rcx]' len=4
[LOADER][WARN] Unmapped read recovery #14600: rip=0x000000080080684D fault=0x0000000000000000 instr='mov r8d,[r15+rcx]' len=4
[LOADER][WARN] Unmapped read recovery #14700: rip=0x000000080080684D fault=0x0000000000000000 instr='mov r8d,[r15+rcx]' len=4
[LOADER][WARN] Unmapped read recovery #14800: rip=0x000000080080684D fault=0x0000000000000000 instr='mov r8d,[r15+rcx]' len=4
[LOADER][WARN] Unmapped read recovery #14900: rip=0x000000080080684D fault=0x0000000000000000 instr='mov r8d,[r15+rcx]' len=4
[LOADER][WARN] Unmapped read recovery #15000: rip=0x000000080080684D fault=0x0000000000000000 instr='mov r8d,[r15+rcx]' len=4
[LOADER][WARN] Unmapped read recovery #15100: rip=0x000000080080684D fault=0x0000000000000000 instr='mov r8d,[r15+rcx]' len=4
[LOADER][WARN] Unmapped read recovery #15200: rip=0x000000080080684D fault=0x0000000000000000 instr='mov r8d,[r15+rcx]' len=4
[LOADER][WARN] Unmapped read recovery #15300: rip=0x000000080080684D fault=0x0000000000000000 instr='mov r8d,[r15+rcx]' len=4
[LOADER][TRACE] posix-signal#15360: sig=11 rip=0x000000080080684D fault=0x0000000000000000 access=0 rsp=0x00006FFFF01FB720
[LOADER][TRACE] posix-signal#15360: recovered=True new_rip=0x0000000800806851
[LOADER][WARN] Unmapped read recovery #15400: rip=0x000000080080684D fault=0x0000000000000000 instr='mov r8d,[r15+rcx]' len=4
[LOADER][WARN] Unmapped read recovery #15500: rip=0x000000080080684D fault=0x0000000000000000 instr='mov r8d,[r15+rcx]' len=4
[LOADER][WARN] Unmapped read recovery #15600: rip=0x000000080080684D fault=0x0000000000000000 instr='mov r8d,[r15+rcx]' len=4
[LOADER][WARN] Unmapped read recovery #15700: rip=0x000000080080684D fault=0x0000000000000000 instr='mov r8d,[r15+rcx]' len=4
[LOADER][WARN] Unmapped read recovery #15800: rip=0x000000080080684D fault=0x0000000000000000 instr='mov r8d,[r15+rcx]' len=4
[LOADER][WARN] Unmapped read recovery #15900: rip=0x000000080080684D fault=0x0000000000000000 instr='mov r8d,[r15+rcx]' len=4
[LOADER][WARN] Unmapped read recovery #16000: rip=0x000000080080684D fault=0x0000000000000000 instr='mov r8d,[r15+rcx]' len=4
[LOADER][WARN] Unmapped read recovery #16100: rip=0x000000080080684D fault=0x0000000000000000 instr='mov r8d,[r15+rcx]' len=4
[LOADER][WARN] Unmapped read recovery #16200: rip=0x000000080080684D fault=0x0000000000000000 instr='mov r8d,[r15+rcx]' len=4
[LOADER][WARN] Unmapped read recovery #16300: rip=0x000000080080684D fault=0x0000000000000000 instr='mov r8d,[r15+rcx]' len=4
[LOADER][TRACE] posix-signal#16384: sig=11 rip=0x000000080080684D fault=0x0000000000000000 access=0 rsp=0x00006FFFF01FB720
[LOADER][TRACE] posix-signal#16384: recovered=True new_rip=0x0000000800806851
[LOADER][WARN] Unmapped read recovery #16400: rip=0x000000080080684D fault=0x0000000000000000 instr='mov r8d,[r15+rcx]' len=4
[LOADER][WARN] Unmapped read recovery #16500: rip=0x000000080080684D fault=0x0000000000000000 instr='mov r8d,[r15+rcx]' len=4
[LOADER][WARN] Unmapped read recovery #16600: rip=0x000000080080684D fault=0x0000000000000000 instr='mov r8d,[r15+rcx]' len=4
[LOADER][WARN] Unmapped read recovery #16700: rip=0x000000080080684D fault=0x0000000000000000 instr='mov r8d,[r15+rcx]' len=4
[LOADER][WARN] Unmapped read recovery #16800: rip=0x000000080080684D fault=0x0000000000000000 instr='mov r8d,[r15+rcx]' len=4
[LOADER][WARN] Unmapped read recovery #16900: rip=0x000000080080684D fault=0x0000000000000000 instr='mov r8d,[r15+rcx]' len=4
[LOADER][WARN] Unmapped read recovery #17000: rip=0x000000080080684D fault=0x0000000000000000 instr='mov r8d,[r15+rcx]' len=4
[LOADER][WARN] Unmapped read recovery #17100: rip=0x000000080080684D fault=0x0000000000000000 instr='mov r8d,[r15+rcx]' len=4
[LOADER][WARN] Unmapped read recovery #17200: rip=0x000000080080684D fault=0x0000000000000000 instr='mov r8d,[r15+rcx]' len=4
[LOADER][WARN] Unmapped read recovery #17300: rip=0x000000080080684D fault=0x0000000000000000 instr='mov r8d,[r15+rcx]' len=4
[LOADER][WARN] Unmapped read recovery #17400: rip=0x000000080080684D fault=0x0000000000000000 instr='mov r8d,[r15+rcx]' len=4
[LOADER][TRACE] posix-signal#17408: sig=11 rip=0x000000080080684D fault=0x0000000000000000 access=0 rsp=0x00006FFFF01FB720
[LOADER][TRACE] posix-signal#17408: recovered=True new_rip=0x0000000800806851
[LOADER][WARN] Unmapped read recovery #17500: rip=0x000000080080684D fault=0x0000000000000000 instr='mov r8d,[r15+rcx]' len=4
[LOADER][WARN] Unmapped read recovery #17600: rip=0x000000080080684D fault=0x0000000000000000 instr='mov r8d,[r15+rcx]' len=4
[LOADER][WARN] Unmapped read recovery #17700: rip=0x000000080080684D fault=0x0000000000000000 instr='mov r8d,[r15+rcx]' len=4
[LOADER][WARN] Unmapped read recovery #17800: rip=0x000000080080684D fault=0x0000000000000000 instr='mov r8d,[r15+rcx]' len=4
[LOADER][WARN] Unmapped read recovery #17900: rip=0x000000080080684D fault=0x0000000000000000 instr='mov r8d,[r15+rcx]' len=4
[LOADER][WARN] Unmapped read recovery #18000: rip=0x000000080080684D fault=0x0000000000000000 instr='mov r8d,[r15+rcx]' len=4
[LOADER][WARN] Unmapped read recovery #18100: rip=0x000000080080684D fault=0x0000000000000000 instr='mov r8d,[r15+rcx]' len=4
[LOADER][WARN] Unmapped read recovery #18200: rip=0x000000080080684D fault=0x0000000000000000 instr='mov r8d,[r15+rcx]' len=4
[LOADER][WARN] Unmapped read recovery #18300: rip=0x000000080080684D fault=0x0000000000000000 instr='mov r8d,[r15+rcx]' len=4
[LOADER][WARN] Unmapped read recovery #18400: rip=0x000000080080684D fault=0x0000000000000000 instr='mov r8d,[r15+rcx]' len=4
[LOADER][TRACE] posix-signal#18432: sig=11 rip=0x000000080080684D fault=0x0000000000000000 access=0 rsp=0x00006FFFF01FB720
[LOADER][TRACE] posix-signal#18432: recovered=True new_rip=0x0000000800806851
[LOADER][WARN] Unmapped read recovery #18500: rip=0x000000080080684D fault=0x0000000000000000 instr='mov r8d,[r15+rcx]' len=4
[LOADER][WARN] Unmapped read recovery #18600: rip=0x000000080080684D fault=0x0000000000000000 instr='mov r8d,[r15+rcx]' len=4
[LOADER][WARN] Unmapped read recovery #18700: rip=0x000000080080684D fault=0x0000000000000000 instr='mov r8d,[r15+rcx]' len=4
[LOADER][WARN] Unmapped read recovery #18800: rip=0x000000080080684D fault=0x0000000000000000 instr='mov r8d,[r15+rcx]' len=4
[LOADER][WARN] Unmapped read recovery #18900: rip=0x000000080080684D fault=0x0000000000000000 instr='mov r8d,[r15+rcx]' len=4
[LOADER][WARN] Unmapped read recovery #19000: rip=0x000000080080684D fault=0x0000000000000000 instr='mov r8d,[r15+rcx]' len=4
[LOADER][WARN] Unmapped read recovery #19100: rip=0x000000080080684D fault=0x0000000000000000 instr='mov r8d,[r15+rcx]' len=4
[LOADER][WARN] Unmapped read recovery #19200: rip=0x000000080080684D fault=0x0000000000000000 instr='mov r8d,[r15+rcx]' len=4
[LOADER][WARN] Unmapped read recovery #19300: rip=0x000000080080684D fault=0x0000000000000000 instr='mov r8d,[r15+rcx]' len=4
[LOADER][WARN] Unmapped read recovery #19400: rip=0x000000080080684D fault=0x0000000000000000 instr='mov r8d,[r15+rcx]' len=4
[LOADER][TRACE] posix-signal#19456: sig=11 rip=0x000000080080684D fault=0x0000000000000000 access=0 rsp=0x00006FFFF01FB720
[LOADER][TRACE] posix-signal#19456: recovered=True new_rip=0x0000000800806851
[LOADER][WARN] Unmapped read recovery #19500: rip=0x000000080080684D fault=0x0000000000000000 instr='mov r8d,[r15+rcx]' len=4
[LOADER][WARN] Unmapped read recovery #19600: rip=0x000000080080684D fault=0x0000000000000000 instr='mov r8d,[r15+rcx]' len=4
[LOADER][WARN] Unmapped read recovery #19700: rip=0x000000080080684D fault=0x0000000000000000 instr='mov r8d,[r15+rcx]' len=4
[LOADER][WARN] Unmapped read recovery #19800: rip=0x000000080080684D fault=0x0000000000000000 instr='mov r8d,[r15+rcx]' len=4
[LOADER][WARN] Unmapped read recovery #19900: rip=0x000000080080684D fault=0x0000000000000000 instr='mov r8d,[r15+rcx]' len=4
[LOADER][WARN] Unmapped read recovery #20000: rip=0x000000080080684D fault=0x0000000000000000 instr='mov r8d,[r15+rcx]' len=4
[LOADER][WARN] Unmapped read recovery #20100: rip=0x000000080080684D fault=0x0000000000000000 instr='mov r8d,[r15+rcx]' len=4
[LOADER][WARN] Unmapped read recovery #20200: rip=0x000000080080684D fault=0x0000000000000000 instr='mov r8d,[r15+rcx]' len=4
[LOADER][WARN] Unmapped read recovery #20300: rip=0x000000080080684D fault=0x0000000000000000 instr='mov r8d,[r15+rcx]' len=4
[LOADER][WARN] Unmapped read recovery #20400: rip=0x000000080080684D fault=0x0000000000000000 instr='mov r8d,[r15+rcx]' len=4
[LOADER][TRACE] posix-signal#20480: sig=11 rip=0x000000080080684D fault=0x0000000000000000 access=0 rsp=0x00006FFFF01FB720
[LOADER][TRACE] posix-signal#20480: recovered=True new_rip=0x0000000800806851
[LOADER][WARN] Unmapped read recovery #20500: rip=0x000000080080684D fault=0x0000000000000000 instr='mov r8d,[r15+rcx]' len=4
[LOADER][WARN] Unmapped read recovery #20600: rip=0x000000080080684D fault=0x0000000000000000 instr='mov r8d,[r15+rcx]' len=4
[LOADER][WARN] Unmapped read recovery #20700: rip=0x000000080080684D fault=0x0000000000000000 instr='mov r8d,[r15+rcx]' len=4
[LOADER][WARN] Unmapped read recovery #20800: rip=0x000000080080684D fault=0x0000000000000000 instr='mov r8d,[r15+rcx]' len=4
[LOADER][WARN] Unmapped read recovery #20900: rip=0x000000080080684D fault=0x0000000000000000 instr='mov r8d,[r15+rcx]' len=4
[LOADER][WARN] Unmapped read recovery #21000: rip=0x000000080080684D fault=0x0000000000000000 instr='mov r8d,[r15+rcx]' len=4
[LOADER][WARN] Unmapped read recovery #21100: rip=0x000000080080684D fault=0x0000000000000000 instr='mov r8d,[r15+rcx]' len=4
[LOADER][WARN] Unmapped read recovery #21200: rip=0x000000080080684D fault=0x0000000000000000 instr='mov r8d,[r15+rcx]' len=4
[LOADER][WARN] Unmapped read recovery #21300: rip=0x000000080080684D fault=0x0000000000000000 instr='mov r8d,[r15+rcx]' len=4
[LOADER][WARN] Unmapped read recovery #21400: rip=0x000000080080684D fault=0x0000000000000000 instr='mov r8d,[r15+rcx]' len=4
[LOADER][WARN] Unmapped read recovery #21500: rip=0x000000080080684D fault=0x0000000000000000 instr='mov r8d,[r15+rcx]' len=4
[LOADER][TRACE] posix-signal#21504: sig=11 rip=0x000000080080684D fault=0x0000000000000000 access=0 rsp=0x00006FFFF01FB720
[LOADER][TRACE] posix-signal#21504: recovered=True new_rip=0x0000000800806851
[LOADER][WARN] Unmapped read recovery #21600: rip=0x000000080080684D fault=0x0000000000000000 instr='mov r8d,[r15+rcx]' len=4
[LOADER][WARN] Unmapped read recovery #21700: rip=0x000000080080684D fault=0x0000000000000000 instr='mov r8d,[r15+rcx]' len=4
[LOADER][WARN] Unmapped read recovery #21800: rip=0x000000080080684D fault=0x0000000000000000 instr='mov r8d,[r15+rcx]' len=4
[LOADER][WARN] Unmapped read recovery #21900: rip=0x000000080080684D fault=0x0000000000000000 instr='mov r8d,[r15+rcx]' len=4
[LOADER][WARN] Unmapped read recovery #22000: rip=0x000000080080684D fault=0x0000000000000000 instr='mov r8d,[r15+rcx]' len=4
[LOADER][WARN] Unmapped read recovery #22100: rip=0x000000080080684D fault=0x0000000000000000 instr='mov r8d,[r15+rcx]' len=4
[LOADER][WARN] Unmapped read recovery #22200: rip=0x000000080080684D fault=0x0000000000000000 instr='mov r8d,[r15+rcx]' len=4
[LOADER][WARN] Unmapped read recovery #22300: rip=0x000000080080684D fault=0x0000000000000000 instr='mov r8d,[r15+rcx]' len=4
[LOADER][WARN] Unmapped read recovery #22400: rip=0x000000080080684D fault=0x0000000000000000 instr='mov r8d,[r15+rcx]' len=4
[LOADER][WARN] Unmapped read recovery #22500: rip=0x000000080080684D fault=0x0000000000000000 instr='mov r8d,[r15+rcx]' len=4
[LOADER][TRACE] posix-signal#22528: sig=11 rip=0x000000080080684D fault=0x0000000000000000 access=0 rsp=0x00006FFFF01FB720
[LOADER][TRACE] posix-signal#22528: recovered=True new_rip=0x0000000800806851
[LOADER][WARN] Unmapped read recovery #22600: rip=0x000000080080684D fault=0x0000000000000000 instr='mov r8d,[r15+rcx]' len=4
[LOADER][WARN] Unmapped read recovery #22700: rip=0x000000080080684D fault=0x0000000000000000 instr='mov r8d,[r15+rcx]' len=4
[LOADER][WARN] Unmapped read recovery #22800: rip=0x000000080080684D fault=0x0000000000000000 instr='mov r8d,[r15+rcx]' len=4
[LOADER][WARN] Unmapped read recovery #22900: rip=0x000000080080684D fault=0x0000000000000000 instr='mov r8d,[r15+rcx]' len=4
[LOADER][WARN] Unmapped read recovery #23000: rip=0x000000080080684D fault=0x0000000000000000 instr='mov r8d,[r15+rcx]' len=4
[LOADER][WARN] Unmapped read recovery #23100: rip=0x000000080080684D fault=0x0000000000000000 instr='mov r8d,[r15+rcx]' len=4
[LOADER][WARN] Unmapped read recovery #23200: rip=0x000000080080684D fault=0x0000000000000000 instr='mov r8d,[r15+rcx]' len=4
[LOADER][WARN] Unmapped read recovery #23300: rip=0x000000080080684D fault=0x0000000000000000 instr='mov r8d,[r15+rcx]' len=4
[LOADER][WARN] Unmapped read recovery #23400: rip=0x000000080080684D fault=0x0000000000000000 instr='mov r8d,[r15+rcx]' len=4
[LOADER][WARN] Unmapped read recovery #23500: rip=0x000000080080684D fault=0x0000000000000000 instr='mov r8d,[r15+rcx]' len=4
[LOADER][TRACE] posix-signal#23552: sig=11 rip=0x000000080080684D fault=0x0000000000000000 access=0 rsp=0x00006FFFF01FB720
[LOADER][TRACE] posix-signal#23552: recovered=True new_rip=0x0000000800806851
[LOADER][WARN] Unmapped read recovery #23600: rip=0x000000080080684D fault=0x0000000000000000 instr='mov r8d,[r15+rcx]' len=4
[LOADER][WARN] Unmapped read recovery #23700: rip=0x000000080080684D fault=0x0000000000000000 instr='mov r8d,[r15+rcx]' len=4
[LOADER][WARN] Unmapped read recovery #23800: rip=0x000000080080684D fault=0x0000000000000000 instr='mov r8d,[r15+rcx]' len=4
[LOADER][WARN] Unmapped read recovery #23900: rip=0x000000080080684D fault=0x0000000000000000 instr='mov r8d,[r15+rcx]' len=4
[LOADER][WARN] Unmapped read recovery #24000: rip=0x000000080080684D fault=0x0000000000000000 instr='mov r8d,[r15+rcx]' len=4
[LOADER][WARN] Unmapped read recovery #24100: rip=0x000000080080684D fault=0x0000000000000000 instr='mov r8d,[r15+rcx]' len=4
[LOADER][WARN] Unmapped read recovery #24200: rip=0x000000080080684D fault=0x0000000000000000 instr='mov r8d,[r15+rcx]' len=4
[LOADER][WARN] Unmapped read recovery #24300: rip=0x000000080080684D fault=0x0000000000000000 instr='mov r8d,[r15+rcx]' len=4
[LOADER][WARN] Unmapped read recovery #24400: rip=0x000000080080684D fault=0x0000000000000000 instr='mov r8d,[r15+rcx]' len=4
[LOADER][WARN] Unmapped read recovery #24500: rip=0x000000080080684D fault=0x0000000000000000 instr='mov r8d,[r15+rcx]' len=4
[LOADER][TRACE] posix-signal#24576: sig=11 rip=0x000000080080684D fault=0x0000000000000000 access=0 rsp=0x00006FFFF01FB720
[LOADER][TRACE] posix-signal#24576: recovered=True new_rip=0x0000000800806851
[LOADER][WARN] Unmapped read recovery #24600: rip=0x000000080080684D fault=0x0000000000000000 instr='mov r8d,[r15+rcx]' len=4
[LOADER][WARN] Unmapped read recovery #24700: rip=0x000000080080684D fault=0x0000000000000000 instr='mov r8d,[r15+rcx]' len=4
[LOADER][WARN] Unmapped read recovery #24800: rip=0x000000080080684D fault=0x0000000000000000 instr='mov r8d,[r15+rcx]' len=4
[LOADER][WARN] Unmapped read recovery #24900: rip=0x000000080080684D fault=0x0000000000000000 instr='mov r8d,[r15+rcx]' len=4
[LOADER][WARN] Unmapped read recovery #25000: rip=0x000000080080684D fault=0x0000000000000000 instr='mov r8d,[r15+rcx]' len=4
[LOADER][WARN] Unmapped read recovery #25100: rip=0x000000080080684D fault=0x0000000000000000 instr='mov r8d,[r15+rcx]' len=4
[LOADER][WARN] Unmapped read recovery #25200: rip=0x000000080080684D fault=0x0000000000000000 instr='mov r8d,[r15+rcx]' len=4
[LOADER][WARN] Unmapped read recovery #25300: rip=0x000000080080684D fault=0x0000000000000000 instr='mov r8d,[r15+rcx]' len=4
[LOADER][WARN] Unmapped read recovery #25400: rip=0x000000080080684D fault=0x0000000000000000 instr='mov r8d,[r15+rcx]' len=4
[LOADER][WARN] Unmapped read recovery #25500: rip=0x000000080080684D fault=0x0000000000000000 instr='mov r8d,[r15+rcx]' len=4
[LOADER][TRACE] posix-signal#25600: sig=11 rip=0x000000080080684D fault=0x0000000000000000 access=0 rsp=0x00006FFFF01FB720
[LOADER][WARN] Unmapped read recovery #25600: rip=0x000000080080684D fault=0x0000000000000000 instr='mov r8d,[r15+rcx]' len=4
[LOADER][TRACE] posix-signal#25600: recovered=True new_rip=0x0000000800806851
[LOADER][WARN] Unmapped read recovery #25700: rip=0x000000080080684D fault=0x0000000000000000 instr='mov r8d,[r15+rcx]' len=4
[LOADER][WARN] Unmapped read recovery #25800: rip=0x000000080080684D fault=0x0000000000000000 instr='mov r8d,[r15+rcx]' len=4
[LOADER][WARN] Unmapped read recovery #25900: rip=0x000000080080684D fault=0x0000000000000000 instr='mov r8d,[r15+rcx]' len=4
[LOADER][WARN] Unmapped read recovery #26000: rip=0x000000080080684D fault=0x0000000000000000 instr='mov r8d,[r15+rcx]' len=4
[LOADER][WARN] Unmapped read recovery #26100: rip=0x000000080080684D fault=0x0000000000000000 instr='mov r8d,[r15+rcx]' len=4
[LOADER][WARN] Unmapped read recovery #26200: rip=0x000000080080684D fault=0x0000000000000000 instr='mov r8d,[r15+rcx]' len=4
[LOADER][WARN] Unmapped read recovery #26300: rip=0x000000080080684D fault=0x0000000000000000 instr='mov r8d,[r15+rcx]' len=4
[LOADER][WARN] Unmapped read recovery #26400: rip=0x000000080080684D fault=0x0000000000000000 instr='mov r8d,[r15+rcx]' len=4
[LOADER][WARN] Unmapped read recovery #26500: rip=0x000000080080684D fault=0x0000000000000000 instr='mov r8d,[r15+rcx]' len=4
[LOADER][WARN] Unmapped read recovery #26600: rip=0x000000080080684D fault=0x0000000000000000 instr='mov r8d,[r15+rcx]' len=4
[LOADER][TRACE] posix-signal#26624: sig=11 rip=0x000000080080684D fault=0x0000000000000000 access=0 rsp=0x00006FFFF01FB720
[LOADER][TRACE] posix-signal#26624: recovered=True new_rip=0x0000000800806851
[LOADER][WARN] Unmapped read recovery #26700: rip=0x000000080080684D fault=0x0000000000000000 instr='mov r8d,[r15+rcx]' len=4
[LOADER][WARN] Unmapped read recovery #26800: rip=0x000000080080684D fault=0x0000000000000000 instr='mov r8d,[r15+rcx]' len=4
[LOADER][WARN] Unmapped read recovery #26900: rip=0x000000080080684D fault=0x0000000000000000 instr='mov r8d,[r15+rcx]' len=4
[LOADER][WARN] Unmapped read recovery #27000: rip=0x000000080080684D fault=0x0000000000000000 instr='mov r8d,[r15+rcx]' len=4
[LOADER][WARN] Unmapped read recovery #27100: rip=0x000000080080684D fault=0x0000000000000000 instr='mov r8d,[r15+rcx]' len=4
[LOADER][WARN] Unmapped read recovery #27200: rip=0x000000080080684D fault=0x0000000000000000 instr='mov r8d,[r15+rcx]' len=4
[LOADER][WARN] Unmapped read recovery #27300: rip=0x000000080080684D fault=0x0000000000000000 instr='mov r8d,[r15+rcx]' len=4
[LOADER][WARN] Unmapped read recovery #27400: rip=0x000000080080684D fault=0x0000000000000000 instr='mov r8d,[r15+rcx]' len=4
[LOADER][WARN] Unmapped read recovery #27500: rip=0x000000080080684D fault=0x0000000000000000 instr='mov r8d,[r15+rcx]' len=4
[LOADER][WARN] Unmapped read recovery #27600: rip=0x000000080080684D fault=0x0000000000000000 instr='mov r8d,[r15+rcx]' len=4
[LOADER][TRACE] posix-signal#27648: sig=11 rip=0x000000080080684D fault=0x0000000000000000 access=0 rsp=0x00006FFFF01FB720
[LOADER][TRACE] posix-signal#27648: recovered=True new_rip=0x0000000800806851
[LOADER][WARN] Unmapped read recovery #27700: rip=0x000000080080684D fault=0x0000000000000000 instr='mov r8d,[r15+rcx]' len=4
[LOADER][WARN] Unmapped read recovery #27800: rip=0x000000080080684D fault=0x0000000000000000 instr='mov r8d,[r15+rcx]' len=4
[LOADER][WARN] Unmapped read recovery #27900: rip=0x000000080080684D fault=0x0000000000000000 instr='mov r8d,[r15+rcx]' len=4
[LOADER][WARN] Unmapped read recovery #28000: rip=0x000000080080684D fault=0x0000000000000000 instr='mov r8d,[r15+rcx]' len=4
[LOADER][WARN] Unmapped read recovery #28100: rip=0x000000080080684D fault=0x0000000000000000 instr='mov r8d,[r15+rcx]' len=4
[LOADER][WARN] Unmapped read recovery #28200: rip=0x000000080080684D fault=0x0000000000000000 instr='mov r8d,[r15+rcx]' len=4
[LOADER][WARN] Unmapped read recovery #28300: rip=0x000000080080684D fault=0x0000000000000000 instr='mov r8d,[r15+rcx]' len=4
[LOADER][WARN] Unmapped read recovery #28400: rip=0x000000080080684D fault=0x0000000000000000 instr='mov r8d,[r15+rcx]' len=4
[LOADER][WARN] Unmapped read recovery #28500: rip=0x000000080080684D fault=0x0000000000000000 instr='mov r8d,[r15+rcx]' len=4
[LOADER][WARN] Unmapped read recovery #28600: rip=0x000000080080684D fault=0x0000000000000000 instr='mov r8d,[r15+rcx]' len=4
[LOADER][TRACE] posix-signal#28672: sig=11 rip=0x000000080080684D fault=0x0000000000000000 access=0 rsp=0x00006FFFF01FB720
[LOADER][TRACE] posix-signal#28672: recovered=True new_rip=0x0000000800806851
[LOADER][WARN] Unmapped read recovery #28700: rip=0x000000080080684D fault=0x0000000000000000 instr='mov r8d,[r15+rcx]' len=4
[LOADER][WARN] Unmapped read recovery #28800: rip=0x000000080080684D fault=0x0000000000000000 instr='mov r8d,[r15+rcx]' len=4
[LOADER][WARN] Unmapped read recovery #28900: rip=0x000000080080684D fault=0x0000000000000000 instr='mov r8d,[r15+rcx]' len=4
[LOADER][WARN] Unmapped read recovery #29000: rip=0x000000080080684D fault=0x0000000000000000 instr='mov r8d,[r15+rcx]' len=4
[LOADER][WARN] Unmapped read recovery #29100: rip=0x000000080080684D fault=0x0000000000000000 instr='mov r8d,[r15+rcx]' len=4
[LOADER][WARN] Unmapped read recovery #29200: rip=0x000000080080684D fault=0x0000000000000000 instr='mov r8d,[r15+rcx]' len=4
[LOADER][WARN] Unmapped read recovery #29300: rip=0x000000080080684D fault=0x0000000000000000 instr='mov r8d,[r15+rcx]' len=4
[LOADER][WARN] Unmapped read recovery #29400: rip=0x000000080080684D fault=0x0000000000000000 instr='mov r8d,[r15+rcx]' len=4
[LOADER][WARN] Unmapped read recovery #29500: rip=0x000000080080684D fault=0x0000000000000000 instr='mov r8d,[r15+rcx]' len=4
[LOADER][WARN] Unmapped read recovery #29600: rip=0x000000080080684D fault=0x0000000000000000 instr='mov r8d,[r15+rcx]' len=4
[LOADER][TRACE] posix-signal#29696: sig=11 rip=0x000000080080684D fault=0x0000000000000000 access=0 rsp=0x00006FFFF01FB720
[LOADER][TRACE] posix-signal#29696: recovered=True new_rip=0x0000000800806851
[LOADER][WARN] Unmapped read recovery #29700: rip=0x000000080080684D fault=0x0000000000000000 instr='mov r8d,[r15+rcx]' len=4
[LOADER][WARN] Unmapped read recovery #29800: rip=0x000000080080684D fault=0x0000000000000000 instr='mov r8d,[r15+rcx]' len=4
[LOADER][WARN] Unmapped read recovery #29900: rip=0x000000080080684D fault=0x0000000000000000 instr='mov r8d,[r15+rcx]' len=4
[LOADER][WARN] Unmapped read recovery #30000: rip=0x000000080080684D fault=0x0000000000000000 instr='mov r8d,[r15+rcx]' len=4
[LOADER][WARN] Unmapped read recovery #30100: rip=0x000000080080684D fault=0x0000000000000000 instr='mov r8d,[r15+rcx]' len=4
[LOADER][WARN] Unmapped read recovery #30200: rip=0x000000080080684D fault=0x0000000000000000 instr='mov r8d,[r15+rcx]' len=4
[LOADER][WARN] Unmapped read recovery #30300: rip=0x000000080080684D fault=0x0000000000000000 instr='mov r8d,[r15+rcx]' len=4
[LOADER][WARN] Unmapped read recovery #30400: rip=0x000000080080684D fault=0x0000000000000000 instr='mov r8d,[r15+rcx]' len=4
[LOADER][WARN] Unmapped read recovery #30500: rip=0x000000080080684D fault=0x0000000000000000 instr='mov r8d,[r15+rcx]' len=4
[LOADER][WARN] Unmapped read recovery #30600: rip=0x000000080080684D fault=0x0000000000000000 instr='mov r8d,[r15+rcx]' len=4
[LOADER][WARN] Unmapped read recovery #30700: rip=0x000000080080684D fault=0x0000000000000000 instr='mov r8d,[r15+rcx]' len=4
[LOADER][TRACE] posix-signal#30720: sig=11 rip=0x000000080080684D fault=0x0000000000000000 access=0 rsp=0x00006FFFF01FB720
[LOADER][TRACE] posix-signal#30720: recovered=True new_rip=0x0000000800806851
[LOADER][WARN] Unmapped read recovery #30800: rip=0x000000080080684D fault=0x0000000000000000 instr='mov r8d,[r15+rcx]' len=4
[LOADER][WARN] Unmapped read recovery #30900: rip=0x000000080080684D fault=0x0000000000000000 instr='mov r8d,[r15+rcx]' len=4
[LOADER][WARN] Unmapped read recovery #31000: rip=0x000000080080684D fault=0x0000000000000000 instr='mov r8d,[r15+rcx]' len=4
[LOADER][WARN] Unmapped read recovery #31100: rip=0x000000080080684D fault=0x0000000000000000 instr='mov r8d,[r15+rcx]' len=4
[LOADER][WARN] Unmapped read recovery #31200: rip=0x000000080080684D fault=0x0000000000000000 instr='mov r8d,[r15+rcx]' len=4
[LOADER][WARN] Unmapped read recovery #31300: rip=0x000000080080684D fault=0x0000000000000000 instr='mov r8d,[r15+rcx]' len=4
[LOADER][WARN] Unmapped read recovery #31400: rip=0x000000080080684D fault=0x0000000000000000 instr='mov r8d,[r15+rcx]' len=4
[LOADER][WARN] Unmapped read recovery #31500: rip=0x000000080080684D fault=0x0000000000000000 instr='mov r8d,[r15+rcx]' len=4
[LOADER][WARN] Unmapped read recovery #31600: rip=0x000000080080684D fault=0x0000000000000000 instr='mov r8d,[r15+rcx]' len=4
[LOADER][WARN] Unmapped read recovery #31700: rip=0x000000080080684D fault=0x0000000000000000 instr='mov r8d,[r15+rcx]' len=4
[LOADER][TRACE] posix-signal#31744: sig=11 rip=0x000000080080684D fault=0x0000000000000000 access=0 rsp=0x00006FFFF01FB720
[LOADER][TRACE] posix-signal#31744: recovered=True new_rip=0x0000000800806851
[LOADER][WARN] Unmapped read recovery #31800: rip=0x000000080080684D fault=0x0000000000000000 instr='mov r8d,[r15+rcx]' len=4
[LOADER][WARN] Unmapped read recovery #31900: rip=0x000000080080684D fault=0x0000000000000000 instr='mov r8d,[r15+rcx]' len=4
[LOADER][WARN] Unmapped read recovery #32000: rip=0x000000080080684D fault=0x0000000000000000 instr='mov r8d,[r15+rcx]' len=4
[LOADER][WARN] Unmapped read recovery #32100: rip=0x000000080080684D fault=0x0000000000000000 instr='mov r8d,[r15+rcx]' len=4
[LOADER][WARN] Unmapped read recovery #32200: rip=0x000000080080684D fault=0x0000000000000000 instr='mov r8d,[r15+rcx]' len=4
[LOADER][WARN] Unmapped read recovery #32300: rip=0x000000080080684D fault=0x0000000000000000 instr='mov r8d,[r15+rcx]' len=4
[LOADER][WARN] Unmapped read recovery #32400: rip=0x000000080080684D fault=0x0000000000000000 instr='mov r8d,[r15+rcx]' len=4
[LOADER][WARN] Unmapped read recovery #32500: rip=0x000000080080684D fault=0x0000000000000000 instr='mov r8d,[r15+rcx]' len=4
[LOADER][WARN] Unmapped read recovery #32600: rip=0x000000080080684D fault=0x0000000000000000 instr='mov r8d,[r15+rcx]' len=4
[LOADER][WARN] Unmapped read recovery #32700: rip=0x000000080080684D fault=0x0000000000000000 instr='mov r8d,[r15+rcx]' len=4
[LOADER][TRACE] posix-signal#32768: sig=11 rip=0x000000080080684D fault=0x0000000000000000 access=0 rsp=0x00006FFFF01FB720
[LOADER][TRACE] posix-signal#32768: recovered=True new_rip=0x0000000800806851
[LOADER][WARN] Unmapped read recovery #32800: rip=0x000000080080684D fault=0x0000000000000000 instr='mov r8d,[r15+rcx]' len=4
[LOADER][WARN] Unmapped read recovery #32900: rip=0x000000080080684D fault=0x0000000000000000 instr='mov r8d,[r15+rcx]' len=4
[LOADER][WARN] Unmapped read recovery #33000: rip=0x000000080080684D fault=0x0000000000000000 instr='mov r8d,[r15+rcx]' len=4
[LOADER][WARN] Unmapped read recovery #33100: rip=0x000000080080684D fault=0x0000000000000000 instr='mov r8d,[r15+rcx]' len=4
[LOADER][WARN] Unmapped read recovery #33200: rip=0x000000080080684D fault=0x0000000000000000 instr='mov r8d,[r15+rcx]' len=4
[LOADER][WARN] Unmapped read recovery #33300: rip=0x000000080080684D fault=0x0000000000000000 instr='mov r8d,[r15+rcx]' len=4
[LOADER][WARN] Unmapped read recovery #33400: rip=0x000000080080684D fault=0x0000000000000000 instr='mov r8d,[r15+rcx]' len=4
[LOADER][WARN] Unmapped read recovery #33500: rip=0x000000080080684D fault=0x0000000000000000 instr='mov r8d,[r15+rcx]' len=4
[LOADER][WARN] Unmapped read recovery #33600: rip=0x000000080080684D fault=0x0000000000000000 instr='mov r8d,[r15+rcx]' len=4
[LOADER][WARN] Unmapped read recovery #33700: rip=0x000000080080684D fault=0x0000000000000000 instr='mov r8d,[r15+rcx]' len=4
[LOADER][TRACE] posix-signal#33792: sig=11 rip=0x000000080080684D fault=0x0000000000000000 access=0 rsp=0x00006FFFF01FB720
[LOADER][TRACE] posix-signal#33792: recovered=True new_rip=0x0000000800806851
[LOADER][WARN] Unmapped read recovery #33800: rip=0x000000080080684D fault=0x0000000000000000 instr='mov r8d,[r15+rcx]' len=4
[LOADER][WARN] Unmapped read recovery #33900: rip=0x000000080080684D fault=0x0000000000000000 instr='mov r8d,[r15+rcx]' len=4
[LOADER][WARN] Unmapped read recovery #34000: rip=0x000000080080684D fault=0x0000000000000000 instr='mov r8d,[r15+rcx]' len=4
[LOADER][WARN] Unmapped read recovery #34100: rip=0x000000080080684D fault=0x0000000000000000 instr='mov r8d,[r15+rcx]' len=4
[LOADER][WARN] Unmapped read recovery #34200: rip=0x000000080080684D fault=0x0000000000000000 instr='mov r8d,[r15+rcx]' len=4
[LOADER][WARN] Unmapped read recovery #34300: rip=0x000000080080684D fault=0x0000000000000000 instr='mov r8d,[r15+rcx]' len=4
[LOADER][WARN] Unmapped read recovery #34400: rip=0x000000080080684D fault=0x0000000000000000 instr='mov r8d,[r15+rcx]' len=4
[LOADER][WARN] Unmapped read recovery #34500: rip=0x000000080080684D fault=0x0000000000000000 instr='mov r8d,[r15+rcx]' len=4
[LOADER][WARN] Unmapped read recovery #34600: rip=0x000000080080684D fault=0x0000000000000000 instr='mov r8d,[r15+rcx]' len=4
[LOADER][WARN] Unmapped read recovery #34700: rip=0x000000080080684D fault=0x0000000000000000 instr='mov r8d,[r15+rcx]' len=4
[LOADER][WARN] Unmapped read recovery #34800: rip=0x000000080080684D fault=0x0000000000000000 instr='mov r8d,[r15+rcx]' len=4
[LOADER][TRACE] posix-signal#34816: sig=11 rip=0x000000080080684D fault=0x0000000000000000 access=0 rsp=0x00006FFFF01FB720
[LOADER][TRACE] posix-signal#34816: recovered=True new_rip=0x0000000800806851
[LOADER][WARN] Unmapped read recovery #34900: rip=0x000000080080684D fault=0x0000000000000000 instr='mov r8d,[r15+rcx]' len=4
[LOADER][WARN] Unmapped read recovery #35000: rip=0x000000080080684D fault=0x0000000000000000 instr='mov r8d,[r15+rcx]' len=4
[LOADER][WARN] Unmapped read recovery #35100: rip=0x000000080080684D fault=0x0000000000000000 instr='mov r8d,[r15+rcx]' len=4
[LOADER][WARN] Unmapped read recovery #35200: rip=0x000000080080684D fault=0x0000000000000000 instr='mov r8d,[r15+rcx]' len=4
[LOADER][WARN] Unmapped read recovery #35300: rip=0x000000080080684D fault=0x0000000000000000 instr='mov r8d,[r15+rcx]' len=4
[LOADER][WARN] Unmapped read recovery #35400: rip=0x000000080080684D fault=0x0000000000000000 instr='mov r8d,[r15+rcx]' len=4
[LOADER][WARN] Unmapped read recovery #35500: rip=0x000000080080684D fault=0x0000000000000000 instr='mov r8d,[r15+rcx]' len=4
[LOADER][WARN] Unmapped read recovery #35600: rip=0x000000080080684D fault=0x0000000000000000 instr='mov r8d,[r15+rcx]' len=4
[LOADER][WARN] Unmapped read recovery #35700: rip=0x000000080080684D fault=0x0000000000000000 instr='mov r8d,[r15+rcx]' len=4
[LOADER][WARN] Unmapped read recovery #35800: rip=0x000000080080684D fault=0x0000000000000000 instr='mov r8d,[r15+rcx]' len=4
[LOADER][TRACE] posix-signal#35840: sig=11 rip=0x000000080080684D fault=0x0000000000000000 access=0 rsp=0x00006FFFF01FB720
[LOADER][TRACE] posix-signal#35840: recovered=True new_rip=0x0000000800806851
[LOADER][WARN] Unmapped read recovery #35900: rip=0x000000080080684D fault=0x0000000000000000 instr='mov r8d,[r15+rcx]' len=4
[LOADER][WARN] Unmapped read recovery #36000: rip=0x000000080080684D fault=0x0000000000000000 instr='mov r8d,[r15+rcx]' len=4
[LOADER][WARN] Unmapped read recovery #36100: rip=0x000000080080684D fault=0x0000000000000000 instr='mov r8d,[r15+rcx]' len=4
[LOADER][WARN] Unmapped read recovery #36200: rip=0x000000080080684D fault=0x0000000000000000 instr='mov r8d,[r15+rcx]' len=4
[LOADER][WARN] Unmapped read recovery #36300: rip=0x000000080080684D fault=0x0000000000000000 instr='mov r8d,[r15+rcx]' len=4
[LOADER][WARN] Unmapped read recovery #36400: rip=0x000000080080684D fault=0x0000000000000000 instr='mov r8d,[r15+rcx]' len=4
[LOADER][WARN] Unmapped read recovery #36500: rip=0x000000080080684D fault=0x0000000000000000 instr='mov r8d,[r15+rcx]' len=4
[LOADER][WARN] Unmapped read recovery #36600: rip=0x000000080080684D fault=0x0000000000000000 instr='mov r8d,[r15+rcx]' len=4
[LOADER][WARN] Unmapped read recovery #36700: rip=0x000000080080684D fault=0x0000000000000000 instr='mov r8d,[r15+rcx]' len=4
[LOADER][WARN] Unmapped read recovery #36800: rip=0x000000080080684D fault=0x0000000000000000 instr='mov r8d,[r15+rcx]' len=4
[LOADER][TRACE] posix-signal#36864: sig=11 rip=0x000000080080684D fault=0x0000000000000000 access=0 rsp=0x00006FFFF01FB720
[LOADER][TRACE] posix-signal#36864: recovered=True new_rip=0x0000000800806851
[LOADER][WARN] Unmapped read recovery #36900: rip=0x000000080080684D fault=0x0000000000000000 instr='mov r8d,[r15+rcx]' len=4
[LOADER][WARN] Unmapped read recovery #37000: rip=0x000000080080684D fault=0x0000000000000000 instr='mov r8d,[r15+rcx]' len=4
[LOADER][WARN] Unmapped read recovery #37100: rip=0x000000080080684D fault=0x0000000000000000 instr='mov r8d,[r15+rcx]' len=4
[LOADER][WARN] Unmapped read recovery #37200: rip=0x000000080080684D fault=0x0000000000000000 instr='mov r8d,[r15+rcx]' len=4
[LOADER][WARN] Unmapped read recovery #37300: rip=0x000000080080684D fault=0x0000000000000000 instr='mov r8d,[r15+rcx]' len=4
[LOADER][WARN] Unmapped read recovery #37400: rip=0x000000080080684D fault=0x0000000000000000 instr='mov r8d,[r15+rcx]' len=4
[LOADER][WARN] Unmapped read recovery #37500: rip=0x000000080080684D fault=0x0000000000000000 instr='mov r8d,[r15+rcx]' len=4
[LOADER][WARN] Unmapped read recovery #37600: rip=0x000000080080684D fault=0x0000000000000000 instr='mov r8d,[r15+rcx]' len=4
[LOADER][WARN] Unmapped read recovery #37700: rip=0x000000080080684D fault=0x0000000000000000 instr='mov r8d,[r15+rcx]' len=4
[LOADER][WARN] Unmapped read recovery #37800: rip=0x000000080080684D fault=0x0000000000000000 instr='mov r8d,[r15+rcx]' len=4
[LOADER][TRACE] posix-signal#37888: sig=11 rip=0x000000080080684D fault=0x0000000000000000 access=0 rsp=0x00006FFFF01FB720
[LOADER][TRACE] posix-signal#37888: recovered=True new_rip=0x0000000800806851
[LOADER][WARN] Unmapped read recovery #37900: rip=0x000000080080684D fault=0x0000000000000000 instr='mov r8d,[r15+rcx]' len=4
[LOADER][WARN] Unmapped read recovery #38000: rip=0x000000080080684D fault=0x0000000000000000 instr='mov r8d,[r15+rcx]' len=4
[LOADER][WARN] Unmapped read recovery #38100: rip=0x000000080080684D fault=0x0000000000000000 instr='mov r8d,[r15+rcx]' len=4
[LOADER][WARN] Unmapped read recovery #38200: rip=0x000000080080684D fault=0x0000000000000000 instr='mov r8d,[r15+rcx]' len=4
[LOADER][WARN] Unmapped read recovery #38300: rip=0x000000080080684D fault=0x0000000000000000 instr='mov r8d,[r15+rcx]' len=4
[LOADER][WARN] Unmapped read recovery #38400: rip=0x000000080080684D fault=0x0000000000000000 instr='mov r8d,[r15+rcx]' len=4
[LOADER][WARN] Unmapped read recovery #38500: rip=0x000000080080684D fault=0x0000000000000000 instr='mov r8d,[r15+rcx]' len=4
[LOADER][WARN] Unmapped read recovery #38600: rip=0x000000080080684D fault=0x0000000000000000 instr='mov r8d,[r15+rcx]' len=4
[LOADER][WARN] Unmapped read recovery #38700: rip=0x000000080080684D fault=0x0000000000000000 instr='mov r8d,[r15+rcx]' len=4
[LOADER][WARN] Unmapped read recovery #38800: rip=0x000000080080684D fault=0x0000000000000000 instr='mov r8d,[r15+rcx]' len=4
[LOADER][WARN] Unmapped read recovery #38900: rip=0x000000080080684D fault=0x0000000000000000 instr='mov r8d,[r15+rcx]' len=4
[LOADER][TRACE] posix-signal#38912: sig=11 rip=0x000000080080684D fault=0x0000000000000000 access=0 rsp=0x00006FFFF01FB720
[LOADER][TRACE] posix-signal#38912: recovered=True new_rip=0x0000000800806851
[LOADER][WARN] Unmapped read recovery #39000: rip=0x000000080080684D fault=0x0000000000000000 instr='mov r8d,[r15+rcx]' len=4
[LOADER][WARN] Unmapped read recovery #39100: rip=0x000000080080684D fault=0x0000000000000000 instr='mov r8d,[r15+rcx]' len=4
[LOADER][WARN] Unmapped read recovery #39200: rip=0x000000080080684D fault=0x0000000000000000 instr='mov r8d,[r15+rcx]' len=4
[LOADER][WARN] Unmapped read recovery #39300: rip=0x000000080080684D fault=0x0000000000000000 instr='mov r8d,[r15+rcx]' len=4
[LOADER][WARN] Unmapped read recovery #39400: rip=0x000000080080684D fault=0x0000000000000000 instr='mov r8d,[r15+rcx]' len=4
[LOADER][WARN] Unmapped read recovery #39500: rip=0x000000080080684D fault=0x0000000000000000 instr='mov r8d,[r15+rcx]' len=4
[LOADER][WARN] Unmapped read recovery #39600: rip=0x000000080080684D fault=0x0000000000000000 instr='mov r8d,[r15+rcx]' len=4
[LOADER][WARN] Unmapped read recovery #39700: rip=0x000000080080684D fault=0x0000000000000000 instr='mov r8d,[r15+rcx]' len=4
[LOADER][WARN] Unmapped read recovery #39800: rip=0x000000080080684D fault=0x0000000000000000 instr='mov r8d,[r15+rcx]' len=4
[LOADER][WARN] Unmapped read recovery #39900: rip=0x000000080080684D fault=0x0000000000000000 instr='mov r8d,[r15+rcx]' len=4
[LOADER][TRACE] posix-signal#39936: sig=11 rip=0x000000080080684D fault=0x0000000000000000 access=0 rsp=0x00006FFFF01FB720
[LOADER][TRACE] posix-signal#39936: recovered=True new_rip=0x0000000800806851
[LOADER][WARN] Unmapped read recovery #40000: rip=0x000000080080684D fault=0x0000000000000000 instr='mov r8d,[r15+rcx]' len=4
[LOADER][WARN] Unmapped read recovery #40100: rip=0x000000080080684D fault=0x0000000000000000 instr='mov r8d,[r15+rcx]' len=4
[LOADER][WARN] Unmapped read recovery #40200: rip=0x000000080080684D fault=0x0000000000000000 instr='mov r8d,[r15+rcx]' len=4
[LOADER][WARN] Unmapped read recovery #40300: rip=0x000000080080684D fault=0x0000000000000000 instr='mov r8d,[r15+rcx]' len=4
[LOADER][WARN] Unmapped read recovery #40400: rip=0x000000080080684D fault=0x0000000000000000 instr='mov r8d,[r15+rcx]' len=4
[LOADER][WARN] Unmapped read recovery #40500: rip=0x000000080080684D fault=0x0000000000000000 instr='mov r8d,[r15+rcx]' len=4
[LOADER][WARN] Unmapped read recovery #40600: rip=0x000000080080684D fault=0x0000000000000000 instr='mov r8d,[r15+rcx]' len=4
[LOADER][WARN] Unmapped read recovery #40700: rip=0x000000080080684D fault=0x0000000000000000 instr='mov r8d,[r15+rcx]' len=4
[LOADER][WARN] Unmapped read recovery #40800: rip=0x000000080080684D fault=0x0000000000000000 instr='mov r8d,[r15+rcx]' len=4
[LOADER][WARN] Unmapped read recovery #40900: rip=0x000000080080684D fault=0x0000000000000000 instr='mov r8d,[r15+rcx]' len=4
[LOADER][TRACE] posix-signal#40960: sig=11 rip=0x000000080080684D fault=0x0000000000000000 access=0 rsp=0x00006FFFF01FB720
[LOADER][TRACE] posix-signal#40960: recovered=True new_rip=0x0000000800806851
[LOADER][WARN] Unmapped read recovery #41000: rip=0x000000080080684D fault=0x0000000000000000 instr='mov r8d,[r15+rcx]' len=4
[LOADER][WARN] Unmapped read recovery #41100: rip=0x000000080080684D fault=0x0000000000000000 instr='mov r8d,[r15+rcx]' len=4
[LOADER][WARN] Unmapped read recovery #41200: rip=0x000000080080684D fault=0x0000000000000000 instr='mov r8d,[r15+rcx]' len=4
[LOADER][WARN] Unmapped read recovery #41300: rip=0x000000080080684D fault=0x0000000000000000 instr='mov r8d,[r15+rcx]' len=4
[LOADER][WARN] Unmapped read recovery #41400: rip=0x000000080080684D fault=0x0000000000000000 instr='mov r8d,[r15+rcx]' len=4
[LOADER][WARN] Unmapped read recovery #41500: rip=0x000000080080684D fault=0x0000000000000000 instr='mov r8d,[r15+rcx]' len=4
[LOADER][WARN] Unmapped read recovery #41600: rip=0x000000080080684D fault=0x0000000000000000 instr='mov r8d,[r15+rcx]' len=4
[LOADER][WARN] Unmapped read recovery #41700: rip=0x000000080080684D fault=0x0000000000000000 instr='mov r8d,[r15+rcx]' len=4
[LOADER][WARN] Unmapped read recovery #41800: rip=0x000000080080684D fault=0x0000000000000000 instr='mov r8d,[r15+rcx]' len=4
[LOADER][WARN] Unmapped read recovery #41900: rip=0x000000080080684D fault=0x0000000000000000 instr='mov r8d,[r15+rcx]' len=4
[LOADER][TRACE] posix-signal#41984: sig=11 rip=0x000000080080684D fault=0x0000000000000000 access=0 rsp=0x00006FFFF01FB720
[LOADER][TRACE] posix-signal#41984: recovered=True new_rip=0x0000000800806851
[LOADER][WARN] Unmapped read recovery #42000: rip=0x000000080080684D fault=0x0000000000000000 instr='mov r8d,[r15+rcx]' len=4
[LOADER][WARN] Unmapped read recovery #42100: rip=0x000000080080684D fault=0x0000000000000000 instr='mov r8d,[r15+rcx]' len=4
[LOADER][WARN] Unmapped read recovery #42200: rip=0x000000080080684D fault=0x0000000000000000 instr='mov r8d,[r15+rcx]' len=4
[LOADER][WARN] Unmapped read recovery #42300: rip=0x000000080080684D fault=0x0000000000000000 instr='mov r8d,[r15+rcx]' len=4
[LOADER][WARN] Unmapped read recovery #42400: rip=0x000000080080684D fault=0x0000000000000000 instr='mov r8d,[r15+rcx]' len=4
[LOADER][WARN] Unmapped read recovery #42500: rip=0x000000080080684D fault=0x0000000000000000 instr='mov r8d,[r15+rcx]' len=4
[LOADER][WARN] Unmapped read recovery #42600: rip=0x000000080080684D fault=0x0000000000000000 instr='mov r8d,[r15+rcx]' len=4
[LOADER][WARN] Unmapped read recovery #42700: rip=0x000000080080684D fault=0x0000000000000000 instr='mov r8d,[r15+rcx]' len=4
[LOADER][WARN] Unmapped read recovery #42800: rip=0x000000080080684D fault=0x0000000000000000 instr='mov r8d,[r15+rcx]' len=4
[LOADER][WARN] Unmapped read recovery #42900: rip=0x000000080080684D fault=0x0000000000000000 instr='mov r8d,[r15+rcx]' len=4
[LOADER][WARN] Unmapped read recovery #43000: rip=0x000000080080684D fault=0x0000000000000000 instr='mov r8d,[r15+rcx]' len=4
[LOADER][TRACE] posix-signal#43008: sig=11 rip=0x000000080080684D fault=0x0000000000000000 access=0 rsp=0x00006FFFF01FB720
[LOADER][TRACE] posix-signal#43008: recovered=True new_rip=0x0000000800806851
[LOADER][WARN] Unmapped read recovery #43100: rip=0x000000080080684D fault=0x0000000000000000 instr='mov r8d,[r15+rcx]' len=4
[LOADER][WARN] Unmapped read recovery #43200: rip=0x000000080080684D fault=0x0000000000000000 instr='mov r8d,[r15+rcx]' len=4
[LOADER][WARN] Unmapped read recovery #43300: rip=0x000000080080684D fault=0x0000000000000000 instr='mov r8d,[r15+rcx]' len=4
[LOADER][WARN] Unmapped read recovery #43400: rip=0x000000080080684D fault=0x0000000000000000 instr='mov r8d,[r15+rcx]' len=4
[LOADER][WARN] Unmapped read recovery #43500: rip=0x000000080080684D fault=0x0000000000000000 instr='mov r8d,[r15+rcx]' len=4
[LOADER][WARN] Unmapped read recovery #43600: rip=0x000000080080684D fault=0x0000000000000000 instr='mov r8d,[r15+rcx]' len=4
[LOADER][WARN] Unmapped read recovery #43700: rip=0x000000080080684D fault=0x0000000000000000 instr='mov r8d,[r15+rcx]' len=4
[LOADER][WARN] Unmapped read recovery #43800: rip=0x000000080080684D fault=0x0000000000000000 instr='mov r8d,[r15+rcx]' len=4
[LOADER][WARN] Unmapped read recovery #43900: rip=0x000000080080684D fault=0x0000000000000000 instr='mov r8d,[r15+rcx]' len=4
[LOADER][WARN] Unmapped read recovery #44000: rip=0x000000080080684D fault=0x0000000000000000 instr='mov r8d,[r15+rcx]' len=4
[LOADER][TRACE] posix-signal#44032: sig=11 rip=0x000000080080684D fault=0x0000000000000000 access=0 rsp=0x00006FFFF01FB720
[LOADER][TRACE] posix-signal#44032: recovered=True new_rip=0x0000000800806851
[LOADER][WARN] Unmapped read recovery #44100: rip=0x000000080080684D fault=0x0000000000000000 instr='mov r8d,[r15+rcx]' len=4
[LOADER][WARN] Unmapped read recovery #44200: rip=0x000000080080684D fault=0x0000000000000000 instr='mov r8d,[r15+rcx]' len=4
[LOADER][WARN] Unmapped read recovery #44300: rip=0x000000080080684D fault=0x0000000000000000 instr='mov r8d,[r15+rcx]' len=4
[LOADER][WARN] Unmapped read recovery #44400: rip=0x000000080080684D fault=0x0000000000000000 instr='mov r8d,[r15+rcx]' len=4
[LOADER][WARN] Unmapped read recovery #44500: rip=0x000000080080684D fault=0x0000000000000000 instr='mov r8d,[r15+rcx]' len=4
[LOADER][WARN] Unmapped read recovery #44600: rip=0x000000080080684D fault=0x0000000000000000 instr='mov r8d,[r15+rcx]' len=4
[LOADER][WARN] Unmapped read recovery #44700: rip=0x000000080080684D fault=0x0000000000000000 instr='mov r8d,[r15+rcx]' len=4
[LOADER][WARN] Unmapped read recovery #44800: rip=0x000000080080684D fault=0x0000000000000000 instr='mov r8d,[r15+rcx]' len=4
[LOADER][WARN] Unmapped read recovery #44900: rip=0x000000080080684D fault=0x0000000000000000 instr='mov r8d,[r15+rcx]' len=4
[LOADER][WARN] Unmapped read recovery #45000: rip=0x000000080080684D fault=0x0000000000000000 instr='mov r8d,[r15+rcx]' len=4
[LOADER][TRACE] posix-signal#45056: sig=11 rip=0x000000080080684D fault=0x0000000000000000 access=0 rsp=0x00006FFFF01FB720
[LOADER][TRACE] posix-signal#45056: recovered=True new_rip=0x0000000800806851
[LOADER][WARN] Unmapped read recovery #45100: rip=0x000000080080684D fault=0x0000000000000000 instr='mov r8d,[r15+rcx]' len=4
[LOADER][WARN] Unmapped read recovery #45200: rip=0x000000080080684D fault=0x0000000000000000 instr='mov r8d,[r15+rcx]' len=4
[LOADER][WARN] Unmapped read recovery #45300: rip=0x000000080080684D fault=0x0000000000000000 instr='mov r8d,[r15+rcx]' len=4
[LOADER][WARN] Unmapped read recovery #45400: rip=0x000000080080684D fault=0x0000000000000000 instr='mov r8d,[r15+rcx]' len=4
[LOADER][WARN] Unmapped read recovery #45500: rip=0x000000080080684D fault=0x0000000000000000 instr='mov r8d,[r15+rcx]' len=4
[LOADER][WARN] Unmapped read recovery #45600: rip=0x000000080080684D fault=0x0000000000000000 instr='mov r8d,[r15+rcx]' len=4
[LOADER][WARN] Unmapped read recovery #45700: rip=0x000000080080684D fault=0x0000000000000000 instr='mov r8d,[r15+rcx]' len=4
[LOADER][WARN] Unmapped read recovery #45800: rip=0x000000080080684D fault=0x0000000000000000 instr='mov r8d,[r15+rcx]' len=4
[LOADER][WARN] Unmapped read recovery #45900: rip=0x000000080080684D fault=0x0000000000000000 instr='mov r8d,[r15+rcx]' len=4
[LOADER][WARN] Unmapped read recovery #46000: rip=0x000000080080684D fault=0x0000000000000000 instr='mov r8d,[r15+rcx]' len=4
[LOADER][TRACE] posix-signal#46080: sig=11 rip=0x000000080080684D fault=0x0000000000000000 access=0 rsp=0x00006FFFF01FB720
[LOADER][TRACE] posix-signal#46080: recovered=True new_rip=0x0000000800806851
[LOADER][WARN] Unmapped read recovery #46100: rip=0x000000080080684D fault=0x0000000000000000 instr='mov r8d,[r15+rcx]' len=4
[LOADER][WARN] Unmapped read recovery #46200: rip=0x000000080080684D fault=0x0000000000000000 instr='mov r8d,[r15+rcx]' len=4
[LOADER][WARN] Unmapped read recovery #46300: rip=0x000000080080684D fault=0x0000000000000000 instr='mov r8d,[r15+rcx]' len=4
[LOADER][WARN] Unmapped read recovery #46400: rip=0x000000080080684D fault=0x0000000000000000 instr='mov r8d,[r15+rcx]' len=4
[LOADER][WARN] Unmapped read recovery #46500: rip=0x000000080080684D fault=0x0000000000000000 instr='mov r8d,[r15+rcx]' len=4
[LOADER][WARN] Unmapped read recovery #46600: rip=0x000000080080684D fault=0x0000000000000000 instr='mov r8d,[r15+rcx]' len=4
[LOADER][WARN] Unmapped read recovery #46700: rip=0x000000080080684D fault=0x0000000000000000 instr='mov r8d,[r15+rcx]' len=4
[LOADER][WARN] Unmapped read recovery #46800: rip=0x000000080080684D fault=0x0000000000000000 instr='mov r8d,[r15+rcx]' len=4
[LOADER][WARN] Unmapped read recovery #46900: rip=0x000000080080684D fault=0x0000000000000000 instr='mov r8d,[r15+rcx]' len=4
[LOADER][WARN] Unmapped read recovery #47000: rip=0x000000080080684D fault=0x0000000000000000 instr='mov r8d,[r15+rcx]' len=4
[LOADER][WARN] Unmapped read recovery #47100: rip=0x000000080080684D fault=0x0000000000000000 instr='mov r8d,[r15+rcx]' len=4
[LOADER][TRACE] posix-signal#47104: sig=11 rip=0x000000080080684D fault=0x0000000000000000 access=0 rsp=0x00006FFFF01FB720
[LOADER][TRACE] posix-signal#47104: recovered=True new_rip=0x0000000800806851
[LOADER][WARN] Unmapped read recovery #47200: rip=0x000000080080684D fault=0x0000000000000000 instr='mov r8d,[r15+rcx]' len=4
[LOADER][WARN] Unmapped read recovery #47300: rip=0x000000080080684D fault=0x0000000000000000 instr='mov r8d,[r15+rcx]' len=4
[LOADER][WARN] Unmapped read recovery #47400: rip=0x000000080080684D fault=0x0000000000000000 instr='mov r8d,[r15+rcx]' len=4
[LOADER][WARN] Unmapped read recovery #47500: rip=0x000000080080684D fault=0x0000000000000000 instr='mov r8d,[r15+rcx]' len=4
[LOADER][WARN] Unmapped read recovery #47600: rip=0x000000080080684D fault=0x0000000000000000 instr='mov r8d,[r15+rcx]' len=4
[LOADER][WARN] Unmapped read recovery #47700: rip=0x000000080080684D fault=0x0000000000000000 instr='mov r8d,[r15+rcx]' len=4
[LOADER][WARN] Unmapped read recovery #47800: rip=0x000000080080684D fault=0x0000000000000000 instr='mov r8d,[r15+rcx]' len=4
[LOADER][WARN] Unmapped read recovery #47900: rip=0x000000080080684D fault=0x0000000000000000 instr='mov r8d,[r15+rcx]' len=4
[LOADER][WARN] Unmapped read recovery #48000: rip=0x000000080080684D fault=0x0000000000000000 instr='mov r8d,[r15+rcx]' len=4
[LOADER][WARN] Unmapped read recovery #48100: rip=0x000000080080684D fault=0x0000000000000000 instr='mov r8d,[r15+rcx]' len=4
[LOADER][TRACE] posix-signal#48128: sig=11 rip=0x000000080080684D fault=0x0000000000000000 access=0 rsp=0x00006FFFF01FB720
[LOADER][TRACE] posix-signal#48128: recovered=True new_rip=0x0000000800806851
[LOADER][WARN] Unmapped read recovery #48200: rip=0x000000080080684D fault=0x0000000000000000 instr='mov r8d,[r15+rcx]' len=4
[LOADER][WARN] Unmapped read recovery #48300: rip=0x000000080080684D fault=0x0000000000000000 instr='mov r8d,[r15+rcx]' len=4
[LOADER][WARN] Unmapped read recovery #48400: rip=0x000000080080684D fault=0x0000000000000000 instr='mov r8d,[r15+rcx]' len=4
[LOADER][WARN] Unmapped read recovery #48500: rip=0x000000080080684D fault=0x0000000000000000 instr='mov r8d,[r15+rcx]' len=4
[LOADER][WARN] Unmapped read recovery #48600: rip=0x000000080080684D fault=0x0000000000000000 instr='mov r8d,[r15+rcx]' len=4
[LOADER][WARN] Unmapped read recovery #48700: rip=0x000000080080684D fault=0x0000000000000000 instr='mov r8d,[r15+rcx]' len=4
[LOADER][WARN] Unmapped read recovery #48800: rip=0x000000080080684D fault=0x0000000000000000 instr='mov r8d,[r15+rcx]' len=4
[LOADER][WARN] Unmapped read recovery #48900: rip=0x000000080080684D fault=0x0000000000000000 instr='mov r8d,[r15+rcx]' len=4
[LOADER][WARN] Unmapped read recovery #49000: rip=0x000000080080684D fault=0x0000000000000000 instr='mov r8d,[r15+rcx]' len=4
[LOADER][WARN] Unmapped read recovery #49100: rip=0x000000080080684D fault=0x0000000000000000 instr='mov r8d,[r15+rcx]' len=4
[LOADER][TRACE] posix-signal#49152: sig=11 rip=0x000000080080684D fault=0x0000000000000000 access=0 rsp=0x00006FFFF01FB720
[LOADER][TRACE] posix-signal#49152: recovered=True new_rip=0x0000000800806851
[LOADER][WARN] Unmapped read recovery #49200: rip=0x000000080080684D fault=0x0000000000000000 instr='mov r8d,[r15+rcx]' len=4
[LOADER][WARN] Unmapped read recovery #49300: rip=0x000000080080684D fault=0x0000000000000000 instr='mov r8d,[r15+rcx]' len=4
[LOADER][WARN] Unmapped read recovery #49400: rip=0x000000080080684D fault=0x0000000000000000 instr='mov r8d,[r15+rcx]' len=4
[LOADER][WARN] Unmapped read recovery #49500: rip=0x000000080080684D fault=0x0000000000000000 instr='mov r8d,[r15+rcx]' len=4
[LOADER][WARN] Unmapped read recovery #49600: rip=0x000000080080684D fault=0x0000000000000000 instr='mov r8d,[r15+rcx]' len=4
[LOADER][WARN] Unmapped read recovery #49700: rip=0x000000080080684D fault=0x0000000000000000 instr='mov r8d,[r15+rcx]' len=4
[LOADER][WARN] Unmapped read recovery #49800: rip=0x000000080080684D fault=0x0000000000000000 instr='mov r8d,[r15+rcx]' len=4
[LOADER][WARN] Unmapped read recovery #49900: rip=0x000000080080684D fault=0x0000000000000000 instr='mov r8d,[r15+rcx]' len=4
[LOADER][WARN] Unmapped read recovery #50000: rip=0x000000080080684D fault=0x0000000000000000 instr='mov r8d,[r15+rcx]' len=4
[LOADER][WARN] Unmapped read recovery #50100: rip=0x000000080080684D fault=0x0000000000000000 instr='mov r8d,[r15+rcx]' len=4
[LOADER][TRACE] posix-signal#50176: sig=11 rip=0x000000080080684D fault=0x0000000000000000 access=0 rsp=0x00006FFFF01FB720
[LOADER][TRACE] posix-signal#50176: recovered=True new_rip=0x0000000800806851
[LOADER][WARN] Unmapped read recovery #50200: rip=0x000000080080684D fault=0x0000000000000000 instr='mov r8d,[r15+rcx]' len=4
[LOADER][WARN] Unmapped read recovery #50300: rip=0x000000080080684D fault=0x0000000000000000 instr='mov r8d,[r15+rcx]' len=4
[LOADER][WARN] Unmapped read recovery #50400: rip=0x000000080080684D fault=0x0000000000000000 instr='mov r8d,[r15+rcx]' len=4
[LOADER][WARN] Unmapped read recovery #50500: rip=0x000000080080684D fault=0x0000000000000000 instr='mov r8d,[r15+rcx]' len=4
[LOADER][WARN] Unmapped read recovery #50600: rip=0x000000080080684D fault=0x0000000000000000 instr='mov r8d,[r15+rcx]' len=4
[LOADER][WARN] Unmapped read recovery #50700: rip=0x000000080080684D fault=0x0000000000000000 instr='mov r8d,[r15+rcx]' len=4
[LOADER][WARN] Unmapped read recovery #50800: rip=0x000000080080684D fault=0x0000000000000000 instr='mov r8d,[r15+rcx]' len=4
[LOADER][WARN] Unmapped read recovery #50900: rip=0x000000080080684D fault=0x0000000000000000 instr='mov r8d,[r15+rcx]' len=4
[LOADER][WARN] Unmapped read recovery #51000: rip=0x000000080080684D fault=0x0000000000000000 instr='mov r8d,[r15+rcx]' len=4
[LOADER][WARN] Unmapped read recovery #51100: rip=0x000000080080684D fault=0x0000000000000000 instr='mov r8d,[r15+rcx]' len=4
[LOADER][TRACE] posix-signal#51200: sig=11 rip=0x000000080080684D fault=0x0000000000000000 access=0 rsp=0x00006FFFF01FB720
[LOADER][WARN] Unmapped read recovery #51200: rip=0x000000080080684D fault=0x0000000000000000 instr='mov r8d,[r15+rcx]' len=4
[LOADER][TRACE] posix-signal#51200: recovered=True new_rip=0x0000000800806851
[LOADER][WARN] Unmapped read recovery #51300: rip=0x000000080080684D fault=0x0000000000000000 instr='mov r8d,[r15+rcx]' len=4
[LOADER][WARN] Unmapped read recovery #51400: rip=0x000000080080684D fault=0x0000000000000000 instr='mov r8d,[r15+rcx]' len=4
[LOADER][WARN] Unmapped read recovery #51500: rip=0x000000080080684D fault=0x0000000000000000 instr='mov r8d,[r15+rcx]' len=4
[LOADER][WARN] Unmapped read recovery #51600: rip=0x000000080080684D fault=0x0000000000000000 instr='mov r8d,[r15+rcx]' len=4
[LOADER][WARN] Unmapped read recovery #51700: rip=0x000000080080684D fault=0x0000000000000000 instr='mov r8d,[r15+rcx]' len=4
[LOADER][WARN] Unmapped read recovery #51800: rip=0x000000080080684D fault=0x0000000000000000 instr='mov r8d,[r15+rcx]' len=4
[LOADER][WARN] Unmapped read recovery #51900: rip=0x000000080080684D fault=0x0000000000000000 instr='mov r8d,[r15+rcx]' len=4
[LOADER][WARN] Unmapped read recovery #52000: rip=0x000000080080684D fault=0x0000000000000000 instr='mov r8d,[r15+rcx]' len=4
[LOADER][WARN] Unmapped read recovery #52100: rip=0x000000080080684D fault=0x0000000000000000 instr='mov r8d,[r15+rcx]' len=4
[LOADER][WARN] Unmapped read recovery #52200: rip=0x000000080080684D fault=0x0000000000000000 instr='mov r8d,[r15+rcx]' len=4
[LOADER][TRACE] posix-signal#52224: sig=11 rip=0x000000080080684D fault=0x0000000000000000 access=0 rsp=0x00006FFFF01FB720
[LOADER][TRACE] posix-signal#52224: recovered=True new_rip=0x0000000800806851
[LOADER][WARN] Unmapped read recovery #52300: rip=0x000000080080684D fault=0x0000000000000000 instr='mov r8d,[r15+rcx]' len=4
[LOADER][WARN] Unmapped read recovery #52400: rip=0x000000080080684D fault=0x0000000000000000 instr='mov r8d,[r15+rcx]' len=4
[LOADER][WARN] Unmapped read recovery #52500: rip=0x000000080080684D fault=0x0000000000000000 instr='mov r8d,[r15+rcx]' len=4
[LOADER][WARN] Unmapped read recovery #52600: rip=0x000000080080684D fault=0x0000000000000000 instr='mov r8d,[r15+rcx]' len=4
[LOADER][WARN] Unmapped read recovery #52700: rip=0x000000080080684D fault=0x0000000000000000 instr='mov r8d,[r15+rcx]' len=4
[LOADER][WARN] Unmapped read recovery #52800: rip=0x000000080080684D fault=0x0000000000000000 instr='mov r8d,[r15+rcx]' len=4
[LOADER][WARN] Unmapped read recovery #52900: rip=0x000000080080684D fault=0x0000000000000000 instr='mov r8d,[r15+rcx]' len=4
[LOADER][WARN] Unmapped read recovery #53000: rip=0x000000080080684D fault=0x0000000000000000 instr='mov r8d,[r15+rcx]' len=4
[LOADER][WARN] Unmapped read recovery #53100: rip=0x000000080080684D fault=0x0000000000000000 instr='mov r8d,[r15+rcx]' len=4
[LOADER][WARN] Unmapped read recovery #53200: rip=0x000000080080684D fault=0x0000000000000000 instr='mov r8d,[r15+rcx]' len=4
[LOADER][TRACE] posix-signal#53248: sig=11 rip=0x000000080080684D fault=0x0000000000000000 access=0 rsp=0x00006FFFF01FB720
[LOADER][TRACE] posix-signal#53248: recovered=True new_rip=0x0000000800806851
[LOADER][WARN] Unmapped read recovery #53300: rip=0x000000080080684D fault=0x0000000000000000 instr='mov r8d,[r15+rcx]' len=4
[LOADER][WARN] Unmapped read recovery #53400: rip=0x000000080080684D fault=0x0000000000000000 instr='mov r8d,[r15+rcx]' len=4
[LOADER][WARN] Unmapped read recovery #53500: rip=0x000000080080684D fault=0x0000000000000000 instr='mov r8d,[r15+rcx]' len=4
[LOADER][WARN] Unmapped read recovery #53600: rip=0x000000080080684D fault=0x0000000000000000 instr='mov r8d,[r15+rcx]' len=4
[LOADER][WARN] Unmapped read recovery #53700: rip=0x000000080080684D fault=0x0000000000000000 instr='mov r8d,[r15+rcx]' len=4
[LOADER][WARN] Unmapped read recovery #53800: rip=0x000000080080684D fault=0x0000000000000000 instr='mov r8d,[r15+rcx]' len=4
[LOADER][WARN] Unmapped read recovery #53900: rip=0x000000080080684D fault=0x0000000000000000 instr='mov r8d,[r15+rcx]' len=4
[LOADER][WARN] Unmapped read recovery #54000: rip=0x000000080080684D fault=0x0000000000000000 instr='mov r8d,[r15+rcx]' len=4
[LOADER][WARN] Unmapped read recovery #54100: rip=0x000000080080684D fault=0x0000000000000000 instr='mov r8d,[r15+rcx]' len=4
[LOADER][WARN] Unmapped read recovery #54200: rip=0x000000080080684D fault=0x0000000000000000 instr='mov r8d,[r15+rcx]' len=4
[LOADER][TRACE] posix-signal#54272: sig=11 rip=0x000000080080684D fault=0x0000000000000000 access=0 rsp=0x00006FFFF01FB720
[LOADER][TRACE] posix-signal#54272: recovered=True new_rip=0x0000000800806851
[LOADER][WARN] Unmapped read recovery #54300: rip=0x000000080080684D fault=0x0000000000000000 instr='mov r8d,[r15+rcx]' len=4
[LOADER][WARN] Unmapped read recovery #54400: rip=0x000000080080684D fault=0x0000000000000000 instr='mov r8d,[r15+rcx]' len=4
[LOADER][WARN] Unmapped read recovery #54500: rip=0x000000080080684D fault=0x0000000000000000 instr='mov r8d,[r15+rcx]' len=4
[LOADER][WARN] Unmapped read recovery #54600: rip=0x000000080080684D fault=0x0000000000000000 instr='mov r8d,[r15+rcx]' len=4
[LOADER][WARN] Unmapped read recovery #54700: rip=0x000000080080684D fault=0x0000000000000000 instr='mov r8d,[r15+rcx]' len=4
[LOADER][WARN] Unmapped read recovery #54800: rip=0x000000080080684D fault=0x0000000000000000 instr='mov r8d,[r15+rcx]' len=4
[LOADER][WARN] Unmapped read recovery #54900: rip=0x000000080080684D fault=0x0000000000000000 instr='mov r8d,[r15+rcx]' len=4
[LOADER][WARN] Unmapped read recovery #55000: rip=0x000000080080684D fault=0x0000000000000000 instr='mov r8d,[r15+rcx]' len=4
[LOADER][WARN] Unmapped read recovery #55100: rip=0x000000080080684D fault=0x0000000000000000 instr='mov r8d,[r15+rcx]' len=4
[LOADER][WARN] Unmapped read recovery #55200: rip=0x000000080080684D fault=0x0000000000000000 instr='mov r8d,[r15+rcx]' len=4
[LOADER][TRACE] posix-signal#55296: sig=11 rip=0x000000080080684D fault=0x0000000000000000 access=0 rsp=0x00006FFFF01FB720
[LOADER][TRACE] posix-signal#55296: recovered=True new_rip=0x0000000800806851
[LOADER][WARN] Unmapped read recovery #55300: rip=0x000000080080684D fault=0x0000000000000000 instr='mov r8d,[r15+rcx]' len=4
[LOADER][WARN] Unmapped read recovery #55400: rip=0x000000080080684D fault=0x0000000000000000 instr='mov r8d,[r15+rcx]' len=4
[LOADER][WARN] Unmapped read recovery #55500: rip=0x000000080080684D fault=0x0000000000000000 instr='mov r8d,[r15+rcx]' len=4
[LOADER][WARN] Unmapped read recovery #55600: rip=0x000000080080684D fault=0x0000000000000000 instr='mov r8d,[r15+rcx]' len=4
[LOADER][WARN] Unmapped read recovery #55700: rip=0x000000080080684D fault=0x0000000000000000 instr='mov r8d,[r15+rcx]' len=4
[LOADER][WARN] Unmapped read recovery #55800: rip=0x000000080080684D fault=0x0000000000000000 instr='mov r8d,[r15+rcx]' len=4
[LOADER][WARN] Unmapped read recovery #55900: rip=0x000000080080684D fault=0x0000000000000000 instr='mov r8d,[r15+rcx]' len=4
[LOADER][WARN] Unmapped read recovery #56000: rip=0x000000080080684D fault=0x0000000000000000 instr='mov r8d,[r15+rcx]' len=4
[LOADER][WARN] Unmapped read recovery #56100: rip=0x000000080080684D fault=0x0000000000000000 instr='mov r8d,[r15+rcx]' len=4
[LOADER][WARN] Unmapped read recovery #56200: rip=0x000000080080684D fault=0x0000000000000000 instr='mov r8d,[r15+rcx]' len=4
[LOADER][WARN] Unmapped read recovery #56300: rip=0x000000080080684D fault=0x0000000000000000 instr='mov r8d,[r15+rcx]' len=4
[LOADER][TRACE] posix-signal#56320: sig=11 rip=0x000000080080684D fault=0x0000000000000000 access=0 rsp=0x00006FFFF01FB720
[LOADER][TRACE] posix-signal#56320: recovered=True new_rip=0x0000000800806851
[LOADER][WARN] Unmapped read recovery #56400: rip=0x000000080080684D fault=0x0000000000000000 instr='mov r8d,[r15+rcx]' len=4
[LOADER][WARN] Unmapped read recovery #56500: rip=0x000000080080684D fault=0x0000000000000000 instr='mov r8d,[r15+rcx]' len=4
[LOADER][WARN] Unmapped read recovery #56600: rip=0x000000080080684D fault=0x0000000000000000 instr='mov r8d,[r15+rcx]' len=4
[LOADER][WARN] Unmapped read recovery #56700: rip=0x000000080080684D fault=0x0000000000000000 instr='mov r8d,[r15+rcx]' len=4
[LOADER][WARN] Unmapped read recovery #56800: rip=0x000000080080684D fault=0x0000000000000000 instr='mov r8d,[r15+rcx]' len=4
[LOADER][WARN] Unmapped read recovery #56900: rip=0x000000080080684D fault=0x0000000000000000 instr='mov r8d,[r15+rcx]' len=4
[LOADER][WARN] Unmapped read recovery #57000: rip=0x000000080080684D fault=0x0000000000000000 instr='mov r8d,[r15+rcx]' len=4
[LOADER][WARN] Unmapped read recovery #57100: rip=0x000000080080684D fault=0x0000000000000000 instr='mov r8d,[r15+rcx]' len=4
[LOADER][WARN] Unmapped read recovery #57200: rip=0x000000080080684D fault=0x0000000000000000 instr='mov r8d,[r15+rcx]' len=4
[LOADER][WARN] Unmapped read recovery #57300: rip=0x000000080080684D fault=0x0000000000000000 instr='mov r8d,[r15+rcx]' len=4
[LOADER][TRACE] posix-signal#57344: sig=11 rip=0x000000080080684D fault=0x0000000000000000 access=0 rsp=0x00006FFFF01FB720
[LOADER][TRACE] posix-signal#57344: recovered=True new_rip=0x0000000800806851
[LOADER][WARN] Unmapped read recovery #57400: rip=0x000000080080684D fault=0x0000000000000000 instr='mov r8d,[r15+rcx]' len=4
[LOADER][WARN] Unmapped read recovery #57500: rip=0x000000080080684D fault=0x0000000000000000 instr='mov r8d,[r15+rcx]' len=4
[LOADER][WARN] Unmapped read recovery #57600: rip=0x000000080080684D fault=0x0000000000000000 instr='mov r8d,[r15+rcx]' len=4
[LOADER][WARN] Unmapped read recovery #57700: rip=0x000000080080684D fault=0x0000000000000000 instr='mov r8d,[r15+rcx]' len=4
[LOADER][WARN] Unmapped read recovery #57800: rip=0x000000080080684D fault=0x0000000000000000 instr='mov r8d,[r15+rcx]' len=4
[LOADER][WARN] Unmapped read recovery #57900: rip=0x000000080080684D fault=0x0000000000000000 instr='mov r8d,[r15+rcx]' len=4
[LOADER][WARN] Unmapped read recovery #58000: rip=0x000000080080684D fault=0x0000000000000000 instr='mov r8d,[r15+rcx]' len=4
[LOADER][WARN] Unmapped read recovery #58100: rip=0x000000080080684D fault=0x0000000000000000 instr='mov r8d,[r15+rcx]' len=4
[LOADER][WARN] Unmapped read recovery #58200: rip=0x000000080080684D fault=0x0000000000000000 instr='mov r8d,[r15+rcx]' len=4
[LOADER][WARN] Unmapped read recovery #58300: rip=0x000000080080684D fault=0x0000000000000000 instr='mov r8d,[r15+rcx]' len=4
[LOADER][TRACE] posix-signal#58368: sig=11 rip=0x000000080080684D fault=0x0000000000000000 access=0 rsp=0x00006FFFF01FB720
[LOADER][TRACE] posix-signal#58368: recovered=True new_rip=0x0000000800806851
[LOADER][WARN] Unmapped read recovery #58400: rip=0x000000080080684D fault=0x0000000000000000 instr='mov r8d,[r15+rcx]' len=4
[LOADER][WARN] Unmapped read recovery #58500: rip=0x000000080080684D fault=0x0000000000000000 instr='mov r8d,[r15+rcx]' len=4
[LOADER][WARN] Unmapped read recovery #58600: rip=0x000000080080684D fault=0x0000000000000000 instr='mov r8d,[r15+rcx]' len=4
[LOADER][WARN] Unmapped read recovery #58700: rip=0x000000080080684D fault=0x0000000000000000 instr='mov r8d,[r15+rcx]' len=4
[LOADER][WARN] Unmapped read recovery #58800: rip=0x000000080080684D fault=0x0000000000000000 instr='mov r8d,[r15+rcx]' len=4
[LOADER][WARN] Unmapped read recovery #58900: rip=0x000000080080684D fault=0x0000000000000000 instr='mov r8d,[r15+rcx]' len=4
[LOADER][WARN] Unmapped read recovery #59000: rip=0x000000080080684D fault=0x0000000000000000 instr='mov r8d,[r15+rcx]' len=4
[LOADER][WARN] Unmapped read recovery #59100: rip=0x000000080080684D fault=0x0000000000000000 instr='mov r8d,[r15+rcx]' len=4
[LOADER][WARN] Unmapped read recovery #59200: rip=0x000000080080684D fault=0x0000000000000000 instr='mov r8d,[r15+rcx]' len=4
[LOADER][WARN] Unmapped read recovery #59300: rip=0x000000080080684D fault=0x0000000000000000 instr='mov r8d,[r15+rcx]' len=4
[LOADER][TRACE] posix-signal#59392: sig=11 rip=0x000000080080684D fault=0x0000000000000000 access=0 rsp=0x00006FFFF01FB720
[LOADER][TRACE] posix-signal#59392: recovered=True new_rip=0x0000000800806851
[LOADER][WARN] Unmapped read recovery #59400: rip=0x000000080080684D fault=0x0000000000000000 instr='mov r8d,[r15+rcx]' len=4
[LOADER][WARN] Unmapped read recovery #59500: rip=0x000000080080684D fault=0x0000000000000000 instr='mov r8d,[r15+rcx]' len=4
[LOADER][WARN] Unmapped read recovery #59600: rip=0x000000080080684D fault=0x0000000000000000 instr='mov r8d,[r15+rcx]' len=4
[LOADER][WARN] Unmapped read recovery #59700: rip=0x000000080080684D fault=0x0000000000000000 instr='mov r8d,[r15+rcx]' len=4
[LOADER][WARN] Unmapped read recovery #59800: rip=0x000000080080684D fault=0x0000000000000000 instr='mov r8d,[r15+rcx]' len=4
[LOADER][WARN] Unmapped read recovery #59900: rip=0x000000080080684D fault=0x0000000000000000 instr='mov r8d,[r15+rcx]' len=4
[LOADER][WARN] Unmapped read recovery #60000: rip=0x000000080080684D fault=0x0000000000000000 instr='mov r8d,[r15+rcx]' len=4
[LOADER][WARN] Unmapped read recovery #60100: rip=0x000000080080684D fault=0x0000000000000000 instr='mov r8d,[r15+rcx]' len=4
[LOADER][WARN] Unmapped read recovery #60200: rip=0x000000080080684D fault=0x0000000000000000 instr='mov r8d,[r15+rcx]' len=4
[LOADER][WARN] Unmapped read recovery #60300: rip=0x000000080080684D fault=0x0000000000000000 instr='mov r8d,[r15+rcx]' len=4
[LOADER][WARN] Unmapped read recovery #60400: rip=0x000000080080684D fault=0x0000000000000000 instr='mov r8d,[r15+rcx]' len=4
[LOADER][TRACE] posix-signal#60416: sig=11 rip=0x000000080080684D fault=0x0000000000000000 access=0 rsp=0x00006FFFF01FB720
[LOADER][TRACE] posix-signal#60416: recovered=True new_rip=0x0000000800806851
[LOADER][WARN] Unmapped read recovery #60500: rip=0x000000080080684D fault=0x0000000000000000 instr='mov r8d,[r15+rcx]' len=4
[LOADER][WARN] Unmapped read recovery #60600: rip=0x000000080080684D fault=0x0000000000000000 instr='mov r8d,[r15+rcx]' len=4
[LOADER][WARN] Unmapped read recovery #60700: rip=0x000000080080684D fault=0x0000000000000000 instr='mov r8d,[r15+rcx]' len=4
[LOADER][WARN] Unmapped read recovery #60800: rip=0x000000080080684D fault=0x0000000000000000 instr='mov r8d,[r15+rcx]' len=4
[LOADER][WARN] Unmapped read recovery #60900: rip=0x000000080080684D fault=0x0000000000000000 instr='mov r8d,[r15+rcx]' len=4
[LOADER][WARN] Unmapped read recovery #61000: rip=0x000000080080684D fault=0x0000000000000000 instr='mov r8d,[r15+rcx]' len=4
[LOADER][WARN] Unmapped read recovery #61100: rip=0x000000080080684D fault=0x0000000000000000 instr='mov r8d,[r15+rcx]' len=4
[LOADER][WARN] Unmapped read recovery #61200: rip=0x000000080080684D fault=0x0000000000000000 instr='mov r8d,[r15+rcx]' len=4
[LOADER][WARN] Unmapped read recovery #61300: rip=0x000000080080684D fault=0x0000000000000000 instr='mov r8d,[r15+rcx]' len=4
[LOADER][WARN] Unmapped read recovery #61400: rip=0x000000080080684D fault=0x0000000000000000 instr='mov r8d,[r15+rcx]' len=4
[LOADER][TRACE] posix-signal#61440: sig=11 rip=0x000000080080684D fault=0x0000000000000000 access=0 rsp=0x00006FFFF01FB720
[LOADER][TRACE] posix-signal#61440: recovered=True new_rip=0x0000000800806851
[LOADER][WARN] Unmapped read recovery #61500: rip=0x000000080080684D fault=0x0000000000000000 instr='mov r8d,[r15+rcx]' len=4
[LOADER][WARN] Unmapped read recovery #61600: rip=0x000000080080684D fault=0x0000000000000000 instr='mov r8d,[r15+rcx]' len=4
[LOADER][WARN] Unmapped read recovery #61700: rip=0x000000080080684D fault=0x0000000000000000 instr='mov r8d,[r15+rcx]' len=4
[LOADER][WARN] Unmapped read recovery #61800: rip=0x000000080080684D fault=0x0000000000000000 instr='mov r8d,[r15+rcx]' len=4
[LOADER][WARN] Unmapped read recovery #61900: rip=0x000000080080684D fault=0x0000000000000000 instr='mov r8d,[r15+rcx]' len=4
[LOADER][WARN] Unmapped read recovery #62000: rip=0x000000080080684D fault=0x0000000000000000 instr='mov r8d,[r15+rcx]' len=4
[LOADER][WARN] Unmapped read recovery #62100: rip=0x000000080080684D fault=0x0000000000000000 instr='mov r8d,[r15+rcx]' len=4
[LOADER][WARN] Unmapped read recovery #62200: rip=0x000000080080684D fault=0x0000000000000000 instr='mov r8d,[r15+rcx]' len=4
[LOADER][WARN] Unmapped read recovery #62300: rip=0x000000080080684D fault=0x0000000000000000 instr='mov r8d,[r15+rcx]' len=4
[LOADER][WARN] Unmapped read recovery #62400: rip=0x000000080080684D fault=0x0000000000000000 instr='mov r8d,[r15+rcx]' len=4
[LOADER][TRACE] posix-signal#62464: sig=11 rip=0x000000080080684D fault=0x0000000000000000 access=0 rsp=0x00006FFFF01FB720
[LOADER][TRACE] posix-signal#62464: recovered=True new_rip=0x0000000800806851
[LOADER][WARN] Unmapped read recovery #62500: rip=0x000000080080684D fault=0x0000000000000000 instr='mov r8d,[r15+rcx]' len=4
[LOADER][WARN] Unmapped read recovery #62600: rip=0x000000080080684D fault=0x0000000000000000 instr='mov r8d,[r15+rcx]' len=4
[LOADER][WARN] Unmapped read recovery #62700: rip=0x000000080080684D fault=0x0000000000000000 instr='mov r8d,[r15+rcx]' len=4
[LOADER][WARN] Unmapped read recovery #62800: rip=0x000000080080684D fault=0x0000000000000000 instr='mov r8d,[r15+rcx]' len=4
[LOADER][WARN] Unmapped read recovery #62900: rip=0x000000080080684D fault=0x0000000000000000 instr='mov r8d,[r15+rcx]' len=4
[LOADER][WARN] Unmapped read recovery #63000: rip=0x000000080080684D fault=0x0000000000000000 instr='mov r8d,[r15+rcx]' len=4
[LOADER][WARN] Unmapped read recovery #63100: rip=0x000000080080684D fault=0x0000000000000000 instr='mov r8d,[r15+rcx]' len=4
[LOADER][WARN] Unmapped read recovery #63200: rip=0x000000080080684D fault=0x0000000000000000 instr='mov r8d,[r15+rcx]' len=4
[LOADER][WARN] Unmapped read recovery #63300: rip=0x000000080080684D fault=0x0000000000000000 instr='mov r8d,[r15+rcx]' len=4
[LOADER][WARN] Unmapped read recovery #63400: rip=0x000000080080684D fault=0x0000000000000000 instr='mov r8d,[r15+rcx]' len=4
[LOADER][TRACE] posix-signal#63488: sig=11 rip=0x000000080080684D fault=0x0000000000000000 access=0 rsp=0x00006FFFF01FB720
[LOADER][TRACE] posix-signal#63488: recovered=True new_rip=0x0000000800806851
[LOADER][WARN] Unmapped read recovery #63500: rip=0x000000080080684D fault=0x0000000000000000 instr='mov r8d,[r15+rcx]' len=4
[LOADER][WARN] Unmapped read recovery #63600: rip=0x000000080080684D fault=0x0000000000000000 instr='mov r8d,[r15+rcx]' len=4
[LOADER][WARN] Unmapped read recovery #63700: rip=0x000000080080684D fault=0x0000000000000000 instr='mov r8d,[r15+rcx]' len=4
[LOADER][WARN] Unmapped read recovery #63800: rip=0x000000080080684D fault=0x0000000000000000 instr='mov r8d,[r15+rcx]' len=4
[LOADER][WARN] Unmapped read recovery #63900: rip=0x000000080080684D fault=0x0000000000000000 instr='mov r8d,[r15+rcx]' len=4
[LOADER][WARN] Unmapped read recovery #64000: rip=0x000000080080684D fault=0x0000000000000000 instr='mov r8d,[r15+rcx]' len=4
[LOADER][WARN] Unmapped read recovery #64100: rip=0x000000080080684D fault=0x0000000000000000 instr='mov r8d,[r15+rcx]' len=4
[LOADER][WARN] Unmapped read recovery #64200: rip=0x000000080080684D fault=0x0000000000000000 instr='mov r8d,[r15+rcx]' len=4
[LOADER][WARN] Unmapped read recovery #64300: rip=0x000000080080684D fault=0x0000000000000000 instr='mov r8d,[r15+rcx]' len=4
[LOADER][WARN] Unmapped read recovery #64400: rip=0x000000080080684D fault=0x0000000000000000 instr='mov r8d,[r15+rcx]' len=4
[LOADER][WARN] Unmapped read recovery #64500: rip=0x000000080080684D fault=0x0000000000000000 instr='mov r8d,[r15+rcx]' len=4
[LOADER][TRACE] posix-signal#64512: sig=11 rip=0x000000080080684D fault=0x0000000000000000 access=0 rsp=0x00006FFFF01FB720
[LOADER][TRACE] posix-signal#64512: recovered=True new_rip=0x0000000800806851
[LOADER][WARN] Unmapped read recovery #64600: rip=0x000000080080684D fault=0x0000000000000000 instr='mov r8d,[r15+rcx]' len=4
[LOADER][WARN] Unmapped read recovery #64700: rip=0x000000080080684D fault=0x0000000000000000 instr='mov r8d,[r15+rcx]' len=4
[LOADER][WARN] Unmapped read recovery #64800: rip=0x000000080080684D fault=0x0000000000000000 instr='mov r8d,[r15+rcx]' len=4
[LOADER][WARN] Unmapped read recovery #64900: rip=0x000000080080684D fault=0x0000000000000000 instr='mov r8d,[r15+rcx]' len=4
[LOADER][WARN] Unmapped read recovery #65000: rip=0x000000080080684D fault=0x0000000000000000 instr='mov r8d,[r15+rcx]' len=4
[LOADER][WARN] Unmapped read recovery #65100: rip=0x000000080080684D fault=0x0000000000000000 instr='mov r8d,[r15+rcx]' len=4
[LOADER][WARN] Unmapped read recovery #65200: rip=0x000000080080684D fault=0x0000000000000000 instr='mov r8d,[r15+rcx]' len=4
[LOADER][WARN] Unmapped read recovery #65300: rip=0x000000080080684D fault=0x0000000000000000 instr='mov r8d,[r15+rcx]' len=4
[LOADER][WARN] Unmapped read recovery #65400: rip=0x000000080080684D fault=0x0000000000000000 instr='mov r8d,[r15+rcx]' len=4
[LOADER][WARN] Unmapped read recovery #65500: rip=0x000000080080684D fault=0x0000000000000000 instr='mov r8d,[r15+rcx]' len=4
[LOADER][TRACE] posix-signal#65536: sig=11 rip=0x000000080080684D fault=0x0000000000000000 access=0 rsp=0x00006FFFF01FB720
[LOADER][TRACE] posix-signal#65536: recovered=True new_rip=0x0000000800806851
[LOADER][WARN] Unmapped read recovery #65600: rip=0x000000080080684D fault=0x0000000000000000 instr='mov r8d,[r15+rcx]' len=4
[LOADER][WARN] Unmapped read recovery #65700: rip=0x000000080080684D fault=0x0000000000000000 instr='mov r8d,[r15+rcx]' len=4
[LOADER][WARN] Unmapped read recovery #65800: rip=0x000000080080684D fault=0x0000000000000000 instr='mov r8d,[r15+rcx]' len=4
[LOADER][WARN] Unmapped read recovery #65900: rip=0x000000080080684D fault=0x0000000000000000 instr='mov r8d,[r15+rcx]' len=4
[LOADER][WARN] Unmapped read recovery #66000: rip=0x000000080080684D fault=0x0000000000000000 instr='mov r8d,[r15+rcx]' len=4
[LOADER][WARN] Unmapped read recovery #66100: rip=0x000000080080684D fault=0x0000000000000000 instr='mov r8d,[r15+rcx]' len=4
[LOADER][WARN] Unmapped read recovery #66200: rip=0x000000080080684D fault=0x0000000000000000 instr='mov r8d,[r15+rcx]' len=4
[LOADER][WARN] Unmapped read recovery #66300: rip=0x000000080080684D fault=0x0000000000000000 instr='mov r8d,[r15+rcx]' len=4
[LOADER][WARN] Unmapped read recovery #66400: rip=0x000000080080684D fault=0x0000000000000000 instr='mov r8d,[r15+rcx]' len=4
[LOADER][WARN] Unmapped read recovery #66500: rip=0x000000080080684D fault=0x0000000000000000 instr='mov r8d,[r15+rcx]' len=4
[LOADER][TRACE] posix-signal#66560: sig=11 rip=0x000000080080684D fault=0x0000000000000000 access=0 rsp=0x00006FFFF01FB720
[LOADER][TRACE] posix-signal#66560: recovered=True new_rip=0x0000000800806851
[LOADER][WARN] Unmapped read recovery #66600: rip=0x000000080080684D fault=0x0000000000000000 instr='mov r8d,[r15+rcx]' len=4
[LOADER][WARN] Unmapped read recovery #66700: rip=0x000000080080684D fault=0x0000000000000000 instr='mov r8d,[r15+rcx]' len=4
[LOADER][WARN] Unmapped read recovery #66800: rip=0x000000080080684D fault=0x0000000000000000 instr='mov r8d,[r15+rcx]' len=4
[LOADER][WARN] Unmapped read recovery #66900: rip=0x000000080080684D fault=0x0000000000000000 instr='mov r8d,[r15+rcx]' len=4
[LOADER][WARN] Unmapped read recovery #67000: rip=0x000000080080684D fault=0x0000000000000000 instr='mov r8d,[r15+rcx]' len=4
[LOADER][WARN] Unmapped read recovery #67100: rip=0x000000080080684D fault=0x0000000000000000 instr='mov r8d,[r15+rcx]' len=4
[LOADER][WARN] Unmapped read recovery #67200: rip=0x000000080080684D fault=0x0000000000000000 instr='mov r8d,[r15+rcx]' len=4
[LOADER][WARN] Unmapped read recovery #67300: rip=0x000000080080684D fault=0x0000000000000000 instr='mov r8d,[r15+rcx]' len=4
[LOADER][WARN] Unmapped read recovery #67400: rip=0x000000080080684D fault=0x0000000000000000 instr='mov r8d,[r15+rcx]' len=4
[LOADER][WARN] Unmapped read recovery #67500: rip=0x000000080080684D fault=0x0000000000000000 instr='mov r8d,[r15+rcx]' len=4
[LOADER][TRACE] posix-signal#67584: sig=11 rip=0x000000080080684D fault=0x0000000000000000 access=0 rsp=0x00006FFFF01FB720
[LOADER][TRACE] posix-signal#67584: recovered=True new_rip=0x0000000800806851
[LOADER][WARN] Unmapped read recovery #67600: rip=0x000000080080684D fault=0x0000000000000000 instr='mov r8d,[r15+rcx]' len=4
[LOADER][WARN] Unmapped read recovery #67700: rip=0x000000080080684D fault=0x0000000000000000 instr='mov r8d,[r15+rcx]' len=4
[LOADER][WARN] Unmapped read recovery #67800: rip=0x000000080080684D fault=0x0000000000000000 instr='mov r8d,[r15+rcx]' len=4
[LOADER][WARN] Unmapped read recovery #67900: rip=0x000000080080684D fault=0x0000000000000000 instr='mov r8d,[r15+rcx]' len=4
[LOADER][WARN] Unmapped read recovery #68000: rip=0x000000080080684D fault=0x0000000000000000 instr='mov r8d,[r15+rcx]' len=4
[LOADER][WARN] Unmapped read recovery #68100: rip=0x000000080080684D fault=0x0000000000000000 instr='mov r8d,[r15+rcx]' len=4
[LOADER][WARN] Unmapped read recovery #68200: rip=0x000000080080684D fault=0x0000000000000000 instr='mov r8d,[r15+rcx]' len=4
[LOADER][WARN] Unmapped read recovery #68300: rip=0x000000080080684D fault=0x0000000000000000 instr='mov r8d,[r15+rcx]' len=4
[LOADER][WARN] Unmapped read recovery #68400: rip=0x000000080080684D fault=0x0000000000000000 instr='mov r8d,[r15+rcx]' len=4
[LOADER][WARN] Unmapped read recovery #68500: rip=0x000000080080684D fault=0x0000000000000000 instr='mov r8d,[r15+rcx]' len=4
[LOADER][WARN] Unmapped read recovery #68600: rip=0x000000080080684D fault=0x0000000000000000 instr='mov r8d,[r15+rcx]' len=4
[LOADER][TRACE] posix-signal#68608: sig=11 rip=0x000000080080684D fault=0x0000000000000000 access=0 rsp=0x00006FFFF01FB720
[LOADER][TRACE] posix-signal#68608: recovered=True new_rip=0x0000000800806851
[LOADER][WARN] Unmapped read recovery #68700: rip=0x000000080080684D fault=0x0000000000000000 instr='mov r8d,[r15+rcx]' len=4
[LOADER][WARN] Unmapped read recovery #68800: rip=0x000000080080684D fault=0x0000000000000000 instr='mov r8d,[r15+rcx]' len=4
[LOADER][WARN] Unmapped read recovery #68900: rip=0x000000080080684D fault=0x0000000000000000 instr='mov r8d,[r15+rcx]' len=4
[LOADER][WARN] Unmapped read recovery #69000: rip=0x000000080080684D fault=0x0000000000000000 instr='mov r8d,[r15+rcx]' len=4
[LOADER][WARN] Unmapped read recovery #69100: rip=0x000000080080684D fault=0x0000000000000000 instr='mov r8d,[r15+rcx]' len=4
[LOADER][WARN] Unmapped read recovery #69200: rip=0x000000080080684D fault=0x0000000000000000 instr='mov r8d,[r15+rcx]' len=4
[LOADER][WARN] Unmapped read recovery #69300: rip=0x000000080080684D fault=0x0000000000000000 instr='mov r8d,[r15+rcx]' len=4
[LOADER][WARN] Unmapped read recovery #69400: rip=0x000000080080684D fault=0x0000000000000000 instr='mov r8d,[r15+rcx]' len=4
[LOADER][WARN] Unmapped read recovery #69500: rip=0x000000080080684D fault=0x0000000000000000 instr='mov r8d,[r15+rcx]' len=4
[LOADER][WARN] Unmapped read recovery #69600: rip=0x000000080080684D fault=0x0000000000000000 instr='mov r8d,[r15+rcx]' len=4
[LOADER][TRACE] posix-signal#69632: sig=11 rip=0x000000080080684D fault=0x0000000000000000 access=0 rsp=0x00006FFFF01FB720
[LOADER][TRACE] posix-signal#69632: recovered=True new_rip=0x0000000800806851
[LOADER][WARN] Unmapped read recovery #69700: rip=0x000000080080684D fault=0x0000000000000000 instr='mov r8d,[r15+rcx]' len=4
[LOADER][WARN] Unmapped read recovery #69800: rip=0x000000080080684D fault=0x0000000000000000 instr='mov r8d,[r15+rcx]' len=4
[LOADER][WARN] Unmapped read recovery #69900: rip=0x000000080080684D fault=0x0000000000000000 instr='mov r8d,[r15+rcx]' len=4
[LOADER][WARN] Unmapped read recovery #70000: rip=0x000000080080684D fault=0x0000000000000000 instr='mov r8d,[r15+rcx]' len=4
[LOADER][WARN] Unmapped read recovery #70100: rip=0x000000080080684D fault=0x0000000000000000 instr='mov r8d,[r15+rcx]' len=4
[LOADER][WARN] Unmapped read recovery #70200: rip=0x000000080080684D fault=0x0000000000000000 instr='mov r8d,[r15+rcx]' len=4
[LOADER][WARN] Unmapped read recovery #70300: rip=0x000000080080684D fault=0x0000000000000000 instr='mov r8d,[r15+rcx]' len=4
[LOADER][WARN] Unmapped read recovery #70400: rip=0x000000080080684D fault=0x0000000000000000 instr='mov r8d,[r15+rcx]' len=4
[LOADER][WARN] Unmapped read recovery #70500: rip=0x000000080080684D fault=0x0000000000000000 instr='mov r8d,[r15+rcx]' len=4
[LOADER][WARN] Unmapped read recovery #70600: rip=0x000000080080684D fault=0x0000000000000000 instr='mov r8d,[r15+rcx]' len=4
[LOADER][TRACE] posix-signal#70656: sig=11 rip=0x000000080080684D fault=0x0000000000000000 access=0 rsp=0x00006FFFF01FB720
[LOADER][TRACE] posix-signal#70656: recovered=True new_rip=0x0000000800806851
[LOADER][WARN] Unmapped read recovery #70700: rip=0x000000080080684D fault=0x0000000000000000 instr='mov r8d,[r15+rcx]' len=4
[LOADER][WARN] Unmapped read recovery #70800: rip=0x000000080080684D fault=0x0000000000000000 instr='mov r8d,[r15+rcx]' len=4
[LOADER][WARN] Unmapped read recovery #70900: rip=0x000000080080684D fault=0x0000000000000000 instr='mov r8d,[r15+rcx]' len=4
[LOADER][WARN] Unmapped read recovery #71000: rip=0x000000080080684D fault=0x0000000000000000 instr='mov r8d,[r15+rcx]' len=4
[LOADER][WARN] Unmapped read recovery #71100: rip=0x000000080080684D fault=0x0000000000000000 instr='mov r8d,[r15+rcx]' len=4
[LOADER][WARN] Unmapped read recovery #71200: rip=0x000000080080684D fault=0x0000000000000000 instr='mov r8d,[r15+rcx]' len=4
[LOADER][WARN] Unmapped read recovery #71300: rip=0x000000080080684D fault=0x0000000000000000 instr='mov r8d,[r15+rcx]' len=4
[LOADER][WARN] Unmapped read recovery #71400: rip=0x000000080080684D fault=0x0000000000000000 instr='mov r8d,[r15+rcx]' len=4
[LOADER][WARN] Unmapped read recovery #71500: rip=0x000000080080684D fault=0x0000000000000000 instr='mov r8d,[r15+rcx]' len=4
[LOADER][WARN] Unmapped read recovery #71600: rip=0x000000080080684D fault=0x0000000000000000 instr='mov r8d,[r15+rcx]' len=4
[LOADER][TRACE] posix-signal#71680: sig=11 rip=0x000000080080684D fault=0x0000000000000000 access=0 rsp=0x00006FFFF01FB720
[LOADER][TRACE] posix-signal#71680: recovered=True new_rip=0x0000000800806851
[LOADER][WARN] Unmapped read recovery #71700: rip=0x000000080080684D fault=0x0000000000000000 instr='mov r8d,[r15+rcx]' len=4
[LOADER][WARN] Unmapped read recovery #71800: rip=0x000000080080684D fault=0x0000000000000000 instr='mov r8d,[r15+rcx]' len=4
[LOADER][WARN] Unmapped read recovery #71900: rip=0x000000080080684D fault=0x0000000000000000 instr='mov r8d,[r15+rcx]' len=4
[LOADER][WARN] Unmapped read recovery #72000: rip=0x000000080080684D fault=0x0000000000000000 instr='mov r8d,[r15+rcx]' len=4
[LOADER][WARN] Unmapped read recovery #72100: rip=0x000000080080684D fault=0x0000000000000000 instr='mov r8d,[r15+rcx]' len=4
[LOADER][WARN] Unmapped read recovery #72200: rip=0x000000080080684D fault=0x0000000000000000 instr='mov r8d,[r15+rcx]' len=4
[LOADER][WARN] Unmapped read recovery #72300: rip=0x000000080080684D fault=0x0000000000000000 instr='mov r8d,[r15+rcx]' len=4
[LOADER][WARN] Unmapped read recovery #72400: rip=0x000000080080684D fault=0x0000000000000000 instr='mov r8d,[r15+rcx]' len=4
[LOADER][WARN] Unmapped read recovery #72500: rip=0x000000080080684D fault=0x0000000000000000 instr='mov r8d,[r15+rcx]' len=4
[LOADER][WARN] Unmapped read recovery #72600: rip=0x000000080080684D fault=0x0000000000000000 instr='mov r8d,[r15+rcx]' len=4
[LOADER][WARN] Unmapped read recovery #72700: rip=0x000000080080684D fault=0x0000000000000000 instr='mov r8d,[r15+rcx]' len=4
[LOADER][TRACE] posix-signal#72704: sig=11 rip=0x000000080080684D fault=0x0000000000000000 access=0 rsp=0x00006FFFF01FB720
[LOADER][TRACE] posix-signal#72704: recovered=True new_rip=0x0000000800806851
[LOADER][WARN] Unmapped read recovery #72800: rip=0x000000080080684D fault=0x0000000000000000 instr='mov r8d,[r15+rcx]' len=4
[LOADER][WARN] Unmapped read recovery #72900: rip=0x000000080080684D fault=0x0000000000000000 instr='mov r8d,[r15+rcx]' len=4
[LOADER][WARN] Unmapped read recovery #73000: rip=0x000000080080684D fault=0x0000000000000000 instr='mov r8d,[r15+rcx]' len=4
[LOADER][WARN] Unmapped read recovery #73100: rip=0x000000080080684D fault=0x0000000000000000 instr='mov r8d,[r15+rcx]' len=4
[LOADER][WARN] Unmapped read recovery #73200: rip=0x000000080080684D fault=0x0000000000000000 instr='mov r8d,[r15+rcx]' len=4
[LOADER][WARN] Unmapped read recovery #73300: rip=0x000000080080684D fault=0x0000000000000000 instr='mov r8d,[r15+rcx]' len=4
[LOADER][WARN] Unmapped read recovery #73400: rip=0x000000080080684D fault=0x0000000000000000 instr='mov r8d,[r15+rcx]' len=4
[LOADER][WARN] Unmapped read recovery #73500: rip=0x000000080080684D fault=0x0000000000000000 instr='mov r8d,[r15+rcx]' len=4
[LOADER][WARN] Unmapped read recovery #73600: rip=0x000000080080684D fault=0x0000000000000000 instr='mov r8d,[r15+rcx]' len=4
[LOADER][WARN] Unmapped read recovery #73700: rip=0x000000080080684D fault=0x0000000000000000 instr='mov r8d,[r15+rcx]' len=4
[LOADER][TRACE] posix-signal#73728: sig=11 rip=0x000000080080684D fault=0x0000000000000000 access=0 rsp=0x00006FFFF01FB720
[LOADER][TRACE] posix-signal#73728: recovered=True new_rip=0x0000000800806851
[LOADER][WARN] Unmapped read recovery #73800: rip=0x000000080080684D fault=0x0000000000000000 instr='mov r8d,[r15+rcx]' len=4
[LOADER][WARN] Unmapped read recovery #73900: rip=0x000000080080684D fault=0x0000000000000000 instr='mov r8d,[r15+rcx]' len=4
[LOADER][WARN] Unmapped read recovery #74000: rip=0x000000080080684D fault=0x0000000000000000 instr='mov r8d,[r15+rcx]' len=4
[LOADER][WARN] Unmapped read recovery #74100: rip=0x000000080080684D fault=0x0000000000000000 instr='mov r8d,[r15+rcx]' len=4
[LOADER][WARN] Unmapped read recovery #74200: rip=0x000000080080684D fault=0x0000000000000000 instr='mov r8d,[r15+rcx]' len=4
[LOADER][WARN] Unmapped read recovery #74300: rip=0x000000080080684D fault=0x0000000000000000 instr='mov r8d,[r15+rcx]' len=4
[LOADER][WARN] Unmapped read recovery #74400: rip=0x000000080080684D fault=0x0000000000000000 instr='mov r8d,[r15+rcx]' len=4
[LOADER][WARN] Unmapped read recovery #74500: rip=0x000000080080684D fault=0x0000000000000000 instr='mov r8d,[r15+rcx]' len=4
[LOADER][WARN] Unmapped read recovery #74600: rip=0x000000080080684D fault=0x0000000000000000 instr='mov r8d,[r15+rcx]' len=4
[LOADER][WARN] Unmapped read recovery #74700: rip=0x000000080080684D fault=0x0000000000000000 instr='mov r8d,[r15+rcx]' len=4
[LOADER][TRACE] posix-signal#74752: sig=11 rip=0x000000080080684D fault=0x0000000000000000 access=0 rsp=0x00006FFFF01FB720
[LOADER][TRACE] posix-signal#74752: recovered=True new_rip=0x0000000800806851
[LOADER][WARN] Unmapped read recovery #74800: rip=0x000000080080684D fault=0x0000000000000000 instr='mov r8d,[r15+rcx]' len=4
[LOADER][WARN] Unmapped read recovery #74900: rip=0x000000080080684D fault=0x0000000000000000 instr='mov r8d,[r15+rcx]' len=4
[LOADER][WARN] Unmapped read recovery #75000: rip=0x000000080080684D fault=0x0000000000000000 instr='mov r8d,[r15+rcx]' len=4
[LOADER][WARN] Unmapped read recovery #75100: rip=0x000000080080684D fault=0x0000000000000000 instr='mov r8d,[r15+rcx]' len=4
[LOADER][WARN] Unmapped read recovery #75200: rip=0x000000080080684D fault=0x0000000000000000 instr='mov r8d,[r15+rcx]' len=4
[LOADER][WARN] Unmapped read recovery #75300: rip=0x000000080080684D fault=0x0000000000000000 instr='mov r8d,[r15+rcx]' len=4
[LOADER][WARN] Unmapped read recovery #75400: rip=0x000000080080684D fault=0x0000000000000000 instr='mov r8d,[r15+rcx]' len=4
[LOADER][WARN] Unmapped read recovery #75500: rip=0x000000080080684D fault=0x0000000000000000 instr='mov r8d,[r15+rcx]' len=4
[LOADER][WARN] Unmapped read recovery #75600: rip=0x000000080080684D fault=0x0000000000000000 instr='mov r8d,[r15+rcx]' len=4
[LOADER][WARN] Unmapped read recovery #75700: rip=0x000000080080684D fault=0x0000000000000000 instr='mov r8d,[r15+rcx]' len=4
[LOADER][TRACE] posix-signal#75776: sig=11 rip=0x000000080080684D fault=0x0000000000000000 access=0 rsp=0x00006FFFF01FB720
[LOADER][TRACE] posix-signal#75776: recovered=True new_rip=0x0000000800806851
[LOADER][WARN] Unmapped read recovery #75800: rip=0x000000080080684D fault=0x0000000000000000 instr='mov r8d,[r15+rcx]' len=4
[LOADER][WARN] Unmapped read recovery #75900: rip=0x000000080080684D fault=0x0000000000000000 instr='mov r8d,[r15+rcx]' len=4
[LOADER][WARN] Unmapped read recovery #76000: rip=0x000000080080684D fault=0x0000000000000000 instr='mov r8d,[r15+rcx]' len=4
[LOADER][WARN] Unmapped read recovery #76100: rip=0x000000080080684D fault=0x0000000000000000 instr='mov r8d,[r15+rcx]' len=4
[LOADER][WARN] Unmapped read recovery #76200: rip=0x000000080080684D fault=0x0000000000000000 instr='mov r8d,[r15+rcx]' len=4
[LOADER][WARN] Unmapped read recovery #76300: rip=0x000000080080684D fault=0x0000000000000000 instr='mov r8d,[r15+rcx]' len=4
[LOADER][WARN] Unmapped read recovery #76400: rip=0x000000080080684D fault=0x0000000000000000 instr='mov r8d,[r15+rcx]' len=4
[LOADER][WARN] Unmapped read recovery #76500: rip=0x000000080080684D fault=0x0000000000000000 instr='mov r8d,[r15+rcx]' len=4
[LOADER][WARN] Unmapped read recovery #76600: rip=0x000000080080684D fault=0x0000000000000000 instr='mov r8d,[r15+rcx]' len=4
[LOADER][WARN] Unmapped read recovery #76700: rip=0x000000080080684D fault=0x0000000000000000 instr='mov r8d,[r15+rcx]' len=4
[LOADER][TRACE] posix-signal#76800: sig=11 rip=0x000000080080684D fault=0x0000000000000000 access=0 rsp=0x00006FFFF01FB720
[LOADER][WARN] Unmapped read recovery #76800: rip=0x000000080080684D fault=0x0000000000000000 instr='mov r8d,[r15+rcx]' len=4
[LOADER][TRACE] posix-signal#76800: recovered=True new_rip=0x0000000800806851
[LOADER][WARN] Unmapped read recovery #76900: rip=0x000000080080684D fault=0x0000000000000000 instr='mov r8d,[r15+rcx]' len=4
[LOADER][WARN] Unmapped read recovery #77000: rip=0x000000080080684D fault=0x0000000000000000 instr='mov r8d,[r15+rcx]' len=4
[LOADER][WARN] Unmapped read recovery #77100: rip=0x000000080080684D fault=0x0000000000000000 instr='mov r8d,[r15+rcx]' len=4
[LOADER][WARN] Unmapped read recovery #77200: rip=0x000000080080684D fault=0x0000000000000000 instr='mov r8d,[r15+rcx]' len=4
[LOADER][WARN] Unmapped read recovery #77300: rip=0x000000080080684D fault=0x0000000000000000 instr='mov r8d,[r15+rcx]' len=4
[LOADER][WARN] Unmapped read recovery #77400: rip=0x000000080080684D fault=0x0000000000000000 instr='mov r8d,[r15+rcx]' len=4
[LOADER][WARN] Unmapped read recovery #77500: rip=0x000000080080684D fault=0x0000000000000000 instr='mov r8d,[r15+rcx]' len=4
[LOADER][WARN] Unmapped read recovery #77600: rip=0x000000080080684D fault=0x0000000000000000 instr='mov r8d,[r15+rcx]' len=4
[LOADER][WARN] Unmapped read recovery #77700: rip=0x000000080080684D fault=0x0000000000000000 instr='mov r8d,[r15+rcx]' len=4
[LOADER][WARN] Unmapped read recovery #77800: rip=0x000000080080684D fault=0x0000000000000000 instr='mov r8d,[r15+rcx]' len=4
[LOADER][TRACE] posix-signal#77824: sig=11 rip=0x000000080080684D fault=0x0000000000000000 access=0 rsp=0x00006FFFF01FB720
[LOADER][TRACE] posix-signal#77824: recovered=True new_rip=0x0000000800806851
[LOADER][WARN] Unmapped read recovery #77900: rip=0x000000080080684D fault=0x0000000000000000 instr='mov r8d,[r15+rcx]' len=4
[LOADER][WARN] Unmapped read recovery #78000: rip=0x000000080080684D fault=0x0000000000000000 instr='mov r8d,[r15+rcx]' len=4
[LOADER][WARN] Unmapped read recovery #78100: rip=0x000000080080684D fault=0x0000000000000000 instr='mov r8d,[r15+rcx]' len=4
[LOADER][WARN] Unmapped read recovery #78200: rip=0x000000080080684D fault=0x0000000000000000 instr='mov r8d,[r15+rcx]' len=4
[LOADER][WARN] Unmapped read recovery #78300: rip=0x000000080080684D fault=0x0000000000000000 instr='mov r8d,[r15+rcx]' len=4
[LOADER][WARN] Unmapped read recovery #78400: rip=0x000000080080684D fault=0x0000000000000000 instr='mov r8d,[r15+rcx]' len=4
[LOADER][WARN] Unmapped read recovery #78500: rip=0x000000080080684D fault=0x0000000000000000 instr='mov r8d,[r15+rcx]' len=4
[LOADER][WARN] Unmapped read recovery #78600: rip=0x000000080080684D fault=0x0000000000000000 instr='mov r8d,[r15+rcx]' len=4
[LOADER][WARN] Unmapped read recovery #78700: rip=0x000000080080684D fault=0x0000000000000000 instr='mov r8d,[r15+rcx]' len=4
[LOADER][WARN] Unmapped read recovery #78800: rip=0x000000080080684D fault=0x0000000000000000 instr='mov r8d,[r15+rcx]' len=4
[LOADER][TRACE] posix-signal#78848: sig=11 rip=0x000000080080684D fault=0x0000000000000000 access=0 rsp=0x00006FFFF01FB720
[LOADER][TRACE] posix-signal#78848: recovered=True new_rip=0x0000000800806851
[LOADER][WARN] Unmapped read recovery #78900: rip=0x000000080080684D fault=0x0000000000000000 instr='mov r8d,[r15+rcx]' len=4
[LOADER][WARN] Unmapped read recovery #79000: rip=0x000000080080684D fault=0x0000000000000000 instr='mov r8d,[r15+rcx]' len=4
[LOADER][WARN] Unmapped read recovery #79100: rip=0x000000080080684D fault=0x0000000000000000 instr='mov r8d,[r15+rcx]' len=4
[LOADER][WARN] Unmapped read recovery #79200: rip=0x000000080080684D fault=0x0000000000000000 instr='mov r8d,[r15+rcx]' len=4
[LOADER][WARN] Unmapped read recovery #79300: rip=0x000000080080684D fault=0x0000000000000000 instr='mov r8d,[r15+rcx]' len=4
[LOADER][WARN] Unmapped read recovery #79400: rip=0x000000080080684D fault=0x0000000000000000 instr='mov r8d,[r15+rcx]' len=4
[LOADER][WARN] Unmapped read recovery #79500: rip=0x000000080080684D fault=0x0000000000000000 instr='mov r8d,[r15+rcx]' len=4
[LOADER][WARN] Unmapped read recovery #79600: rip=0x000000080080684D fault=0x0000000000000000 instr='mov r8d,[r15+rcx]' len=4
[LOADER][WARN] Unmapped read recovery #79700: rip=0x000000080080684D fault=0x0000000000000000 instr='mov r8d,[r15+rcx]' len=4
[LOADER][WARN] Unmapped read recovery #79800: rip=0x000000080080684D fault=0x0000000000000000 instr='mov r8d,[r15+rcx]' len=4
[LOADER][TRACE] posix-signal#79872: sig=11 rip=0x000000080080684D fault=0x0000000000000000 access=0 rsp=0x00006FFFF01FB720
[LOADER][TRACE] posix-signal#79872: recovered=True new_rip=0x0000000800806851
[LOADER][WARN] Unmapped read recovery #79900: rip=0x000000080080684D fault=0x0000000000000000 instr='mov r8d,[r15+rcx]' len=4
[LOADER][WARN] Unmapped read recovery #80000: rip=0x000000080080684D fault=0x0000000000000000 instr='mov r8d,[r15+rcx]' len=4
[LOADER][WARN] Unmapped read recovery #80100: rip=0x000000080080684D fault=0x0000000000000000 instr='mov r8d,[r15+rcx]' len=4
[LOADER][WARN] Unmapped read recovery #80200: rip=0x000000080080684D fault=0x0000000000000000 instr='mov r8d,[r15+rcx]' len=4
[LOADER][WARN] Unmapped read recovery #80300: rip=0x000000080080684D fault=0x0000000000000000 instr='mov r8d,[r15+rcx]' len=4
[LOADER][WARN] Unmapped read recovery #80400: rip=0x000000080080684D fault=0x0000000000000000 instr='mov r8d,[r15+rcx]' len=4
[LOADER][WARN] Unmapped read recovery #80500: rip=0x000000080080684D fault=0x0000000000000000 instr='mov r8d,[r15+rcx]' len=4
[LOADER][WARN] Unmapped read recovery #80600: rip=0x000000080080684D fault=0x0000000000000000 instr='mov r8d,[r15+rcx]' len=4
[LOADER][WARN] Unmapped read recovery #80700: rip=0x000000080080684D fault=0x0000000000000000 instr='mov r8d,[r15+rcx]' len=4
[LOADER][WARN] Unmapped read recovery #80800: rip=0x000000080080684D fault=0x0000000000000000 instr='mov r8d,[r15+rcx]' len=4
[LOADER][TRACE] posix-signal#80896: sig=11 rip=0x000000080080684D fault=0x0000000000000000 access=0 rsp=0x00006FFFF01FB720
[LOADER][TRACE] posix-signal#80896: recovered=True new_rip=0x0000000800806851
[LOADER][WARN] Unmapped read recovery #80900: rip=0x000000080080684D fault=0x0000000000000000 instr='mov r8d,[r15+rcx]' len=4
[LOADER][WARN] Unmapped read recovery #81000: rip=0x000000080080684D fault=0x0000000000000000 instr='mov r8d,[r15+rcx]' len=4
[LOADER][WARN] Unmapped read recovery #81100: rip=0x000000080080684D fault=0x0000000000000000 instr='mov r8d,[r15+rcx]' len=4
[LOADER][WARN] Unmapped read recovery #81200: rip=0x000000080080684D fault=0x0000000000000000 instr='mov r8d,[r15+rcx]' len=4
[LOADER][WARN] Unmapped read recovery #81300: rip=0x000000080080684D fault=0x0000000000000000 instr='mov r8d,[r15+rcx]' len=4
[LOADER][WARN] Unmapped read recovery #81400: rip=0x000000080080684D fault=0x0000000000000000 instr='mov r8d,[r15+rcx]' len=4
[LOADER][WARN] Unmapped read recovery #81500: rip=0x000000080080684D fault=0x0000000000000000 instr='mov r8d,[r15+rcx]' len=4
[LOADER][WARN] Unmapped read recovery #81600: rip=0x000000080080684D fault=0x0000000000000000 instr='mov r8d,[r15+rcx]' len=4
[LOADER][WARN] Unmapped read recovery #81700: rip=0x000000080080684D fault=0x0000000000000000 instr='mov r8d,[r15+rcx]' len=4
[LOADER][WARN] Unmapped read recovery #81800: rip=0x000000080080684D fault=0x0000000000000000 instr='mov r8d,[r15+rcx]' len=4
[LOADER][WARN] Unmapped read recovery #81900: rip=0x000000080080684D fault=0x0000000000000000 instr='mov r8d,[r15+rcx]' len=4
[LOADER][TRACE] posix-signal#81920: sig=11 rip=0x000000080080684D fault=0x0000000000000000 access=0 rsp=0x00006FFFF01FB720
[LOADER][TRACE] posix-signal#81920: recovered=True new_rip=0x0000000800806851
[LOADER][WARN] Unmapped read recovery #82000: rip=0x000000080080684D fault=0x0000000000000000 instr='mov r8d,[r15+rcx]' len=4
[LOADER][WARN] Unmapped read recovery #82100: rip=0x000000080080684D fault=0x0000000000000000 instr='mov r8d,[r15+rcx]' len=4
[LOADER][WARN] Unmapped read recovery #82200: rip=0x000000080080684D fault=0x0000000000000000 instr='mov r8d,[r15+rcx]' len=4
[LOADER][WARN] Unmapped read recovery #82300: rip=0x000000080080684D fault=0x0000000000000000 instr='mov r8d,[r15+rcx]' len=4
[LOADER][WARN] Unmapped read recovery #82400: rip=0x000000080080684D fault=0x0000000000000000 instr='mov r8d,[r15+rcx]' len=4
[LOADER][WARN] Unmapped read recovery #82500: rip=0x000000080080684D fault=0x0000000000000000 instr='mov r8d,[r15+rcx]' len=4
[LOADER][WARN] Unmapped read recovery #82600: rip=0x000000080080684D fault=0x0000000000000000 instr='mov r8d,[r15+rcx]' len=4
[LOADER][WARN] Unmapped read recovery #82700: rip=0x000000080080684D fault=0x0000000000000000 instr='mov r8d,[r15+rcx]' len=4
[LOADER][WARN] Unmapped read recovery #82800: rip=0x000000080080684D fault=0x0000000000000000 instr='mov r8d,[r15+rcx]' len=4
[LOADER][WARN] Unmapped read recovery #82900: rip=0x000000080080684D fault=0x0000000000000000 instr='mov r8d,[r15+rcx]' len=4
[LOADER][TRACE] posix-signal#82944: sig=11 rip=0x000000080080684D fault=0x0000000000000000 access=0 rsp=0x00006FFFF01FB720
[LOADER][TRACE] posix-signal#82944: recovered=True new_rip=0x0000000800806851
[LOADER][WARN] Unmapped read recovery #83000: rip=0x000000080080684D fault=0x0000000000000000 instr='mov r8d,[r15+rcx]' len=4
[LOADER][WARN] Unmapped read recovery #83100: rip=0x000000080080684D fault=0x0000000000000000 instr='mov r8d,[r15+rcx]' len=4
[LOADER][WARN] Unmapped read recovery #83200: rip=0x000000080080684D fault=0x0000000000000000 instr='mov r8d,[r15+rcx]' len=4
[LOADER][WARN] Unmapped read recovery #83300: rip=0x000000080080684D fault=0x0000000000000000 instr='mov r8d,[r15+rcx]' len=4
[LOADER][WARN] Unmapped read recovery #83400: rip=0x000000080080684D fault=0x0000000000000000 instr='mov r8d,[r15+rcx]' len=4
[LOADER][WARN] Unmapped read recovery #83500: rip=0x000000080080684D fault=0x0000000000000000 instr='mov r8d,[r15+rcx]' len=4
[LOADER][WARN] Unmapped read recovery #83600: rip=0x000000080080684D fault=0x0000000000000000 instr='mov r8d,[r15+rcx]' len=4
[LOADER][WARN] Unmapped read recovery #83700: rip=0x000000080080684D fault=0x0000000000000000 instr='mov r8d,[r15+rcx]' len=4
[LOADER][WARN] Unmapped read recovery #83800: rip=0x000000080080684D fault=0x0000000000000000 instr='mov r8d,[r15+rcx]' len=4
[LOADER][WARN] Unmapped read recovery #83900: rip=0x000000080080684D fault=0x0000000000000000 instr='mov r8d,[r15+rcx]' len=4
[LOADER][TRACE] posix-signal#83968: sig=11 rip=0x000000080080684D fault=0x0000000000000000 access=0 rsp=0x00006FFFF01FB720
[LOADER][TRACE] posix-signal#83968: recovered=True new_rip=0x0000000800806851
[LOADER][WARN] Unmapped read recovery #84000: rip=0x000000080080684D fault=0x0000000000000000 instr='mov r8d,[r15+rcx]' len=4
[LOADER][WARN] Unmapped read recovery #84100: rip=0x000000080080684D fault=0x0000000000000000 instr='mov r8d,[r15+rcx]' len=4
[LOADER][WARN] Unmapped read recovery #84200: rip=0x000000080080684D fault=0x0000000000000000 instr='mov r8d,[r15+rcx]' len=4
[LOADER][WARN] Unmapped read recovery #84300: rip=0x000000080080684D fault=0x0000000000000000 instr='mov r8d,[r15+rcx]' len=4
[LOADER][WARN] Unmapped read recovery #84400: rip=0x000000080080684D fault=0x0000000000000000 instr='mov r8d,[r15+rcx]' len=4
[LOADER][WARN] Unmapped read recovery #84500: rip=0x000000080080684D fault=0x0000000000000000 instr='mov r8d,[r15+rcx]' len=4
[LOADER][WARN] Unmapped read recovery #84600: rip=0x000000080080684D fault=0x0000000000000000 instr='mov r8d,[r15+rcx]' len=4
[LOADER][WARN] Unmapped read recovery #84700: rip=0x000000080080684D fault=0x0000000000000000 instr='mov r8d,[r15+rcx]' len=4
[LOADER][WARN] Unmapped read recovery #84800: rip=0x000000080080684D fault=0x0000000000000000 instr='mov r8d,[r15+rcx]' len=4
[LOADER][WARN] Unmapped read recovery #84900: rip=0x000000080080684D fault=0x0000000000000000 instr='mov r8d,[r15+rcx]' len=4
[LOADER][TRACE] posix-signal#84992: sig=11 rip=0x000000080080684D fault=0x0000000000000000 access=0 rsp=0x00006FFFF01FB720
[LOADER][TRACE] posix-signal#84992: recovered=True new_rip=0x0000000800806851
[LOADER][WARN] Unmapped read recovery #85000: rip=0x000000080080684D fault=0x0000000000000000 instr='mov r8d,[r15+rcx]' len=4
[LOADER][WARN] Unmapped read recovery #85100: rip=0x000000080080684D fault=0x0000000000000000 instr='mov r8d,[r15+rcx]' len=4
[LOADER][WARN] Unmapped read recovery #85200: rip=0x000000080080684D fault=0x0000000000000000 instr='mov r8d,[r15+rcx]' len=4
[LOADER][WARN] Unmapped read recovery #85300: rip=0x000000080080684D fault=0x0000000000000000 instr='mov r8d,[r15+rcx]' len=4
[LOADER][WARN] Unmapped read recovery #85400: rip=0x000000080080684D fault=0x0000000000000000 instr='mov r8d,[r15+rcx]' len=4
[LOADER][WARN] Unmapped read recovery #85500: rip=0x000000080080684D fault=0x0000000000000000 instr='mov r8d,[r15+rcx]' len=4
[LOADER][WARN] Unmapped read recovery #85600: rip=0x000000080080684D fault=0x0000000000000000 instr='mov r8d,[r15+rcx]' len=4
[LOADER][WARN] Unmapped read recovery #85700: rip=0x000000080080684D fault=0x0000000000000000 instr='mov r8d,[r15+rcx]' len=4
[LOADER][WARN] Unmapped read recovery #85800: rip=0x000000080080684D fault=0x0000000000000000 instr='mov r8d,[r15+rcx]' len=4
[LOADER][WARN] Unmapped read recovery #85900: rip=0x000000080080684D fault=0x0000000000000000 instr='mov r8d,[r15+rcx]' len=4
[LOADER][WARN] Unmapped read recovery #86000: rip=0x000000080080684D fault=0x0000000000000000 instr='mov r8d,[r15+rcx]' len=4
[LOADER][TRACE] posix-signal#86016: sig=11 rip=0x000000080080684D fault=0x0000000000000000 access=0 rsp=0x00006FFFF01FB720
[LOADER][TRACE] posix-signal#86016: recovered=True new_rip=0x0000000800806851
[LOADER][WARN] Unmapped read recovery #86100: rip=0x000000080080684D fault=0x0000000000000000 instr='mov r8d,[r15+rcx]' len=4
[LOADER][WARN] Unmapped read recovery #86200: rip=0x000000080080684D fault=0x0000000000000000 instr='mov r8d,[r15+rcx]' len=4
[LOADER][WARN] Unmapped read recovery #86300: rip=0x000000080080684D fault=0x0000000000000000 instr='mov r8d,[r15+rcx]' len=4
[LOADER][WARN] Unmapped read recovery #86400: rip=0x000000080080684D fault=0x0000000000000000 instr='mov r8d,[r15+rcx]' len=4
[LOADER][WARN] Unmapped read recovery #86500: rip=0x000000080080684D fault=0x0000000000000000 instr='mov r8d,[r15+rcx]' len=4
[LOADER][WARN] Unmapped read recovery #86600: rip=0x000000080080684D fault=0x0000000000000000 instr='mov r8d,[r15+rcx]' len=4
[LOADER][WARN] Unmapped read recovery #86700: rip=0x000000080080684D fault=0x0000000000000000 instr='mov r8d,[r15+rcx]' len=4
[LOADER][WARN] Unmapped read recovery #86800: rip=0x000000080080684D fault=0x0000000000000000 instr='mov r8d,[r15+rcx]' len=4
[LOADER][WARN] Unmapped read recovery #86900: rip=0x000000080080684D fault=0x0000000000000000 instr='mov r8d,[r15+rcx]' len=4
[LOADER][WARN] Unmapped read recovery #87000: rip=0x000000080080684D fault=0x0000000000000000 instr='mov r8d,[r15+rcx]' len=4
[LOADER][TRACE] posix-signal#87040: sig=11 rip=0x000000080080684D fault=0x0000000000000000 access=0 rsp=0x00006FFFF01FB720
[LOADER][TRACE] posix-signal#87040: recovered=True new_rip=0x0000000800806851
[LOADER][WARN] Unmapped read recovery #87100: rip=0x000000080080684D fault=0x0000000000000000 instr='mov r8d,[r15+rcx]' len=4
[LOADER][WARN] Unmapped read recovery #87200: rip=0x000000080080684D fault=0x0000000000000000 instr='mov r8d,[r15+rcx]' len=4
[LOADER][WARN] Unmapped read recovery #87300: rip=0x000000080080684D fault=0x0000000000000000 instr='mov r8d,[r15+rcx]' len=4
[LOADER][WARN] Unmapped read recovery #87400: rip=0x000000080080684D fault=0x0000000000000000 instr='mov r8d,[r15+rcx]' len=4
[LOADER][WARN] Unmapped read recovery #87500: rip=0x000000080080684D fault=0x0000000000000000 instr='mov r8d,[r15+rcx]' len=4
[LOADER][WARN] Unmapped read recovery #87600: rip=0x000000080080684D fault=0x0000000000000000 instr='mov r8d,[r15+rcx]' len=4
[LOADER][WARN] Unmapped read recovery #87700: rip=0x000000080080684D fault=0x0000000000000000 instr='mov r8d,[r15+rcx]' len=4
[LOADER][WARN] Unmapped read recovery #87800: rip=0x000000080080684D fault=0x0000000000000000 instr='mov r8d,[r15+rcx]' len=4
[LOADER][WARN] Unmapped read recovery #87900: rip=0x000000080080684D fault=0x0000000000000000 instr='mov r8d,[r15+rcx]' len=4
[LOADER][WARN] Unmapped read recovery #88000: rip=0x000000080080684D fault=0x0000000000000000 instr='mov r8d,[r15+rcx]' len=4
[LOADER][TRACE] posix-signal#88064: sig=11 rip=0x000000080080684D fault=0x0000000000000000 access=0 rsp=0x00006FFFF01FB720
[LOADER][TRACE] posix-signal#88064: recovered=True new_rip=0x0000000800806851
[LOADER][WARN] Unmapped read recovery #88100: rip=0x000000080080684D fault=0x0000000000000000 instr='mov r8d,[r15+rcx]' len=4
[LOADER][WARN] Unmapped read recovery #88200: rip=0x000000080080684D fault=0x0000000000000000 instr='mov r8d,[r15+rcx]' len=4
[LOADER][WARN] Unmapped read recovery #88300: rip=0x000000080080684D fault=0x0000000000000000 instr='mov r8d,[r15+rcx]' len=4
[LOADER][WARN] Unmapped read recovery #88400: rip=0x000000080080684D fault=0x0000000000000000 instr='mov r8d,[r15+rcx]' len=4
[LOADER][WARN] Unmapped read recovery #88500: rip=0x000000080080684D fault=0x0000000000000000 instr='mov r8d,[r15+rcx]' len=4
[LOADER][WARN] Unmapped read recovery #88600: rip=0x000000080080684D fault=0x0000000000000000 instr='mov r8d,[r15+rcx]' len=4
[LOADER][WARN] Unmapped read recovery #88700: rip=0x000000080080684D fault=0x0000000000000000 instr='mov r8d,[r15+rcx]' len=4
[LOADER][WARN] Unmapped read recovery #88800: rip=0x000000080080684D fault=0x0000000000000000 instr='mov r8d,[r15+rcx]' len=4
[LOADER][WARN] Unmapped read recovery #88900: rip=0x000000080080684D fault=0x0000000000000000 instr='mov r8d,[r15+rcx]' len=4
[LOADER][WARN] Unmapped read recovery #89000: rip=0x000000080080684D fault=0x0000000000000000 instr='mov r8d,[r15+rcx]' len=4
[LOADER][TRACE] posix-signal#89088: sig=11 rip=0x000000080080684D fault=0x0000000000000000 access=0 rsp=0x00006FFFF01FB720
[LOADER][TRACE] posix-signal#89088: recovered=True new_rip=0x0000000800806851
[LOADER][WARN] Unmapped read recovery #89100: rip=0x000000080080684D fault=0x0000000000000000 instr='mov r8d,[r15+rcx]' len=4
[LOADER][WARN] Unmapped read recovery #89200: rip=0x000000080080684D fault=0x0000000000000000 instr='mov r8d,[r15+rcx]' len=4
[LOADER][WARN] Unmapped read recovery #89300: rip=0x000000080080684D fault=0x0000000000000000 instr='mov r8d,[r15+rcx]' len=4
[LOADER][WARN] Unmapped read recovery #89400: rip=0x000000080080684D fault=0x0000000000000000 instr='mov r8d,[r15+rcx]' len=4
[LOADER][WARN] Unmapped read recovery #89500: rip=0x000000080080684D fault=0x0000000000000000 instr='mov r8d,[r15+rcx]' len=4
[LOADER][WARN] Unmapped read recovery #89600: rip=0x000000080080684D fault=0x0000000000000000 instr='mov r8d,[r15+rcx]' len=4
[LOADER][WARN] Unmapped read recovery #89700: rip=0x000000080080684D fault=0x0000000000000000 instr='mov r8d,[r15+rcx]' len=4
[LOADER][WARN] Unmapped read recovery #89800: rip=0x000000080080684D fault=0x0000000000000000 instr='mov r8d,[r15+rcx]' len=4
[LOADER][WARN] Unmapped read recovery #89900: rip=0x000000080080684D fault=0x0000000000000000 instr='mov r8d,[r15+rcx]' len=4
[LOADER][WARN] Unmapped read recovery #90000: rip=0x000000080080684D fault=0x0000000000000000 instr='mov r8d,[r15+rcx]' len=4
[LOADER][WARN] Unmapped read recovery #90100: rip=0x000000080080684D fault=0x0000000000000000 instr='mov r8d,[r15+rcx]' len=4
[LOADER][TRACE] posix-signal#90112: sig=11 rip=0x000000080080684D fault=0x0000000000000000 access=0 rsp=0x00006FFFF01FB720
[LOADER][TRACE] posix-signal#90112: recovered=True new_rip=0x0000000800806851
[LOADER][WARN] Unmapped read recovery #90200: rip=0x000000080080684D fault=0x0000000000000000 instr='mov r8d,[r15+rcx]' len=4
[LOADER][WARN] Unmapped read recovery #90300: rip=0x000000080080684D fault=0x0000000000000000 instr='mov r8d,[r15+rcx]' len=4
[LOADER][WARN] Unmapped read recovery #90400: rip=0x000000080080684D fault=0x0000000000000000 instr='mov r8d,[r15+rcx]' len=4
[LOADER][WARN] Unmapped read recovery #90500: rip=0x000000080080684D fault=0x0000000000000000 instr='mov r8d,[r15+rcx]' len=4
[LOADER][WARN] Unmapped read recovery #90600: rip=0x000000080080684D fault=0x0000000000000000 instr='mov r8d,[r15+rcx]' len=4
[LOADER][WARN] Unmapped read recovery #90700: rip=0x000000080080684D fault=0x0000000000000000 instr='mov r8d,[r15+rcx]' len=4
[LOADER][WARN] Unmapped read recovery #90800: rip=0x000000080080684D fault=0x0000000000000000 instr='mov r8d,[r15+rcx]' len=4
[LOADER][WARN] Unmapped read recovery #90900: rip=0x000000080080684D fault=0x0000000000000000 instr='mov r8d,[r15+rcx]' len=4
[LOADER][WARN] Unmapped read recovery #91000: rip=0x000000080080684D fault=0x0000000000000000 instr='mov r8d,[r15+rcx]' len=4
[LOADER][WARN] Unmapped read recovery #91100: rip=0x000000080080684D fault=0x0000000000000000 instr='mov r8d,[r15+rcx]' len=4
[LOADER][TRACE] posix-signal#91136: sig=11 rip=0x000000080080684D fault=0x0000000000000000 access=0 rsp=0x00006FFFF01FB720
[LOADER][TRACE] posix-signal#91136: recovered=True new_rip=0x0000000800806851
[LOADER][WARN] Unmapped read recovery #91200: rip=0x000000080080684D fault=0x0000000000000000 instr='mov r8d,[r15+rcx]' len=4
[LOADER][WARN] Unmapped read recovery #91300: rip=0x000000080080684D fault=0x0000000000000000 instr='mov r8d,[r15+rcx]' len=4
[LOADER][WARN] Unmapped read recovery #91400: rip=0x000000080080684D fault=0x0000000000000000 instr='mov r8d,[r15+rcx]' len=4
[LOADER][WARN] Unmapped read recovery #91500: rip=0x000000080080684D fault=0x0000000000000000 instr='mov r8d,[r15+rcx]' len=4
[LOADER][WARN] Unmapped read recovery #91600: rip=0x000000080080684D fault=0x0000000000000000 instr='mov r8d,[r15+rcx]' len=4
[LOADER][WARN] Unmapped read recovery #91700: rip=0x000000080080684D fault=0x0000000000000000 instr='mov r8d,[r15+rcx]' len=4
[LOADER][WARN] Unmapped read recovery #91800: rip=0x000000080080684D fault=0x0000000000000000 instr='mov r8d,[r15+rcx]' len=4
[LOADER][WARN] Unmapped read recovery #91900: rip=0x000000080080684D fault=0x0000000000000000 instr='mov r8d,[r15+rcx]' len=4
[LOADER][WARN] Unmapped read recovery #92000: rip=0x000000080080684D fault=0x0000000000000000 instr='mov r8d,[r15+rcx]' len=4
[LOADER][WARN] Unmapped read recovery #92100: rip=0x000000080080684D fault=0x0000000000000000 instr='mov r8d,[r15+rcx]' len=4
[LOADER][TRACE] posix-signal#92160: sig=11 rip=0x000000080080684D fault=0x0000000000000000 access=0 rsp=0x00006FFFF01FB720
[LOADER][TRACE] posix-signal#92160: recovered=True new_rip=0x0000000800806851
[LOADER][WARN] Unmapped read recovery #92200: rip=0x000000080080684D fault=0x0000000000000000 instr='mov r8d,[r15+rcx]' len=4
[LOADER][WARN] Unmapped read recovery #92300: rip=0x000000080080684D fault=0x0000000000000000 instr='mov r8d,[r15+rcx]' len=4
[LOADER][WARN] Unmapped read recovery #92400: rip=0x000000080080684D fault=0x0000000000000000 instr='mov r8d,[r15+rcx]' len=4
[LOADER][WARN] Unmapped read recovery #92500: rip=0x000000080080684D fault=0x0000000000000000 instr='mov r8d,[r15+rcx]' len=4
[LOADER][WARN] Unmapped read recovery #92600: rip=0x000000080080684D fault=0x0000000000000000 instr='mov r8d,[r15+rcx]' len=4
[LOADER][WARN] Unmapped read recovery #92700: rip=0x000000080080684D fault=0x0000000000000000 instr='mov r8d,[r15+rcx]' len=4
[LOADER][WARN] Unmapped read recovery #92800: rip=0x000000080080684D fault=0x0000000000000000 instr='mov r8d,[r15+rcx]' len=4
[LOADER][WARN] Unmapped read recovery #92900: rip=0x000000080080684D fault=0x0000000000000000 instr='mov r8d,[r15+rcx]' len=4
[LOADER][WARN] Unmapped read recovery #93000: rip=0x000000080080684D fault=0x0000000000000000 instr='mov r8d,[r15+rcx]' len=4
[LOADER][WARN] Unmapped read recovery #93100: rip=0x000000080080684D fault=0x0000000000000000 instr='mov r8d,[r15+rcx]' len=4
[LOADER][TRACE] posix-signal#93184: sig=11 rip=0x000000080080684D fault=0x0000000000000000 access=0 rsp=0x00006FFFF01FB720
[LOADER][TRACE] posix-signal#93184: recovered=True new_rip=0x0000000800806851
[LOADER][WARN] Unmapped read recovery #93200: rip=0x000000080080684D fault=0x0000000000000000 instr='mov r8d,[r15+rcx]' len=4
[LOADER][WARN] Unmapped read recovery #93300: rip=0x000000080080684D fault=0x0000000000000000 instr='mov r8d,[r15+rcx]' len=4
[LOADER][WARN] Unmapped read recovery #93400: rip=0x000000080080684D fault=0x0000000000000000 instr='mov r8d,[r15+rcx]' len=4
[LOADER][WARN] Unmapped read recovery #93500: rip=0x000000080080684D fault=0x0000000000000000 instr='mov r8d,[r15+rcx]' len=4
[LOADER][WARN] Unmapped read recovery #93600: rip=0x000000080080684D fault=0x0000000000000000 instr='mov r8d,[r15+rcx]' len=4
[LOADER][WARN] Unmapped read recovery #93700: rip=0x000000080080684D fault=0x0000000000000000 instr='mov r8d,[r15+rcx]' len=4
[LOADER][WARN] Unmapped read recovery #93800: rip=0x000000080080684D fault=0x0000000000000000 instr='mov r8d,[r15+rcx]' len=4
[LOADER][WARN] Unmapped read recovery #93900: rip=0x000000080080684D fault=0x0000000000000000 instr='mov r8d,[r15+rcx]' len=4
[LOADER][WARN] Unmapped read recovery #94000: rip=0x000000080080684D fault=0x0000000000000000 instr='mov r8d,[r15+rcx]' len=4
[LOADER][WARN] Unmapped read recovery #94100: rip=0x000000080080684D fault=0x0000000000000000 instr='mov r8d,[r15+rcx]' len=4
[LOADER][WARN] Unmapped read recovery #94200: rip=0x000000080080684D fault=0x0000000000000000 instr='mov r8d,[r15+rcx]' len=4
[LOADER][TRACE] posix-signal#94208: sig=11 rip=0x000000080080684D fault=0x0000000000000000 access=0 rsp=0x00006FFFF01FB720
[LOADER][TRACE] posix-signal#94208: recovered=True new_rip=0x0000000800806851
[LOADER][WARN] Unmapped read recovery #94300: rip=0x000000080080684D fault=0x0000000000000000 instr='mov r8d,[r15+rcx]' len=4
[LOADER][WARN] Unmapped read recovery #94400: rip=0x000000080080684D fault=0x0000000000000000 instr='mov r8d,[r15+rcx]' len=4
[LOADER][WARN] Unmapped read recovery #94500: rip=0x000000080080684D fault=0x0000000000000000 instr='mov r8d,[r15+rcx]' len=4
[LOADER][WARN] Unmapped read recovery #94600: rip=0x000000080080684D fault=0x0000000000000000 instr='mov r8d,[r15+rcx]' len=4
[LOADER][WARN] Unmapped read recovery #94700: rip=0x000000080080684D fault=0x0000000000000000 instr='mov r8d,[r15+rcx]' len=4
[LOADER][WARN] Unmapped read recovery #94800: rip=0x000000080080684D fault=0x0000000000000000 instr='mov r8d,[r15+rcx]' len=4
[LOADER][WARN] Unmapped read recovery #94900: rip=0x000000080080684D fault=0x0000000000000000 instr='mov r8d,[r15+rcx]' len=4
[LOADER][WARN] Unmapped read recovery #95000: rip=0x000000080080684D fault=0x0000000000000000 instr='mov r8d,[r15+rcx]' len=4
[LOADER][WARN] Unmapped read recovery #95100: rip=0x000000080080684D fault=0x0000000000000000 instr='mov r8d,[r15+rcx]' len=4
[LOADER][WARN] Unmapped read recovery #95200: rip=0x000000080080684D fault=0x0000000000000000 instr='mov r8d,[r15+rcx]' len=4
[LOADER][TRACE] posix-signal#95232: sig=11 rip=0x000000080080684D fault=0x0000000000000000 access=0 rsp=0x00006FFFF01FB720
[LOADER][TRACE] posix-signal#95232: recovered=True new_rip=0x0000000800806851
[LOADER][WARN] Unmapped read recovery #95300: rip=0x000000080080684D fault=0x0000000000000000 instr='mov r8d,[r15+rcx]' len=4
[LOADER][WARN] Unmapped read recovery #95400: rip=0x000000080080684D fault=0x0000000000000000 instr='mov r8d,[r15+rcx]' len=4
[LOADER][WARN] Unmapped read recovery #95500: rip=0x000000080080684D fault=0x0000000000000000 instr='mov r8d,[r15+rcx]' len=4
[LOADER][WARN] Unmapped read recovery #95600: rip=0x000000080080684D fault=0x0000000000000000 instr='mov r8d,[r15+rcx]' len=4
[LOADER][WARN] Unmapped read recovery #95700: rip=0x000000080080684D fault=0x0000000000000000 instr='mov r8d,[r15+rcx]' len=4
[LOADER][WARN] Unmapped read recovery #95800: rip=0x000000080080684D fault=0x0000000000000000 instr='mov r8d,[r15+rcx]' len=4
[LOADER][WARN] Unmapped read recovery #95900: rip=0x000000080080684D fault=0x0000000000000000 instr='mov r8d,[r15+rcx]' len=4
[LOADER][WARN] Unmapped read recovery #96000: rip=0x000000080080684D fault=0x0000000000000000 instr='mov r8d,[r15+rcx]' len=4
[LOADER][WARN] Unmapped read recovery #96100: rip=0x000000080080684D fault=0x0000000000000000 instr='mov r8d,[r15+rcx]' len=4
[LOADER][WARN] Unmapped read recovery #96200: rip=0x000000080080684D fault=0x0000000000000000 instr='mov r8d,[r15+rcx]' len=4
[LOADER][TRACE] posix-signal#96256: sig=11 rip=0x000000080080684D fault=0x0000000000000000 access=0 rsp=0x00006FFFF01FB720
[LOADER][TRACE] posix-signal#96256: recovered=True new_rip=0x0000000800806851
[LOADER][WARN] Unmapped read recovery #96300: rip=0x000000080080684D fault=0x0000000000000000 instr='mov r8d,[r15+rcx]' len=4
[LOADER][WARN] Unmapped read recovery #96400: rip=0x000000080080684D fault=0x0000000000000000 instr='mov r8d,[r15+rcx]' len=4
[LOADER][WARN] Unmapped read recovery #96500: rip=0x000000080080684D fault=0x0000000000000000 instr='mov r8d,[r15+rcx]' len=4
[LOADER][WARN] Unmapped read recovery #96600: rip=0x000000080080684D fault=0x0000000000000000 instr='mov r8d,[r15+rcx]' len=4
[LOADER][WARN] Unmapped read recovery #96700: rip=0x000000080080684D fault=0x0000000000000000 instr='mov r8d,[r15+rcx]' len=4
[LOADER][WARN] Unmapped read recovery #96800: rip=0x000000080080684D fault=0x0000000000000000 instr='mov r8d,[r15+rcx]' len=4
[LOADER][WARN] Unmapped read recovery #96900: rip=0x000000080080684D fault=0x0000000000000000 instr='mov r8d,[r15+rcx]' len=4
[LOADER][WARN] Unmapped read recovery #97000: rip=0x000000080080684D fault=0x0000000000000000 instr='mov r8d,[r15+rcx]' len=4
[LOADER][WARN] Unmapped read recovery #97100: rip=0x000000080080684D fault=0x0000000000000000 instr='mov r8d,[r15+rcx]' len=4
[LOADER][WARN] Unmapped read recovery #97200: rip=0x000000080080684D fault=0x0000000000000000 instr='mov r8d,[r15+rcx]' len=4
[LOADER][TRACE] posix-signal#97280: sig=11 rip=0x000000080080684D fault=0x0000000000000000 access=0 rsp=0x00006FFFF01FB720
[LOADER][TRACE] posix-signal#97280: recovered=True new_rip=0x0000000800806851
[LOADER][WARN] Unmapped read recovery #97300: rip=0x000000080080684D fault=0x0000000000000000 instr='mov r8d,[r15+rcx]' len=4
[LOADER][WARN] Unmapped read recovery #97400: rip=0x000000080080684D fault=0x0000000000000000 instr='mov r8d,[r15+rcx]' len=4
[LOADER][WARN] Unmapped read recovery #97500: rip=0x000000080080684D fault=0x0000000000000000 instr='mov r8d,[r15+rcx]' len=4
[LOADER][WARN] Unmapped read recovery #97600: rip=0x000000080080684D fault=0x0000000000000000 instr='mov r8d,[r15+rcx]' len=4
[LOADER][WARN] Unmapped read recovery #97700: rip=0x000000080080684D fault=0x0000000000000000 instr='mov r8d,[r15+rcx]' len=4
[LOADER][WARN] Unmapped read recovery #97800: rip=0x000000080080684D fault=0x0000000000000000 instr='mov r8d,[r15+rcx]' len=4
[LOADER][WARN] Unmapped read recovery #97900: rip=0x000000080080684D fault=0x0000000000000000 instr='mov r8d,[r15+rcx]' len=4
[LOADER][WARN] Unmapped read recovery #98000: rip=0x000000080080684D fault=0x0000000000000000 instr='mov r8d,[r15+rcx]' len=4
[LOADER][WARN] Unmapped read recovery #98100: rip=0x000000080080684D fault=0x0000000000000000 instr='mov r8d,[r15+rcx]' len=4
[LOADER][WARN] Unmapped read recovery #98200: rip=0x000000080080684D fault=0x0000000000000000 instr='mov r8d,[r15+rcx]' len=4
[LOADER][WARN] Unmapped read recovery #98300: rip=0x000000080080684D fault=0x0000000000000000 instr='mov r8d,[r15+rcx]' len=4
[LOADER][TRACE] posix-signal#98304: sig=11 rip=0x000000080080684D fault=0x0000000000000000 access=0 rsp=0x00006FFFF01FB720
[LOADER][TRACE] posix-signal#98304: recovered=True new_rip=0x0000000800806851
[LOADER][WARN] Unmapped read recovery #98400: rip=0x000000080080684D fault=0x0000000000000000 instr='mov r8d,[r15+rcx]' len=4
[LOADER][WARN] Unmapped read recovery #98500: rip=0x000000080080684D fault=0x0000000000000000 instr='mov r8d,[r15+rcx]' len=4
[LOADER][WARN] Unmapped read recovery #98600: rip=0x000000080080684D fault=0x0000000000000000 instr='mov r8d,[r15+rcx]' len=4
[LOADER][WARN] Unmapped read recovery #98700: rip=0x000000080080684D fault=0x0000000000000000 instr='mov r8d,[r15+rcx]' len=4
[LOADER][WARN] Unmapped read recovery #98800: rip=0x000000080080684D fault=0x0000000000000000 instr='mov r8d,[r15+rcx]' len=4
[LOADER][WARN] Unmapped read recovery #98900: rip=0x000000080080684D fault=0x0000000000000000 instr='mov r8d,[r15+rcx]' len=4
[LOADER][WARN] Unmapped read recovery #99000: rip=0x000000080080684D fault=0x0000000000000000 instr='mov r8d,[r15+rcx]' len=4
[LOADER][WARN] Unmapped read recovery #99100: rip=0x000000080080684D fault=0x0000000000000000 instr='mov r8d,[r15+rcx]' len=4
[LOADER][WARN] Unmapped read recovery #99200: rip=0x000000080080684D fault=0x0000000000000000 instr='mov r8d,[r15+rcx]' len=4
[LOADER][WARN] Unmapped read recovery #99300: rip=0x000000080080684D fault=0x0000000000000000 instr='mov r8d,[r15+rcx]' len=4
[LOADER][TRACE] posix-signal#99328: sig=11 rip=0x000000080080684D fault=0x0000000000000000 access=0 rsp=0x00006FFFF01FB720
[LOADER][TRACE] posix-signal#99328: recovered=True new_rip=0x0000000800806851
[LOADER][WARN] Unmapped read recovery #99400: rip=0x000000080080684D fault=0x0000000000000000 instr='mov r8d,[r15+rcx]' len=4
[LOADER][WARN] Unmapped read recovery #99500: rip=0x000000080080684D fault=0x0000000000000000 instr='mov r8d,[r15+rcx]' len=4
[LOADER][WARN] Unmapped read recovery #99600: rip=0x000000080080684D fault=0x0000000000000000 instr='mov r8d,[r15+rcx]' len=4
[LOADER][WARN] Unmapped read recovery #99700: rip=0x000000080080684D fault=0x0000000000000000 instr='mov r8d,[r15+rcx]' len=4
[LOADER][WARN] Unmapped read recovery #99800: rip=0x000000080080684D fault=0x0000000000000000 instr='mov r8d,[r15+rcx]' len=4
[LOADER][WARN] Unmapped read recovery #99900: rip=0x000000080080684D fault=0x0000000000000000 instr='mov r8d,[r15+rcx]' len=4
[LOADER][WARN] Unmapped read recovery #100000: rip=0x000000080080684D fault=0x0000000000000000 instr='mov r8d,[r15+rcx]' len=4
[LOADER][TRACE] VEH_AV first-chance at 0x000000080080684D type=0 target=0x0000000000000000
[LOADER][INFO] =========================================
[LOADER][INFO] NATIVE EXCEPTION CAUGHT!
[LOADER][INFO]   Code: 0xC0000005
[LOADER][INFO]   Exception Address: 0x000000080080684D
[LOADER][INFO]   RIP: 0x000000080080684D
[LOADER][INFO]   Host thread: managed=4 name='SharpEmu Emulation'
[LOADER][INFO]   RAX: 0x0000000000000000
[LOADER][INFO]   RBX: 0x0000000000000000
[LOADER][INFO]   RCX: 0x0000000000000000
[LOADER][INFO]   RDX: 0x000000002904EEB6
[LOADER][INFO]   RSI: 0x00000000000C3488
[LOADER][INFO]   RDI: 0x0000000602500024
[LOADER][INFO]   RBP: 0x00006FFFF01FB750
[LOADER][INFO]   RSP: 0x00006FFFF01FB720
[LOADER][INFO]   R8 : 0x0000000000000000
[LOADER][INFO]   R9 : 0x000000004F04EB2C
[LOADER][INFO]   R10: 0x000000006A1181EE
[LOADER][INFO]   R11: 0x00007FD2969675D0
[LOADER][INFO]   R12: 0x0000000602500010
[LOADER][INFO]   R13: 0x000000000000001A
[LOADER][INFO]   R14: 0x0000000000000000
[LOADER][INFO]   R15: 0x0000000000000000
[LOADER][INFO]   Flags: 0x00000000
[LOADER][INFO]   AV access: read
[LOADER][INFO]   AV target: 0x0000000000000000
[LOADER][INFO]   AV target region: base=0x0000000000000000 size=0x0000000010000000 state=0x00010000 protect=0x00000001
[LOADER][INFO]   Stack qwords (RSP..):
[LOADER][WARNING]   Could not read stack qwords.
[LOADER][INFO]   fault-register-rsi window @0x00000000000C3488:
[LOADER][INFO]     +0x00: <unreadable>
[LOADER][INFO]   fault-register-rdi window @0x0000000602500024:
[LOADER][INFO]     +0x00: 0x65006C6C642E656C [f7uOxY9mM1U+0x64FFEC9DAB40DB8C (0x00007FCEB8ED89E0)]
[LOADER][INFO]     +0x08: 0x0250001065007372 [f7uOxY9mM1U+0x24F8041AC12E992 (0x00007FCEB8ED89E0)]
[LOADER][INFO]     +0x10: 0x0000004D00000006 [ECFVRzWOggQ#H#A+0x44F5F1AA16 (0x000000080A0E55F0)]
[LOADER][INFO]     +0x18: 0x7070612F00000008 [f7uOxY9mM1U+0x706FE16047127628 (0x00007FCEB8ED89E0)]
[LOADER][INFO]     +0x20: 0x2F616964654D2F30 [f7uOxY9mM1U+0x2F60E995AC5FA550 (0x00007FCEB8ED89E0)]
[LOADER][INFO]     +0x28: 0x61676C61626F6C67 [f7uOxY9mM1U+0x6166EC92A981E287 (0x00007FCEB8ED89E0)]
[LOADER][INFO]     +0x30: 0x6567616E616D656D [f7uOxY9mM1U+0x6566E19FA87FDB8D (0x00007FCEB8ED89E0)]
[LOADER][INFO]     +0x38: 0x74657373612E7372 [f7uOxY9mM1U+0x7464F3A4A840E992 (0x00007FCEB8ED89E0)]
[LOADER][INFO]     +0x40: 0x2F307070612F0073 [f7uOxY9mM1U+0x2F2FF0A1A8417693 (0x00007FCEB8ED89E0)]
[LOADER][INFO]     +0x48: 0x025000406964654D [f7uOxY9mM1U+0x24F8071B076DB6D (0x00007FCEB8ED89E0)]
[LOADER][INFO]     +0x50: 0x0000009D00000006 [ECFVRzWOggQ#H#A+0x94F5F1AA16 (0x000000080A0E55F0)]
[LOADER][INFO]     +0x58: 0x6E6B6E55616E616D [f7uOxY9mM1U+0x6E6AEE86A880D78D (0x00007FCEB8ED89E0)]
[LOADER][INFO]   Frame chain (RBP walk):
[LOADER][WARNING]   Could not walk RBP frame chain.
[LOADER][ERROR]   Type: Access Violation
[LOADER][ERROR]   This usually means:
[LOADER][ERROR]     - Guest code called an unmapped import
[LOADER][ERROR]     - Guest code accessed unmapped memory
[LOADER][ERROR]     - Need to implement HLE for this NID
[LOADER][INFO]   Code at RIP: 45 8B 04 0F 45 39 C8 75 DA 4C 01 F9 0F B6 51 28
[LOADER][INFO]   Code before RIP: 01 F0 44 21 F0 48 8D 0C C5 00 00 00 00 48 29 C1
[LOADER][INFO]   Code window [RIP-0x20..]: 00 00 90 83 C6 08 41 83 F8 FF 0F 84 CF 00 00 00 01 F0 44 21 F0 48 8D 0C C5 00 00 00 00 48 29 C1 45 8B 04 0F 45 39 C8 75 DA 4C 01 F9 0F B6 51 28 80 FA 01 74 0E 48 8B 79 18 49 39 FD 75 C5 EB 15
[LOADER][INFO]   Stack guest-code candidate [rsp+0x38]=0x0000000800C854CE, bytes [-0x18..]: 00 00 41 8B 9C 24 80 02 00 00 48 8D 55 A8 4C 89 F7 89 DE E8 82 12 B8 FF 48 8D 0C DD 00 00 00 00 4C 8B 6D 98 48 29 D9 49 8D 4C 0E 38 48 39 C8 73
[LOADER][INFO]   Stack guest-code candidate [rsp+0x48]=0x0000000801B68BFC, bytes [-0x18..]: 46 58 45 78 70 72 65 73 73 69 6F 6E 56 61 6C 75 65 73 50 72 6F 78 79 00 41 6C 6C 6F 63 61 74 6F 72 00 50 72 6F 66 69 6C 65 72 4D 61 72 6B 65 72
[LOADER][INFO]   Stack guest-code candidate [rsp+0x50]=0x0000000801B6121B, bytes [-0x18..]: 3A 56 69 73 75 61 6C 45 66 66 65 63 74 41 73 73 65 74 50 72 6F 78 79 00 55 6E 69 74 79 2E 43 6F 6C 6C 65 63 74 69 6F 6E 73 00 57 72 69 74 65 4F
[LOADER][STUB] DumpRecentImportTrace() called
[LOADER][INFO] =========================================
